Coupon Code,Use Limit
COUPON_AUG2501_3txw9D9Z,1
COUPON_AUG2501_wKD2dw0r,1
COUPON_AUG2501_QlElYQGj,1
COUPON_AUG2501_4rtjbFNw,1
COUPON_AUG2501_W9KDXIcm,1
COUPON_AUG2501_foeo7yMB,1
COUPON_AUG2501_Ex3Td4aF,1
COUPON_AUG2501_1nKGg9XX,1
COUPON_AUG2501_Og8IOcto,1
COUPON_AUG2501_OluuyIwF,1
COUPON_AUG2501_GOrx7PX0,1
COUPON_AUG2501_p84BdHAZ,1
COUPON_AUG2501_QJpQiOmW,1
COUPON_AUG2501_UK5XJkGy,1
COUPON_AUG2501_hDTT9gFF,1
COUPON_AUG2501_ZbKsUHN2,1
COUPON_AUG2501_S0HMbEzV,1
COUPON_AUG2501_wPiEc8zj,1
COUPON_AUG2501_v2uA8Lxy,1
COUPON_AUG2501_4QTQW1g1,1
COUPON_AUG2501_YlML2k0c,1
COUPON_AUG2501_K0eFaafp,1
COUPON_AUG2501_clfEjRiZ,1
COUPON_AUG2501_8gP8A9I5,1
COUPON_AUG2501_IhOUClrN,1
COUPON_AUG2501_MsgLyrAo,1
COUPON_AUG2501_wc7Y4NT2,1
COUPON_AUG2501_OYFGRq9T,1
COUPON_AUG2501_T10wJglv,1
COUPON_AUG2501_eNEeQH6s,1
COUPON_AUG2501_A6ZF6Al3,1
COUPON_AUG2501_ChLGIL4X,1
COUPON_AUG2501_i3Q8wqlt,1
COUPON_AUG2501_PZ69oqmT,1
COUPON_AUG2501_4XgK4pX4,1
COUPON_AUG2501_9Ug6DWgr,1
COUPON_AUG2501_uyFDg3Es,1
COUPON_AUG2501_p3HMwacK,1
COUPON_AUG2501_xJ1YXVWl,1
COUPON_AUG2501_FiklI1GF,1
COUPON_AUG2501_g6zR0enQ,1
COUPON_AUG2501_02q0Sykk,1
COUPON_AUG2501_LBka1IkF,1
COUPON_AUG2501_JnaymqeB,1
COUPON_AUG2501_ShGecI7i,1
COUPON_AUG2501_juiZQJg1,1
COUPON_AUG2501_Mx1yIpWK,1
COUPON_AUG2501_CJMhVqKX,1
COUPON_AUG2501_DBHvMapA,1
COUPON_AUG2501_hm3xlkob,1
COUPON_AUG2501_k8S4zNZH,1
COUPON_AUG2501_phO5QTuD,1
COUPON_AUG2501_A8cTI1hB,1
COUPON_AUG2501_Z8CeaOlK,1
COUPON_AUG2501_992Z0TFn,1
COUPON_AUG2501_AbpG5XCp,1
COUPON_AUG2501_lkkNj03u,1
COUPON_AUG2501_Mnj3R5Sr,1
COUPON_AUG2501_KC0VuEY4,1
COUPON_AUG2501_oXeFxA8r,1
COUPON_AUG2501_0OsFktMG,1
COUPON_AUG2501_tpVmjno9,1
COUPON_AUG2501_3EoOUqM6,1
COUPON_AUG2501_PLc9Vo5a,1
COUPON_AUG2501_5PF6xCZT,1
COUPON_AUG2501_8mWb6I1Q,1
COUPON_AUG2501_eF2HhZSJ,1
COUPON_AUG2501_8qaG2yWr,1
COUPON_AUG2501_PM88x8UW,1
COUPON_AUG2501_MLzv6d3q,1
COUPON_AUG2501_TnUFHLcJ,1
COUPON_AUG2501_HpQwOARn,1
COUPON_AUG2501_rjKGGzkI,1
COUPON_AUG2501_uprOEOHC,1
COUPON_AUG2501_vbWedWOv,1
COUPON_AUG2501_XwSvOYfL,1
COUPON_AUG2501_ylIQMiiA,1
COUPON_AUG2501_Rz9hDqEy,1
COUPON_AUG2501_WUQERg7E,1
COUPON_AUG2501_iR4XZp04,1
COUPON_AUG2501_Jy046LGr,1
COUPON_AUG2501_c4lZVbzS,1
COUPON_AUG2501_sceceLQN,1
COUPON_AUG2501_XuvFD2N5,1
COUPON_AUG2501_Pvzqf5C9,1
COUPON_AUG2501_vd5qOgRm,1
COUPON_AUG2501_77gbURCl,1
COUPON_AUG2501_p2DiIosk,1
COUPON_AUG2501_F2dT1vX4,1
COUPON_AUG2501_aqYoIqEE,1
COUPON_AUG2501_DsG1iawN,1
COUPON_AUG2501_wtC6pmiT,1
COUPON_AUG2501_ANOtXN3x,1
COUPON_AUG2501_bHflRPly,1
COUPON_AUG2501_1Jw2UBXF,1
COUPON_AUG2501_lrfAEHf9,1
COUPON_AUG2501_khymnqml,1
COUPON_AUG2501_4a69Sgda,1
COUPON_AUG2501_pfOSw5Od,1
COUPON_AUG2501_pfzVoBYD,1
COUPON_AUG2501_KyOOZbeU,1
COUPON_AUG2501_nDFmJSSo,1
COUPON_AUG2501_4HrIr5Ng,1
COUPON_AUG2501_WLSfy2uL,1
COUPON_AUG2501_zMVqoCTT,1
COUPON_AUG2501_vGfL8j21,1
COUPON_AUG2501_qpKzrbR3,1
COUPON_AUG2501_7e18Ow69,1
COUPON_AUG2501_2ihbksPs,1
COUPON_AUG2501_U0Zk3Raf,1
COUPON_AUG2501_yqtkxhiL,1
COUPON_AUG2501_jsNC2A37,1
COUPON_AUG2501_I0XDRatQ,1
COUPON_AUG2501_oUAS9Qle,1
COUPON_AUG2501_uMnVQgYC,1
COUPON_AUG2501_VAZrdwRC,1
COUPON_AUG2501_nj5t92aD,1
COUPON_AUG2501_OeQo9aI3,1
COUPON_AUG2501_HvGz5iS4,1
COUPON_AUG2501_LfCCRZpP,1
COUPON_AUG2501_0sGLh8CL,1
COUPON_AUG2501_9Wf4xXuV,1
COUPON_AUG2501_S2DkQwq7,1
COUPON_AUG2501_OKJFwhKz,1
COUPON_AUG2501_rpBTzYM2,1
COUPON_AUG2501_lEnX9Dc4,1
COUPON_AUG2501_wmUJeS0n,1
COUPON_AUG2501_etMd9iny,1
COUPON_AUG2501_9L5jDMDk,1
COUPON_AUG2501_KXHzWf83,1
COUPON_AUG2501_ECrTRS6o,1
COUPON_AUG2501_6QYEeMRb,1
COUPON_AUG2501_FrFSY4jy,1
COUPON_AUG2501_Nz1EuQWv,1
COUPON_AUG2501_jyxuwMS8,1
COUPON_AUG2501_gs8UYpxj,1
COUPON_AUG2501_WAyMubAF,1
COUPON_AUG2501_nfIrCQPt,1
COUPON_AUG2501_SmElGo0H,1
COUPON_AUG2501_Q4I9Cei8,1
COUPON_AUG2501_lxPitHc5,1
COUPON_AUG2501_8aicuM4Z,1
COUPON_AUG2501_uqlx3KMM,1
COUPON_AUG2501_zoW6IthJ,1
COUPON_AUG2501_7A5trrE3,1
COUPON_AUG2501_V3F7rMK2,1
COUPON_AUG2501_p4gSEVtc,1
COUPON_AUG2501_HncM6yOn,1
COUPON_AUG2501_ULUGZkCw,1
COUPON_AUG2501_ooS4LOir,1
COUPON_AUG2501_4BHaMELS,1
COUPON_AUG2501_jVgoTtU6,1
COUPON_AUG2501_eFwAWStW,1
COUPON_AUG2501_oE3WOZuq,1
COUPON_AUG2501_zVnVNgOB,1
COUPON_AUG2501_P51ZL9eS,1
COUPON_AUG2501_XrETxVZm,1
COUPON_AUG2501_MxDTqlzo,1
COUPON_AUG2501_hcUedMeW,1
COUPON_AUG2501_X8NDdQ7T,1
COUPON_AUG2501_47lGNi4G,1
COUPON_AUG2501_jczSWC4P,1
COUPON_AUG2501_Nfh5CjYV,1
COUPON_AUG2501_tZs01ouv,1
COUPON_AUG2501_V5EUq6u4,1
COUPON_AUG2501_9MKor4eA,1
COUPON_AUG2501_E9KC34jc,1
COUPON_AUG2501_r6Zu4oyK,1
COUPON_AUG2501_mZ4KNLtO,1
COUPON_AUG2501_dcWKEFnj,1
COUPON_AUG2501_9dhE6wJa,1
COUPON_AUG2501_8Z8wsugx,1
COUPON_AUG2501_zKTeqpO7,1
COUPON_AUG2501_ggSNpG22,1
COUPON_AUG2501_li2uS8nO,1
COUPON_AUG2501_bdK0gL6U,1
COUPON_AUG2501_oo421PMT,1
COUPON_AUG2501_NXRrV4KO,1
COUPON_AUG2501_yqeS8HvS,1
COUPON_AUG2501_7uCiprif,1
COUPON_AUG2501_BpClInXp,1
COUPON_AUG2501_rI2sau0l,1
COUPON_AUG2501_zEITNTJe,1
COUPON_AUG2501_4j020oDP,1
COUPON_AUG2501_yY48kkOT,1
COUPON_AUG2501_B65pmy4U,1
COUPON_AUG2501_qjD4R0oN,1
COUPON_AUG2501_nbUYGh2d,1
COUPON_AUG2501_usXSNf13,1
COUPON_AUG2501_J0DeehU3,1
COUPON_AUG2501_TjWYdNxH,1
COUPON_AUG2501_hc4M0g4k,1
COUPON_AUG2501_mKuhcAgo,1
COUPON_AUG2501_yV94M6ky,1
COUPON_AUG2501_Jj8NSmpO,1
COUPON_AUG2501_k3Wtp7jR,1
COUPON_AUG2501_kxdzRofa,1
COUPON_AUG2501_BCUiulvU,1
COUPON_AUG2501_vaxONS7w,1
COUPON_AUG2501_DnDnJ8oA,1
COUPON_AUG2501_TNwjyJPa,1
COUPON_AUG2501_Tw78xOHn,1
COUPON_AUG2501_5PqMt3te,1
COUPON_AUG2501_9hjRS7je,1
COUPON_AUG2501_85PIunRm,1
COUPON_AUG2501_360Rnsuf,1
COUPON_AUG2501_8GQRpWuK,1
COUPON_AUG2501_NFcC8hHa,1
COUPON_AUG2501_knATQqUN,1
COUPON_AUG2501_NTZ0WPTY,1
COUPON_AUG2501_Nkiua8Ub,1
COUPON_AUG2501_TXeo9I1n,1
COUPON_AUG2501_CUtPrqDA,1
COUPON_AUG2501_6K4q0Lu5,1
COUPON_AUG2501_SnAsjODr,1
COUPON_AUG2501_gqd2nsQd,1
COUPON_AUG2501_KLXimisa,1
COUPON_AUG2501_uCbdb4kA,1
COUPON_AUG2501_wtKlcuLi,1
COUPON_AUG2501_JlMMbO0E,1
COUPON_AUG2501_WQfqMgNF,1
COUPON_AUG2501_ZxX5Khhs,1
COUPON_AUG2501_O1iSZ3Z3,1
COUPON_AUG2501_z1G2DmgF,1
COUPON_AUG2501_zzdGbbEH,1
COUPON_AUG2501_g7VR1gFv,1
COUPON_AUG2501_CAP7sie4,1
COUPON_AUG2501_Z5c55dEQ,1
COUPON_AUG2501_P1erKF3s,1
COUPON_AUG2501_0RzoHI7N,1
COUPON_AUG2501_Ks8zxW2I,1
COUPON_AUG2501_7pQpGOse,1
COUPON_AUG2501_Y0EQHjgC,1
COUPON_AUG2501_1T4Yixx6,1
COUPON_AUG2501_phOCw6Ha,1
COUPON_AUG2501_wdlQbdhM,1
COUPON_AUG2501_JIFXQovL,1
COUPON_AUG2501_OgCmzq1d,1
COUPON_AUG2501_KS4aX3eX,1
COUPON_AUG2501_pdIrVNkO,1
COUPON_AUG2501_F17QbyvN,1
COUPON_AUG2501_MgJre6iJ,1
COUPON_AUG2501_oOH3Eg1E,1
COUPON_AUG2501_MaZIYhVh,1
COUPON_AUG2501_5fofCR29,1
COUPON_AUG2501_f03fHsAE,1
COUPON_AUG2501_zF9DqRtP,1
COUPON_AUG2501_P1Bk7oeb,1
COUPON_AUG2501_9HpgwGPT,1
COUPON_AUG2501_rAjLBbes,1
COUPON_AUG2501_yisYZelx,1
COUPON_AUG2501_d5e6SlRm,1
COUPON_AUG2501_cGD2CCaM,1
COUPON_AUG2501_ADoHi2hI,1
COUPON_AUG2501_ZLpJMI4L,1
COUPON_AUG2501_E7c567x1,1
COUPON_AUG2501_SORdjmMU,1
COUPON_AUG2501_NlWPQueI,1
COUPON_AUG2501_HHQBseQg,1
COUPON_AUG2501_iHwh6qDz,1
COUPON_AUG2501_Sjtre48K,1
COUPON_AUG2501_glugkYUU,1
COUPON_AUG2501_q4ooAkIN,1
COUPON_AUG2501_9UwL6kKH,1
COUPON_AUG2501_LErQ9trT,1
COUPON_AUG2501_lU1zbu9o,1
COUPON_AUG2501_OBQii6KP,1
COUPON_AUG2501_A0IR7RNh,1
COUPON_AUG2501_ZhgJnofR,1
COUPON_AUG2501_OXvwFcr8,1
COUPON_AUG2501_Q1CMGuYf,1
COUPON_AUG2501_gQlKsmCZ,1
COUPON_AUG2501_5lm2P7LK,1
COUPON_AUG2501_auiWKjeI,1
COUPON_AUG2501_x9mjeK3L,1
COUPON_AUG2501_SAcRK5WT,1
COUPON_AUG2501_r5kuLxAy,1
COUPON_AUG2501_ZV7UiZi1,1
COUPON_AUG2501_PGXpjBZT,1
COUPON_AUG2501_H8zsoydf,1
COUPON_AUG2501_AoqTRYI9,1
COUPON_AUG2501_6Lj5JkSM,1
COUPON_AUG2501_IwfDMBEj,1
COUPON_AUG2501_yrs5kxI8,1
COUPON_AUG2501_5l7CbNZx,1
COUPON_AUG2501_XBRyTeU4,1
COUPON_AUG2501_tzO2w4PQ,1
COUPON_AUG2501_bsSXyiry,1
COUPON_AUG2501_n2JXyQNX,1
COUPON_AUG2501_1ONDXuKu,1
COUPON_AUG2501_FJsuhDyz,1
COUPON_AUG2501_iCARFeMh,1
COUPON_AUG2501_qVgtz2zk,1
COUPON_AUG2501_uCXDjjTD,1
COUPON_AUG2501_MAsXBvco,1
COUPON_AUG2501_YcVYddmX,1
COUPON_AUG2501_r29oHGh7,1
COUPON_AUG2501_G1lVDaPz,1
COUPON_AUG2501_P4CP0YR0,1
COUPON_AUG2501_DWmLPySd,1
COUPON_AUG2501_q2HlD1UV,1
COUPON_AUG2501_VmGmCQJO,1
COUPON_AUG2501_EsFgPdDQ,1
COUPON_AUG2501_bWu5vhwG,1
COUPON_AUG2501_xVjJHoyE,1
COUPON_AUG2501_HqIPQbbj,1
COUPON_AUG2501_3b7OV1wq,1
COUPON_AUG2501_Q3mFvt7H,1
COUPON_AUG2501_p3TTY33p,1
COUPON_AUG2501_cLyRzEDt,1
COUPON_AUG2501_Jh1EkfN0,1
COUPON_AUG2501_D9455vFb,1
COUPON_AUG2501_SZYYWrL6,1
COUPON_AUG2501_Bx15Jtjj,1
COUPON_AUG2501_zIoPXIb0,1
COUPON_AUG2501_WysNcAdD,1
COUPON_AUG2501_UtaCbsG0,1
COUPON_AUG2501_XsIWseXI,1
COUPON_AUG2501_7U3QPqnv,1
COUPON_AUG2501_fE2FDf4n,1
COUPON_AUG2501_U8itZBdc,1
COUPON_AUG2501_oYFvx88O,1
COUPON_AUG2501_LKtlj8MP,1
COUPON_AUG2501_6C8Ungk0,1
COUPON_AUG2501_aiAkDC5e,1
COUPON_AUG2501_srJ9Tnl4,1
COUPON_AUG2501_P9EfSKJA,1
COUPON_AUG2501_hUhYWZ2a,1
COUPON_AUG2501_nJBXhJ0s,1
COUPON_AUG2501_fMmxcIFl,1
COUPON_AUG2501_vlwB45zL,1
COUPON_AUG2501_M7MpxPM8,1
COUPON_AUG2501_drsTL5xE,1
COUPON_AUG2501_GI4KwwZD,1
COUPON_AUG2501_ptToSUqV,1
COUPON_AUG2501_6uPMIUrF,1
COUPON_AUG2501_ruB0qaUA,1
COUPON_AUG2501_sIxnsLLY,1
COUPON_AUG2501_2taOzss5,1
COUPON_AUG2501_33xK8ZYC,1
COUPON_AUG2501_wqulxcaS,1
COUPON_AUG2501_uE1rrZpd,1
COUPON_AUG2501_At1WzErL,1
COUPON_AUG2501_rI3M5YSv,1
COUPON_AUG2501_9ZeDzPqP,1
COUPON_AUG2501_GZcmNLyd,1
COUPON_AUG2501_I1ElFoFh,1
COUPON_AUG2501_HVBxtOz1,1
COUPON_AUG2501_MJrLqVQB,1
COUPON_AUG2501_M2AtlxJ9,1
COUPON_AUG2501_2Au3Lxyr,1
COUPON_AUG2501_oQzX5c5d,1
COUPON_AUG2501_sIWuq23D,1
COUPON_AUG2501_FMqRbqZY,1
COUPON_AUG2501_agoogPlx,1
COUPON_AUG2501_blkqlbrE,1
COUPON_AUG2501_ts93On5Z,1
COUPON_AUG2501_yml0SayD,1
COUPON_AUG2501_XXwpcifx,1
COUPON_AUG2501_etsGohv6,1
COUPON_AUG2501_jfjhxudI,1
COUPON_AUG2501_JR9ki7D9,1
COUPON_AUG2501_AZoaa7za,1
COUPON_AUG2501_SelrFsbd,1
COUPON_AUG2501_iB0vai32,1
COUPON_AUG2501_PdpuKgF3,1
COUPON_AUG2501_QCjfYx5T,1
COUPON_AUG2501_j73C4wSw,1
COUPON_AUG2501_sOk7TAzo,1
COUPON_AUG2501_yKsfPfqT,1
COUPON_AUG2501_Nm3ZC95J,1
COUPON_AUG2501_Hwp8Hluj,1
COUPON_AUG2501_OMtWZ5JY,1
COUPON_AUG2501_7oJi7VG0,1
COUPON_AUG2501_LPfDF0ho,1
COUPON_AUG2501_gqBNW9iG,1
COUPON_AUG2501_DOOCCjw9,1
COUPON_AUG2501_lU2NoD52,1
COUPON_AUG2501_BWiqRaTd,1
COUPON_AUG2501_zy6x6u21,1
COUPON_AUG2501_5kmHr59t,1
COUPON_AUG2501_NEzJnDnM,1
COUPON_AUG2501_Y5qtwmb8,1
COUPON_AUG2501_xTDxCBwM,1
COUPON_AUG2501_tSR2gyCZ,1
COUPON_AUG2501_mG1gku5C,1
COUPON_AUG2501_VoXiZ9Vd,1
COUPON_AUG2501_AgONNjuL,1
COUPON_AUG2501_q0rhQl4w,1
COUPON_AUG2501_rYBqIZhx,1
COUPON_AUG2501_PxP0r2JL,1
COUPON_AUG2501_uPCn9br8,1
COUPON_AUG2501_fUYIJBM0,1
COUPON_AUG2501_0VfOSF7l,1
COUPON_AUG2501_kWO9252f,1
COUPON_AUG2501_Yo1PuOvW,1
COUPON_AUG2501_eqqtMGpb,1
COUPON_AUG2501_OUE8lR9S,1
COUPON_AUG2501_fuK2UOyG,1
COUPON_AUG2501_2ta9VRHQ,1
COUPON_AUG2501_E8NDjnN5,1
COUPON_AUG2501_jFY9XPGL,1
COUPON_AUG2501_hyGFbX5p,1
COUPON_AUG2501_jwdkZ4M2,1
COUPON_AUG2501_cGA0CsiB,1
COUPON_AUG2501_oZ9zBGJS,1
COUPON_AUG2501_J4itM4Hb,1
COUPON_AUG2501_SnaOdETu,1
COUPON_AUG2501_pxaDk0xb,1
COUPON_AUG2501_V8xrAyT8,1
COUPON_AUG2501_75cpjpM3,1
COUPON_AUG2501_iqrvs2qX,1
COUPON_AUG2501_qc6mO5p8,1
COUPON_AUG2501_I8SOcqSo,1
COUPON_AUG2501_Tqwu2QkW,1
COUPON_AUG2501_iigGgQRv,1
COUPON_AUG2501_L3EqjuRp,1
COUPON_AUG2501_PiUOJlHw,1
COUPON_AUG2501_BeTyAvXg,1
COUPON_AUG2501_1BgnmdmC,1
COUPON_AUG2501_LvylNeMY,1
COUPON_AUG2501_SS66ZFAE,1
COUPON_AUG2501_MMmZNbbr,1
COUPON_AUG2501_35PkZdsC,1
COUPON_AUG2501_UVcqdJdL,1
COUPON_AUG2501_1MDRvZdm,1
COUPON_AUG2501_HRFs3WyR,1
COUPON_AUG2501_0liRERRe,1
COUPON_AUG2501_42erXm9Z,1
COUPON_AUG2501_XoyzlBxf,1
COUPON_AUG2501_ZjBTGPWc,1
COUPON_AUG2501_BgOir96U,1
COUPON_AUG2501_eyRUzLBG,1
COUPON_AUG2501_TwkBpQUE,1
COUPON_AUG2501_0rP9tKbj,1
COUPON_AUG2501_f5Lvx1Vu,1
COUPON_AUG2501_DSGBnyJc,1
COUPON_AUG2501_68gKVLBr,1
COUPON_AUG2501_QbhWhMqI,1
COUPON_AUG2501_5WQcKthb,1
COUPON_AUG2501_wLy86J6I,1
COUPON_AUG2501_hDdn9q0f,1
COUPON_AUG2501_Yc6ajq4g,1
COUPON_AUG2501_mMCO7Nj3,1
COUPON_AUG2501_Lpyprb33,1
COUPON_AUG2501_exgKi7X8,1
COUPON_AUG2501_KzSowuo5,1
COUPON_AUG2501_hZyerjAH,1
COUPON_AUG2501_0SGM358j,1
COUPON_AUG2501_2AvAeC3G,1
COUPON_AUG2501_q9zRxGy7,1
COUPON_AUG2501_BS9IgbhO,1
COUPON_AUG2501_gmHkeE4V,1
COUPON_AUG2501_PCeHRSZS,1
COUPON_AUG2501_CkiyJVRp,1
COUPON_AUG2501_UKghR9y2,1
COUPON_AUG2501_10YrplSV,1
COUPON_AUG2501_Y9WsA8fz,1
COUPON_AUG2501_sH1kHeyf,1
COUPON_AUG2501_tTZ3nPmr,1
COUPON_AUG2501_Nh1EGa6P,1
COUPON_AUG2501_nGysrm9g,1
COUPON_AUG2501_GBqd4u2x,1
COUPON_AUG2501_VF8Ydg8W,1
COUPON_AUG2501_Q7fZgpmq,1
COUPON_AUG2501_01LVAnjj,1
COUPON_AUG2501_Dc3HZy0b,1
COUPON_AUG2501_XmJcojd8,1
COUPON_AUG2501_cZjoejpw,1
COUPON_AUG2501_KI27gKFG,1
COUPON_AUG2501_H8dECpLC,1
COUPON_AUG2501_BxGeZXPJ,1
COUPON_AUG2501_j4YeqNgQ,1
COUPON_AUG2501_cJtwlinM,1
COUPON_AUG2501_mmvcySsM,1
COUPON_AUG2501_ve8D8x1r,1
COUPON_AUG2501_cCWV1gEk,1
COUPON_AUG2501_4Gvoh2j8,1
COUPON_AUG2501_br6PnPKk,1
COUPON_AUG2501_1RmDoPhS,1
COUPON_AUG2501_c6asQOWz,1
COUPON_AUG2501_OkXv3S5V,1
COUPON_AUG2501_p7seodFD,1
COUPON_AUG2501_m7GV6d15,1
COUPON_AUG2501_fDjLtA4E,1
COUPON_AUG2501_NA5JwiiD,1
COUPON_AUG2501_zjyG3CCF,1
COUPON_AUG2501_ev0q4s1l,1
COUPON_AUG2501_NtBzYGbq,1
COUPON_AUG2501_F0YWAluL,1
COUPON_AUG2501_Fko7ZsLi,1
COUPON_AUG2501_QuzUPqCP,1
COUPON_AUG2501_vELTdkr0,1
COUPON_AUG2501_1tqaDjJZ,1
COUPON_AUG2501_7m0Dw9wj,1
COUPON_AUG2501_iK26V7QK,1
COUPON_AUG2501_P7A2Ij5P,1
COUPON_AUG2501_NPlvos8W,1
COUPON_AUG2501_1lDfiPDv,1
COUPON_AUG2501_xzBkvv1F,1
COUPON_AUG2501_1gOiyQ1B,1
COUPON_AUG2501_uA8IzHiz,1
COUPON_AUG2501_lKCFe7iG,1
COUPON_AUG2501_l85mIozT,1
COUPON_AUG2501_WgXSGYRs,1
COUPON_AUG2501_f5XQF5lr,1
COUPON_AUG2501_dT1uqyoe,1
COUPON_AUG2501_Zt3f6sXj,1
COUPON_AUG2501_7MajawPv,1
COUPON_AUG2501_5AHrSbl2,1
COUPON_AUG2501_D26RhXds,1
COUPON_AUG2501_CQOcGON0,1
COUPON_AUG2501_VyzGisDF,1
COUPON_AUG2501_p3yV9o8E,1
COUPON_AUG2501_38YRDFXX,1
COUPON_AUG2501_r7GC3Rdi,1
COUPON_AUG2501_3wr3Qozi,1
COUPON_AUG2501_PpfrkjAM,1
COUPON_AUG2501_HRHZFsYh,1
COUPON_AUG2501_hG5NrxWb,1
COUPON_AUG2501_MHN1xvx5,1
COUPON_AUG2501_kPceB2qr,1
COUPON_AUG2501_7pZWZcx7,1
COUPON_AUG2501_XTOZpcFk,1
COUPON_AUG2501_g77hmVbE,1
COUPON_AUG2501_rtDZHflR,1
COUPON_AUG2501_weE7XRjW,1
COUPON_AUG2501_NkXoCVVu,1
COUPON_AUG2501_DuTPomEJ,1
COUPON_AUG2501_Qj3OaSNm,1
COUPON_AUG2501_Edk9QuQL,1
COUPON_AUG2501_TuxMvJ3e,1
COUPON_AUG2501_R3mUoFux,1
COUPON_AUG2501_tj60Z7yv,1
COUPON_AUG2501_DpQvMEX6,1
COUPON_AUG2501_JeLP4dqv,1
COUPON_AUG2501_ZuiRhLSH,1
COUPON_AUG2501_cyXHz4V5,1
COUPON_AUG2501_65uI8l6N,1
COUPON_AUG2501_s4ubszv7,1
COUPON_AUG2501_a4QNrSQu,1
COUPON_AUG2501_MnSz8VCC,1
COUPON_AUG2501_XSdYnGVJ,1
COUPON_AUG2501_R6JcftOf,1
COUPON_AUG2501_V2PTmiaw,1
COUPON_AUG2501_i49Crbp3,1
COUPON_AUG2501_0zPQgreB,1
COUPON_AUG2501_rWR6ozgq,1
COUPON_AUG2501_UCRphhSC,1
COUPON_AUG2501_WIzNAIcp,1
COUPON_AUG2501_CdQRuVRL,1
COUPON_AUG2501_zAXEliZt,1
COUPON_AUG2501_vq0hABDe,1
COUPON_AUG2501_YLSFSBdV,1
COUPON_AUG2501_oiY4jojy,1
COUPON_AUG2501_3YKchHzT,1
COUPON_AUG2501_TDMqH2dE,1
COUPON_AUG2501_NBCw2wCf,1
COUPON_AUG2501_HbOqiqi9,1
COUPON_AUG2501_fD3Clafp,1
COUPON_AUG2501_LQgqy3ph,1
COUPON_AUG2501_jiIVUQe0,1
COUPON_AUG2501_15aPHC0z,1
COUPON_AUG2501_9iK1OaHj,1
COUPON_AUG2501_bLR9IlPP,1
COUPON_AUG2501_kVaewqLo,1
COUPON_AUG2501_q6r3Mv54,1
COUPON_AUG2501_TrOdl9rN,1
COUPON_AUG2501_WQj5S3wI,1
COUPON_AUG2501_0fRJWRRQ,1
COUPON_AUG2501_VlWYRBeg,1
COUPON_AUG2501_6A9GcU14,1
COUPON_AUG2501_bPeFvYlP,1
COUPON_AUG2501_oqjaXgSJ,1
COUPON_AUG2501_ttEReURo,1
COUPON_AUG2501_SdMDLEXj,1
COUPON_AUG2501_JOJelVas,1
COUPON_AUG2501_e9M01aVU,1
COUPON_AUG2501_0PTpxKVW,1
COUPON_AUG2501_3AKEOEWG,1
COUPON_AUG2501_z0NSGzOX,1
COUPON_AUG2501_TGaGJNqs,1
COUPON_AUG2501_PX0zuqbp,1
COUPON_AUG2501_CnPpodOz,1
COUPON_AUG2501_Xg0rike9,1
COUPON_AUG2501_F0WvSboq,1
COUPON_AUG2501_QDuoxZQr,1
COUPON_AUG2501_Aqm3L9yH,1
COUPON_AUG2501_A182Xj1a,1
COUPON_AUG2501_MKFaTrPB,1
COUPON_AUG2501_AXlAt8Px,1
COUPON_AUG2501_XH5ZP4f2,1
COUPON_AUG2501_jgkBMyN9,1
COUPON_AUG2501_8F7HEEGK,1
COUPON_AUG2501_Stwgy5UE,1
COUPON_AUG2501_qgXnl9MX,1
COUPON_AUG2501_ytCZXz1J,1
COUPON_AUG2501_oKG1mHgt,1
COUPON_AUG2501_gX4coT94,1
COUPON_AUG2501_qxMSYMws,1
COUPON_AUG2501_6GRsahNr,1
COUPON_AUG2501_p7vq6v9T,1
COUPON_AUG2501_dD3piJf1,1
COUPON_AUG2501_aogvDfGX,1
COUPON_AUG2501_9GCEi3oL,1
COUPON_AUG2501_CviDxCQI,1
COUPON_AUG2501_Rc7QiH2z,1
COUPON_AUG2501_JVKfrpaf,1
COUPON_AUG2501_sNJbWSkJ,1
COUPON_AUG2501_wNPDf3CT,1
COUPON_AUG2501_knrLkKHX,1
COUPON_AUG2501_akWlffio,1
COUPON_AUG2501_XcrKvFOj,1
COUPON_AUG2501_SvJmZXrD,1
COUPON_AUG2501_HLnoC070,1
COUPON_AUG2501_quFt4nSP,1
COUPON_AUG2501_v587NHQC,1
COUPON_AUG2501_FbuJ6vpy,1
COUPON_AUG2501_4wNUcmzh,1
COUPON_AUG2501_u2Qfrix5,1
COUPON_AUG2501_QeQrlvsU,1
COUPON_AUG2501_x9nCO8RF,1
COUPON_AUG2501_MK74c16P,1
COUPON_AUG2501_4nEycl1u,1
COUPON_AUG2501_Ttfgj8UL,1
COUPON_AUG2501_fyqUEiLA,1
COUPON_AUG2501_EuplBfn0,1
COUPON_AUG2501_MbU7GD3C,1
COUPON_AUG2501_bY5z0lf5,1
COUPON_AUG2501_fSi9DAeT,1
COUPON_AUG2501_t3iVzqUI,1
COUPON_AUG2501_8ZRajbsN,1
COUPON_AUG2501_czYHHy0u,1
COUPON_AUG2501_zLIQXyHP,1
COUPON_AUG2501_Vhl6Eld7,1
COUPON_AUG2501_yu78mKmV,1
COUPON_AUG2501_aeMEemmV,1
COUPON_AUG2501_yKCN0dfG,1
COUPON_AUG2501_gdCdxGUd,1
COUPON_AUG2501_HE2OYfsT,1
COUPON_AUG2501_52CjJbDv,1
COUPON_AUG2501_gEWtKpGI,1
COUPON_AUG2501_rj7AxbGI,1
COUPON_AUG2501_6BcZxNno,1
COUPON_AUG2501_dfNWrTbC,1
COUPON_AUG2501_cSvYCnXZ,1
COUPON_AUG2501_MuMvol5M,1
COUPON_AUG2501_BTg5LWv0,1
COUPON_AUG2501_7Ub7KaEu,1
COUPON_AUG2501_PizGdDXb,1
COUPON_AUG2501_S18kWG0n,1
COUPON_AUG2501_ysW9pXOF,1
COUPON_AUG2501_vTf2b4R0,1
COUPON_AUG2501_TPxrNXN0,1
COUPON_AUG2501_bxrbBfh1,1
COUPON_AUG2501_Y7LUzCgo,1
COUPON_AUG2501_iByfXWpv,1
COUPON_AUG2501_opTa1sos,1
COUPON_AUG2501_t6eyU1Qv,1
COUPON_AUG2501_hkVEUEoG,1
COUPON_AUG2501_3ljCY603,1
COUPON_AUG2501_IqDVWipA,1
COUPON_AUG2501_8k5xReYI,1
COUPON_AUG2501_GjZW4wQD,1
COUPON_AUG2501_DIBKlBiU,1
COUPON_AUG2501_bKWC4f2T,1
COUPON_AUG2501_JuSn0G3Y,1
COUPON_AUG2501_0jmQetko,1
COUPON_AUG2501_Ob5qBYDU,1
COUPON_AUG2501_yDggXN3q,1
COUPON_AUG2501_Ov73HT2G,1
COUPON_AUG2501_P4snIfCj,1
COUPON_AUG2501_D9lYvtnO,1
COUPON_AUG2501_Rw9IOpkh,1
COUPON_AUG2501_CdvgBcPF,1
COUPON_AUG2501_9Csno9p5,1
COUPON_AUG2501_Rl7E5Ffz,1
COUPON_AUG2501_toXDjBfF,1
COUPON_AUG2501_2KEMTcUk,1
COUPON_AUG2501_K1cG7WmP,1
COUPON_AUG2501_zawLFyeK,1
COUPON_AUG2501_QvczuV9E,1
COUPON_AUG2501_Zx0kBdga,1
COUPON_AUG2501_icwc52hU,1
COUPON_AUG2501_558sFfSy,1
COUPON_AUG2501_GlncRYr0,1
COUPON_AUG2501_q4L9bHQC,1
COUPON_AUG2501_vYl00cF8,1
COUPON_AUG2501_p7D6AlM6,1
COUPON_AUG2501_0tNO0Ft3,1
COUPON_AUG2501_XO8hDs16,1
COUPON_AUG2501_Q1yInEnB,1
COUPON_AUG2501_YOBo6QQf,1
COUPON_AUG2501_r5PgnRFb,1
COUPON_AUG2501_vBnDbEyz,1
COUPON_AUG2501_OfblOfPo,1
COUPON_AUG2501_PpwqSKtL,1
COUPON_AUG2501_YMrhkEdr,1
COUPON_AUG2501_mKyWqKIw,1
COUPON_AUG2501_PsZg3GpT,1
COUPON_AUG2501_OqwvcvMB,1
COUPON_AUG2501_SCXeNkty,1
COUPON_AUG2501_fsEPDAMG,1
COUPON_AUG2501_BOjclvb6,1
COUPON_AUG2501_Iir27oH1,1
COUPON_AUG2501_uf1gKgeu,1
COUPON_AUG2501_o8o7VZaU,1
COUPON_AUG2501_ztciUmVy,1
COUPON_AUG2501_8vVvmuV7,1
COUPON_AUG2501_tPGZpfiE,1
COUPON_AUG2501_sYRJ0372,1
COUPON_AUG2501_RY9QNKjc,1
COUPON_AUG2501_2RwyFsCZ,1
COUPON_AUG2501_vQaSEZGT,1
COUPON_AUG2501_AaM7PCRU,1
COUPON_AUG2501_UP9CA1us,1
COUPON_AUG2501_wQ8a1Hah,1
COUPON_AUG2501_uHV2YFjT,1
COUPON_AUG2501_9cBSlE1a,1
COUPON_AUG2501_9k6odww6,1
COUPON_AUG2501_Uv1WcORR,1
COUPON_AUG2501_b3QmsUxa,1
COUPON_AUG2501_MtIf8oU4,1
COUPON_AUG2501_rRSmrtuI,1
COUPON_AUG2501_CdcO8X2B,1
COUPON_AUG2501_NypGncSD,1
COUPON_AUG2501_SlQMvh5n,1
COUPON_AUG2501_K1jw8usm,1
COUPON_AUG2501_sYQ71C7A,1
COUPON_AUG2501_evmVcNna,1
COUPON_AUG2501_W6rjZKnu,1
COUPON_AUG2501_RzwGaozd,1
COUPON_AUG2501_G2VaxiS5,1
COUPON_AUG2501_HLXbs9RE,1
COUPON_AUG2501_pAuthN7D,1
COUPON_AUG2501_6hgcdHIf,1
COUPON_AUG2501_EUyD3BJf,1
COUPON_AUG2501_Qxcc3PyA,1
COUPON_AUG2501_Qh4hOIjy,1
COUPON_AUG2501_gHSaWQAw,1
COUPON_AUG2501_mZNEvDfg,1
COUPON_AUG2501_fGyGTYW2,1
COUPON_AUG2501_wKYaep91,1
COUPON_AUG2501_n4dlHLnM,1
COUPON_AUG2501_pfeLvP92,1
COUPON_AUG2501_qLktfBkb,1
COUPON_AUG2501_62bHPZ0P,1
COUPON_AUG2501_h6aL1s7L,1
COUPON_AUG2501_FeKzoMj5,1
COUPON_AUG2501_gh6ow21z,1
COUPON_AUG2501_oL6RZf9c,1
COUPON_AUG2501_4H4RojoA,1
COUPON_AUG2501_SjfRbfcc,1
COUPON_AUG2501_satguvaB,1
COUPON_AUG2501_X1lhs9kC,1
COUPON_AUG2501_DWsW1QNk,1
COUPON_AUG2501_B9PX2XT3,1
COUPON_AUG2501_8OQyxZSX,1
COUPON_AUG2501_cgU5JWcQ,1
COUPON_AUG2501_N50WKwvu,1
COUPON_AUG2501_QjEyMqzt,1
COUPON_AUG2501_Dsh2icxe,1
COUPON_AUG2501_IQhIpqWm,1
COUPON_AUG2501_Qga8jOkD,1
COUPON_AUG2501_XSnZzAAW,1
COUPON_AUG2501_U4KJcEvQ,1
COUPON_AUG2501_kn0oyVUk,1
COUPON_AUG2501_B33wMRDQ,1
COUPON_AUG2501_DFMk0SRM,1
COUPON_AUG2501_yWORJxGR,1
COUPON_AUG2501_6eovPWCZ,1
COUPON_AUG2501_Y5BF1m2K,1
COUPON_AUG2501_UOyXYM4h,1
COUPON_AUG2501_uwbRknTv,1
COUPON_AUG2501_bL3QBAtS,1
COUPON_AUG2501_j7539rXG,1
COUPON_AUG2501_ciYhRQL4,1
COUPON_AUG2501_lOXMrjQv,1
COUPON_AUG2501_k2RvQN6M,1
COUPON_AUG2501_ig7N6qC5,1
COUPON_AUG2501_n4xFFhio,1
COUPON_AUG2501_6vmIJgFu,1
COUPON_AUG2501_UmxZeIQU,1
COUPON_AUG2501_1bH3rDYG,1
COUPON_AUG2501_5dlbzyJr,1
COUPON_AUG2501_NusjDPPc,1
COUPON_AUG2501_Aj4dGMoe,1
COUPON_AUG2501_m3KUW4p8,1
COUPON_AUG2501_SkscOK84,1
COUPON_AUG2501_m8e549QS,1
COUPON_AUG2501_KWEVKg7w,1
COUPON_AUG2501_T9OubkqU,1
COUPON_AUG2501_lazmXfYY,1
COUPON_AUG2501_nrKn6VYM,1
COUPON_AUG2501_vQyvpRax,1
COUPON_AUG2501_RaxHApWM,1
COUPON_AUG2501_F1c7JgNH,1
COUPON_AUG2501_XW6FenyF,1
COUPON_AUG2501_ohWTs3aN,1
COUPON_AUG2501_8KyUJXBf,1
COUPON_AUG2501_kHddYSHQ,1
COUPON_AUG2501_8WlXCGGU,1
COUPON_AUG2501_1coQIfjs,1
COUPON_AUG2501_blfmLsSn,1
COUPON_AUG2501_aRLByMf6,1
COUPON_AUG2501_bjyOECev,1
COUPON_AUG2501_1hizfdxM,1
COUPON_AUG2501_UBZagWUv,1
COUPON_AUG2501_cWthNgKu,1
COUPON_AUG2501_PKPYVA4g,1
COUPON_AUG2501_BfZFETGC,1
COUPON_AUG2501_PbJ91AIB,1
COUPON_AUG2501_b7RBGk9o,1
COUPON_AUG2501_TuEPyugB,1
COUPON_AUG2501_KNgXeIs0,1
COUPON_AUG2501_ypLWdTT0,1
COUPON_AUG2501_YWQZxq8s,1
COUPON_AUG2501_qZescvP8,1
COUPON_AUG2501_8j9rpPM6,1
COUPON_AUG2501_1dQdnRok,1
COUPON_AUG2501_v1lnA6zC,1
COUPON_AUG2501_TpJnPCEd,1
COUPON_AUG2501_D0mLENgh,1
COUPON_AUG2501_ozWJnInV,1
COUPON_AUG2501_2RFfUN1P,1
COUPON_AUG2501_8MFqypPS,1
COUPON_AUG2501_KTpyKk54,1
COUPON_AUG2501_XydsBSSC,1
COUPON_AUG2501_ttrCxNra,1
COUPON_AUG2501_oFW0n0dw,1
COUPON_AUG2501_6KPkYkAt,1
COUPON_AUG2501_TRId6mJY,1
COUPON_AUG2501_aCSrJAR5,1
COUPON_AUG2501_l69fSErK,1
COUPON_AUG2501_flsCAhyY,1
COUPON_AUG2501_qHV8yfty,1
COUPON_AUG2501_yjlFnrVA,1
COUPON_AUG2501_1b3uo9Yj,1
COUPON_AUG2501_Mr6GQDCy,1
COUPON_AUG2501_clY04uD3,1
COUPON_AUG2501_7y34Mgvn,1
COUPON_AUG2501_QlqWXCod,1
COUPON_AUG2501_D2wqaIrF,1
COUPON_AUG2501_wQ9CWxZu,1
COUPON_AUG2501_RhF176NC,1
COUPON_AUG2501_7crrN0Wp,1
COUPON_AUG2501_r79TbzhJ,1
COUPON_AUG2501_E57sfVmf,1
COUPON_AUG2501_qXTRc0oU,1
COUPON_AUG2501_HwxafePf,1
COUPON_AUG2501_YggVuswN,1
COUPON_AUG2501_wfxhIym4,1
COUPON_AUG2501_wVBhDm4l,1
COUPON_AUG2501_gzjPylzH,1
COUPON_AUG2501_fliDuYW2,1
COUPON_AUG2501_fh5Xy6p5,1
COUPON_AUG2501_nL83Gxju,1
COUPON_AUG2501_wulgCzR4,1
COUPON_AUG2501_HnL3z4Bh,1
COUPON_AUG2501_EqFCemJe,1
COUPON_AUG2501_0DxMBVIc,1
COUPON_AUG2501_KI7fg6Zj,1
COUPON_AUG2501_zlXjLVeb,1
COUPON_AUG2501_0Bxns2fY,1
COUPON_AUG2501_M5bfp1b9,1
COUPON_AUG2501_3fShm2pt,1
COUPON_AUG2501_b7pAyvAV,1
COUPON_AUG2501_cwnmBgpV,1
COUPON_AUG2501_OrJDVp2T,1
COUPON_AUG2501_4erSFjcZ,1
COUPON_AUG2501_ASgENSaE,1
COUPON_AUG2501_dFMTLnqT,1
COUPON_AUG2501_qPNyQC5j,1
COUPON_AUG2501_dLi5v6Jy,1
COUPON_AUG2501_rI0PzNda,1
COUPON_AUG2501_xI2biVc9,1
COUPON_AUG2501_xenKXKBc,1
COUPON_AUG2501_3DB3Hjsy,1
COUPON_AUG2501_KAskXQHO,1
COUPON_AUG2501_fIB8NFD0,1
COUPON_AUG2501_cN04nCxH,1
COUPON_AUG2501_n8bmMWV2,1
COUPON_AUG2501_ERqQu6EL,1
COUPON_AUG2501_RiMseMpk,1
COUPON_AUG2501_7732f8L3,1
COUPON_AUG2501_fqXrCZ96,1
COUPON_AUG2501_ugHdtPba,1
COUPON_AUG2501_uTsFGMP1,1
COUPON_AUG2501_H5IUIqYV,1
COUPON_AUG2501_6emsG3ji,1
COUPON_AUG2501_62NQUm74,1
COUPON_AUG2501_sCnKk4Uy,1
COUPON_AUG2501_WQ1nLOlt,1
COUPON_AUG2501_YhOyYKDb,1
COUPON_AUG2501_drlBp0f0,1
COUPON_AUG2501_bNzeuatD,1
COUPON_AUG2501_qvgzTwg9,1
COUPON_AUG2501_KMQdeXHC,1
COUPON_AUG2501_P2LxFUbt,1
COUPON_AUG2501_SYHpmVkU,1
COUPON_AUG2501_fkcLp34L,1
COUPON_AUG2501_Cuk6yVuK,1
COUPON_AUG2501_3y4vkK4v,1
COUPON_AUG2501_CevADk9f,1
COUPON_AUG2501_LN0kpLLS,1
COUPON_AUG2501_yc3vlp5r,1
COUPON_AUG2501_nKhaxUuB,1
COUPON_AUG2501_jxckZu3q,1
COUPON_AUG2501_zYd1UHoK,1
COUPON_AUG2501_CfDqa0je,1
COUPON_AUG2501_ljf9UvOI,1
COUPON_AUG2501_VSJEdWPj,1
COUPON_AUG2501_m68CeMRC,1
COUPON_AUG2501_Vt5Udusy,1
COUPON_AUG2501_coCZR20Z,1
COUPON_AUG2501_OLCq0YTI,1
COUPON_AUG2501_Dsn76F2R,1
COUPON_AUG2501_Q5BwbPRU,1
COUPON_AUG2501_bbGdnVzQ,1
COUPON_AUG2501_szaYoUYL,1
COUPON_AUG2501_RZY1F4yq,1
COUPON_AUG2501_lBdYiC2o,1
COUPON_AUG2501_tUtNOH18,1
COUPON_AUG2501_RQcXSz8s,1
COUPON_AUG2501_xVWH7Psw,1
COUPON_AUG2501_uSNcusRp,1
COUPON_AUG2501_UHFSJvzX,1
COUPON_AUG2501_2L4kf2pY,1
COUPON_AUG2501_3esXuUIO,1
COUPON_AUG2501_cvzvVmeI,1
COUPON_AUG2501_znifES1P,1
COUPON_AUG2501_bva1nz8T,1
COUPON_AUG2501_VAks3X5Z,1
COUPON_AUG2501_ydhAqnh0,1
COUPON_AUG2501_w8z1pS1C,1
COUPON_AUG2501_d9vPzCMh,1
COUPON_AUG2501_tUU3tshw,1
COUPON_AUG2501_BRvDWc13,1
COUPON_AUG2501_738shxTX,1
COUPON_AUG2501_rGtVFUSU,1
COUPON_AUG2501_1ZkU5xXH,1
COUPON_AUG2501_9JK1Jsgb,1
COUPON_AUG2501_yTUJGRZF,1
COUPON_AUG2501_eDp0osYg,1
COUPON_AUG2501_8luFxSRY,1
COUPON_AUG2501_yZNK7O8Z,1
COUPON_AUG2501_5YaH0Au6,1
COUPON_AUG2501_djAMu8OE,1
COUPON_AUG2501_RYYAn1q2,1
COUPON_AUG2501_ohqee19j,1
COUPON_AUG2501_yEJLUV5B,1
COUPON_AUG2501_hMExAyTS,1
COUPON_AUG2501_U4iBNqcd,1
COUPON_AUG2501_zyyNlxTc,1
COUPON_AUG2501_lC5DqkIb,1
COUPON_AUG2501_XvWxEkpr,1
COUPON_AUG2501_UUTrxaCR,1
COUPON_AUG2501_ss3UWgwh,1
COUPON_AUG2501_nKz9OovV,1
COUPON_AUG2501_Q9zen6K9,1
COUPON_AUG2501_0lq5bDsN,1
COUPON_AUG2501_oHPUZaq2,1
COUPON_AUG2501_6D6rzmIR,1
COUPON_AUG2501_e6vzW0pN,1
COUPON_AUG2501_vkXk3ulP,1
COUPON_AUG2501_O4mhoOvy,1
COUPON_AUG2501_73CFvbdq,1
COUPON_AUG2501_QgxGCbhQ,1
COUPON_AUG2501_3chjSdPH,1
COUPON_AUG2501_Wt7YJcHc,1
COUPON_AUG2501_5FgrourS,1
COUPON_AUG2501_L1O1FIBP,1
COUPON_AUG2501_IDgfAX5N,1
COUPON_AUG2501_yB3yfSFE,1
COUPON_AUG2501_jeeuPvoS,1
COUPON_AUG2501_dZaD9gFJ,1
COUPON_AUG2501_3IBnhtRV,1
COUPON_AUG2501_GJyyKZqP,1
COUPON_AUG2501_NWMooAss,1
COUPON_AUG2501_RpHZ0OeT,1
COUPON_AUG2501_Vnwe9Mmd,1
COUPON_AUG2501_YgRcow0D,1
COUPON_AUG2501_cTVq1n1s,1
COUPON_AUG2501_Z2scEgS0,1
COUPON_AUG2501_Q0BtEMNY,1
COUPON_AUG2501_rlMsEgEl,1
COUPON_AUG2501_o0FYnJ9r,1
COUPON_AUG2501_QMUn20TQ,1
COUPON_AUG2501_Asuj1upb,1
COUPON_AUG2501_asaBAayp,1
COUPON_AUG2501_95Kpuu3Y,1
COUPON_AUG2501_nuJyzlfc,1
COUPON_AUG2501_37ABHrDG,1
COUPON_AUG2501_9unRjs8A,1
COUPON_AUG2501_y4Qcg1A6,1
COUPON_AUG2501_GMC917n3,1
COUPON_AUG2501_ts0ylhc5,1
COUPON_AUG2501_dQbJrVP0,1
COUPON_AUG2501_NDgi0Cdy,1
COUPON_AUG2501_tK9Rlg8W,1
COUPON_AUG2501_4raQ2JoT,1
COUPON_AUG2501_MLwce0SB,1
COUPON_AUG2501_URYMmzC9,1
COUPON_AUG2501_nAi2BMo5,1
COUPON_AUG2501_A5lPMIhJ,1
COUPON_AUG2501_MTCaYLSO,1
COUPON_AUG2501_5UtHyrTn,1
COUPON_AUG2501_XNwQ5qyQ,1
COUPON_AUG2501_Zo5iOw3b,1
COUPON_AUG2501_TdGyCmsc,1
COUPON_AUG2501_nk5f6rfT,1
COUPON_AUG2501_G4eKjB83,1
COUPON_AUG2501_3sCQNWd3,1
COUPON_AUG2501_jjmjn7iH,1
COUPON_AUG2501_EGYxA0aW,1
COUPON_AUG2501_UoSKrbdQ,1
COUPON_AUG2501_7gu8NH5A,1
COUPON_AUG2501_E4sXIFwI,1
COUPON_AUG2501_giaNS0tz,1
COUPON_AUG2501_pPnfHGDY,1
COUPON_AUG2501_zO6uQZkx,1
COUPON_AUG2501_ux10C4C5,1
COUPON_AUG2501_zSBwWnrB,1
COUPON_AUG2501_8FAOTgBR,1
COUPON_AUG2501_uw7Zvpjd,1
COUPON_AUG2501_0zQhe500,1
COUPON_AUG2501_PLxdtkAt,1
COUPON_AUG2501_lLjh53ua,1
COUPON_AUG2501_nKCZyORB,1
COUPON_AUG2501_gTYy84SW,1
COUPON_AUG2501_gtIf7tf0,1
COUPON_AUG2501_NQULQgIT,1
COUPON_AUG2501_Q6s802WO,1
COUPON_AUG2501_huosbn1Y,1
COUPON_AUG2501_0iOEIfzL,1
COUPON_AUG2501_MyP8Pl4E,1
COUPON_AUG2501_xWyjdraM,1
COUPON_AUG2501_M9HV46wS,1
COUPON_AUG2501_TKOlHyFs,1
COUPON_AUG2501_kE1o7BF9,1
COUPON_AUG2501_dqGYU6ra,1
COUPON_AUG2501_KBQHHCUR,1
COUPON_AUG2501_bGJDRwer,1
COUPON_AUG2501_y495c100,1
COUPON_AUG2501_thLXkPbH,1
COUPON_AUG2501_36nxtjgl,1
COUPON_AUG2501_0knPRkxG,1
COUPON_AUG2501_BVOdO51H,1
COUPON_AUG2501_3PRSKnj6,1
COUPON_AUG2501_TOkxrq3S,1
COUPON_AUG2501_s48NPwTD,1
COUPON_AUG2501_vJxEkG0d,1
COUPON_AUG2501_SwZHNVv4,1
COUPON_AUG2501_kNeIuoHx,1
COUPON_AUG2501_iExY2Ty2,1
COUPON_AUG2501_B9F7tgSu,1
COUPON_AUG2501_SwTZ9Ecq,1
COUPON_AUG2501_sKCyJPjb,1
COUPON_AUG2501_lv2HbjSU,1
COUPON_AUG2501_XlyjCbMZ,1
COUPON_AUG2501_jWsWyy7w,1
COUPON_AUG2501_UPRGHgcK,1
COUPON_AUG2501_rwjoxRNl,1
COUPON_AUG2501_0LxyH7nM,1
COUPON_AUG2501_1vUjzMji,1
COUPON_AUG2501_oKCvGetS,1
COUPON_AUG2501_eIaCLkUx,1
COUPON_AUG2501_zPCgOwbl,1
COUPON_AUG2501_6kR0hAR2,1
COUPON_AUG2501_Lsnrc8LL,1
COUPON_AUG2501_j3I4DhvW,1
COUPON_AUG2501_AqKNYChs,1
COUPON_AUG2501_LeZZJGDl,1
COUPON_AUG2501_SjPXw7ni,1
COUPON_AUG2501_wCZQB1r6,1
COUPON_AUG2501_o028LzRf,1
COUPON_AUG2501_gaqvLTqU,1
COUPON_AUG2501_kpS7NSH3,1
COUPON_AUG2501_t1V3DsA0,1
COUPON_AUG2501_hp1GrOvO,1
COUPON_AUG2501_9hGDlYwN,1
COUPON_AUG2501_VzySIfgH,1
COUPON_AUG2501_5dlF1Sad,1
COUPON_AUG2501_O4QeWICK,1
COUPON_AUG2501_oxZVULsG,1
COUPON_AUG2501_jWZmsKa5,1
COUPON_AUG2501_4kcKDbvU,1
COUPON_AUG2501_0Ltisg1t,1
COUPON_AUG2501_J1CUQE56,1
COUPON_AUG2501_i0QnBY9Y,1
COUPON_AUG2501_Tm5q7tfW,1
COUPON_AUG2501_8Fwd95MJ,1
COUPON_AUG2501_376vzcCq,1
COUPON_AUG2501_NCChhRw1,1
COUPON_AUG2501_Qi9HSGBk,1
COUPON_AUG2501_nvrD76aH,1
COUPON_AUG2501_1vGXbmma,1
COUPON_AUG2501_MyCCu64B,1
COUPON_AUG2501_RCpoYkmS,1
COUPON_AUG2501_Fnj944c5,1
COUPON_AUG2501_BlxMyXr7,1
COUPON_AUG2501_LWr5Oin0,1
COUPON_AUG2501_d1qKzGw3,1
COUPON_AUG2501_JOnqMyEg,1
COUPON_AUG2501_aMwVXk2a,1
COUPON_AUG2501_OE3bIjhH,1
COUPON_AUG2501_bc60XqRv,1
COUPON_AUG2501_2oogKZSr,1
COUPON_AUG2501_eYPbuHWN,1
COUPON_AUG2501_GJdcHCPF,1
COUPON_AUG2501_LSha7f4N,1
COUPON_AUG2501_jem1UpdE,1
COUPON_AUG2501_TZ2kPCTl,1
COUPON_AUG2501_MRUQCt40,1
COUPON_AUG2501_fFjT2Lnx,1
COUPON_AUG2501_pjVeKeHd,1
COUPON_AUG2501_PG9kPzuk,1
COUPON_AUG2501_iyqkeQpg,1
COUPON_AUG2501_MVbWm4ry,1
COUPON_AUG2501_0nnsEhr1,1
COUPON_AUG2501_sOyPZeyi,1
COUPON_AUG2501_YOkwYUoM,1
COUPON_AUG2501_dTL4Nvzu,1
COUPON_AUG2501_KfXeavhR,1
COUPON_AUG2501_5kzYh7DP,1
COUPON_AUG2501_rIn7Uh1C,1
COUPON_AUG2501_9fCggnOK,1
COUPON_AUG2501_JMme2ONP,1
COUPON_AUG2501_MrRcFtIx,1
COUPON_AUG2501_yE8EoGdd,1
COUPON_AUG2501_nzeHSCiF,1
COUPON_AUG2501_p7wnhwNA,1
COUPON_AUG2501_oljJyQV7,1
COUPON_AUG2501_uyUImCgG,1
COUPON_AUG2501_LfbFqyXS,1
COUPON_AUG2501_DU2hDfgS,1
COUPON_AUG2501_OrPpZgzu,1
COUPON_AUG2501_V1It4kAg,1
COUPON_AUG2501_dqoLEauF,1
COUPON_AUG2501_JLWH3xpj,1
COUPON_AUG2501_8sxNtLeZ,1
COUPON_AUG2501_nHVKlIyT,1
COUPON_AUG2501_7BNFkzBD,1
COUPON_AUG2501_4XYwDflC,1
COUPON_AUG2501_gsgw0kiR,1
COUPON_AUG2501_HZvUtNkv,1
COUPON_AUG2501_6Q6BmROc,1
COUPON_AUG2501_S20KVNuf,1
COUPON_AUG2501_f8pvmbpW,1
COUPON_AUG2501_KpJpmE9R,1
COUPON_AUG2501_5xRy2izu,1
COUPON_AUG2501_KynAU2sV,1
COUPON_AUG2501_vp8sTXly,1
COUPON_AUG2501_pIusqvts,1
COUPON_AUG2501_DcQ4S7eh,1
COUPON_AUG2501_tYvkkbdd,1
COUPON_AUG2501_MRea53B1,1
COUPON_AUG2501_849qJpyD,1
COUPON_AUG2501_EXJsEsr7,1
COUPON_AUG2501_KXV2P13C,1
COUPON_AUG2501_nkICDRjb,1
COUPON_AUG2501_04Rvg2FC,1
COUPON_AUG2501_gZ4gPFAu,1
COUPON_AUG2501_qHA1KCO6,1
COUPON_AUG2501_5crScW7Q,1
COUPON_AUG2501_LwOHy2z2,1
COUPON_AUG2501_DWiWYtzc,1
COUPON_AUG2501_6PaGSUkF,1
COUPON_AUG2501_Ch45Jx4g,1
COUPON_AUG2501_9mgMAAZe,1
COUPON_AUG2501_NbshyP6H,1
COUPON_AUG2501_8afuk61M,1
COUPON_AUG2501_KGvnadKo,1
COUPON_AUG2501_uJujgVBR,1
COUPON_AUG2501_RjcYr3kK,1
COUPON_AUG2501_UvFi7COk,1
COUPON_AUG2501_qvzNw8pZ,1
COUPON_AUG2501_SrCt5hFg,1
COUPON_AUG2501_NYbBcc2N,1
COUPON_AUG2501_bKRgnWCW,1
COUPON_AUG2501_y1uEcf0K,1
COUPON_AUG2501_cT57zMVS,1
COUPON_AUG2501_prm2rQ4Z,1
COUPON_AUG2501_oExjDtHT,1
COUPON_AUG2501_C3NjhZg3,1
COUPON_AUG2501_MCSMQ4Vj,1
COUPON_AUG2501_JiTCF8Rn,1
COUPON_AUG2501_bEjt7wi6,1
COUPON_AUG2501_tFLsEMXL,1
COUPON_AUG2501_KEFLsEnu,1
COUPON_AUG2501_SIDHet3U,1
COUPON_AUG2501_qUeZFobn,1
COUPON_AUG2501_M3ceAgP7,1
COUPON_AUG2501_mMDDDCP5,1
COUPON_AUG2501_gXyUGJvQ,1
COUPON_AUG2501_11TOD7rU,1
COUPON_AUG2501_ISY3wiKR,1
COUPON_AUG2501_ADnPNE0h,1
COUPON_AUG2501_TApGBNKU,1
COUPON_AUG2501_5atGJoUG,1
COUPON_AUG2501_VyM7Mws1,1
COUPON_AUG2501_0jqg11PJ,1
COUPON_AUG2501_HpulcGEt,1
COUPON_AUG2501_WG5G6ofo,1
COUPON_AUG2501_4E7eAGUm,1
COUPON_AUG2501_k7cPC5Od,1
COUPON_AUG2501_qS3zhI2W,1
COUPON_AUG2501_Ia6h7Bch,1
COUPON_AUG2501_1oaJfLxj,1
COUPON_AUG2501_EF0rj1SM,1
COUPON_AUG2501_GsrZ8PYV,1
COUPON_AUG2501_lOek4cK9,1
COUPON_AUG2501_zHeMuB1J,1
COUPON_AUG2501_T1KdMHyK,1
COUPON_AUG2501_Lsklif7U,1
COUPON_AUG2501_E7LbjSk4,1
COUPON_AUG2501_QXrEI1ZM,1
COUPON_AUG2501_DlL6rp1Y,1
COUPON_AUG2501_PAfBDgqB,1
COUPON_AUG2501_ngHUtWcx,1
COUPON_AUG2501_9RbVYcxi,1
COUPON_AUG2501_LoQCoYE7,1
COUPON_AUG2501_okydYn4z,1
COUPON_AUG2501_qkTRHwsW,1
COUPON_AUG2501_pzMhyl1d,1
COUPON_AUG2501_STdF3CnK,1
COUPON_AUG2501_frSlUFNu,1
COUPON_AUG2501_0hLIc9GA,1
COUPON_AUG2501_XZzk7vyH,1
COUPON_AUG2501_i29CvWii,1
COUPON_AUG2501_gYVONzZP,1
COUPON_AUG2501_V6d2PimJ,1
COUPON_AUG2501_PRutB17U,1
COUPON_AUG2501_driRLBgS,1
COUPON_AUG2501_xsETJbao,1
COUPON_AUG2501_jDt3Sqkh,1
COUPON_AUG2501_IGTQdoXC,1
COUPON_AUG2501_97yggrQ8,1
COUPON_AUG2501_44mMkIEp,1
COUPON_AUG2501_tLeKTgpO,1
COUPON_AUG2501_ljfNAhCP,1
COUPON_AUG2501_wtoqE1CO,1
COUPON_AUG2501_G1VhtG8e,1
COUPON_AUG2501_tszh5fw8,1
COUPON_AUG2501_Y5wildIq,1
COUPON_AUG2501_bph5dS3v,1
COUPON_AUG2501_qj0ypUAb,1
COUPON_AUG2501_uhQovX38,1
COUPON_AUG2501_ZzQDc4km,1
COUPON_AUG2501_KH7mPgJZ,1
COUPON_AUG2501_UibH1af8,1
COUPON_AUG2501_34DsV3OK,1
COUPON_AUG2501_Kqo88nhW,1
COUPON_AUG2501_NlwLfaj5,1
COUPON_AUG2501_IsyLtrrM,1
COUPON_AUG2501_nc5qGlQF,1
COUPON_AUG2501_rXOO2bL3,1
COUPON_AUG2501_8byMPFt7,1
COUPON_AUG2501_HYSCedIa,1
COUPON_AUG2501_qzbgHahd,1
COUPON_AUG2501_ORmauTHX,1
COUPON_AUG2501_9qHqHW3M,1
COUPON_AUG2501_rNQYd0om,1
COUPON_AUG2501_Tyw2jpjl,1
COUPON_AUG2501_J6vwr6Zl,1
COUPON_AUG2501_rPWtuz8P,1
COUPON_AUG2501_zTJXp6k0,1
COUPON_AUG2501_C9Nhc4Q5,1
COUPON_AUG2501_XxJ6Sjsg,1
COUPON_AUG2501_JJkPYJPI,1
COUPON_AUG2501_mzKU8qwz,1
COUPON_AUG2501_JWFLyJkK,1
COUPON_AUG2501_ScFJvu71,1
COUPON_AUG2501_XeBtuWIw,1
COUPON_AUG2501_RgIcjiEa,1
COUPON_AUG2501_WPrC1fjq,1
COUPON_AUG2501_ZuWuDTvA,1
COUPON_AUG2501_1OjTtHSq,1
COUPON_AUG2501_7aezzcV1,1
COUPON_AUG2501_hxoWyygy,1
COUPON_AUG2501_ncYyGUwc,1
COUPON_AUG2501_M0WCLvmq,1
COUPON_AUG2501_n8Qt6IG6,1
COUPON_AUG2501_WRjdyKuA,1
COUPON_AUG2501_ne18ndcI,1
COUPON_AUG2501_DEuBk6Ow,1
COUPON_AUG2501_QeE2sYK4,1
COUPON_AUG2501_3wrjRO9Y,1
COUPON_AUG2501_WTYG4ySF,1
COUPON_AUG2501_F7Q5jqaB,1
COUPON_AUG2501_DC8md061,1
COUPON_AUG2501_bHPORBXj,1
COUPON_AUG2501_QbV9Tjus,1
COUPON_AUG2501_s9cuyozW,1
COUPON_AUG2501_nYz4Osot,1
COUPON_AUG2501_ed0oQ9j1,1
COUPON_AUG2501_Q7Cyge13,1
COUPON_AUG2501_v2LHEcmG,1
COUPON_AUG2501_tiSEp37j,1
COUPON_AUG2501_lcTXvkuM,1
COUPON_AUG2501_InhyoLyv,1
COUPON_AUG2501_vIwn6ahb,1
COUPON_AUG2501_05LYgkvb,1
COUPON_AUG2501_GuY5VQCa,1
COUPON_AUG2501_2bfMng4A,1
COUPON_AUG2501_WyLTbTyX,1
COUPON_AUG2501_7mvFs25x,1
COUPON_AUG2501_OiVJIXZo,1
COUPON_AUG2501_YpJPyrA7,1
COUPON_AUG2501_G1rqd76y,1
COUPON_AUG2501_uCX7B2oI,1
COUPON_AUG2501_S2VzN7M4,1
COUPON_AUG2501_BKlbPoOz,1
COUPON_AUG2501_7uE6dQsu,1
COUPON_AUG2501_jg7Z1yB1,1
COUPON_AUG2501_ZND2QWt4,1
COUPON_AUG2501_g5kGwFdy,1
COUPON_AUG2501_widiWAbD,1
COUPON_AUG2501_kRwaKitT,1
COUPON_AUG2501_VP1qqTJt,1
COUPON_AUG2501_QGX6v680,1
COUPON_AUG2501_SuazwYrr,1
COUPON_AUG2501_5mM13V5X,1
COUPON_AUG2501_yyAiEA59,1
COUPON_AUG2501_8QVmod3r,1
COUPON_AUG2501_Luhsd44G,1
COUPON_AUG2501_B6OVbtWx,1
COUPON_AUG2501_ZEh9QWeh,1
COUPON_AUG2501_E7ENQiOq,1
COUPON_AUG2501_H7MgHvUl,1
COUPON_AUG2501_tR0CKKmA,1
COUPON_AUG2501_gb7pcVO6,1
COUPON_AUG2501_JRdm9l2x,1
COUPON_AUG2501_vnKf5v6W,1
COUPON_AUG2501_X34e6P3x,1
COUPON_AUG2501_UnZWfktK,1
COUPON_AUG2501_1z5Buiyg,1
COUPON_AUG2501_P2A7NESY,1
COUPON_AUG2501_9Nkq0kcy,1
COUPON_AUG2501_j9I4NDWn,1
COUPON_AUG2501_UOVagsTB,1
COUPON_AUG2501_to5I1Gjq,1
COUPON_AUG2501_SHTBIGvv,1
COUPON_AUG2501_Yk4tcp37,1
COUPON_AUG2501_th2oGTKg,1
COUPON_AUG2501_QZL2CpSE,1
COUPON_AUG2501_SewSooZi,1
COUPON_AUG2501_ANPgatwf,1
COUPON_AUG2501_TG9uVIdS,1
COUPON_AUG2501_l77kEwON,1
COUPON_AUG2501_cwF5hbaB,1
COUPON_AUG2501_BXdMnFX7,1
COUPON_AUG2501_2x0xpQIR,1
COUPON_AUG2501_y22orOTH,1
COUPON_AUG2501_mQi7DpEO,1
COUPON_AUG2501_yDFGDb83,1
COUPON_AUG2501_0pqvUT3b,1
COUPON_AUG2501_d2smddkQ,1
COUPON_AUG2501_YOJxipil,1
COUPON_AUG2501_vf7ggPkr,1
COUPON_AUG2501_Xk9ombbe,1
COUPON_AUG2501_7fIuuOJf,1
COUPON_AUG2501_DBK2oqXX,1
COUPON_AUG2501_XIImlUw3,1
COUPON_AUG2501_PhhGsoQO,1
COUPON_AUG2501_Go3nnF8p,1
COUPON_AUG2501_kQVyJZro,1
COUPON_AUG2501_3J6To5w4,1
COUPON_AUG2501_T3LH0jED,1
COUPON_AUG2501_RPWXzHx2,1
COUPON_AUG2501_x0Y4Q8yG,1
COUPON_AUG2501_KUb9phKl,1
COUPON_AUG2501_vLiDKpg3,1
COUPON_AUG2501_kwQw18TM,1
COUPON_AUG2501_5id5qVWA,1
COUPON_AUG2501_9ow32GRv,1
COUPON_AUG2501_uCyQFdZE,1
COUPON_AUG2501_pLbF1BvQ,1
COUPON_AUG2501_ksh1ve3U,1
COUPON_AUG2501_f5P1pfoz,1
COUPON_AUG2501_e2ejjN7x,1
COUPON_AUG2501_SCAwLSBn,1
COUPON_AUG2501_jIVr5m2q,1
COUPON_AUG2501_AAcKYX9F,1
COUPON_AUG2501_5TMfeNW8,1
COUPON_AUG2501_5SoIovjw,1
COUPON_AUG2501_WAhc2XBV,1
COUPON_AUG2501_BaqDaOCN,1
COUPON_AUG2501_maDkPC6k,1
COUPON_AUG2501_IJMEwnFX,1
COUPON_AUG2501_BvvWq9c1,1
COUPON_AUG2501_0jqiodTX,1
COUPON_AUG2501_VAiRwoMA,1
COUPON_AUG2501_KUepKfpN,1
COUPON_AUG2501_KGs8Gg2Z,1
COUPON_AUG2501_Ffs7jn7v,1
COUPON_AUG2501_l2dQ21Dz,1
COUPON_AUG2501_KdW162Hq,1
COUPON_AUG2501_R9oL9MlK,1
COUPON_AUG2501_sJlHIRsU,1
COUPON_AUG2501_cgSPJvli,1
COUPON_AUG2501_3Eujtgt8,1
COUPON_AUG2501_FQua4L2n,1
COUPON_AUG2501_I5xuydOV,1
COUPON_AUG2501_1N5rorTH,1
COUPON_AUG2501_dXR8Tmlv,1
COUPON_AUG2501_IiRvq78M,1
COUPON_AUG2501_7EJ2yFND,1
COUPON_AUG2501_MuIbmXoN,1
COUPON_AUG2501_jxSerJpW,1
COUPON_AUG2501_49jxyrRE,1
COUPON_AUG2501_2UAbDSAn,1
COUPON_AUG2501_5mHT0PIg,1
COUPON_AUG2501_rG5amc2T,1
COUPON_AUG2501_L6IdSeCI,1
COUPON_AUG2501_2h9FlrfA,1
COUPON_AUG2501_nDsPgPXH,1
COUPON_AUG2501_eiGCMTug,1
COUPON_AUG2501_YnUUecwC,1
COUPON_AUG2501_3Uf9apkT,1
COUPON_AUG2501_PKWNLT74,1
COUPON_AUG2501_Aof1gq3f,1
COUPON_AUG2501_lEVi1n2m,1
COUPON_AUG2501_v81zJgBP,1
COUPON_AUG2501_yc3M4Eaa,1
COUPON_AUG2501_2rLLDv9A,1
COUPON_AUG2501_nKfYX05A,1
COUPON_AUG2501_l2QQCcVl,1
COUPON_AUG2501_eEczgWl0,1
COUPON_AUG2501_oUW2H3gy,1
COUPON_AUG2501_lMW5vCiZ,1
COUPON_AUG2501_XSWnAYIY,1
COUPON_AUG2501_E9Qst81a,1
COUPON_AUG2501_VABUCdSc,1
COUPON_AUG2501_PveXYyAG,1
COUPON_AUG2501_qm5CaQQN,1
COUPON_AUG2501_yU2ePm88,1
COUPON_AUG2501_6nTrwr4I,1
COUPON_AUG2501_vkFr0VyC,1
COUPON_AUG2501_O5TyPM8b,1
COUPON_AUG2501_5VLuRsfH,1
COUPON_AUG2501_PzUTN9li,1
COUPON_AUG2501_02P4wAzi,1
COUPON_AUG2501_cP8wOtyA,1
COUPON_AUG2501_puHTCEXX,1
COUPON_AUG2501_DLfm3hjq,1
COUPON_AUG2501_cudMpSeu,1
COUPON_AUG2501_evPaxU7g,1
COUPON_AUG2501_W62rE3FK,1
COUPON_AUG2501_lm1X39yv,1
COUPON_AUG2501_FLAcODuI,1
COUPON_AUG2501_eQD2qTm6,1
COUPON_AUG2501_pLFwI8wE,1
COUPON_AUG2501_eIfJw5YD,1
COUPON_AUG2501_ofkNAXop,1
COUPON_AUG2501_3rRZSFmq,1
COUPON_AUG2501_cEF8sjAt,1
COUPON_AUG2501_hSSxhh6u,1
COUPON_AUG2501_tamwgIpM,1
COUPON_AUG2501_dEQtn6qO,1
COUPON_AUG2501_Vs53lmfp,1
COUPON_AUG2501_2gc2Yz3f,1
COUPON_AUG2501_xNTz6uTl,1
COUPON_AUG2501_THeWPt7E,1
COUPON_AUG2501_M8yCxfOE,1
COUPON_AUG2501_m6CwkhWp,1
COUPON_AUG2501_OR2VXuXM,1
COUPON_AUG2501_1S5zlfBH,1
COUPON_AUG2501_LAayqFmE,1
COUPON_AUG2501_mH23ARD9,1
COUPON_AUG2501_rwJRZ0Ap,1
COUPON_AUG2501_lg56HS65,1
COUPON_AUG2501_8KzJlyrl,1
COUPON_AUG2501_S2avBYi3,1
COUPON_AUG2501_Rvba2zFZ,1
COUPON_AUG2501_AUoTBahX,1
COUPON_AUG2501_VYgo57jY,1
COUPON_AUG2501_T2AXoDaV,1
COUPON_AUG2501_JprusGcN,1
COUPON_AUG2501_XV87n1Yo,1
COUPON_AUG2501_5DFbL29l,1
COUPON_AUG2501_VQNcRpx7,1
COUPON_AUG2501_vRNMhViF,1
COUPON_AUG2501_GoHLDGxs,1
COUPON_AUG2501_3HF95X82,1
COUPON_AUG2501_kBUduwdO,1
COUPON_AUG2501_wRGQpc0G,1
COUPON_AUG2501_q4xdJ4Bb,1
COUPON_AUG2501_D8vpFTEW,1
COUPON_AUG2501_XB034EXq,1
COUPON_AUG2501_N8AgZVpk,1
COUPON_AUG2501_RC1VqBeZ,1
COUPON_AUG2501_uJ9qs1Y2,1
COUPON_AUG2501_ysQE6HJ2,1
COUPON_AUG2501_MAvKSggg,1
COUPON_AUG2501_ZvBYgzCe,1
COUPON_AUG2501_HpheVMgN,1
COUPON_AUG2501_diEWlbDg,1
COUPON_AUG2501_bZ355GrP,1
COUPON_AUG2501_m7OSPZAj,1
COUPON_AUG2501_VuwA0nQv,1
COUPON_AUG2501_tEhKyEeu,1
COUPON_AUG2501_gzpdYZ88,1
COUPON_AUG2501_QfHBSN8g,1
COUPON_AUG2501_3AeWW5Vd,1
COUPON_AUG2501_HOhlLffX,1
COUPON_AUG2501_pLDnzcYO,1
COUPON_AUG2501_H0MYp5w6,1
COUPON_AUG2501_99WZZMWc,1
COUPON_AUG2501_xcOkdPan,1
COUPON_AUG2501_Ka6N7UP9,1
COUPON_AUG2501_FfVPWBkw,1
COUPON_AUG2501_vDGMPf2g,1
COUPON_AUG2501_HkJkwNrk,1
COUPON_AUG2501_LAv8GPV8,1
COUPON_AUG2501_buKPLl43,1
COUPON_AUG2501_oxHvg0i2,1
COUPON_AUG2501_uysz5Ffq,1
COUPON_AUG2501_TNkVeSEz,1
COUPON_AUG2501_yNsFdRRw,1
COUPON_AUG2501_7cb32n5E,1
COUPON_AUG2501_NuYtiTd3,1
COUPON_AUG2501_kCzCr3Da,1
COUPON_AUG2501_3p2AkHDd,1
COUPON_AUG2501_xqlg8Bmt,1
COUPON_AUG2501_MtG2A5Da,1
COUPON_AUG2501_S72ZIKxY,1
COUPON_AUG2501_zmzZVW9Z,1
COUPON_AUG2501_5rXm5vze,1
COUPON_AUG2501_K1cGuexs,1
COUPON_AUG2501_bZ8tjzJ1,1
COUPON_AUG2501_VwZVuWdK,1
COUPON_AUG2501_6vxzceLu,1
COUPON_AUG2501_uRGFFyq6,1
COUPON_AUG2501_WIzZ2RJT,1
COUPON_AUG2501_vplcz2ME,1
COUPON_AUG2501_vLr9FdvK,1
COUPON_AUG2501_Uf9Po1Xq,1
COUPON_AUG2501_oLWGUPOw,1
COUPON_AUG2501_oR3Nv5Zs,1
COUPON_AUG2501_ePXHcRqC,1
COUPON_AUG2501_sPcThkpj,1
COUPON_AUG2501_3X0ywSgN,1
COUPON_AUG2501_BSLxfV1c,1
COUPON_AUG2501_6ML9Pq6j,1
COUPON_AUG2501_khQJgLR4,1
COUPON_AUG2501_BgI1842j,1
COUPON_AUG2501_GKEqSNVK,1
COUPON_AUG2501_jiveO8Bl,1
COUPON_AUG2501_0Ifo95xZ,1
COUPON_AUG2501_HBmxMSAv,1
COUPON_AUG2501_lWC1tsde,1
COUPON_AUG2501_IC9PgHIf,1
COUPON_AUG2501_JycmRdTT,1
COUPON_AUG2501_KMl4vcMO,1
COUPON_AUG2501_ON0d9Em2,1
COUPON_AUG2501_cMGQJLf6,1
COUPON_AUG2501_aYf4Pz5C,1
COUPON_AUG2501_7mZgnq1E,1
COUPON_AUG2501_i4SkNwg5,1
COUPON_AUG2501_1eg3xQRU,1
COUPON_AUG2501_ZC5yZxJc,1
COUPON_AUG2501_N5W5q6oS,1
COUPON_AUG2501_SXFQN5oC,1
COUPON_AUG2501_enXbAFNZ,1
COUPON_AUG2501_HA1sdBSG,1
COUPON_AUG2501_9Ba8YYoX,1
COUPON_AUG2501_PJQDGDBe,1
COUPON_AUG2501_wwic3AWd,1
COUPON_AUG2501_2ggXd8Xi,1
COUPON_AUG2501_OPUx2QTy,1
COUPON_AUG2501_feWkW8Oh,1
COUPON_AUG2501_kjPuPktM,1
COUPON_AUG2501_oEOdlLHd,1
COUPON_AUG2501_PdHFoVHn,1
COUPON_AUG2501_BeQkJN1y,1
COUPON_AUG2501_jP8ohF1E,1
COUPON_AUG2501_bELWPrhw,1
COUPON_AUG2501_Ij31n3cz,1
COUPON_AUG2501_vvJmqN9i,1
COUPON_AUG2501_FENQ382B,1
COUPON_AUG2501_FOxKr65L,1
COUPON_AUG2501_ovKacNYv,1
COUPON_AUG2501_tfiGFpO8,1
COUPON_AUG2501_lgb0TWbT,1
COUPON_AUG2501_B4VZwToT,1
COUPON_AUG2501_wqkeeFuI,1
COUPON_AUG2501_MoarLul0,1
COUPON_AUG2501_FEeY3dTQ,1
COUPON_AUG2501_24CWNj6G,1
COUPON_AUG2501_DdJtCyQZ,1
COUPON_AUG2501_qfaJVNbk,1
COUPON_AUG2501_Loa6QVt1,1
COUPON_AUG2501_Em5XyyFD,1
COUPON_AUG2501_6Cs6ecu0,1
COUPON_AUG2501_ynRcxYWr,1
COUPON_AUG2501_ksM5agky,1
COUPON_AUG2501_FNxp55xL,1
COUPON_AUG2501_ZbSgntH0,1
COUPON_AUG2501_Hqbekfhv,1
COUPON_AUG2501_ZjhcLa9O,1
COUPON_AUG2501_rMasRnGi,1
COUPON_AUG2501_flS8WZRi,1
COUPON_AUG2501_YFQvsiog,1
COUPON_AUG2501_Cp8NZTFN,1
COUPON_AUG2501_3bVPhSYR,1
COUPON_AUG2501_1ZN8cQLd,1
COUPON_AUG2501_LnI62Duu,1
COUPON_AUG2501_coo5UBvz,1
COUPON_AUG2501_eTilLzsM,1
COUPON_AUG2501_BWzohRvr,1
COUPON_AUG2501_DeidSabb,1
COUPON_AUG2501_OBi5vQAQ,1
COUPON_AUG2501_YdymcKjM,1
COUPON_AUG2501_N1r8ACzZ,1
COUPON_AUG2501_U9PTInqx,1
COUPON_AUG2501_bRawdRw1,1
COUPON_AUG2501_elGTd68O,1
COUPON_AUG2501_1DEiYVZs,1
COUPON_AUG2501_HzQzl8b2,1
COUPON_AUG2501_uJPYDSFV,1
COUPON_AUG2501_VjF1i9ZT,1
COUPON_AUG2501_t9IDj5j4,1
COUPON_AUG2501_W77fmIok,1
COUPON_AUG2501_skZnolcK,1
COUPON_AUG2501_gbDcycqY,1
COUPON_AUG2501_KDmtL9GT,1
COUPON_AUG2501_1Pwkklpl,1
COUPON_AUG2501_5Oy2Iy2F,1
COUPON_AUG2501_5LsDLdFq,1
COUPON_AUG2501_WwwTPL5I,1
COUPON_AUG2501_hYg2vuy7,1
COUPON_AUG2501_uAi9BnoM,1
COUPON_AUG2501_4mGP1p4t,1
COUPON_AUG2501_Pl5yXSeN,1
COUPON_AUG2501_Fw0Vgvcv,1
COUPON_AUG2501_BeD1twa3,1
COUPON_AUG2501_FNIbqU2Q,1
COUPON_AUG2501_WxUFXysi,1
COUPON_AUG2501_knGiH5LU,1
COUPON_AUG2501_68Pvb3Te,1
COUPON_AUG2501_pFwnC8oK,1
COUPON_AUG2501_HmoGAhID,1
COUPON_AUG2501_bp2nGpk6,1
COUPON_AUG2501_srrQ6LMN,1
COUPON_AUG2501_jRf4dKGI,1
COUPON_AUG2501_uOiC3w09,1
COUPON_AUG2501_Du6rK4S4,1
COUPON_AUG2501_slWKEEzh,1
COUPON_AUG2501_ZesY2iXP,1
COUPON_AUG2501_Ulq6rkM6,1
COUPON_AUG2501_g9QyAERr,1
COUPON_AUG2501_cDhxC6aw,1
COUPON_AUG2501_GlpL6LLH,1
COUPON_AUG2501_tuqfsjwA,1
COUPON_AUG2501_BnzwTVvb,1
COUPON_AUG2501_rB094SuR,1
COUPON_AUG2501_v8ruIjPQ,1
COUPON_AUG2501_ajSSgNgo,1
COUPON_AUG2501_izb3lyAd,1
COUPON_AUG2501_H2lQYBkD,1
COUPON_AUG2501_ZuH7kLmX,1
COUPON_AUG2501_mm1ztHh9,1
COUPON_AUG2501_Qzrjc1y9,1
COUPON_AUG2501_6uh74F1W,1
COUPON_AUG2501_f8X5IGmX,1
COUPON_AUG2501_oNWI4L3E,1
COUPON_AUG2501_WEqx2LKQ,1
COUPON_AUG2501_QMR4fipc,1
COUPON_AUG2501_D14p2Ykz,1
COUPON_AUG2501_qfIQlNQ8,1
COUPON_AUG2501_OHGiRaDG,1
COUPON_AUG2501_h58m6QMz,1
COUPON_AUG2501_c1f6JAnn,1
COUPON_AUG2501_HRgppxM7,1
COUPON_AUG2501_LAcTiasz,1
COUPON_AUG2501_zPsVtUTS,1
COUPON_AUG2501_ecWoLOpw,1
COUPON_AUG2501_HHt9IWiy,1
COUPON_AUG2501_V6A0SuZr,1
COUPON_AUG2501_ttmn4EcG,1
COUPON_AUG2501_98GBRMl4,1
COUPON_AUG2501_uCAT5I5r,1
COUPON_AUG2501_qBv2Pc8R,1
COUPON_AUG2501_IHdPPeLP,1
COUPON_AUG2501_GQTch38Y,1
COUPON_AUG2501_ZQfGy6M2,1
COUPON_AUG2501_KlIrSXMA,1
COUPON_AUG2501_nZpsbWCX,1
COUPON_AUG2501_eVzOXCZ4,1
COUPON_AUG2501_WHqJb6q7,1
COUPON_AUG2501_SA1iHPFi,1
COUPON_AUG2501_IfKotawY,1
COUPON_AUG2501_Wgl0p1gX,1
COUPON_AUG2501_OfqdkQwR,1
COUPON_AUG2501_pcWxKAaV,1
COUPON_AUG2501_3PaD3kX7,1
COUPON_AUG2501_0R4f6YUT,1
COUPON_AUG2501_xYBQ13qb,1
COUPON_AUG2501_fclCzgx7,1
COUPON_AUG2501_hQMt3A1W,1
COUPON_AUG2501_FSJu1zUg,1
COUPON_AUG2501_o5oe366p,1
COUPON_AUG2501_uHTpsWv3,1
COUPON_AUG2501_Z38dlMK2,1
COUPON_AUG2501_S4BviaXn,1
COUPON_AUG2501_xpAY2Mgl,1
COUPON_AUG2501_AmQaU5LZ,1
COUPON_AUG2501_sVdBybEH,1
COUPON_AUG2501_aaTE34pl,1
COUPON_AUG2501_BmYOrubW,1
COUPON_AUG2501_Qm7YgsXi,1
COUPON_AUG2501_uD36fKMk,1
COUPON_AUG2501_f3rSO8ch,1
COUPON_AUG2501_O3Dc5d35,1
COUPON_AUG2501_UYHhHfnG,1
COUPON_AUG2501_9gicGvbC,1
COUPON_AUG2501_mPV7Mgk9,1
COUPON_AUG2501_Ft1FjCIJ,1
COUPON_AUG2501_QV1lC257,1
COUPON_AUG2501_rWqFRh0j,1
COUPON_AUG2501_VVePbGf1,1
COUPON_AUG2501_1jlhd4Pt,1
COUPON_AUG2501_Wl0d14sq,1
COUPON_AUG2501_fvLTG7zl,1
COUPON_AUG2501_0k4oR1PJ,1
COUPON_AUG2501_zn2NDg1W,1
COUPON_AUG2501_hguBBcgl,1
COUPON_AUG2501_YYDjZGk6,1
COUPON_AUG2501_OpTynChu,1
COUPON_AUG2501_zSxnMk8l,1
COUPON_AUG2501_dJZqSfbO,1
COUPON_AUG2501_VqXgYVY9,1
COUPON_AUG2501_aQp7HGFP,1
COUPON_AUG2501_2Nt2jfkr,1
COUPON_AUG2501_gFaT05Tp,1
COUPON_AUG2501_DHJ4bTTZ,1
COUPON_AUG2501_guU7GVbU,1
COUPON_AUG2501_nlFVf0nD,1
COUPON_AUG2501_7daTaSfN,1
COUPON_AUG2501_5qr4GsyX,1
COUPON_AUG2501_dPg78AsU,1
COUPON_AUG2501_eZajQLSs,1
COUPON_AUG2501_WBY9ObJI,1
COUPON_AUG2501_WB4OevJV,1
COUPON_AUG2501_wD7fNJe7,1
COUPON_AUG2501_Lq4RZkbA,1
COUPON_AUG2501_yOsUWMo2,1
COUPON_AUG2501_KoG5XtUX,1
COUPON_AUG2501_wgZxd2Xl,1
COUPON_AUG2501_CAn7coFq,1
COUPON_AUG2501_nw8YUudK,1
COUPON_AUG2501_gZT96Ufd,1
COUPON_AUG2501_ak2mxhYq,1
COUPON_AUG2501_MMxKU7hZ,1
COUPON_AUG2501_HNyOzJp3,1
COUPON_AUG2501_479Q0BeY,1
COUPON_AUG2501_WFPypoRv,1
COUPON_AUG2501_ElmKf7w9,1
COUPON_AUG2501_vRuEhzlP,1
COUPON_AUG2501_i99Vlsrs,1
COUPON_AUG2501_94lkHUtH,1
COUPON_AUG2501_qIe7cMGm,1
COUPON_AUG2501_tOMNuoCB,1
COUPON_AUG2501_qlaT6miB,1
COUPON_AUG2501_SiUEKMfQ,1
COUPON_AUG2501_YYrwAfqq,1
COUPON_AUG2501_tZhaDSwe,1
COUPON_AUG2501_GRYYVVjT,1
COUPON_AUG2501_2rJLJX9n,1
COUPON_AUG2501_Sylr1Qob,1
COUPON_AUG2501_KghHayyK,1
COUPON_AUG2501_iaJABoxQ,1
COUPON_AUG2501_dAAJHcFa,1
COUPON_AUG2501_L4owbNx2,1
COUPON_AUG2501_rEZnic6C,1
COUPON_AUG2501_zjLVLQEt,1
COUPON_AUG2501_1B5qTCG4,1
COUPON_AUG2501_yuesugoQ,1
COUPON_AUG2501_xJZFCzMM,1
COUPON_AUG2501_kI7DZNm1,1
COUPON_AUG2501_Ow1zYXO6,1
COUPON_AUG2501_KPueXtsL,1
COUPON_AUG2501_moRi1G01,1
COUPON_AUG2501_3wzd9Sx6,1
COUPON_AUG2501_gEksagtT,1
COUPON_AUG2501_BbotQi5c,1
COUPON_AUG2501_lJaY4mHA,1
COUPON_AUG2501_UQo2E9uG,1
COUPON_AUG2501_reEGkugf,1
COUPON_AUG2501_yfIZZo8s,1
COUPON_AUG2501_oPbOoHhv,1
COUPON_AUG2501_5bCJgkkS,1
COUPON_AUG2501_yTNtWcVm,1
COUPON_AUG2501_ixv5N0cv,1
COUPON_AUG2501_TGfu1Itu,1
COUPON_AUG2501_4bW7OXp6,1
COUPON_AUG2501_LquUxDI8,1
COUPON_AUG2501_jShMDYts,1
COUPON_AUG2501_usE842NU,1
COUPON_AUG2501_aJ8HBIoA,1
COUPON_AUG2501_s7jW7t1x,1
COUPON_AUG2501_wRO52iVE,1
COUPON_AUG2501_EQVQrJ4F,1
COUPON_AUG2501_Yw13IXYM,1
COUPON_AUG2501_kXILCd0X,1
COUPON_AUG2501_jLiZ0sgq,1
COUPON_AUG2501_MwGKFR8Y,1
COUPON_AUG2501_mfwk9AtZ,1
COUPON_AUG2501_azIMCPJm,1
COUPON_AUG2501_G2OBJioD,1
COUPON_AUG2501_tTqeB5DA,1
COUPON_AUG2501_BV4pJ9Q1,1
COUPON_AUG2501_x5xb0g50,1
COUPON_AUG2501_5D3YdBoZ,1
COUPON_AUG2501_zqOtwQ6r,1
COUPON_AUG2501_jE1MdmA9,1
COUPON_AUG2501_A9ta4aaA,1
COUPON_AUG2501_dOg5h3xH,1
COUPON_AUG2501_iHa8C8CU,1
COUPON_AUG2501_rWhWKMsm,1
COUPON_AUG2501_JuGeuMVv,1
COUPON_AUG2501_SxGyfaJ9,1
COUPON_AUG2501_VTDUx9P2,1
COUPON_AUG2501_1fxkoGGp,1
COUPON_AUG2501_3hca3EgQ,1
COUPON_AUG2501_z1XBF5fI,1
COUPON_AUG2501_DfQ3KyHD,1
COUPON_AUG2501_SZzUxQkg,1
COUPON_AUG2501_nw70tjiZ,1
COUPON_AUG2501_t0gaw5lF,1
COUPON_AUG2501_6IrJnt5D,1
COUPON_AUG2501_0AzHbn5x,1
COUPON_AUG2501_Ex7EwFdy,1
COUPON_AUG2501_6PKrUvV1,1
COUPON_AUG2501_26oJcsvI,1
COUPON_AUG2501_ojlU1ggX,1
COUPON_AUG2501_LIaVickn,1
COUPON_AUG2501_ewivOn1O,1
COUPON_AUG2501_iiBDgxGe,1
COUPON_AUG2501_WZ4HuA9W,1
COUPON_AUG2501_fxdHXRj6,1
COUPON_AUG2501_fWzKEj5t,1
COUPON_AUG2501_7yIMT1vf,1
COUPON_AUG2501_0xNcS1rL,1
COUPON_AUG2501_iRVpGNPW,1
COUPON_AUG2501_Q03HA3xS,1
COUPON_AUG2501_QRHk4U2f,1
COUPON_AUG2501_wPH3TDYH,1
COUPON_AUG2501_MhavHSBf,1
COUPON_AUG2501_t83NqBff,1
COUPON_AUG2501_HkzsBtAq,1
COUPON_AUG2501_aFlpoKnZ,1
COUPON_AUG2501_t1PjB767,1
COUPON_AUG2501_x2NWOxyb,1
COUPON_AUG2501_sf5WvlVz,1
COUPON_AUG2501_EW7bQqI3,1
COUPON_AUG2501_TmYPrbzT,1
COUPON_AUG2501_PeI5maO9,1
COUPON_AUG2501_Mw9nkzJY,1
COUPON_AUG2501_nSBRiozj,1
COUPON_AUG2501_i7gUrzrP,1
COUPON_AUG2501_Fk436wPi,1
COUPON_AUG2501_42oQHqx6,1
COUPON_AUG2501_PtWcRTaw,1
COUPON_AUG2501_t7QcK6YI,1
COUPON_AUG2501_3NF4ttFo,1
COUPON_AUG2501_NgksMJ8J,1
COUPON_AUG2501_Qi33csju,1
COUPON_AUG2501_WByuKvZt,1
COUPON_AUG2501_TrIb9nWG,1
COUPON_AUG2501_0820oSWh,1
COUPON_AUG2501_z6BdFY1B,1
COUPON_AUG2501_XUwIrH8G,1
COUPON_AUG2501_iL445A22,1
COUPON_AUG2501_0Gz5hGYE,1
COUPON_AUG2501_Y8hzKxKb,1
COUPON_AUG2501_ut2J3pRh,1
COUPON_AUG2501_KEUVLbSH,1
COUPON_AUG2501_64b6D4oa,1
COUPON_AUG2501_PCQRW1gh,1
COUPON_AUG2501_mOgs7KO7,1
COUPON_AUG2501_ER5PoNVS,1
COUPON_AUG2501_gmNWwczr,1
COUPON_AUG2501_zZXmvrwo,1
COUPON_AUG2501_9zo9i7ac,1
COUPON_AUG2501_ZbMjGJ6B,1
COUPON_AUG2501_SqgYanf2,1
COUPON_AUG2501_dg7SU5QU,1
COUPON_AUG2501_JkoctF4I,1
COUPON_AUG2501_Op9DqSAN,1
COUPON_AUG2501_Q6J9ohnx,1
COUPON_AUG2501_5Iu4M4Tz,1
COUPON_AUG2501_vKTvFeE7,1
COUPON_AUG2501_55z4u6nH,1
COUPON_AUG2501_dQbNaIZg,1
COUPON_AUG2501_eKOLup1e,1
COUPON_AUG2501_7sVFyitd,1
COUPON_AUG2501_jCZah3hG,1
COUPON_AUG2501_hARjn2CO,1
COUPON_AUG2501_ncEt3R6p,1
COUPON_AUG2501_Lez3h9dX,1
COUPON_AUG2501_v1wa6Mg5,1
COUPON_AUG2501_gpSVut9X,1
COUPON_AUG2501_bElkx9yE,1
COUPON_AUG2501_Z5mYotGx,1
COUPON_AUG2501_cbMth4u2,1
COUPON_AUG2501_o5PupFuo,1
COUPON_AUG2501_yphz3A7i,1
COUPON_AUG2501_w4xMLqe6,1
COUPON_AUG2501_ZqvNDWOM,1
COUPON_AUG2501_GgDpq3S6,1
COUPON_AUG2501_MzWCeYqD,1
COUPON_AUG2501_yG3SA3gJ,1
COUPON_AUG2501_ylzavu3Z,1
COUPON_AUG2501_MQkfRidg,1
COUPON_AUG2501_kpwTg2nn,1
COUPON_AUG2501_Ue5ZsF1l,1
COUPON_AUG2501_tB7dv10x,1
COUPON_AUG2501_BkJ3ZQPW,1
COUPON_AUG2501_aSARzKEj,1
COUPON_AUG2501_y598EiaB,1
COUPON_AUG2501_VvJD3chZ,1
COUPON_AUG2501_CmGKsldn,1
COUPON_AUG2501_xopIm733,1
COUPON_AUG2501_G78H2jAM,1
COUPON_AUG2501_qLHgkSKX,1
COUPON_AUG2501_UMyp49N6,1
COUPON_AUG2501_FHixriXM,1
COUPON_AUG2501_Q0AcNk7X,1
COUPON_AUG2501_nkG91Dqe,1
COUPON_AUG2501_9c9Fe6bS,1
COUPON_AUG2501_CUYLubQ0,1
COUPON_AUG2501_ZBgVEVi4,1
COUPON_AUG2501_RwWwBeLM,1
COUPON_AUG2501_4eInpm1q,1
COUPON_AUG2501_maz2Y2Gv,1
COUPON_AUG2501_mXIg89uW,1
COUPON_AUG2501_rOfKcO90,1
COUPON_AUG2501_jDJyWtlg,1
COUPON_AUG2501_0Q1yTTHf,1
COUPON_AUG2501_q0tqQCOu,1
COUPON_AUG2501_wVB0I8c2,1
COUPON_AUG2501_DiaxcRU7,1
COUPON_AUG2501_EFFs7woA,1
COUPON_AUG2501_shWICBJQ,1
COUPON_AUG2501_N4FMCzj4,1
COUPON_AUG2501_pcyhpV58,1
COUPON_AUG2501_POBLKYK3,1
COUPON_AUG2501_wFoRMAl4,1
COUPON_AUG2501_jZXhHbyK,1
COUPON_AUG2501_AmzPdYOd,1
COUPON_AUG2501_JnlaIprJ,1
COUPON_AUG2501_srjqBqtN,1
COUPON_AUG2501_loGNh4WC,1
COUPON_AUG2501_wTDg7PqP,1
COUPON_AUG2501_H6WcZSzH,1
COUPON_AUG2501_nKsgHaae,1
COUPON_AUG2501_81ZjKeib,1
COUPON_AUG2501_jB4BYIUR,1
COUPON_AUG2501_WzJ830x6,1
COUPON_AUG2501_i3itfn9m,1
COUPON_AUG2501_BHR4HNhF,1
COUPON_AUG2501_IoWXPjdY,1
COUPON_AUG2501_7TjT8iRZ,1
COUPON_AUG2501_0ZvoqU0j,1
COUPON_AUG2501_LWo2bpRj,1
COUPON_AUG2501_Pu4s2qdg,1
COUPON_AUG2501_mjPG3xIa,1
COUPON_AUG2501_fjTNqnLd,1
COUPON_AUG2501_GrI9UEFG,1
COUPON_AUG2501_j94NVjfD,1
COUPON_AUG2501_1BgvSdCC,1
COUPON_AUG2501_uKNaqlp1,1
COUPON_AUG2501_MuFTL6BL,1
COUPON_AUG2501_e5eeBVTI,1
COUPON_AUG2501_vFWdXiGg,1
COUPON_AUG2501_SNiQjvZc,1
COUPON_AUG2501_xOvKmNB5,1
COUPON_AUG2501_W0tW1Opk,1
COUPON_AUG2501_MEanZd5L,1
COUPON_AUG2501_HHAn7SIU,1
COUPON_AUG2501_YMlMc7AW,1
COUPON_AUG2501_EpiOR7PD,1
COUPON_AUG2501_Xz7py6sM,1
COUPON_AUG2501_3kBu6Asd,1
COUPON_AUG2501_3tmNAOfC,1
COUPON_AUG2501_OjBUR4Aa,1
COUPON_AUG2501_3ZZLwMrA,1
COUPON_AUG2501_ft58gLsG,1
COUPON_AUG2501_vtkQmR4k,1
COUPON_AUG2501_O3osd0Ds,1
COUPON_AUG2501_LAVriIrY,1
COUPON_AUG2501_a8J9mqKe,1
COUPON_AUG2501_lxN3P48X,1
COUPON_AUG2501_kjfec3TT,1
COUPON_AUG2501_YYIceJhK,1
COUPON_AUG2501_HWcOh7yo,1
COUPON_AUG2501_Qqz7g8U9,1
COUPON_AUG2501_UtPAJOzF,1
COUPON_AUG2501_ocUvvRW9,1
COUPON_AUG2501_Zkf3P9c8,1
COUPON_AUG2501_1HfCYdby,1
COUPON_AUG2501_E4nu68Oz,1
COUPON_AUG2501_G6CN418N,1
COUPON_AUG2501_trmqiO26,1
COUPON_AUG2501_pQN6sI2x,1
COUPON_AUG2501_4eJSo7Or,1
COUPON_AUG2501_L22WDVtJ,1
COUPON_AUG2501_xXeRCMit,1
COUPON_AUG2501_pAEboxh9,1
COUPON_AUG2501_eZ8zQjvr,1
COUPON_AUG2501_fKbVglGF,1
COUPON_AUG2501_CP9rPPhy,1
COUPON_AUG2501_ZxELWD64,1
COUPON_AUG2501_d0a3IrLt,1
COUPON_AUG2501_deEz0GcY,1
COUPON_AUG2501_oRqBPMw3,1
COUPON_AUG2501_G3INu3Ud,1
COUPON_AUG2501_FTZn6smu,1
COUPON_AUG2501_3sWuYJsA,1
COUPON_AUG2501_nbcAWux0,1
COUPON_AUG2501_8UhkYm3O,1
COUPON_AUG2501_diBqDkms,1
COUPON_AUG2501_Lm3HZe6d,1
COUPON_AUG2501_ioTJ1a9t,1
COUPON_AUG2501_iLD3IHS3,1
COUPON_AUG2501_IU7HSAFp,1
COUPON_AUG2501_4ml33Rlo,1
COUPON_AUG2501_cOhC119L,1
COUPON_AUG2501_Ir2pUCR7,1
COUPON_AUG2501_1vlu1ERv,1
COUPON_AUG2501_WlGM9XjA,1
COUPON_AUG2501_hwDsikt0,1
COUPON_AUG2501_nfX79b0M,1
COUPON_AUG2501_AK5PWsNN,1
COUPON_AUG2501_NNjpAE5e,1
COUPON_AUG2501_0859Rw6B,1
COUPON_AUG2501_XR0apxG0,1
COUPON_AUG2501_dOihTbI3,1
COUPON_AUG2501_KmhgFxEN,1
COUPON_AUG2501_LipkxhaK,1
COUPON_AUG2501_BMl8byDo,1
COUPON_AUG2501_2k4qru8J,1
COUPON_AUG2501_bfqlLANZ,1
COUPON_AUG2501_1ywBM3y4,1
COUPON_AUG2501_b9rYZuiz,1
COUPON_AUG2501_gWkQv9r9,1
COUPON_AUG2501_Yy1jTGXd,1
COUPON_AUG2501_8y1FDeU6,1
COUPON_AUG2501_aKIyMvej,1
COUPON_AUG2501_6e7XuO5g,1
COUPON_AUG2501_47pxuU6O,1
COUPON_AUG2501_D1yGLsKy,1
COUPON_AUG2501_jKvRekdr,1
COUPON_AUG2501_F2VPIpG2,1
COUPON_AUG2501_oFW4XOBl,1
COUPON_AUG2501_cWNJJRtN,1
COUPON_AUG2501_KKDnmC7y,1
COUPON_AUG2501_6r8G8yhy,1
COUPON_AUG2501_0zg15rAO,1
COUPON_AUG2501_DzUGl7YI,1
COUPON_AUG2501_cevjotUW,1
COUPON_AUG2501_edulQnSf,1
COUPON_AUG2501_FRtujIwB,1
COUPON_AUG2501_WQY2BPYt,1
COUPON_AUG2501_XfEyLkiQ,1
COUPON_AUG2501_PVbwEcGD,1
COUPON_AUG2501_Avt2kGQ7,1
COUPON_AUG2501_6TXff6p1,1
COUPON_AUG2501_vHwD2GRQ,1
COUPON_AUG2501_943zJMqF,1
COUPON_AUG2501_csskGOR5,1
COUPON_AUG2501_dzLzn375,1
COUPON_AUG2501_U8mDLm9T,1
COUPON_AUG2501_DbY65bPy,1
COUPON_AUG2501_YMygekaW,1
COUPON_AUG2501_xi8NyM8J,1
COUPON_AUG2501_M4udDxWU,1
COUPON_AUG2501_oPkf4Idn,1
COUPON_AUG2501_8owa6tyY,1
COUPON_AUG2501_nSf8NaGp,1
COUPON_AUG2501_FRQdpYCV,1
COUPON_AUG2501_tBNqYVN9,1
COUPON_AUG2501_ooxboy98,1
COUPON_AUG2501_LFm5lQ5A,1
COUPON_AUG2501_CMjvcIXO,1
COUPON_AUG2501_I1XaM7VN,1
COUPON_AUG2501_u8PaJ8UQ,1
COUPON_AUG2501_vQUos6kQ,1
COUPON_AUG2501_MnFsd3zz,1
COUPON_AUG2501_lnfBfMRG,1
COUPON_AUG2501_l6thOJ4Q,1
COUPON_AUG2501_LYNAzvyR,1
COUPON_AUG2501_OyCZgI0j,1
COUPON_AUG2501_q1JSzrcA,1
COUPON_AUG2501_BASrA3RA,1
COUPON_AUG2501_mWzDvCYy,1
COUPON_AUG2501_gVMYGuDA,1
COUPON_AUG2501_NA81ReNf,1
COUPON_AUG2501_KiqI3t1J,1
COUPON_AUG2501_YDXRs3lj,1
COUPON_AUG2501_M3CnKqdE,1
COUPON_AUG2501_AWpe9Yyp,1
COUPON_AUG2501_evifAuUu,1
COUPON_AUG2501_wCwBnXfD,1
COUPON_AUG2501_cpYcgNsR,1
COUPON_AUG2501_ZAj8Z3PO,1
COUPON_AUG2501_xj8ivWcv,1
COUPON_AUG2501_8mUPu30J,1
COUPON_AUG2501_ghDCYTpm,1
COUPON_AUG2501_CBtsmU4e,1
COUPON_AUG2501_sQcSRDPN,1
COUPON_AUG2501_MxBLQsYt,1
COUPON_AUG2501_QrxwKalL,1
COUPON_AUG2501_6Bk1Z5UF,1
COUPON_AUG2501_ctvDMvLl,1
COUPON_AUG2501_LIjbJ5Es,1
COUPON_AUG2501_ERDqgSCT,1
COUPON_AUG2501_f6sSb4NB,1
COUPON_AUG2501_6j7sfQ2G,1
COUPON_AUG2501_LT7RB1cr,1
COUPON_AUG2501_rP0xigow,1
COUPON_AUG2501_5QoZ1stY,1
COUPON_AUG2501_TrU7J7Uu,1
COUPON_AUG2501_kekckqBg,1
COUPON_AUG2501_7YrPBoaF,1
COUPON_AUG2501_XGVVmV07,1
COUPON_AUG2501_28VLSPxm,1
COUPON_AUG2501_3KsjhRJ2,1
COUPON_AUG2501_xEZPmXwF,1
COUPON_AUG2501_Rix1ViBa,1
COUPON_AUG2501_3pj2CvMN,1
COUPON_AUG2501_PfzYjGae,1
COUPON_AUG2501_n6Ng9wh8,1
COUPON_AUG2501_IjbbdpTH,1
COUPON_AUG2501_usb7zNy8,1
COUPON_AUG2501_ZNCjCeXc,1
COUPON_AUG2501_QfFNk5g5,1
COUPON_AUG2501_0tO1F1dE,1
COUPON_AUG2501_kokU6dz8,1
COUPON_AUG2501_KWbweFPT,1
COUPON_AUG2501_MPTcuKJD,1
COUPON_AUG2501_OAOHR8Gg,1
COUPON_AUG2501_tKf2dZ7L,1
COUPON_AUG2501_Y8i8CMrJ,1
COUPON_AUG2501_eQ5kjjOp,1
COUPON_AUG2501_6U1DVG76,1
COUPON_AUG2501_WIjjzaQW,1
COUPON_AUG2501_sCRnDeTl,1
COUPON_AUG2501_Oj1Fwe3B,1
COUPON_AUG2501_8ouEex8U,1
COUPON_AUG2501_gbitVUtT,1
COUPON_AUG2501_91sQ18NZ,1
COUPON_AUG2501_YibD6GfD,1
COUPON_AUG2501_daewgtCW,1
COUPON_AUG2501_0cabJlyt,1
COUPON_AUG2501_8q6zRCZI,1
COUPON_AUG2501_wkF12FnJ,1
COUPON_AUG2501_RfEycpsQ,1
COUPON_AUG2501_MUP367f5,1
COUPON_AUG2501_Bzi8J5gP,1
COUPON_AUG2501_olCqvkob,1
COUPON_AUG2501_y6bFBPak,1
COUPON_AUG2501_phYDAXSF,1
COUPON_AUG2501_gXwMGVsi,1
COUPON_AUG2501_EDlTdQlO,1
COUPON_AUG2501_mG8ochYx,1
COUPON_AUG2501_uAKsoj9J,1
COUPON_AUG2501_R43Ryy1X,1
COUPON_AUG2501_x1n4wUiQ,1
COUPON_AUG2501_KB09lTGH,1
COUPON_AUG2501_ed77MqZT,1
COUPON_AUG2501_eETawQiw,1
COUPON_AUG2501_HzAOYCcu,1
COUPON_AUG2501_sLoCSAFo,1
COUPON_AUG2501_99BIXtnT,1
COUPON_AUG2501_bpmhL67C,1
COUPON_AUG2501_yN1GdCfx,1
COUPON_AUG2501_YIQ07nyY,1
COUPON_AUG2501_wHNq3Rcr,1
COUPON_AUG2501_n6gqzuaE,1
COUPON_AUG2501_t64HfsxD,1
COUPON_AUG2501_ayFhAzJF,1
COUPON_AUG2501_Ycf4Ruz0,1
COUPON_AUG2501_Vu7SGukH,1
COUPON_AUG2501_zVwH6XKT,1
COUPON_AUG2501_XqXhnVtp,1
COUPON_AUG2501_cyASIMGE,1
COUPON_AUG2501_X5YYfwUX,1
COUPON_AUG2501_PyzvZfRg,1
COUPON_AUG2501_PLCWHBI9,1
COUPON_AUG2501_Qb0XtAo8,1
COUPON_AUG2501_TJNypfLm,1
COUPON_AUG2501_mWh5V4dH,1
COUPON_AUG2501_fQu7STVg,1
COUPON_AUG2501_y5uKgM4k,1
COUPON_AUG2501_d7xJdjdS,1
COUPON_AUG2501_iT9k1UDk,1
COUPON_AUG2501_mkDB3yIG,1
COUPON_AUG2501_2Mm3RCC4,1
COUPON_AUG2501_xubJqjqk,1
COUPON_AUG2501_kPv1EkM1,1
COUPON_AUG2501_Agj5HnGO,1
COUPON_AUG2501_jYHgUzqa,1
COUPON_AUG2501_5t35Y2z1,1
COUPON_AUG2501_WAka9QH7,1
COUPON_AUG2501_kbWQhd2V,1
COUPON_AUG2501_bnhi49Av,1
COUPON_AUG2501_25VEdMr3,1
COUPON_AUG2501_B6mUF5wK,1
COUPON_AUG2501_vIv4JpSB,1
COUPON_AUG2501_qNibufic,1
COUPON_AUG2501_09OAdBZ7,1
COUPON_AUG2501_BsEjYjbY,1
COUPON_AUG2501_VFGLNqHG,1
COUPON_AUG2501_DgrFTmq0,1
COUPON_AUG2501_vTNzH49U,1
COUPON_AUG2501_L8OYmbm8,1
COUPON_AUG2501_gM6DueFs,1
COUPON_AUG2501_qwBwawZN,1
COUPON_AUG2501_xnn3Ka0Q,1
COUPON_AUG2501_TJStoBtw,1
COUPON_AUG2501_kfijFfzE,1
COUPON_AUG2501_yMy80ztb,1
COUPON_AUG2501_QdZV7UFf,1
COUPON_AUG2501_YDKi9PsD,1
COUPON_AUG2501_9a8CSta8,1
COUPON_AUG2501_iibvFFm9,1
COUPON_AUG2501_tDXjoZjr,1
COUPON_AUG2501_XRBwqtuW,1
COUPON_AUG2501_XwY9gYYj,1
COUPON_AUG2501_plZOsFib,1
COUPON_AUG2501_K7BYEdfG,1
COUPON_AUG2501_ppnTBWmw,1
COUPON_AUG2501_YpGcSLSv,1
COUPON_AUG2501_4G4FLqRm,1
COUPON_AUG2501_ICq2VHlv,1
COUPON_AUG2501_Zpf1T6aS,1
COUPON_AUG2501_2axgE4Ow,1
COUPON_AUG2501_dFbQ0q32,1
COUPON_AUG2501_eSH5Hk5Y,1
COUPON_AUG2501_OY3FPN4Z,1
COUPON_AUG2501_FmtIqaOB,1
COUPON_AUG2501_Esr1lEck,1
COUPON_AUG2501_1zqdwD14,1
COUPON_AUG2501_jBERIckQ,1
COUPON_AUG2501_uea6LWDc,1
COUPON_AUG2501_YNvGav3w,1
COUPON_AUG2501_hkncdRkI,1
COUPON_AUG2501_86ahKoc9,1
COUPON_AUG2501_86c5gNhT,1
COUPON_AUG2501_kRyKHBSI,1
COUPON_AUG2501_2ofAoe6u,1
COUPON_AUG2501_t6eEOCp7,1
COUPON_AUG2501_hFYRImPI,1
COUPON_AUG2501_Hlb7cWMU,1
COUPON_AUG2501_ftUh0Flb,1
COUPON_AUG2501_SP8TrBkK,1
COUPON_AUG2501_MA4MY9zs,1
COUPON_AUG2501_mrSJ7a3H,1
COUPON_AUG2501_eFIO7zv4,1
COUPON_AUG2501_wOK2TTNx,1
COUPON_AUG2501_L9Do5ex1,1
COUPON_AUG2501_OpoasTsX,1
COUPON_AUG2501_ttQCWQKb,1
COUPON_AUG2501_x1xtCPPo,1
COUPON_AUG2501_kKRtQZqU,1
COUPON_AUG2501_6R5TBbfz,1
COUPON_AUG2501_LIDMhfqi,1
COUPON_AUG2501_OPLEvMxz,1
COUPON_AUG2501_sMx9r5Jo,1
COUPON_AUG2501_WsxLc5d8,1
COUPON_AUG2501_wKJGgMtu,1
COUPON_AUG2501_ZoCyUiX7,1
COUPON_AUG2501_65BuZVC0,1
COUPON_AUG2501_LysyXwEs,1
COUPON_AUG2501_wV3y7ng6,1
COUPON_AUG2501_mBrxAL7N,1
COUPON_AUG2501_0ewk1Bo3,1
COUPON_AUG2501_hsbiSJwN,1
COUPON_AUG2501_JbHsVhQM,1
COUPON_AUG2501_ZSUqRYbU,1
COUPON_AUG2501_n4S3RpFD,1
COUPON_AUG2501_kS8UpiBr,1
COUPON_AUG2501_ASWiC3VF,1
COUPON_AUG2501_XXBWIq4v,1
COUPON_AUG2501_6mEdXTXQ,1
COUPON_AUG2501_eMVhAPPl,1
COUPON_AUG2501_nLW2oGXd,1
COUPON_AUG2501_AfEckxsb,1
COUPON_AUG2501_yWKNXVF8,1
COUPON_AUG2501_p7VccGaF,1
COUPON_AUG2501_6mjpU5Gi,1
COUPON_AUG2501_5zi9VqZb,1
COUPON_AUG2501_ej8z7Yfu,1
COUPON_AUG2501_ygwNNlMr,1
COUPON_AUG2501_z5azPfUY,1
COUPON_AUG2501_9bTKOlbE,1
COUPON_AUG2501_oPcxq247,1
COUPON_AUG2501_ylL79ygo,1
COUPON_AUG2501_DNBcfQMY,1
COUPON_AUG2501_eXUw5UUA,1
COUPON_AUG2501_0sOr1H2v,1
COUPON_AUG2501_4nsfRPeV,1
COUPON_AUG2501_6I8YmByQ,1
COUPON_AUG2501_g9KYmmCs,1
COUPON_AUG2501_dFEEvcOd,1
COUPON_AUG2501_Ccy6ruyG,1
COUPON_AUG2501_EG1SSMZ2,1
COUPON_AUG2501_x20slB8J,1
COUPON_AUG2501_RiONpcnX,1
COUPON_AUG2501_joqoOCOw,1
COUPON_AUG2501_qcm0ET2g,1
COUPON_AUG2501_vAmIrJPv,1
COUPON_AUG2501_HEs5MHeP,1
COUPON_AUG2501_FoPjC2Rw,1
COUPON_AUG2501_BQ59LHoH,1
COUPON_AUG2501_zQi4ViuT,1
COUPON_AUG2501_oT8O0OY0,1
COUPON_AUG2501_G36tMCqD,1
COUPON_AUG2501_nZNIcl7E,1
COUPON_AUG2501_gsoq2hIV,1
COUPON_AUG2501_iXImJsRU,1
COUPON_AUG2501_b9Rcgve5,1
COUPON_AUG2501_KLGDElXm,1
COUPON_AUG2501_mkRcDw7x,1
COUPON_AUG2501_epCr6O7k,1
COUPON_AUG2501_vWQpI6r9,1
COUPON_AUG2501_OXUIM8Rd,1
COUPON_AUG2501_oCPkcEiU,1
COUPON_AUG2501_8VrtMeIc,1
COUPON_AUG2501_DnTz6T22,1
COUPON_AUG2501_5eqjlYdv,1
COUPON_AUG2501_fqRhfJF1,1
COUPON_AUG2501_Kaqpp6pJ,1
COUPON_AUG2501_vV02RVOZ,1
COUPON_AUG2501_7D1Cm2QL,1
COUPON_AUG2501_LAnQeDZd,1
COUPON_AUG2501_0fy8KwXk,1
COUPON_AUG2501_Bzpx4PQw,1
COUPON_AUG2501_iISdgy88,1
COUPON_AUG2501_pDqplC27,1
COUPON_AUG2501_dpit3loA,1
COUPON_AUG2501_JpB82QnT,1
COUPON_AUG2501_LOzXc01q,1
COUPON_AUG2501_x8Ns9c7f,1
COUPON_AUG2501_SiPWFTZF,1
COUPON_AUG2501_DHl2OJkN,1
COUPON_AUG2501_msgq5pHB,1
COUPON_AUG2501_uX1GanWu,1
COUPON_AUG2501_Kcd2Bq3n,1
COUPON_AUG2501_tbDWCo0v,1
COUPON_AUG2501_fxFlmF9X,1
COUPON_AUG2501_nR0jtk8I,1
COUPON_AUG2501_MP4hzH7W,1
COUPON_AUG2501_ER8vuYAy,1
COUPON_AUG2501_X847J3OZ,1
COUPON_AUG2501_0X5SENyc,1
COUPON_AUG2501_fUvsRkjb,1
COUPON_AUG2501_D3XYBplQ,1
COUPON_AUG2501_0LTPbHFX,1
COUPON_AUG2501_fEO44d6Z,1
COUPON_AUG2501_YP9Mobmv,1
COUPON_AUG2501_e8c44PPW,1
COUPON_AUG2501_3GFLb5Sk,1
COUPON_AUG2501_FhYkx0GD,1
COUPON_AUG2501_befOh8JD,1
COUPON_AUG2501_dQIWTwlH,1
COUPON_AUG2501_tr2CQeQD,1
COUPON_AUG2501_jP4Wigv7,1
COUPON_AUG2501_2J32927R,1
COUPON_AUG2501_Kaplf8tY,1
COUPON_AUG2501_UONp0lYI,1
COUPON_AUG2501_9tmYtfjK,1
COUPON_AUG2501_nO0CaUmW,1
COUPON_AUG2501_4EqXrdsn,1
COUPON_AUG2501_IVHpEGZb,1
COUPON_AUG2501_j9UgVcNV,1
COUPON_AUG2501_TvuqnVWR,1
COUPON_AUG2501_scYkLmq7,1
COUPON_AUG2501_IaAuIxP8,1
COUPON_AUG2501_3FZGTfbC,1
COUPON_AUG2501_oD5POOXU,1
COUPON_AUG2501_JbUanx2Y,1
COUPON_AUG2501_rhSMTyxv,1
COUPON_AUG2501_zktO4mUD,1
COUPON_AUG2501_YKLWuTwh,1
COUPON_AUG2501_hpGc4aT9,1
COUPON_AUG2501_9oa9rfMu,1
COUPON_AUG2501_Tv4lwSMg,1
COUPON_AUG2501_u4cudQFi,1
COUPON_AUG2501_JJnZFw63,1
COUPON_AUG2501_ULPYi1ae,1
COUPON_AUG2501_Pn6h25Sj,1
COUPON_AUG2501_Y84tkaZT,1
COUPON_AUG2501_ym9BZH2k,1
COUPON_AUG2501_1qGFihqw,1
COUPON_AUG2501_S6QxTQpL,1
COUPON_AUG2501_1eaz9pw2,1
COUPON_AUG2501_ztOQxjEH,1
COUPON_AUG2501_utfZJ6FQ,1
COUPON_AUG2501_JSU7150t,1
COUPON_AUG2501_qGEywj5M,1
COUPON_AUG2501_MaIPAIJk,1
COUPON_AUG2501_lC4e0sgp,1
COUPON_AUG2501_fCoJOJvX,1
COUPON_AUG2501_JoivIetr,1
COUPON_AUG2501_PANNa6Xs,1
COUPON_AUG2501_k6HDPsiR,1
COUPON_AUG2501_MoTSpAh5,1
COUPON_AUG2501_a8Uymp7L,1
COUPON_AUG2501_YPZPrP7U,1
COUPON_AUG2501_BPiAtLIF,1
COUPON_AUG2501_HbHHo1Lq,1
COUPON_AUG2501_OKu0cEYG,1
COUPON_AUG2501_Lu8KBo8e,1
COUPON_AUG2501_bVkk6EWQ,1
COUPON_AUG2501_hXzCHvU5,1
COUPON_AUG2501_s7jGKgsl,1
COUPON_AUG2501_N3zQzch4,1
COUPON_AUG2501_ZrG6yW9i,1
COUPON_AUG2501_UGkxOh2e,1
COUPON_AUG2501_i1qCfArQ,1
COUPON_AUG2501_8LaW69bS,1
COUPON_AUG2501_VrkUCNpR,1
COUPON_AUG2501_ipW9t5jH,1
COUPON_AUG2501_wV9aUXhg,1
COUPON_AUG2501_kth8YTah,1
COUPON_AUG2501_nahiTX16,1
COUPON_AUG2501_UZxEPvB0,1
COUPON_AUG2501_JEYeTG3B,1
COUPON_AUG2501_0z41LzTK,1
COUPON_AUG2501_VkfJ5dyP,1
COUPON_AUG2501_rQ25UDT0,1
COUPON_AUG2501_NlEFr4OY,1
COUPON_AUG2501_tuy13qvB,1
COUPON_AUG2501_0fA3uZDT,1
COUPON_AUG2501_9jOolMuP,1
COUPON_AUG2501_AczUdFBL,1
COUPON_AUG2501_av7aCWXV,1
COUPON_AUG2501_Epb8pEm3,1
COUPON_AUG2501_mlH7co49,1
COUPON_AUG2501_vBnKyaFk,1
COUPON_AUG2501_3qtLp6Zi,1
COUPON_AUG2501_FdCRJVex,1
COUPON_AUG2501_QAZg8l1b,1
COUPON_AUG2501_DfuIq64b,1
COUPON_AUG2501_FfKfiUBc,1
COUPON_AUG2501_N678ephe,1
COUPON_AUG2501_JGt6lABm,1
COUPON_AUG2501_hBlnyHrQ,1
COUPON_AUG2501_grEPyOTz,1
COUPON_AUG2501_qqG7UGQi,1
COUPON_AUG2501_1RGesS5U,1
COUPON_AUG2501_Bbs0Z8Hr,1
COUPON_AUG2501_V0ONAdjG,1
COUPON_AUG2501_mVis9Zur,1
COUPON_AUG2501_3cs40sMg,1
COUPON_AUG2501_3hut5FcH,1
COUPON_AUG2501_w0DTohIQ,1
COUPON_AUG2501_Gyq5cy1W,1
COUPON_AUG2501_ZVQ5iLWh,1
COUPON_AUG2501_I4rgv3J7,1
COUPON_AUG2501_OvHRNiAk,1
COUPON_AUG2501_vHTRqjxi,1
COUPON_AUG2501_zGKWVZIK,1
COUPON_AUG2501_NjpkdeTW,1
COUPON_AUG2501_DmaL4PNF,1
COUPON_AUG2501_2AbZdLpd,1
COUPON_AUG2501_sO6qyejr,1
COUPON_AUG2501_biZgMAa4,1
COUPON_AUG2501_FPJGx68F,1
COUPON_AUG2501_f3w6ymdu,1
COUPON_AUG2501_KH9iTQNu,1
COUPON_AUG2501_AJgwYBq2,1
COUPON_AUG2501_5WxwBcyv,1
COUPON_AUG2501_zrk4IsoO,1
COUPON_AUG2501_NpG9WX7b,1
COUPON_AUG2501_V5z2qWkg,1
COUPON_AUG2501_23og1Hgw,1
COUPON_AUG2501_0drV4AJx,1
COUPON_AUG2501_pbjtd5WB,1
COUPON_AUG2501_w9pwli0g,1
COUPON_AUG2501_jR07vu2F,1
COUPON_AUG2501_lz4Blj0R,1
COUPON_AUG2501_0QI5X1Z1,1
COUPON_AUG2501_2Ce6otWO,1
COUPON_AUG2501_LQ3AEt0y,1
COUPON_AUG2501_uXrykvr7,1
COUPON_AUG2501_RglxdQhV,1
COUPON_AUG2501_fqUUIfFF,1
COUPON_AUG2501_DcJVpYlN,1
COUPON_AUG2501_ZUxAon49,1
COUPON_AUG2501_mugAPZ8I,1
COUPON_AUG2501_8VgoNvdQ,1
COUPON_AUG2501_sod2Z54d,1
COUPON_AUG2501_nY1A9DPi,1
COUPON_AUG2501_TiFb4Cno,1
COUPON_AUG2501_w5DQy81H,1
COUPON_AUG2501_coB6c08C,1
COUPON_AUG2501_kVHJcTRg,1
COUPON_AUG2501_NgcbKp9d,1
COUPON_AUG2501_6IvTQBqf,1
COUPON_AUG2501_KwZeqJ1R,1
COUPON_AUG2501_PtzznOfw,1
COUPON_AUG2501_yU7TzBXD,1
COUPON_AUG2501_B4qXD3DX,1
COUPON_AUG2501_9CylGT5a,1
COUPON_AUG2501_qUtMfNdl,1
COUPON_AUG2501_KT7DJcdo,1
COUPON_AUG2501_rdJmsT9m,1
COUPON_AUG2501_7rULiz4W,1
COUPON_AUG2501_DRoKz77v,1
COUPON_AUG2501_8FfNU80C,1
COUPON_AUG2501_En3XTLIN,1
COUPON_AUG2501_K1EzDts7,1
COUPON_AUG2501_HWS90tlb,1
COUPON_AUG2501_pZd604v5,1
COUPON_AUG2501_pk2kOVdZ,1
COUPON_AUG2501_umnIqO1r,1
COUPON_AUG2501_WmW5IDvM,1
COUPON_AUG2501_5JoP44xz,1
COUPON_AUG2501_qTWJCYW3,1
COUPON_AUG2501_gp2xAzPL,1
COUPON_AUG2501_RphdKgWN,1
COUPON_AUG2501_BbnpxgZW,1
COUPON_AUG2501_eMDC8X89,1
COUPON_AUG2501_r2mWKaSh,1
COUPON_AUG2501_XjaHUefX,1
COUPON_AUG2501_hPlCgt4Y,1
COUPON_AUG2501_ys39POOi,1
COUPON_AUG2501_zG6fbtt5,1
COUPON_AUG2501_u2xlwWYU,1
COUPON_AUG2501_x7Cl8u3h,1
COUPON_AUG2501_bRaG7hDj,1
COUPON_AUG2501_f8lPrzWq,1
COUPON_AUG2501_Gr4zkJKM,1
COUPON_AUG2501_7TeL5aC2,1
COUPON_AUG2501_EHGynUVo,1
COUPON_AUG2501_s0tGLKLN,1
COUPON_AUG2501_zglwdjbU,1
COUPON_AUG2501_NFn6IZQt,1
COUPON_AUG2501_rbJ82Gt0,1
COUPON_AUG2501_8EeJYP2F,1
COUPON_AUG2501_BziShGMZ,1
COUPON_AUG2501_bPQHx4Oy,1
COUPON_AUG2501_Y6mGP4vH,1
COUPON_AUG2501_Y5j59mCU,1
COUPON_AUG2501_qHsBW5Bx,1
COUPON_AUG2501_vQx4ipKK,1
COUPON_AUG2501_0LsXg1cg,1
COUPON_AUG2501_3ocyzXeR,1
COUPON_AUG2501_x9JWfu1Y,1
COUPON_AUG2501_EZ92Z1xw,1
COUPON_AUG2501_cXemYHXk,1
COUPON_AUG2501_lVLtWExu,1
COUPON_AUG2501_l9ufmcAL,1
COUPON_AUG2501_dD6P6teu,1
COUPON_AUG2501_kxWd3eRX,1
COUPON_AUG2501_q88eGgwJ,1
COUPON_AUG2501_TMRVrV9U,1
COUPON_AUG2501_IY4ypyoI,1
COUPON_AUG2501_LhTRsIip,1
COUPON_AUG2501_dWUoy2Cw,1
COUPON_AUG2501_v5OiAv2H,1
COUPON_AUG2501_CxMkV9gf,1
COUPON_AUG2501_ZQXvJbpa,1
COUPON_AUG2501_gNSz6aI9,1
COUPON_AUG2501_buEEyGW4,1
COUPON_AUG2501_5IQqdS3U,1
COUPON_AUG2501_IbW88hYN,1
COUPON_AUG2501_BOwlMZyV,1
COUPON_AUG2501_ZrXlviVV,1
COUPON_AUG2501_6Fv22Hvc,1
COUPON_AUG2501_Ir8g0CrE,1
COUPON_AUG2501_vD1HURul,1
COUPON_AUG2501_ekWmYTQW,1
COUPON_AUG2501_HWSpXCgc,1
COUPON_AUG2501_HZETkJXm,1
COUPON_AUG2501_HK7hEsl0,1
COUPON_AUG2501_0Pq59T4k,1
COUPON_AUG2501_I3yVYpTk,1
COUPON_AUG2501_RPlQ8Qtt,1
COUPON_AUG2501_SFnEnzXI,1
COUPON_AUG2501_5Pya4QeP,1
COUPON_AUG2501_9wMW5Pkv,1
COUPON_AUG2501_ktciIAp0,1
COUPON_AUG2501_vD7M8cHx,1
COUPON_AUG2501_lEkK5MKt,1
COUPON_AUG2501_hjXhRqsG,1
COUPON_AUG2501_llybECEk,1
COUPON_AUG2501_bDRRQBMN,1
COUPON_AUG2501_KGUqnIeZ,1
COUPON_AUG2501_CTo5SgX2,1
COUPON_AUG2501_1f52NAf9,1
COUPON_AUG2501_xHjlyb3Y,1
COUPON_AUG2501_nikUcBhj,1
COUPON_AUG2501_PMM0FueE,1
COUPON_AUG2501_rsLmE4G1,1
COUPON_AUG2501_Mcsqsh1L,1
COUPON_AUG2501_4JQAXzL0,1
COUPON_AUG2501_yZuLbRHR,1
COUPON_AUG2501_lM2cjMIE,1
COUPON_AUG2501_3ktOewFl,1
COUPON_AUG2501_RweOyKZC,1
COUPON_AUG2501_lB4OXWGm,1
COUPON_AUG2501_eeBQ32tx,1
COUPON_AUG2501_6KBBm0QR,1
COUPON_AUG2501_9b9mpZEo,1
COUPON_AUG2501_VF5PNEVi,1
COUPON_AUG2501_pZt8MIB0,1
COUPON_AUG2501_y5ztUarH,1
COUPON_AUG2501_irG68KYD,1
COUPON_AUG2501_j5cBHDbs,1
COUPON_AUG2501_4OAzFbO7,1
COUPON_AUG2501_Cco3QEF6,1
COUPON_AUG2501_hEQJT5h3,1
COUPON_AUG2501_utDXXCHf,1
COUPON_AUG2501_xd48gO01,1
COUPON_AUG2501_jvvUKDX6,1
COUPON_AUG2501_kGyhu8Om,1
COUPON_AUG2501_PzKcYAzT,1
COUPON_AUG2501_879EVEmH,1
COUPON_AUG2501_dCGBXhP3,1
COUPON_AUG2501_PSrVt1cg,1
COUPON_AUG2501_dkaLU6JC,1
COUPON_AUG2501_gLVXTGYs,1
COUPON_AUG2501_MDl7pIGH,1
COUPON_AUG2501_EGd9qPMF,1
COUPON_AUG2501_lRh4vtE8,1
COUPON_AUG2501_utXwNpDL,1
COUPON_AUG2501_IjkRALKn,1
COUPON_AUG2501_Ye6wacud,1
COUPON_AUG2501_LRI6vzjf,1
COUPON_AUG2501_b7WPm5A5,1
COUPON_AUG2501_YGamVbVS,1
COUPON_AUG2501_NBLwlBDo,1
COUPON_AUG2501_oHn3BztC,1
COUPON_AUG2501_Y5aw4z3r,1
COUPON_AUG2501_EJhlePJo,1
COUPON_AUG2501_c8Y7BIO0,1
COUPON_AUG2501_sojqiGHm,1
COUPON_AUG2501_YqcT4jce,1
COUPON_AUG2501_caR5d7WK,1
COUPON_AUG2501_mA53SFY9,1
COUPON_AUG2501_R4a4njax,1
COUPON_AUG2501_MmUmWn8L,1
COUPON_AUG2501_k1G1fzpc,1
COUPON_AUG2501_NrIQIrwV,1
COUPON_AUG2501_5GWC6UA5,1
COUPON_AUG2501_xeb9uxpV,1
COUPON_AUG2501_A3yadzR9,1
COUPON_AUG2501_mHLFZR4J,1
COUPON_AUG2501_REESbRNw,1
COUPON_AUG2501_2froSLLl,1
COUPON_AUG2501_GVJTWuDP,1
COUPON_AUG2501_iBWY5uY1,1
COUPON_AUG2501_DOaaOiFI,1
COUPON_AUG2501_NSMY5N3d,1
COUPON_AUG2501_BysXIIJM,1
COUPON_AUG2501_0FsCPmrh,1
COUPON_AUG2501_zM7Limff,1
COUPON_AUG2501_wbmnaRYK,1
COUPON_AUG2501_92SKyvsW,1
COUPON_AUG2501_mispoBmh,1
COUPON_AUG2501_DthwqkjC,1
COUPON_AUG2501_Raru9JeK,1
COUPON_AUG2501_dMuNZrPS,1
COUPON_AUG2501_eLilcTZH,1
COUPON_AUG2501_gl9QnXE3,1
COUPON_AUG2501_HRJTMIGX,1
COUPON_AUG2501_l7HLZn3x,1
COUPON_AUG2501_RTWPVRuk,1
COUPON_AUG2501_FoHc9XOd,1
COUPON_AUG2501_SAANNVQl,1
COUPON_AUG2501_lInYVdJD,1
COUPON_AUG2501_djO2Cg4c,1
COUPON_AUG2501_3DBObUPG,1
COUPON_AUG2501_7rF9LKn7,1
COUPON_AUG2501_c1UoZp62,1
COUPON_AUG2501_IUVdXOO4,1
COUPON_AUG2501_ayPMlERT,1
COUPON_AUG2501_8qadHnoa,1
COUPON_AUG2501_9ZyNObjr,1
COUPON_AUG2501_bEfxzBsP,1
COUPON_AUG2501_puMeJIeJ,1
COUPON_AUG2501_IEsZ3Dyu,1
COUPON_AUG2501_ffWzU3CH,1
COUPON_AUG2501_YE0x5SjO,1
COUPON_AUG2501_ahz3UpuR,1
COUPON_AUG2501_F0obKKlE,1
COUPON_AUG2501_bbXO7KyQ,1
COUPON_AUG2501_KnrzD5sh,1
COUPON_AUG2501_BiLYrXpK,1
COUPON_AUG2501_xUxnqnip,1
COUPON_AUG2501_YYltCqAz,1
COUPON_AUG2501_VO9OmSgw,1
COUPON_AUG2501_BNFaqMuZ,1
COUPON_AUG2501_K2nFgx6f,1
COUPON_AUG2501_QaY2VpPB,1
COUPON_AUG2501_vao1iwIW,1
COUPON_AUG2501_bSoOeCG6,1
COUPON_AUG2501_NhBupHWs,1
COUPON_AUG2501_kKTtnb7l,1
COUPON_AUG2501_V86mVprw,1
COUPON_AUG2501_kRxB833R,1
COUPON_AUG2501_ylwPTplF,1
COUPON_AUG2501_h4YBxF6M,1
COUPON_AUG2501_tEJI8VTm,1
COUPON_AUG2501_BBZlJMtx,1
COUPON_AUG2501_5M6q77WK,1
COUPON_AUG2501_QRKQvlMZ,1
COUPON_AUG2501_svnSO29a,1
COUPON_AUG2501_whgtvIFD,1
COUPON_AUG2501_WR2GGqHs,1
COUPON_AUG2501_tS9zETK8,1
COUPON_AUG2501_rtTmlJO5,1
COUPON_AUG2501_lgavbMaQ,1
COUPON_AUG2501_aewf13oY,1
COUPON_AUG2501_7zzAcbcd,1
COUPON_AUG2501_pmlLsUCM,1
COUPON_AUG2501_rZypel8M,1
COUPON_AUG2501_1dZbmJMB,1
COUPON_AUG2501_bMdaClQW,1
COUPON_AUG2501_5rkxkvI4,1
COUPON_AUG2501_GFDw5mHY,1
COUPON_AUG2501_8knRLrhX,1
COUPON_AUG2501_SaicHEjR,1
COUPON_AUG2501_6BCCoK8x,1
COUPON_AUG2501_VV9cAeGR,1
COUPON_AUG2501_OLTqoqk3,1
COUPON_AUG2501_XzfCna7r,1
COUPON_AUG2501_axSNxels,1
COUPON_AUG2501_NfZSzL8D,1
COUPON_AUG2501_1XvdcVuu,1
COUPON_AUG2501_YoLVeLf2,1
COUPON_AUG2501_Jpr7d2aU,1
COUPON_AUG2501_4xrcguaV,1
COUPON_AUG2501_0n9dt7Xz,1
COUPON_AUG2501_X0M3ojK0,1
COUPON_AUG2501_zFkVbISc,1
COUPON_AUG2501_fghjFKuP,1
COUPON_AUG2501_ccUS8a0M,1
COUPON_AUG2501_CpMdwZ4L,1
COUPON_AUG2501_CJdZZ6Yj,1
COUPON_AUG2501_i2TvKTUi,1
COUPON_AUG2501_iBAF5GQU,1
COUPON_AUG2501_9rBnweff,1
COUPON_AUG2501_gCuP5coP,1
COUPON_AUG2501_7TsXpJwe,1
COUPON_AUG2501_2rJXvGoN,1
COUPON_AUG2501_S3jxGVj4,1
COUPON_AUG2501_1ueccnHA,1
COUPON_AUG2501_oQ0MAxhF,1
COUPON_AUG2501_qeLm0rjH,1
COUPON_AUG2501_8VVeFoh3,1
COUPON_AUG2501_Rik37Qek,1
COUPON_AUG2501_tzxi0Oji,1
COUPON_AUG2501_YFS44CyH,1
COUPON_AUG2501_PZNc0KsR,1
COUPON_AUG2501_TYZHirEA,1
COUPON_AUG2501_bEEqpVCU,1
COUPON_AUG2501_RLqkyEz7,1
COUPON_AUG2501_uY6cN3Aw,1
COUPON_AUG2501_OuNvnhTR,1
COUPON_AUG2501_dd2kNDje,1
COUPON_AUG2501_R87vaQGQ,1
COUPON_AUG2501_EglHcSG1,1
COUPON_AUG2501_hYHA6PbQ,1
COUPON_AUG2501_JkPaCgS3,1
COUPON_AUG2501_z6xwRBwR,1
COUPON_AUG2501_c1xp8I32,1
COUPON_AUG2501_x2o1tSKK,1
COUPON_AUG2501_2ZeHBjiY,1
COUPON_AUG2501_vdcJVW0G,1
COUPON_AUG2501_wWKwlg3d,1
COUPON_AUG2501_Qtp2BtUu,1
COUPON_AUG2501_CgsIysun,1
COUPON_AUG2501_SSpVvTWQ,1
COUPON_AUG2501_mxc2kHxD,1
COUPON_AUG2501_59ZSsZFq,1
COUPON_AUG2501_9GVhnRkz,1
COUPON_AUG2501_GC8NPBCh,1
COUPON_AUG2501_DsCKwBPI,1
COUPON_AUG2501_OVawA6Jy,1
COUPON_AUG2501_HHjPMUTg,1
COUPON_AUG2501_guBrcEI5,1
COUPON_AUG2501_i9WIFZmY,1
COUPON_AUG2501_COqOYBsZ,1
COUPON_AUG2501_BwM9ec8a,1
COUPON_AUG2501_dCG3DE8T,1
COUPON_AUG2501_N0I28ua9,1
COUPON_AUG2501_dntXFoom,1
COUPON_AUG2501_paZAKlNC,1
COUPON_AUG2501_hTv5sdig,1
COUPON_AUG2501_N6bD829E,1
COUPON_AUG2501_zwEPBWcV,1
COUPON_AUG2501_R24Jj3Vw,1
COUPON_AUG2501_MLX0nX9Z,1
COUPON_AUG2501_Z1lTYELL,1
COUPON_AUG2501_UO7IkLc3,1
COUPON_AUG2501_97NXuiaz,1
COUPON_AUG2501_xgri1dXN,1
COUPON_AUG2501_GDS9yami,1
COUPON_AUG2501_TlAnw9Qd,1
COUPON_AUG2501_gl90vSnV,1
COUPON_AUG2501_mQ2pFGCF,1
COUPON_AUG2501_naMeWEA1,1
COUPON_AUG2501_LqIKXbyY,1
COUPON_AUG2501_rZ0v6Oz3,1
COUPON_AUG2501_RSbVNZIl,1
COUPON_AUG2501_b5VEuRbZ,1
COUPON_AUG2501_65tMG0Q2,1
COUPON_AUG2501_DOXz2FQS,1
COUPON_AUG2501_fMREPpU0,1
COUPON_AUG2501_a9eIZHTE,1
COUPON_AUG2501_Ds2Hyn47,1
COUPON_AUG2501_yEAkd08u,1
COUPON_AUG2501_6fUIXhDv,1
COUPON_AUG2501_XfEuf5ns,1
COUPON_AUG2501_h8hroOKo,1
COUPON_AUG2501_8UCV9KXI,1
COUPON_AUG2501_mlLmnpX0,1
COUPON_AUG2501_IWGyTdwH,1
COUPON_AUG2501_akuAREIQ,1
COUPON_AUG2501_gi3EUuFd,1
COUPON_AUG2501_aeN11fUd,1
COUPON_AUG2501_e4tge1Ki,1
COUPON_AUG2501_YAh8Ihq6,1
COUPON_AUG2501_4SAps4P5,1
COUPON_AUG2501_RYS9U4XR,1
COUPON_AUG2501_wJLtEVze,1
COUPON_AUG2501_CyavFsQZ,1
COUPON_AUG2501_3XwxKBvM,1
COUPON_AUG2501_sVLgRHL6,1
COUPON_AUG2501_3OYgopnm,1
COUPON_AUG2501_mtfwEpcs,1
COUPON_AUG2501_S3l9meOC,1
COUPON_AUG2501_yCeOz4Px,1
COUPON_AUG2501_ql8RHbdX,1
COUPON_AUG2501_k2YVEN98,1
COUPON_AUG2501_i5e8Fwv1,1
COUPON_AUG2501_5hCc9VKi,1
COUPON_AUG2501_bqkRfp2H,1
COUPON_AUG2501_iWOm1B7K,1
COUPON_AUG2501_CcQLqZ3X,1
COUPON_AUG2501_ySDAPnhm,1
COUPON_AUG2501_5PveSXcH,1
COUPON_AUG2501_QsK29n1v,1
COUPON_AUG2501_MZl3Vnoh,1
COUPON_AUG2501_nWjoAkpp,1
COUPON_AUG2501_xyPMKXVv,1
COUPON_AUG2501_ADmIEPe2,1
COUPON_AUG2501_dBBR3GmJ,1
COUPON_AUG2501_wYpFUTvI,1
COUPON_AUG2501_zlFH1AO4,1
COUPON_AUG2501_UHAGkhJg,1
COUPON_AUG2501_EfpHzDUe,1
COUPON_AUG2501_I0H2JBj7,1
COUPON_AUG2501_R24j5ks2,1
COUPON_AUG2501_g3w9IbFe,1
COUPON_AUG2501_iXvSygjT,1
COUPON_AUG2501_imh6nkSg,1
COUPON_AUG2501_jdypgk4r,1
COUPON_AUG2501_6QaadZ1J,1
COUPON_AUG2501_7ebfPzuT,1
COUPON_AUG2501_unztJlUI,1
COUPON_AUG2501_nB2WCVw0,1
COUPON_AUG2501_tFW2b5pV,1
COUPON_AUG2501_QSMCNzi6,1
COUPON_AUG2501_axdYVNC2,1
COUPON_AUG2501_NajkU2ri,1
COUPON_AUG2501_1wMoOI9B,1
COUPON_AUG2501_xcKWL070,1
COUPON_AUG2501_nzd7DJkJ,1
COUPON_AUG2501_BE6lawgh,1
COUPON_AUG2501_7p3SJDLH,1
COUPON_AUG2501_4g3XNNeF,1
COUPON_AUG2501_Or2iMx1U,1
COUPON_AUG2501_xmp4tUvy,1
COUPON_AUG2501_0utFW754,1
COUPON_AUG2501_UNaDsiq0,1
COUPON_AUG2501_UykrtNWE,1
COUPON_AUG2501_KiwodNju,1
COUPON_AUG2501_12GkgzNI,1
COUPON_AUG2501_m8GcLHCo,1
COUPON_AUG2501_UO8Z7X4D,1
COUPON_AUG2501_aBlVrRor,1
COUPON_AUG2501_xIauOrPw,1
COUPON_AUG2501_rwYCa43Q,1
COUPON_AUG2501_hOUQBA1Z,1
COUPON_AUG2501_bWmimq9d,1
COUPON_AUG2501_YnbtwAzT,1
COUPON_AUG2501_XGYqtra6,1
COUPON_AUG2501_pnWYXmgJ,1
COUPON_AUG2501_jxCMLnkk,1
COUPON_AUG2501_1iqfPGHF,1
COUPON_AUG2501_B8DQpIvY,1
COUPON_AUG2501_oyHYvUgT,1
COUPON_AUG2501_pcTo7dQs,1
COUPON_AUG2501_P96ITKwB,1
COUPON_AUG2501_OEN8ptR8,1
COUPON_AUG2501_gxc9Dauz,1
COUPON_AUG2501_5uL6GAw0,1
COUPON_AUG2501_r17imPTy,1
COUPON_AUG2501_LakNFG4K,1
COUPON_AUG2501_ioMlwPYM,1
COUPON_AUG2501_RBtR59sg,1
COUPON_AUG2501_bLfrRtY3,1
COUPON_AUG2501_ap0fMurD,1
COUPON_AUG2501_NSMMtAPl,1
COUPON_AUG2501_ROtrhdWs,1
COUPON_AUG2501_nl6O6BIe,1
COUPON_AUG2501_VhDDqqyK,1
COUPON_AUG2501_U71D0SLA,1
COUPON_AUG2501_s1BVOqBN,1
COUPON_AUG2501_Xz4frFF7,1
COUPON_AUG2501_ns859pSV,1
COUPON_AUG2501_UgciUi7d,1
COUPON_AUG2501_8VXzu5OP,1
COUPON_AUG2501_NGxukVW1,1
COUPON_AUG2501_mYFVj5tW,1
COUPON_AUG2501_Z7477nk3,1
COUPON_AUG2501_GfCJ282T,1
COUPON_AUG2501_Yqk4nvYZ,1
COUPON_AUG2501_xb9ZioOW,1
COUPON_AUG2501_0ACBEoJJ,1
COUPON_AUG2501_6FUCQeF1,1
COUPON_AUG2501_mh7FNBg0,1
COUPON_AUG2501_4k4mZe86,1
COUPON_AUG2501_yK818zGN,1
COUPON_AUG2501_20t8acdR,1
COUPON_AUG2501_qSuMAhOE,1
COUPON_AUG2501_hfMtLcxC,1
COUPON_AUG2501_fwO5cmKG,1
COUPON_AUG2501_YxfiEhns,1
COUPON_AUG2501_4dYbwUtC,1
COUPON_AUG2501_jXTFk3xW,1
COUPON_AUG2501_e9bJiQeW,1
COUPON_AUG2501_muQUnxLE,1
COUPON_AUG2501_7IyFw47X,1
COUPON_AUG2501_HWUxZfP1,1
COUPON_AUG2501_MXs8aQ9G,1
COUPON_AUG2501_jvVGrezb,1
COUPON_AUG2501_N9bq3lpB,1
COUPON_AUG2501_qRrAzPbD,1
COUPON_AUG2501_E2su9bqS,1
COUPON_AUG2501_trgWnPsW,1
COUPON_AUG2501_zlixqY9B,1
COUPON_AUG2501_b24znIx6,1
COUPON_AUG2501_UgcEcLI4,1
COUPON_AUG2501_mCm3m2bh,1
COUPON_AUG2501_9y8NaG68,1
COUPON_AUG2501_V9cgJUuy,1
COUPON_AUG2501_58XcXqJI,1
COUPON_AUG2501_bp3hGp0a,1
COUPON_AUG2501_T0Ay19fp,1
COUPON_AUG2501_Ms0nK1YG,1
COUPON_AUG2501_0gRxo2J4,1
COUPON_AUG2501_rLoVtcge,1
COUPON_AUG2501_keTsxglP,1
COUPON_AUG2501_tqzFghPN,1
COUPON_AUG2501_3A5g3YHt,1
COUPON_AUG2501_pQNgrRpx,1
COUPON_AUG2501_3VcrQc8I,1
COUPON_AUG2501_5LpPs5Wd,1
COUPON_AUG2501_RYSISZRR,1
COUPON_AUG2501_aUGgWg9H,1
COUPON_AUG2501_twA7ECEY,1
COUPON_AUG2501_CIqJjIYl,1
COUPON_AUG2501_Ct4z45Xe,1
COUPON_AUG2501_4RKMtO8i,1
COUPON_AUG2501_X0YvAJF1,1
COUPON_AUG2501_JUDST8eI,1
COUPON_AUG2501_YQVQ4RzP,1
COUPON_AUG2501_CyMpszmH,1
COUPON_AUG2501_nAVftWLf,1
COUPON_AUG2501_mjiDd5h4,1
COUPON_AUG2501_VueWMROD,1
COUPON_AUG2501_0Zdzraad,1
COUPON_AUG2501_BRMiDr39,1
COUPON_AUG2501_wV5J0ohc,1
COUPON_AUG2501_jAPR0DUL,1
COUPON_AUG2501_3WkFf1VC,1
COUPON_AUG2501_TpQv4pl2,1
COUPON_AUG2501_YPIMf3Kp,1
COUPON_AUG2501_RNFACOCe,1
COUPON_AUG2501_xZ1T3kvu,1
COUPON_AUG2501_cO35fXau,1
COUPON_AUG2501_oRsiIhlc,1
COUPON_AUG2501_ewFRwksi,1
COUPON_AUG2501_ngUiDt1M,1
COUPON_AUG2501_qYOZCtsA,1
COUPON_AUG2501_7HV8FyyE,1
COUPON_AUG2501_oiU1tmjT,1
COUPON_AUG2501_rWAQDVWI,1
COUPON_AUG2501_lBo7AarC,1
COUPON_AUG2501_9Gi316fH,1
COUPON_AUG2501_zuqXk6SR,1
COUPON_AUG2501_bT3IKJIZ,1
COUPON_AUG2501_mLxDupFJ,1
COUPON_AUG2501_ghgujrJy,1
COUPON_AUG2501_7bNo3vjW,1
COUPON_AUG2501_IsVCVlTa,1
COUPON_AUG2501_fXwt1qAg,1
COUPON_AUG2501_Nb5o6PXT,1
COUPON_AUG2501_98jncO2N,1
COUPON_AUG2501_TRyNV1HH,1
COUPON_AUG2501_iDG4GCMr,1
COUPON_AUG2501_K9g0bTwM,1
COUPON_AUG2501_SHzDA3Lo,1
COUPON_AUG2501_jN5OvL2a,1
COUPON_AUG2501_af9GZDq2,1
COUPON_AUG2501_f5Rd0XMk,1
COUPON_AUG2501_aCGehRzP,1
COUPON_AUG2501_j9PJslrH,1
COUPON_AUG2501_51bNwtOl,1
COUPON_AUG2501_r6GPsSRK,1
COUPON_AUG2501_HJZ0PSzf,1
COUPON_AUG2501_waIFB0nC,1
COUPON_AUG2501_7In5MI46,1
COUPON_AUG2501_gej1QJS3,1
COUPON_AUG2501_NC3DJJBP,1
COUPON_AUG2501_fTo1AfZM,1
COUPON_AUG2501_UJxZ5Lmt,1
COUPON_AUG2501_8GFQ0j4s,1
COUPON_AUG2501_zus492gO,1
COUPON_AUG2501_l5mwV3YF,1
COUPON_AUG2501_tT4MJqLp,1
COUPON_AUG2501_CxVgOx7A,1
COUPON_AUG2501_15YVuRmP,1
COUPON_AUG2501_B48kCGTr,1
COUPON_AUG2501_xQZUA710,1
COUPON_AUG2501_o33MHydE,1
COUPON_AUG2501_IhRLrzGH,1
COUPON_AUG2501_h2JQDlk5,1
COUPON_AUG2501_YwJbDCHh,1
COUPON_AUG2501_bdH165Kc,1
COUPON_AUG2501_RQWyJiQB,1
COUPON_AUG2501_XX4IVKSi,1
COUPON_AUG2501_O1aGG1yR,1
COUPON_AUG2501_v3SUp2fC,1
COUPON_AUG2501_MgWUxpJ8,1
COUPON_AUG2501_ucdX45Pd,1
COUPON_AUG2501_q2cU46av,1
COUPON_AUG2501_VYqu7f6u,1
COUPON_AUG2501_yejyLtOY,1
COUPON_AUG2501_6kiv4x5v,1
COUPON_AUG2501_9wYz4V4T,1
COUPON_AUG2501_MxG5hIZn,1
COUPON_AUG2501_RwmcZUGK,1
COUPON_AUG2501_Q2EegPhz,1
COUPON_AUG2501_vGScKFEQ,1
COUPON_AUG2501_CZlPZjnW,1
COUPON_AUG2501_9llPJfuG,1
COUPON_AUG2501_veivft7a,1
COUPON_AUG2501_79ldo4zp,1
COUPON_AUG2501_Zz4UE2fb,1
COUPON_AUG2501_I0bZXI4a,1
COUPON_AUG2501_x6kWkncC,1
COUPON_AUG2501_E2X1lFCr,1
COUPON_AUG2501_HZQlh3CQ,1
COUPON_AUG2501_FIftetr3,1
COUPON_AUG2501_9NQ73h7Q,1
COUPON_AUG2501_VaaEr8cQ,1
COUPON_AUG2501_ZsvRTRhP,1
COUPON_AUG2501_AIj3Rvfe,1
COUPON_AUG2501_3XaRngrz,1
COUPON_AUG2501_eWDZmIOQ,1
COUPON_AUG2501_Wf5cZymM,1
COUPON_AUG2501_glbXKIBv,1
COUPON_AUG2501_SCauQinL,1
COUPON_AUG2501_EMb7ndJ9,1
COUPON_AUG2501_pYbKwike,1
COUPON_AUG2501_K7luzkBB,1
COUPON_AUG2501_BYoM6F1Z,1
COUPON_AUG2501_LkyY4VpH,1
COUPON_AUG2501_Pe8Dh08M,1
COUPON_AUG2501_y9MpjtGT,1
COUPON_AUG2501_SbBWHWfJ,1
COUPON_AUG2501_rzufAmLo,1
COUPON_AUG2501_0dy6lSAs,1
COUPON_AUG2501_1WgitWgU,1
COUPON_AUG2501_gi7skfhg,1
COUPON_AUG2501_n2srpR0b,1
COUPON_AUG2501_UFKuU8Ig,1
COUPON_AUG2501_8afO3zxm,1
COUPON_AUG2501_ukcrGaC2,1
COUPON_AUG2501_9mp8A5hw,1
COUPON_AUG2501_3hzPGf3L,1
COUPON_AUG2501_Kr7L2zf5,1
COUPON_AUG2501_4BcOXsHZ,1
COUPON_AUG2501_52wIrdk5,1
COUPON_AUG2501_KDwjzWhE,1
COUPON_AUG2501_b6rcXDWp,1
COUPON_AUG2501_UWfg2zV1,1
COUPON_AUG2501_obgtcFcQ,1
COUPON_AUG2501_Nzn2bkst,1
COUPON_AUG2501_lgENJq6u,1
COUPON_AUG2501_aH8YJSnq,1
COUPON_AUG2501_4EY4NX03,1
COUPON_AUG2501_R9uMyqZp,1
COUPON_AUG2501_BHimdowS,1
COUPON_AUG2501_hytMvadA,1
COUPON_AUG2501_pdmMn8j8,1
COUPON_AUG2501_KhempenC,1
COUPON_AUG2501_TG7qin4t,1
COUPON_AUG2501_ImDoOZzp,1
COUPON_AUG2501_39GByc5N,1
COUPON_AUG2501_LyFdCTGy,1
COUPON_AUG2501_9zW3CMoc,1
COUPON_AUG2501_dZQf1MV2,1
COUPON_AUG2501_KmgRsdU6,1
COUPON_AUG2501_5uPgRX48,1
COUPON_AUG2501_vKS0DYBI,1
COUPON_AUG2501_IBDD9guJ,1
COUPON_AUG2501_14BiP5B0,1
COUPON_AUG2501_CC3yCXlI,1
COUPON_AUG2501_Ii7SrLbR,1
COUPON_AUG2501_nZs4QfrL,1
COUPON_AUG2501_4cUntlET,1
COUPON_AUG2501_iI1VUf6h,1
COUPON_AUG2501_1g5ncnSS,1
COUPON_AUG2501_qZj4EGUR,1
COUPON_AUG2501_I8TJWr8v,1
COUPON_AUG2501_p2Usz8Ct,1
COUPON_AUG2501_yPTtdvbE,1
COUPON_AUG2501_LJ6kiyLZ,1
COUPON_AUG2501_NH9qZSpA,1
COUPON_AUG2501_XqapolLy,1
COUPON_AUG2501_fRaKau1o,1
COUPON_AUG2501_6GbXerPK,1
COUPON_AUG2501_xUdDKR4W,1
COUPON_AUG2501_dqlxH1bb,1
COUPON_AUG2501_hirv8KWk,1
COUPON_AUG2501_M33VvgQh,1
COUPON_AUG2501_1WORfmjw,1
COUPON_AUG2501_c6Z8ddX0,1
COUPON_AUG2501_KHx3vDPn,1
COUPON_AUG2501_YJo6vpjS,1
COUPON_AUG2501_ukfhZdMv,1
COUPON_AUG2501_V8zi2Qqz,1
COUPON_AUG2501_Xx9298I0,1
COUPON_AUG2501_T8p7cSTW,1
COUPON_AUG2501_MxAXagrU,1
COUPON_AUG2501_ShAEEx0v,1
COUPON_AUG2501_ezIUrs2C,1
COUPON_AUG2501_Mqks2wfF,1
COUPON_AUG2501_hbBKJUIS,1
COUPON_AUG2501_tn7Xq6SZ,1
COUPON_AUG2501_Gd9ExxjL,1
COUPON_AUG2501_Nsf9z31Q,1
COUPON_AUG2501_aT7oioHN,1
COUPON_AUG2501_YFM983xO,1
COUPON_AUG2501_DBhDao2s,1
COUPON_AUG2501_LJHUpgjg,1
COUPON_AUG2501_CuU37HGi,1
COUPON_AUG2501_wmDqAxGJ,1
COUPON_AUG2501_BxN6H8rR,1
COUPON_AUG2501_16H1Q9p1,1
COUPON_AUG2501_S4Xu1POe,1
COUPON_AUG2501_Of4nB096,1
COUPON_AUG2501_83qeEKPl,1
COUPON_AUG2501_QyYkWVAN,1
COUPON_AUG2501_wsGygYOe,1
COUPON_AUG2501_LODaAjbq,1
COUPON_AUG2501_ifhx4A9r,1
COUPON_AUG2501_UayXwXJM,1
COUPON_AUG2501_3VKAbgzb,1
COUPON_AUG2501_sJFdSxkx,1
COUPON_AUG2501_rwUHfHiK,1
COUPON_AUG2501_2vy78lMv,1
COUPON_AUG2501_ZzIxL93x,1
COUPON_AUG2501_jMJv02eQ,1
COUPON_AUG2501_fsU35ZzK,1
COUPON_AUG2501_iI0rgJMy,1
COUPON_AUG2501_1K1kOXz2,1
COUPON_AUG2501_gD5RYE9t,1
COUPON_AUG2501_vNj25I3w,1
COUPON_AUG2501_H0dle42j,1
COUPON_AUG2501_JvY2MV6B,1
COUPON_AUG2501_tTRghZYt,1
COUPON_AUG2501_ozY0WHdg,1
COUPON_AUG2501_ub9mOyRi,1
COUPON_AUG2501_jevyAcDf,1
COUPON_AUG2501_vrYSki5J,1
COUPON_AUG2501_HlamKTKC,1
COUPON_AUG2501_bYRl8xMl,1
COUPON_AUG2501_mDPNWk25,1
COUPON_AUG2501_E9dqKZ6S,1
COUPON_AUG2501_qhScr7me,1
COUPON_AUG2501_0I41Mdqa,1
COUPON_AUG2501_jV197sxC,1
COUPON_AUG2501_ikA5fRj4,1
COUPON_AUG2501_RRstuBma,1
COUPON_AUG2501_slmR34f8,1
COUPON_AUG2501_8vEwoLFt,1
COUPON_AUG2501_3HoONOFd,1
COUPON_AUG2501_wZiY44W5,1
COUPON_AUG2501_hGriYeJm,1
COUPON_AUG2501_dH4iQHEx,1
COUPON_AUG2501_6c6DX6pz,1
COUPON_AUG2501_Tisw9epV,1
COUPON_AUG2501_qd2mWl9Y,1
COUPON_AUG2501_uAk2t1JW,1
COUPON_AUG2501_D9RAOzsl,1
COUPON_AUG2501_68exfxui,1
COUPON_AUG2501_0i9D992n,1
COUPON_AUG2501_kX6xHyOq,1
COUPON_AUG2501_628KGs0f,1
COUPON_AUG2501_b0LZ0XBk,1
COUPON_AUG2501_pNUwnGlE,1
COUPON_AUG2501_rjKLvghL,1
COUPON_AUG2501_Fz7oZZ8v,1
COUPON_AUG2501_tZQxB65Q,1
COUPON_AUG2501_kj0B1ztg,1
COUPON_AUG2501_gJOZ6gfP,1
COUPON_AUG2501_WZs77VaS,1
COUPON_AUG2501_iofu8nuR,1
COUPON_AUG2501_9xjXOidd,1
COUPON_AUG2501_H6oDssWQ,1
COUPON_AUG2501_0yElT1BP,1
COUPON_AUG2501_YuIUbrVj,1
COUPON_AUG2501_SqcLsdfZ,1
COUPON_AUG2501_rsDHV8Hp,1
COUPON_AUG2501_2YEqf4vl,1
COUPON_AUG2501_yYDQxOr0,1
COUPON_AUG2501_9JxVWdc2,1
COUPON_AUG2501_SmA6SG5U,1
COUPON_AUG2501_W43Tux7b,1
COUPON_AUG2501_OPYv1N8y,1
COUPON_AUG2501_G4XVZ3cE,1
COUPON_AUG2501_0fu29Vor,1
COUPON_AUG2501_5RM0xaiZ,1
COUPON_AUG2501_9QXBp8dS,1
COUPON_AUG2501_ngHC6peW,1
COUPON_AUG2501_IzGkCt7X,1
COUPON_AUG2501_ZEMsTZYx,1
COUPON_AUG2501_EvD55QT4,1
COUPON_AUG2501_T0UQDAxe,1
COUPON_AUG2501_zSNBoaIG,1
COUPON_AUG2501_iXPTKTBY,1
COUPON_AUG2501_50WfLODP,1
COUPON_AUG2501_pGgXyQCs,1
COUPON_AUG2501_fXO9rYyy,1
COUPON_AUG2501_coi67kPL,1
COUPON_AUG2501_yy2Vk7qV,1
COUPON_AUG2501_X3qQqYFt,1
COUPON_AUG2501_Skp7skrq,1
COUPON_AUG2501_lKPhoFGi,1
COUPON_AUG2501_FaB9QyxD,1
COUPON_AUG2501_9nD7pZh8,1
COUPON_AUG2501_QpQOevOU,1
COUPON_AUG2501_uxjY4Zps,1
COUPON_AUG2501_Ndnviane,1
COUPON_AUG2501_Aw5hbv1d,1
COUPON_AUG2501_PAiWJTve,1
COUPON_AUG2501_aXAcvPuj,1
COUPON_AUG2501_DET2Utqx,1
COUPON_AUG2501_0eaHfrBd,1
COUPON_AUG2501_t9u1pNwX,1
COUPON_AUG2501_geVJkNKb,1
COUPON_AUG2501_qgV0YBtO,1
COUPON_AUG2501_pmuBLKh4,1
COUPON_AUG2501_BWHDBTSf,1
COUPON_AUG2501_hRmKe6LW,1
COUPON_AUG2501_LeVmDkmq,1
COUPON_AUG2501_7Hvc4cIe,1
COUPON_AUG2501_yBtu3CXK,1
COUPON_AUG2501_aQ1Sn0bo,1
COUPON_AUG2501_mtQnfEhT,1
COUPON_AUG2501_fYR8Afsp,1
COUPON_AUG2501_55hgnt2w,1
COUPON_AUG2501_NzDXPtA3,1
COUPON_AUG2501_yfYFLDV6,1
COUPON_AUG2501_j4zXCHA9,1
COUPON_AUG2501_Q5AUzeuA,1
COUPON_AUG2501_mtTqucGk,1
COUPON_AUG2501_2HlRkf99,1
COUPON_AUG2501_RwHC38lH,1
COUPON_AUG2501_ceWgNMuS,1
COUPON_AUG2501_a8ZYuCZd,1
COUPON_AUG2501_H8l0BPfE,1
COUPON_AUG2501_rn6SSQNw,1
COUPON_AUG2501_ar7JGob4,1
COUPON_AUG2501_LDzV43YN,1
COUPON_AUG2501_qnjDdpKE,1
COUPON_AUG2501_Jnnow1eA,1
COUPON_AUG2501_tQK3XDQG,1
COUPON_AUG2501_fNSaAJbC,1
COUPON_AUG2501_p9B57oxW,1
COUPON_AUG2501_NqLWIv57,1
COUPON_AUG2501_SsXxWmkv,1
COUPON_AUG2501_dxCRPVNd,1
COUPON_AUG2501_zQjMW0fu,1
COUPON_AUG2501_G2Q71APW,1
COUPON_AUG2501_V95AHyD1,1
COUPON_AUG2501_cIVVC3bN,1
COUPON_AUG2501_eTSx5PeZ,1
COUPON_AUG2501_cjGUHhQK,1
COUPON_AUG2501_CVuu9yWQ,1
COUPON_AUG2501_G9KH5Otm,1
COUPON_AUG2501_w4Amma0x,1
COUPON_AUG2501_2S4Ij7KX,1
COUPON_AUG2501_J11O4EOq,1
COUPON_AUG2501_JorjOb2R,1
COUPON_AUG2501_w7NmNgBz,1
COUPON_AUG2501_j77wFkh5,1
COUPON_AUG2501_044afi5A,1
COUPON_AUG2501_gHvK3dYc,1
COUPON_AUG2501_HHTrxbyj,1
COUPON_AUG2501_mrcI16po,1
COUPON_AUG2501_flme4xAl,1
COUPON_AUG2501_VxWRDKvB,1
COUPON_AUG2501_0q5jG3td,1
COUPON_AUG2501_ZZfpjmhV,1
COUPON_AUG2501_PWJPIEnV,1
COUPON_AUG2501_StacHPMP,1
COUPON_AUG2501_nuW2qbZH,1
COUPON_AUG2501_5RzLFtww,1
COUPON_AUG2501_LtmU2uTD,1
COUPON_AUG2501_Et8cZvse,1
COUPON_AUG2501_LAfln4p9,1
COUPON_AUG2501_i9qolyNR,1
COUPON_AUG2501_dxO0tFqv,1
COUPON_AUG2501_Xd31Y4b8,1
COUPON_AUG2501_dQ1TWvLN,1
COUPON_AUG2501_DRt5M01p,1
COUPON_AUG2501_FEKqecVF,1
COUPON_AUG2501_OGU9lrU6,1
COUPON_AUG2501_1vU4wGFN,1
COUPON_AUG2501_l45BKaWW,1
COUPON_AUG2501_WwnU9D7D,1
COUPON_AUG2501_6Jze2UrE,1
COUPON_AUG2501_veSqx5AC,1
COUPON_AUG2501_7YNMmtOP,1
COUPON_AUG2501_dSSzWhFH,1
COUPON_AUG2501_T4XFzU4B,1
COUPON_AUG2501_K9l3Em3a,1
COUPON_AUG2501_FOeDeB1S,1
COUPON_AUG2501_jkLbPCUZ,1
COUPON_AUG2501_EvxnwcEg,1
COUPON_AUG2501_gzsJIfkZ,1
COUPON_AUG2501_I5nUejkw,1
COUPON_AUG2501_wag2J0yt,1
COUPON_AUG2501_DjwJHMbR,1
COUPON_AUG2501_rXIVevbs,1
COUPON_AUG2501_SP9fAhhI,1
COUPON_AUG2501_9TaJOYOu,1
COUPON_AUG2501_5hIf2cpl,1
COUPON_AUG2501_DL67XhEL,1
COUPON_AUG2501_0nZtRwMv,1
COUPON_AUG2501_Ll1DCgbk,1
COUPON_AUG2501_31PEYFZL,1
COUPON_AUG2501_OAZ0uTwp,1
COUPON_AUG2501_kYyLcA6Q,1
COUPON_AUG2501_cZCuePBe,1
COUPON_AUG2501_QDxip2Jp,1
COUPON_AUG2501_tNECPZFz,1
COUPON_AUG2501_BnGLhj8Y,1
COUPON_AUG2501_16ufpMQG,1
COUPON_AUG2501_4zuBiTSR,1
COUPON_AUG2501_Su3inJ3Q,1
COUPON_AUG2501_ye1jhElh,1
COUPON_AUG2501_WQ6H8GqJ,1
COUPON_AUG2501_MLKJxDmk,1
COUPON_AUG2501_ybuDyQcX,1
COUPON_AUG2501_JqSTJIOG,1
COUPON_AUG2501_zA9iTyal,1
COUPON_AUG2501_GDy1mywn,1
COUPON_AUG2501_xzLYeetq,1
COUPON_AUG2501_yd2P2hcS,1
COUPON_AUG2501_V4z88FRj,1
COUPON_AUG2501_OFtHwyvv,1
COUPON_AUG2501_Wc6gyNNM,1
COUPON_AUG2501_ZB5YJx9X,1
COUPON_AUG2501_FblN8JCI,1
COUPON_AUG2501_9Mg1Dt6f,1
COUPON_AUG2501_UU6q7gQC,1
COUPON_AUG2501_4hNjm7FM,1
COUPON_AUG2501_1TzK7cFC,1
COUPON_AUG2501_JCeAjUeT,1
COUPON_AUG2501_eaDCbFOg,1
COUPON_AUG2501_m17XuyCb,1
COUPON_AUG2501_wT4XQ0wK,1
COUPON_AUG2501_bQW7m9lg,1
COUPON_AUG2501_VIDigDQp,1
COUPON_AUG2501_Xg5V3M5G,1
COUPON_AUG2501_VmL6PNQR,1
COUPON_AUG2501_tJ5dfMbJ,1
COUPON_AUG2501_pfdMt8J7,1
COUPON_AUG2501_4pwwMOJr,1
COUPON_AUG2501_pTvgF5U7,1
COUPON_AUG2501_h5BaIpUK,1
COUPON_AUG2501_jbUwshjW,1
COUPON_AUG2501_EgmWqzTI,1
COUPON_AUG2501_0CHlQqTC,1
COUPON_AUG2501_rYhnpsjz,1
COUPON_AUG2501_neHNTjHx,1
COUPON_AUG2501_5bKAnC2p,1
COUPON_AUG2501_o6oaXSGk,1
COUPON_AUG2501_e9Oa5qKO,1
COUPON_AUG2501_VCWG4d49,1
COUPON_AUG2501_5IOe3mdX,1
COUPON_AUG2501_4BQKtvyh,1
COUPON_AUG2501_yH889UDT,1
COUPON_AUG2501_eCKMmEBw,1
COUPON_AUG2501_RUkYgifY,1
COUPON_AUG2501_UhJ3e1Qg,1
COUPON_AUG2501_JW0mUKXV,1
COUPON_AUG2501_YbcXUqsi,1
COUPON_AUG2501_8TJaOMMn,1
COUPON_AUG2501_WW72rSmf,1
COUPON_AUG2501_JeivNa6l,1
COUPON_AUG2501_0bKWHmc1,1
COUPON_AUG2501_qOnUbcdq,1
COUPON_AUG2501_EZrEy8M0,1
COUPON_AUG2501_XRvN3Ux1,1
COUPON_AUG2501_NCTtjg2m,1
COUPON_AUG2501_ZKddXTv8,1
COUPON_AUG2501_YdvO1hlk,1
COUPON_AUG2501_0pVc2dmk,1
COUPON_AUG2501_5t1yK7AP,1
COUPON_AUG2501_HS0f9mok,1
COUPON_AUG2501_6FRTHJ76,1
COUPON_AUG2501_MEiGezXS,1
COUPON_AUG2501_x1akfSEz,1
COUPON_AUG2501_27p2aB73,1
COUPON_AUG2501_ufaecbu1,1
COUPON_AUG2501_t8N9m8do,1
COUPON_AUG2501_2OGqhKvk,1
COUPON_AUG2501_ZKEgtcpG,1
COUPON_AUG2501_k5ZHVHz7,1
COUPON_AUG2501_cnTOFFyK,1
COUPON_AUG2501_6hsQeYKY,1
COUPON_AUG2501_GNqqh7MK,1
COUPON_AUG2501_InR1uxni,1
COUPON_AUG2501_yGrzWgKY,1
COUPON_AUG2501_B9oNgO6P,1
COUPON_AUG2501_iUs3t9pJ,1
COUPON_AUG2501_2zh5pPw4,1
COUPON_AUG2501_1rgBkpck,1
COUPON_AUG2501_3hnQ7EzG,1
COUPON_AUG2501_dEPA8wVH,1
COUPON_AUG2501_I4txmHh9,1
COUPON_AUG2501_ju0pxCt9,1
COUPON_AUG2501_UpVYEjft,1
COUPON_AUG2501_6zexQ2FP,1
COUPON_AUG2501_KGobYWWg,1
COUPON_AUG2501_OQ9KBQEG,1
COUPON_AUG2501_jICU7J8p,1
COUPON_AUG2501_Q1a7c4yr,1
COUPON_AUG2501_lQnkNxx4,1
COUPON_AUG2501_xGoYCnel,1
COUPON_AUG2501_MbFcnWNq,1
COUPON_AUG2501_JzvzlLsf,1
COUPON_AUG2501_wPM8OIvI,1
COUPON_AUG2501_D9q7S4QM,1
COUPON_AUG2501_EKZapwmM,1
COUPON_AUG2501_BzHr6tr8,1
COUPON_AUG2501_B5YR7HYm,1
COUPON_AUG2501_DOC6w28J,1
COUPON_AUG2501_8i9YQ49k,1
COUPON_AUG2501_bZB7yFDZ,1
COUPON_AUG2501_pcJQRzeC,1
COUPON_AUG2501_8kAEhPtq,1
COUPON_AUG2501_Dx2u1itJ,1
COUPON_AUG2501_NfvrXDl3,1
COUPON_AUG2501_9BNz0IaK,1
COUPON_AUG2501_jjOwS0LW,1
COUPON_AUG2501_QvhR7J36,1
COUPON_AUG2501_GKyccG86,1
COUPON_AUG2501_p0tl4329,1
COUPON_AUG2501_YYYqgK38,1
COUPON_AUG2501_Lm1j6IiJ,1
COUPON_AUG2501_4EfQCkoy,1
COUPON_AUG2501_NH3VQ8zw,1
COUPON_AUG2501_unfXEC77,1
COUPON_AUG2501_RBe7Ga2s,1
COUPON_AUG2501_9vv4G2GP,1
COUPON_AUG2501_9HTm9YiZ,1
COUPON_AUG2501_7WMgPqNX,1
COUPON_AUG2501_1nyDtdK3,1
COUPON_AUG2501_CZHZyp4t,1
COUPON_AUG2501_54hc7XMu,1
COUPON_AUG2501_Xk58eXgS,1
COUPON_AUG2501_wi1qdwAF,1
COUPON_AUG2501_JaoyxT0q,1
COUPON_AUG2501_cv1oJema,1
COUPON_AUG2501_94ZYPbrB,1
COUPON_AUG2501_yrf5UH6Z,1
COUPON_AUG2501_ZD8D5PsR,1
COUPON_AUG2501_KNNegZo6,1
COUPON_AUG2501_E5okM9MT,1
COUPON_AUG2501_lQyOnboA,1
COUPON_AUG2501_ZU9o8Ps5,1
COUPON_AUG2501_KVUqDPhY,1
COUPON_AUG2501_lQZVuEf7,1
COUPON_AUG2501_I9C5XDYM,1
COUPON_AUG2501_GO9Omnf4,1
COUPON_AUG2501_HG9cVflb,1
COUPON_AUG2501_BUZ75E4v,1
COUPON_AUG2501_wKyQf6Wv,1
COUPON_AUG2501_AA1GnGnK,1
COUPON_AUG2501_2PbA7IS4,1
COUPON_AUG2501_IjDgreSQ,1
COUPON_AUG2501_Ftu7YVLI,1
COUPON_AUG2501_kLd1mqyu,1
COUPON_AUG2501_v2cJ2OC5,1
COUPON_AUG2501_mJpWrhyD,1
COUPON_AUG2501_cDnZpMvs,1
COUPON_AUG2501_Z9GAEoc1,1
COUPON_AUG2501_1RD5v7bT,1
COUPON_AUG2501_lXUH2EWS,1
COUPON_AUG2501_hCY5jxNU,1
COUPON_AUG2501_i6o0aDNe,1
COUPON_AUG2501_vwBq1SkH,1
COUPON_AUG2501_Liukuj5i,1
COUPON_AUG2501_BAMU1d7w,1
COUPON_AUG2501_Ei63dsws,1
COUPON_AUG2501_SqCCqA66,1
COUPON_AUG2501_jW7HqDX8,1
COUPON_AUG2501_SYDZhVcj,1
COUPON_AUG2501_8RjKuxlA,1
COUPON_AUG2501_6FxRIkFg,1
COUPON_AUG2501_6NAnsd41,1
COUPON_AUG2501_U8mxSJD5,1
COUPON_AUG2501_vf8awRn1,1
COUPON_AUG2501_dAdn4eR6,1
COUPON_AUG2501_4mYqD560,1
COUPON_AUG2501_6tfGGnPZ,1
COUPON_AUG2501_7rf9ibzu,1
COUPON_AUG2501_8uGLprel,1
COUPON_AUG2501_zs3244MX,1
COUPON_AUG2501_5tIiXjSU,1
COUPON_AUG2501_UrypkOR2,1
COUPON_AUG2501_KVjyTEM3,1
COUPON_AUG2501_lEvOwtgg,1
COUPON_AUG2501_sRq3dkls,1
COUPON_AUG2501_aPOmmJmd,1
COUPON_AUG2501_njjbqUDa,1
COUPON_AUG2501_QWtD2b5z,1
COUPON_AUG2501_qf3rzxBK,1
COUPON_AUG2501_OWOrVnko,1
COUPON_AUG2501_3imzGiGo,1
COUPON_AUG2501_geX2BO9c,1
COUPON_AUG2501_vvgiU5UY,1
COUPON_AUG2501_cXCheJmz,1
COUPON_AUG2501_auftiUHu,1
COUPON_AUG2501_MQBx3wh5,1
COUPON_AUG2501_6NlAWs06,1
COUPON_AUG2501_K2tRrntp,1
COUPON_AUG2501_aScgUUlh,1
COUPON_AUG2501_PS4NMCJn,1
COUPON_AUG2501_mdb3ibLT,1
COUPON_AUG2501_KbsSlj42,1
COUPON_AUG2501_Xd76vhG7,1
COUPON_AUG2501_Y2IdSI8v,1
COUPON_AUG2501_KEtyTyAP,1
COUPON_AUG2501_EFzpolKY,1
COUPON_AUG2501_1HYz3mJB,1
COUPON_AUG2501_PJIxWmSt,1
COUPON_AUG2501_OLh6MlEC,1
COUPON_AUG2501_b1sSOpSv,1
COUPON_AUG2501_NFbVB77w,1
COUPON_AUG2501_0phiIEHE,1
COUPON_AUG2501_DdSloU2y,1
COUPON_AUG2501_lzdjes1b,1
COUPON_AUG2501_eHPwmGRf,1
COUPON_AUG2501_jWUJ8KWo,1
COUPON_AUG2501_3cLaMPD1,1
COUPON_AUG2501_FBnN1MFV,1
COUPON_AUG2501_fdJlT8Sb,1
COUPON_AUG2501_vSL4YHgX,1
COUPON_AUG2501_utZaHD0j,1
COUPON_AUG2501_lEZwqfFe,1
COUPON_AUG2501_aLppssjn,1
COUPON_AUG2501_JzquUefL,1
COUPON_AUG2501_YujPAlzL,1
COUPON_AUG2501_YsFek1R6,1
COUPON_AUG2501_sWtPQfWs,1
COUPON_AUG2501_7uFIRDtd,1
COUPON_AUG2501_UNk9fDoh,1
COUPON_AUG2501_BlspV9Jg,1
COUPON_AUG2501_Z8CdvJ8w,1
COUPON_AUG2501_2QLTscLE,1
COUPON_AUG2501_03IjYvHe,1
COUPON_AUG2501_k2xZK7e6,1
COUPON_AUG2501_Yix9NFoB,1
COUPON_AUG2501_XkQMTz1t,1
COUPON_AUG2501_9W25dS4U,1
COUPON_AUG2501_epnyN609,1
COUPON_AUG2501_wdxS6kmc,1
COUPON_AUG2501_YRYIZ3Ek,1
COUPON_AUG2501_YB3zMFBI,1
COUPON_AUG2501_z8fxD8F9,1
COUPON_AUG2501_A0RV2xe6,1
COUPON_AUG2501_avvTmg1J,1
COUPON_AUG2501_8YyJvyok,1
COUPON_AUG2501_krrhP8r1,1
COUPON_AUG2501_kFpBcsrO,1
COUPON_AUG2501_4mPqqqxW,1
COUPON_AUG2501_eqFgA3b5,1
COUPON_AUG2501_GxqITDQj,1
COUPON_AUG2501_FrGh5koH,1
COUPON_AUG2501_xpgWVE2k,1
COUPON_AUG2501_lSlRVWQD,1
COUPON_AUG2501_GAFF59ug,1
COUPON_AUG2501_SL2wJ3r5,1
COUPON_AUG2501_OOr8pZZw,1
COUPON_AUG2501_NANLIicB,1
COUPON_AUG2501_1xTK0roi,1
COUPON_AUG2501_0bhlH2Di,1
COUPON_AUG2501_BomoU204,1
COUPON_AUG2501_zDUEbYp9,1
COUPON_AUG2501_zsZXNEzu,1
COUPON_AUG2501_xVvLuiDn,1
COUPON_AUG2501_1UGhainh,1
COUPON_AUG2501_E4E1VI8y,1
COUPON_AUG2501_N3OwZXC2,1
COUPON_AUG2501_7sFDII43,1
COUPON_AUG2501_aR1jIUC3,1
COUPON_AUG2501_AueEhcqU,1
COUPON_AUG2501_1VfJhRCK,1
COUPON_AUG2501_SMMnltMS,1
COUPON_AUG2501_Voedg5hq,1
COUPON_AUG2501_5zXjif22,1
COUPON_AUG2501_x42Ahv3T,1
COUPON_AUG2501_B5x3gT7a,1
COUPON_AUG2501_ZrWRBGrH,1
COUPON_AUG2501_VMHRsXbz,1
COUPON_AUG2501_GmASvs69,1
COUPON_AUG2501_3wm81sKR,1
COUPON_AUG2501_Bq5Ng42n,1
COUPON_AUG2501_U1xdijJD,1
COUPON_AUG2501_cJxGOkXm,1
COUPON_AUG2501_j6sqnr4s,1
COUPON_AUG2501_xk9TdJCn,1
COUPON_AUG2501_KmX05zXx,1
COUPON_AUG2501_2R5Rpjgq,1
COUPON_AUG2501_1RB1uc9T,1
COUPON_AUG2501_UzF5FuEe,1
COUPON_AUG2501_ssyP2KA5,1
COUPON_AUG2501_68Sltyxn,1
COUPON_AUG2501_gchW8P1G,1
COUPON_AUG2501_TziPzq8K,1
COUPON_AUG2501_4gIZPhf0,1
COUPON_AUG2501_5HeS34hg,1
COUPON_AUG2501_SGCAuCMC,1
COUPON_AUG2501_HVcLmVJu,1
COUPON_AUG2501_qvJBqsfA,1
COUPON_AUG2501_DstzLj3l,1
COUPON_AUG2501_Egf423Vo,1
COUPON_AUG2501_aGD0C3Yn,1
COUPON_AUG2501_NZz8CtZo,1
COUPON_AUG2501_lyV3WiXY,1
COUPON_AUG2501_5jsEexRS,1
COUPON_AUG2501_rgYjTQw7,1
COUPON_AUG2501_MxFb6jbm,1
COUPON_AUG2501_IKvvwM5Y,1
COUPON_AUG2501_zJmpwOFe,1
COUPON_AUG2501_L3SlzN86,1
COUPON_AUG2501_rqKMTykK,1
COUPON_AUG2501_CL3XinEv,1
COUPON_AUG2501_s0YjccJn,1
COUPON_AUG2501_djisO8zQ,1
COUPON_AUG2501_wgZrN7xZ,1
COUPON_AUG2501_ge4g0s6X,1
COUPON_AUG2501_jkZThWO0,1
COUPON_AUG2501_uo9YQmcm,1
COUPON_AUG2501_ljMQszu9,1
COUPON_AUG2501_QubNL3IQ,1
COUPON_AUG2501_ME1s8heV,1
COUPON_AUG2501_FtHy0d27,1
COUPON_AUG2501_4K0oyzp8,1
COUPON_AUG2501_aROGq6Eg,1
COUPON_AUG2501_q4tPoi5f,1
COUPON_AUG2501_rLOaiPEe,1
COUPON_AUG2501_TW0JyItt,1
COUPON_AUG2501_lLr1RWEK,1
COUPON_AUG2501_81yx6gzV,1
COUPON_AUG2501_kU65nacz,1
COUPON_AUG2501_ndQRgEwo,1
COUPON_AUG2501_sqeIiJi5,1
COUPON_AUG2501_wN4s3VxH,1
COUPON_AUG2501_MZMvOqbc,1
COUPON_AUG2501_WVM48QBt,1
COUPON_AUG2501_nIGoXVK3,1
COUPON_AUG2501_iOlz3XJd,1
COUPON_AUG2501_65q9vCIx,1
COUPON_AUG2501_IujRTFvx,1
COUPON_AUG2501_9V8yKLv2,1
COUPON_AUG2501_mnZvZ2MO,1
COUPON_AUG2501_cXYLf8uX,1
COUPON_AUG2501_RV1o7XlW,1
COUPON_AUG2501_MswxYFSe,1
COUPON_AUG2501_ztseAh24,1
COUPON_AUG2501_vKY4QPJW,1
COUPON_AUG2501_pD00OC4X,1
COUPON_AUG2501_dZSsMYLO,1
COUPON_AUG2501_UGlSyY0d,1
COUPON_AUG2501_QIObGlhP,1
COUPON_AUG2501_S6ZVQxVb,1
COUPON_AUG2501_AoK4ZTxW,1
COUPON_AUG2501_ZPvIpKwi,1
COUPON_AUG2501_xaUy0L39,1
COUPON_AUG2501_lsAHCGwQ,1
COUPON_AUG2501_pDsArcm1,1
COUPON_AUG2501_PsRdysVO,1
COUPON_AUG2501_M0mlowaJ,1
COUPON_AUG2501_MMgKkUki,1
COUPON_AUG2501_m5OeRxAJ,1
COUPON_AUG2501_u9JrDyJ2,1
COUPON_AUG2501_sqMwbTn0,1
COUPON_AUG2501_SKROtO3E,1
COUPON_AUG2501_0fyJ43HX,1
COUPON_AUG2501_FiceHzwG,1
COUPON_AUG2501_Cd7M1ozt,1
COUPON_AUG2501_0V8ZfOOV,1
COUPON_AUG2501_HVPQUFxF,1
COUPON_AUG2501_A5YkhOTE,1
COUPON_AUG2501_pbketRvz,1
COUPON_AUG2501_HpmnQ1sr,1
COUPON_AUG2501_N5dNdXhd,1
COUPON_AUG2501_dU6MxSLk,1
COUPON_AUG2501_MwYNZAah,1
COUPON_AUG2501_7NgVn4vt,1
COUPON_AUG2501_XOdo5QEv,1
COUPON_AUG2501_EDhlZ6EV,1
COUPON_AUG2501_7O7McFpi,1
COUPON_AUG2501_wsPp8oge,1
COUPON_AUG2501_U5nyuVcK,1
COUPON_AUG2501_LSUpKjUK,1
COUPON_AUG2501_eYnLeYue,1
COUPON_AUG2501_iK3rEcEX,1
COUPON_AUG2501_6uXTSmkQ,1
COUPON_AUG2501_RRUL0fL3,1
COUPON_AUG2501_2O6Qy87I,1
COUPON_AUG2501_CVL8WlGu,1
COUPON_AUG2501_69n1M4yR,1
COUPON_AUG2501_GyUOzgDV,1
COUPON_AUG2501_QFwki0Oz,1
COUPON_AUG2501_0VfvH3Sp,1
COUPON_AUG2501_6uL5cRL0,1
COUPON_AUG2501_kxeKUBmb,1
COUPON_AUG2501_g1tAu1jL,1
COUPON_AUG2501_MTCgQRce,1
COUPON_AUG2501_Mda3JIPv,1
COUPON_AUG2501_nlCOM28C,1
COUPON_AUG2501_Wmh2LE6p,1
COUPON_AUG2501_VlNIA498,1
COUPON_AUG2501_1ojbkBCt,1
COUPON_AUG2501_8xFLjqGx,1
COUPON_AUG2501_L2fmJMDI,1
COUPON_AUG2501_wUoNt1xO,1
COUPON_AUG2501_WOG5SmwA,1
COUPON_AUG2501_rnu4berq,1
COUPON_AUG2501_JSAxvRtB,1
COUPON_AUG2501_XlinlxVA,1
COUPON_AUG2501_FJSDqRVN,1
COUPON_AUG2501_wU5eU73m,1
COUPON_AUG2501_82CrR0Gg,1
COUPON_AUG2501_awqwctiy,1
COUPON_AUG2501_QXm1yPg5,1
COUPON_AUG2501_SHKDONZB,1
COUPON_AUG2501_pBnKqpdX,1
COUPON_AUG2501_AozpXxPh,1
COUPON_AUG2501_eFws6BgJ,1
COUPON_AUG2501_16aqdQD2,1
COUPON_AUG2501_6rccCDYI,1
COUPON_AUG2501_hfbSNf4w,1
COUPON_AUG2501_ES7vgNSE,1
COUPON_AUG2501_dnnoyqFu,1
COUPON_AUG2501_7St4p3b9,1
COUPON_AUG2501_kWV4svAk,1
COUPON_AUG2501_2IaEHqcN,1
COUPON_AUG2501_q7wInsnf,1
COUPON_AUG2501_EYCOg1m5,1
COUPON_AUG2501_dP9PgCd1,1
COUPON_AUG2501_qUcRz6sc,1
COUPON_AUG2501_wTnS7yW0,1
COUPON_AUG2501_1yz7fCgX,1
COUPON_AUG2501_s7xlHDEP,1
COUPON_AUG2501_CEv65llm,1
COUPON_AUG2501_hpsHXIdp,1
COUPON_AUG2501_0DMcBdEN,1
COUPON_AUG2501_uvajcq4G,1
COUPON_AUG2501_LWZemykM,1
COUPON_AUG2501_KhO31Ox8,1
COUPON_AUG2501_Mpe6YB9V,1
COUPON_AUG2501_dzRrX1mQ,1
COUPON_AUG2501_I0lQMazf,1
COUPON_AUG2501_kOaDiTLv,1
COUPON_AUG2501_k6EyZwsz,1
COUPON_AUG2501_QdwtvXwy,1
COUPON_AUG2501_oELbE3nX,1
COUPON_AUG2501_yTmkgAsB,1
COUPON_AUG2501_K3CZsLOV,1
COUPON_AUG2501_x9UA8Ail,1
COUPON_AUG2501_G2Dqqk5K,1
COUPON_AUG2501_T2IZBfux,1
COUPON_AUG2501_bsRBupDY,1
COUPON_AUG2501_cfO9wKGK,1
COUPON_AUG2501_YjUXQc3A,1
COUPON_AUG2501_SJ4aJz09,1
COUPON_AUG2501_02nyHUtT,1
COUPON_AUG2501_ge91C2A5,1
COUPON_AUG2501_zouaKwKT,1
COUPON_AUG2501_P5BNSdEG,1
COUPON_AUG2501_p8Wy9LLH,1
COUPON_AUG2501_sRqQBVKt,1
COUPON_AUG2501_zcSPHhiq,1
COUPON_AUG2501_yp1IZcMk,1
COUPON_AUG2501_iMgezp5I,1
COUPON_AUG2501_rpqOUvKG,1
COUPON_AUG2501_FcE9pk2L,1
COUPON_AUG2501_yHB3WHUq,1
COUPON_AUG2501_Ib5RdHwI,1
COUPON_AUG2501_Vbn00VnM,1
COUPON_AUG2501_fh5xaTYz,1
COUPON_AUG2501_iQQJC0vC,1
COUPON_AUG2501_fkYwJejD,1
COUPON_AUG2501_NQ6ISmAc,1
COUPON_AUG2501_FUl7D0Yk,1
COUPON_AUG2501_w7IrrWfR,1
COUPON_AUG2501_r9sZ1qL3,1
COUPON_AUG2501_PGgX9i8p,1
COUPON_AUG2501_NDjtzRRd,1
COUPON_AUG2501_KaLmHE88,1
COUPON_AUG2501_ENH4N0cx,1
COUPON_AUG2501_2UDaCBZX,1
COUPON_AUG2501_B45fEuOg,1
COUPON_AUG2501_CcBl9z8N,1
COUPON_AUG2501_4hFPED4w,1
COUPON_AUG2501_cKzB2M2K,1
COUPON_AUG2501_kL5sBGiQ,1
COUPON_AUG2501_JlSbEoz4,1
COUPON_AUG2501_qxAnZWaJ,1
COUPON_AUG2501_0XpgPv7D,1
COUPON_AUG2501_nsbERvzX,1
COUPON_AUG2501_T2IPuizU,1
COUPON_AUG2501_ikMtwyqA,1
COUPON_AUG2501_i45gPuA6,1
COUPON_AUG2501_Wr7BMXrg,1
COUPON_AUG2501_898Lw7MX,1
COUPON_AUG2501_qKeX6BRO,1
COUPON_AUG2501_LM6DG3hD,1
COUPON_AUG2501_wKf2swad,1
COUPON_AUG2501_MnXsSHfI,1
COUPON_AUG2501_Crb7T3vg,1
COUPON_AUG2501_fDgEHz6w,1
COUPON_AUG2501_x85OYXsX,1
COUPON_AUG2501_HN6CpZOc,1
COUPON_AUG2501_SsqaBJPT,1
COUPON_AUG2501_Fsnk6H6q,1
COUPON_AUG2501_zbZTLm7J,1
COUPON_AUG2501_k6HLfEF2,1
COUPON_AUG2501_HGai4lR6,1
COUPON_AUG2501_AhePcKVa,1
COUPON_AUG2501_dvTEFJPf,1
COUPON_AUG2501_6bbXBtoU,1
COUPON_AUG2501_c3xbTfv8,1
COUPON_AUG2501_Xtkm5lBp,1
COUPON_AUG2501_fbUjKWub,1
COUPON_AUG2501_j4H3TpQq,1
COUPON_AUG2501_8kexn2wU,1
COUPON_AUG2501_sGUYjkeG,1
COUPON_AUG2501_WVx97QK5,1
COUPON_AUG2501_AOHEWrBX,1
COUPON_AUG2501_GzlsX1fs,1
COUPON_AUG2501_4vh7UaJn,1
COUPON_AUG2501_ecCGzJ2p,1
COUPON_AUG2501_Z1C8aCaJ,1
COUPON_AUG2501_q9bx7iYU,1
COUPON_AUG2501_1sZ3bvaU,1
COUPON_AUG2501_V1HKnPnI,1
COUPON_AUG2501_BSRcOLw4,1
COUPON_AUG2501_QLK7g8Hb,1
COUPON_AUG2501_W3rOceHg,1
COUPON_AUG2501_TUpC37F3,1
COUPON_AUG2501_ZoEnkdTA,1
COUPON_AUG2501_dz4iBPSW,1
COUPON_AUG2501_gvdRMmuU,1
COUPON_AUG2501_UV3TgHAz,1
COUPON_AUG2501_h06bVfuu,1
COUPON_AUG2501_bb8rL1nW,1
COUPON_AUG2501_YehL1DQZ,1
COUPON_AUG2501_SKva39wQ,1
COUPON_AUG2501_3FIBvPzw,1
COUPON_AUG2501_bveP1NKQ,1
COUPON_AUG2501_zuybpAm1,1
COUPON_AUG2501_VhrgQq1E,1
COUPON_AUG2501_H5koYHPI,1
COUPON_AUG2501_BH30HAMl,1
COUPON_AUG2501_fA4UPDDz,1
COUPON_AUG2501_5kfPFZRe,1
COUPON_AUG2501_bDtXthhF,1
COUPON_AUG2501_6C2cQu0D,1
COUPON_AUG2501_O2OjlBpP,1
COUPON_AUG2501_QQ2MjfkK,1
COUPON_AUG2501_Bgpz2G3v,1
COUPON_AUG2501_7B4rJRQB,1
COUPON_AUG2501_JmpPkDTa,1
COUPON_AUG2501_eI9Rz83S,1
COUPON_AUG2501_RJsuJbWJ,1
COUPON_AUG2501_gEC6BWcx,1
COUPON_AUG2501_yIB3KMWd,1
COUPON_AUG2501_Nvc1VKys,1
COUPON_AUG2501_YvMb4LHE,1
COUPON_AUG2501_t7UsjVUF,1
COUPON_AUG2501_7tyBFiA0,1
COUPON_AUG2501_lWI6fQ69,1
COUPON_AUG2501_plOsOi6g,1
COUPON_AUG2501_rtyakqYj,1
COUPON_AUG2501_eH4Rf5Ug,1
COUPON_AUG2501_AoKVu3Yk,1
COUPON_AUG2501_fMmXfaYq,1
COUPON_AUG2501_4GK06jov,1
COUPON_AUG2501_ETwdjK4y,1
COUPON_AUG2501_nYapfZa6,1
COUPON_AUG2501_OIbKjO8s,1
COUPON_AUG2501_pfdtxLrp,1
COUPON_AUG2501_atQu4Eo4,1
COUPON_AUG2501_WSAGqIgY,1
COUPON_AUG2501_J8IGZHrn,1
COUPON_AUG2501_rU5LtNej,1
COUPON_AUG2501_ybEJSGWU,1
COUPON_AUG2501_VvrUJJzD,1
COUPON_AUG2501_eNxq8edd,1
COUPON_AUG2501_cMyoi6Dl,1
COUPON_AUG2501_ahyVhzKM,1
COUPON_AUG2501_T1eKHsRb,1
COUPON_AUG2501_cvfPC1xE,1
COUPON_AUG2501_W9zzlsf3,1
COUPON_AUG2501_Kn9VgBb3,1
COUPON_AUG2501_0OwhywCf,1
COUPON_AUG2501_3Rl5fFye,1
COUPON_AUG2501_HQP0lQsd,1
COUPON_AUG2501_dObXhK8X,1
COUPON_AUG2501_BpC5JrXO,1
COUPON_AUG2501_kFjUB0eP,1
COUPON_AUG2501_MF5A8Jha,1
COUPON_AUG2501_wMlxaJlu,1
COUPON_AUG2501_xUVbKJVd,1
COUPON_AUG2501_FxPJNqoj,1
COUPON_AUG2501_MiFfuhp4,1
COUPON_AUG2501_72ec96VR,1
COUPON_AUG2501_wmCEURZs,1
COUPON_AUG2501_9YvO87vr,1
COUPON_AUG2501_PGnyWzGn,1
COUPON_AUG2501_ScLLrkUc,1
COUPON_AUG2501_9GUyWoRv,1
COUPON_AUG2501_MNzZ1mbN,1
COUPON_AUG2501_CSZdQ5AZ,1
COUPON_AUG2501_O6Eneemy,1
COUPON_AUG2501_lALyM48B,1
COUPON_AUG2501_GjvpjjdY,1
COUPON_AUG2501_F3u68V6U,1
COUPON_AUG2501_s6YtESi8,1
COUPON_AUG2501_Kte6VB02,1
COUPON_AUG2501_Z5EO3MKj,1
COUPON_AUG2501_Eei7fMMF,1
COUPON_AUG2501_e97h0V8b,1
COUPON_AUG2501_vj1ZZvCs,1
COUPON_AUG2501_ZdyHy7q5,1
COUPON_AUG2501_YvHj5azL,1
COUPON_AUG2501_9a1q7Qxu,1
COUPON_AUG2501_3bV74N7A,1
COUPON_AUG2501_27Upsi9V,1
COUPON_AUG2501_r48HAlW5,1
COUPON_AUG2501_cURuIXKU,1
COUPON_AUG2501_mNg8JycR,1
COUPON_AUG2501_aV9C8pX9,1
COUPON_AUG2501_q7eyR1dl,1
COUPON_AUG2501_aNUKiRul,1
COUPON_AUG2501_Srs1p7Hy,1
COUPON_AUG2501_SyYQMVzt,1
COUPON_AUG2501_xCFgndFh,1
COUPON_AUG2501_2gEmkFvO,1
COUPON_AUG2501_sBaGHvhQ,1
COUPON_AUG2501_qdMN5f70,1
COUPON_AUG2501_lAnFIlNZ,1
COUPON_AUG2501_Kux8WXLr,1
COUPON_AUG2501_PxsfPQOD,1
COUPON_AUG2501_CxgiYmmQ,1
COUPON_AUG2501_rVWdNj1Y,1
COUPON_AUG2501_bmuOl3r1,1
COUPON_AUG2501_2umg5uEn,1
COUPON_AUG2501_cJuIyYTC,1
COUPON_AUG2501_zeyHMQkp,1
COUPON_AUG2501_J9niL8iQ,1
COUPON_AUG2501_2WSQgo5F,1
COUPON_AUG2501_abzImilR,1
COUPON_AUG2501_66FlNgpr,1
COUPON_AUG2501_CyAe4gfm,1
COUPON_AUG2501_ZXgsckNF,1
COUPON_AUG2501_yBp1mlrR,1
COUPON_AUG2501_QcRnE4qs,1
COUPON_AUG2501_u1HFzA1i,1
COUPON_AUG2501_Qj5B867i,1
COUPON_AUG2501_8DfSCRQQ,1
COUPON_AUG2501_uovLIA29,1
COUPON_AUG2501_Wb4m4kFC,1
COUPON_AUG2501_vTBRspoT,1
COUPON_AUG2501_VwpEfOSB,1
COUPON_AUG2501_eA4GgXMZ,1
COUPON_AUG2501_21D3MGeD,1
COUPON_AUG2501_Lrgea7Fg,1
COUPON_AUG2501_SaLXnAPF,1
COUPON_AUG2501_TRXSKLlN,1
COUPON_AUG2501_h9F4bdGO,1
COUPON_AUG2501_pF0r8wv0,1
COUPON_AUG2501_He8gcfti,1
COUPON_AUG2501_DLGzhmSP,1
COUPON_AUG2501_as4zeTYt,1
COUPON_AUG2501_nSJbiv4X,1
COUPON_AUG2501_x4lCRBh1,1
COUPON_AUG2501_qfjUv766,1
COUPON_AUG2501_GtA59TB3,1
COUPON_AUG2501_KejGQKwk,1
COUPON_AUG2501_l3GEuc16,1
COUPON_AUG2501_0QReVG7H,1
COUPON_AUG2501_ja6Ac9HT,1
COUPON_AUG2501_oVGk3vXS,1
COUPON_AUG2501_QHXpjpFJ,1
COUPON_AUG2501_HVjtORZz,1
COUPON_AUG2501_YqhxVD61,1
COUPON_AUG2501_fczPebar,1
COUPON_AUG2501_A12XgN17,1
COUPON_AUG2501_x9u4ZIGM,1
COUPON_AUG2501_HSbPEF7p,1
COUPON_AUG2501_mU09Ep5l,1
COUPON_AUG2501_DkG0CicQ,1
COUPON_AUG2501_PxRE3WC5,1
COUPON_AUG2501_d9BEnxeG,1
COUPON_AUG2501_GnfHwH4o,1
COUPON_AUG2501_5J7vnR82,1
COUPON_AUG2501_l4wwiULs,1
COUPON_AUG2501_aqG4JDLO,1
COUPON_AUG2501_pD0rNqW1,1
COUPON_AUG2501_BeFBcXhr,1
COUPON_AUG2501_gVI6w31L,1
COUPON_AUG2501_X56R1J42,1
COUPON_AUG2501_al4QCqVz,1
COUPON_AUG2501_Ufv2ZZPw,1
COUPON_AUG2501_KQY8XnaI,1
COUPON_AUG2501_4Gnljy7I,1
COUPON_AUG2501_gRiRTgOn,1
COUPON_AUG2501_q3DZttzK,1
COUPON_AUG2501_zCRyjU85,1
COUPON_AUG2501_eLjwBaR4,1
COUPON_AUG2501_cSHQWqpv,1
COUPON_AUG2501_qYzlMV3f,1
COUPON_AUG2501_CjpkQVI7,1
COUPON_AUG2501_uHMvurhR,1
COUPON_AUG2501_J6s9YJcQ,1
COUPON_AUG2501_4ZFpWRzq,1
COUPON_AUG2501_cGziRmhh,1
COUPON_AUG2501_8yeiHKAK,1
COUPON_AUG2501_iDmZqDlX,1
COUPON_AUG2501_Q5QVu4Y4,1
COUPON_AUG2501_umrUtLDf,1
COUPON_AUG2501_9i0wLZVe,1
COUPON_AUG2501_qeD4L6Qf,1
COUPON_AUG2501_ofdwds29,1
COUPON_AUG2501_vlivuBpK,1
COUPON_AUG2501_DkldEqbY,1
COUPON_AUG2501_Ypjopfdo,1
COUPON_AUG2501_L2kDMJdx,1
COUPON_AUG2501_zzPDgQYJ,1
COUPON_AUG2501_QhY3RhNK,1
COUPON_AUG2501_Gow4xMLA,1
COUPON_AUG2501_5MPIN1Vv,1
COUPON_AUG2501_i21Mv3sZ,1
COUPON_AUG2501_ncbrZN2i,1
COUPON_AUG2501_Op28RL9b,1
COUPON_AUG2501_rHG6ph3X,1
COUPON_AUG2501_60zFUJ9H,1
COUPON_AUG2501_SOI0pgM5,1
COUPON_AUG2501_0bOjNHSc,1
COUPON_AUG2501_OLHN0Ccx,1
COUPON_AUG2501_2ppwtoMr,1
COUPON_AUG2501_v127umvF,1
COUPON_AUG2501_hvdtkM3P,1
COUPON_AUG2501_jt64Xhi1,1
COUPON_AUG2501_82M2Wkvj,1
COUPON_AUG2501_nhSAO02A,1
COUPON_AUG2501_vg099yKs,1
COUPON_AUG2501_4lUTB6ks,1
COUPON_AUG2501_TKathtzw,1
COUPON_AUG2501_wKbi3vRa,1
COUPON_AUG2501_clvjd2Dt,1
COUPON_AUG2501_4GMgxj9O,1
COUPON_AUG2501_3T32A1yd,1
COUPON_AUG2501_CZ2eoRhf,1
COUPON_AUG2501_MaTwo0GG,1
COUPON_AUG2501_boXDBPZZ,1
COUPON_AUG2501_rZui2eya,1
COUPON_AUG2501_QnnFlFfW,1
COUPON_AUG2501_lLp8CmRR,1
COUPON_AUG2501_XDByN4P9,1
COUPON_AUG2501_x9YPtKqj,1
COUPON_AUG2501_mHWMN1ey,1
COUPON_AUG2501_OjUodfNZ,1
COUPON_AUG2501_gfsUwOVG,1
COUPON_AUG2501_9hVHsLMh,1
COUPON_AUG2501_TsUSXuKu,1
COUPON_AUG2501_A9O2yg9v,1
COUPON_AUG2501_XoY3zvpl,1
COUPON_AUG2501_SVwNNaje,1
COUPON_AUG2501_IzJZMYOS,1
COUPON_AUG2501_qAnF2Zu8,1
COUPON_AUG2501_by5i0izT,1
COUPON_AUG2501_nmta5vaW,1
COUPON_AUG2501_CPRB28de,1
COUPON_AUG2501_7psWfQ7K,1
COUPON_AUG2501_MmzncFvW,1
COUPON_AUG2501_eSKuONtK,1
COUPON_AUG2501_M3ggv55T,1
COUPON_AUG2501_Pjuu3VUi,1
COUPON_AUG2501_gWIVWGiA,1
COUPON_AUG2501_Z6R7WCiW,1
COUPON_AUG2501_zchcg2zw,1
COUPON_AUG2501_e6oH62CR,1
COUPON_AUG2501_1PUfR1wn,1
COUPON_AUG2501_XIb16rTj,1
COUPON_AUG2501_R83Hv5IV,1
COUPON_AUG2501_fsg8CGm2,1
COUPON_AUG2501_XbkW0ycA,1
COUPON_AUG2501_gMG3s2dg,1
COUPON_AUG2501_C28L4f0Z,1
COUPON_AUG2501_TDJcMluL,1
COUPON_AUG2501_GYmCu3Lp,1
COUPON_AUG2501_0dMZhJ3p,1
COUPON_AUG2501_ICzimOsY,1
COUPON_AUG2501_UAn81sAh,1
COUPON_AUG2501_JmQxjEF1,1
COUPON_AUG2501_BWuEBVSS,1
COUPON_AUG2501_0KQWAOob,1
COUPON_AUG2501_wOgBNOfF,1
COUPON_AUG2501_49jWScyB,1
COUPON_AUG2501_8qUXWoNy,1
COUPON_AUG2501_8J9JO8Eq,1
COUPON_AUG2501_T6ciGLxj,1
COUPON_AUG2501_dUU3soC7,1
COUPON_AUG2501_7HyBYGyU,1
COUPON_AUG2501_da2WNZE9,1
COUPON_AUG2501_8HBDV5US,1
COUPON_AUG2501_KB1bjssC,1
COUPON_AUG2501_aQoaRU5U,1
COUPON_AUG2501_f05SwyRf,1
COUPON_AUG2501_lRpSLMJp,1
COUPON_AUG2501_ahjzgdUr,1
COUPON_AUG2501_3lj254pa,1
COUPON_AUG2501_qz3Fsapf,1
COUPON_AUG2501_Zr6Im0J4,1
COUPON_AUG2501_uDZo2XBP,1
COUPON_AUG2501_9TpToPyi,1
COUPON_AUG2501_rIc0qdug,1
COUPON_AUG2501_INHnJiO0,1
COUPON_AUG2501_ME9xxQ7q,1
COUPON_AUG2501_hTaQLiDI,1
COUPON_AUG2501_kGdLcS2N,1
COUPON_AUG2501_iylKlQ24,1
COUPON_AUG2501_mFBiQc4L,1
COUPON_AUG2501_X1yC30yX,1
COUPON_AUG2501_OUgkJSm3,1
COUPON_AUG2501_10QokCYm,1
COUPON_AUG2501_JsoPkwiL,1
COUPON_AUG2501_3VsRsNHY,1
COUPON_AUG2501_oFCpUDgY,1
COUPON_AUG2501_9n5VfBaq,1
COUPON_AUG2501_5OuLtKxp,1
COUPON_AUG2501_WnO0MEXO,1
COUPON_AUG2501_vwtbfYNH,1
COUPON_AUG2501_fkdIfsaE,1
COUPON_AUG2501_jEOkzyOg,1
COUPON_AUG2501_4DOhIQvT,1
COUPON_AUG2501_KmnTreNY,1
COUPON_AUG2501_Iv59TuO1,1
COUPON_AUG2501_9nMYopBy,1
COUPON_AUG2501_ivfR0f9y,1
COUPON_AUG2501_foAG7x3H,1
COUPON_AUG2501_4tJ5ARzR,1
COUPON_AUG2501_Mv2kWl2Y,1
COUPON_AUG2501_5u4MRAft,1
COUPON_AUG2501_HDOwsIEp,1
COUPON_AUG2501_51LThmeE,1
COUPON_AUG2501_PpfPNBeu,1
COUPON_AUG2501_Y5rPASpt,1
COUPON_AUG2501_hWmIQFeX,1
COUPON_AUG2501_8T2yRjqm,1
COUPON_AUG2501_YsfNgX3i,1
COUPON_AUG2501_e150AenB,1
COUPON_AUG2501_C72NV9cl,1
COUPON_AUG2501_n6J9RTAl,1
COUPON_AUG2501_pGufxLam,1
COUPON_AUG2501_KalkAS7D,1
COUPON_AUG2501_dK4Tc8wq,1
COUPON_AUG2501_cSZENDIY,1
COUPON_AUG2501_AhLuxNUH,1
COUPON_AUG2501_JmXHqAhw,1
COUPON_AUG2501_TpGVxThp,1
COUPON_AUG2501_uKOacB7f,1
COUPON_AUG2501_SbiF9iS4,1
COUPON_AUG2501_vWZ6znqh,1
COUPON_AUG2501_8RF4LGpB,1
COUPON_AUG2501_PWdSgAhv,1
COUPON_AUG2501_4FDBIhfo,1
COUPON_AUG2501_uBzHyQbg,1
COUPON_AUG2501_2eF8Pf7X,1
COUPON_AUG2501_p1sC4C7f,1
COUPON_AUG2501_CuPsltMx,1
COUPON_AUG2501_XJXmlni0,1
COUPON_AUG2501_1Xgjv0Do,1
COUPON_AUG2501_cFFN9yAj,1
COUPON_AUG2501_QvgTVmOO,1
COUPON_AUG2501_ZmmUD545,1
COUPON_AUG2501_HlLn2A52,1
COUPON_AUG2501_2QEu5VFA,1
COUPON_AUG2501_TBtT105Q,1
COUPON_AUG2501_1GyJoKoi,1
COUPON_AUG2501_ZtteEHLh,1
COUPON_AUG2501_c8bg5Vtp,1
COUPON_AUG2501_CBAZsTnw,1
COUPON_AUG2501_eHATYViZ,1
COUPON_AUG2501_B5jTKLD8,1
COUPON_AUG2501_YdhYqNgV,1
COUPON_AUG2501_t21S9l1M,1
COUPON_AUG2501_JLPsdILV,1
COUPON_AUG2501_ve8QuZpn,1
COUPON_AUG2501_lbQccvih,1
COUPON_AUG2501_2FxqdEls,1
COUPON_AUG2501_bemzqJij,1
COUPON_AUG2501_CfI6Fvaj,1
COUPON_AUG2501_M0ifbaGX,1
COUPON_AUG2501_v0MsPUdg,1
COUPON_AUG2501_ao9slcdR,1
COUPON_AUG2501_Wegg0bed,1
COUPON_AUG2501_tdT2Dbr7,1
COUPON_AUG2501_fJI2iZ1w,1
COUPON_AUG2501_VeEFOSAg,1
COUPON_AUG2501_HMzMoX17,1
COUPON_AUG2501_duMxBTo7,1
COUPON_AUG2501_KmQq8k6y,1
COUPON_AUG2501_Wj7ytsu2,1
COUPON_AUG2501_WSoPHana,1
COUPON_AUG2501_9Jc2sxl7,1
COUPON_AUG2501_lWfaCjFm,1
COUPON_AUG2501_tt7TwWVW,1
COUPON_AUG2501_Qs5hDIpI,1
COUPON_AUG2501_ZQqtSBo2,1
COUPON_AUG2501_DGwvQFSz,1
COUPON_AUG2501_QKl1b0Kv,1
COUPON_AUG2501_HBX4FEGS,1
COUPON_AUG2501_ciP5pZer,1
COUPON_AUG2501_HdxxDuq3,1
COUPON_AUG2501_e7NTMXKZ,1
COUPON_AUG2501_iGtzN3yN,1
COUPON_AUG2501_rQZxpKJ9,1
COUPON_AUG2501_1bvj4YP3,1
COUPON_AUG2501_sFWv5oM4,1
COUPON_AUG2501_8fvXL591,1
COUPON_AUG2501_y32m6dar,1
COUPON_AUG2501_ncitN55F,1
COUPON_AUG2501_2CSs3TXb,1
COUPON_AUG2501_QCpI6BqH,1
COUPON_AUG2501_wglFlh8S,1
COUPON_AUG2501_uzKjt2xI,1
COUPON_AUG2501_WxDX4hiD,1
COUPON_AUG2501_o58DrjDG,1
COUPON_AUG2501_UO5pFHEz,1
COUPON_AUG2501_zYlerMB5,1
COUPON_AUG2501_SD1MKJVC,1
COUPON_AUG2501_FV1NAaMe,1
COUPON_AUG2501_n0l7E4oX,1
COUPON_AUG2501_t8fzD0Nr,1
COUPON_AUG2501_1B8JhoB6,1
COUPON_AUG2501_lkusRxih,1
COUPON_AUG2501_RqEMxb9x,1
COUPON_AUG2501_7pNYH8zb,1
COUPON_AUG2501_LaHD0QDM,1
COUPON_AUG2501_mrCmtCg6,1
COUPON_AUG2501_ZjN06bka,1
COUPON_AUG2501_K3r5c4wI,1
COUPON_AUG2501_EVmbu51S,1
COUPON_AUG2501_UZ2vqFfc,1
COUPON_AUG2501_WuQnW9ub,1
COUPON_AUG2501_4GKP1qTP,1
COUPON_AUG2501_jD9y0Nmd,1
COUPON_AUG2501_sKIUp6e1,1
COUPON_AUG2501_qLQ6Yely,1
COUPON_AUG2501_8xkFMZFh,1
COUPON_AUG2501_CvH47CUv,1
COUPON_AUG2501_GGZqoF9Y,1
COUPON_AUG2501_fOStFr9n,1
COUPON_AUG2501_c98kekgd,1
COUPON_AUG2501_1LV461yw,1
COUPON_AUG2501_x0vkAVnx,1
COUPON_AUG2501_S67UXH6S,1
COUPON_AUG2501_jxdmDuTD,1
COUPON_AUG2501_mPDIZmqY,1
COUPON_AUG2501_Oun8lGFN,1
COUPON_AUG2501_6rJqA8NX,1
COUPON_AUG2501_IQ67ZQgL,1
COUPON_AUG2501_S6uEfjKt,1
COUPON_AUG2501_S7d2BDIO,1
COUPON_AUG2501_1snSwAPa,1
COUPON_AUG2501_4rbcin3m,1
COUPON_AUG2501_9L9EHd73,1
COUPON_AUG2501_bTw2nELT,1
COUPON_AUG2501_xP3jHi90,1
COUPON_AUG2501_fBnLF40s,1
COUPON_AUG2501_OZ679N0U,1
COUPON_AUG2501_BLaXGFIV,1
COUPON_AUG2501_kqE03xTD,1
COUPON_AUG2501_BaJZQqwH,1
COUPON_AUG2501_nPfcxAsU,1
COUPON_AUG2501_2vjA1iwI,1
COUPON_AUG2501_gyvlVrMX,1
COUPON_AUG2501_qSPAmBlj,1
COUPON_AUG2501_Y57KTEVa,1
COUPON_AUG2501_PJk03tkY,1
COUPON_AUG2501_tMzAvPsq,1
COUPON_AUG2501_l0IryWjx,1
COUPON_AUG2501_6QSEeGKu,1
COUPON_AUG2501_SlnaDwKN,1
COUPON_AUG2501_4Jf3z1e8,1
COUPON_AUG2501_CtUvB1os,1
COUPON_AUG2501_TWHNDYgi,1
COUPON_AUG2501_d8YJJ4df,1
COUPON_AUG2501_MVApjaos,1
COUPON_AUG2501_5zhTWLy5,1
COUPON_AUG2501_zl7ZxGYT,1
COUPON_AUG2501_nu28FXLE,1
COUPON_AUG2501_fsaZXFDl,1
COUPON_AUG2501_1bRQxtUn,1
COUPON_AUG2501_oFDG5M8j,1
COUPON_AUG2501_bZ97gJ3X,1
COUPON_AUG2501_KHTfsP9P,1
COUPON_AUG2501_9CPDnsMf,1
COUPON_AUG2501_VLEsiRt7,1
COUPON_AUG2501_vy90byCX,1
COUPON_AUG2501_djGeksvY,1
COUPON_AUG2501_cjHO8Fvs,1
COUPON_AUG2501_TP5jwpuL,1
COUPON_AUG2501_tqEUfICd,1
COUPON_AUG2501_3QOtojkY,1
COUPON_AUG2501_T1254FA6,1
COUPON_AUG2501_gPoNdI1f,1
COUPON_AUG2501_F9xVKB7n,1
COUPON_AUG2501_eJGC1YVZ,1
COUPON_AUG2501_aCxOAFqT,1
COUPON_AUG2501_FtHtrGUA,1
COUPON_AUG2501_IRYXFz5q,1
COUPON_AUG2501_YETYUV4b,1
COUPON_AUG2501_I0AH2c8m,1
COUPON_AUG2501_bTgXIXNk,1
COUPON_AUG2501_hZbAwDy5,1
COUPON_AUG2501_ayrpFXIv,1
COUPON_AUG2501_W9yyKhc3,1
COUPON_AUG2501_5gFdLMmb,1
COUPON_AUG2501_YDuA7nI4,1
COUPON_AUG2501_UhNd7Gg0,1
COUPON_AUG2501_jeHxdiOm,1
COUPON_AUG2501_mhA1tpN8,1
COUPON_AUG2501_cN34N38x,1
COUPON_AUG2501_SaVijPUB,1
COUPON_AUG2501_LLLzj2Sp,1
COUPON_AUG2501_XXuYSNKW,1
COUPON_AUG2501_eUmSG2a1,1
COUPON_AUG2501_gNOovbfP,1
COUPON_AUG2501_2i2MCFus,1
COUPON_AUG2501_RTBbkPmu,1
COUPON_AUG2501_ZIKghhBU,1
COUPON_AUG2501_STiYJYgf,1
COUPON_AUG2501_3um2jmC4,1
COUPON_AUG2501_Sgvb4EH2,1
COUPON_AUG2501_JL1Nzsmi,1
COUPON_AUG2501_kj1fV3kb,1
COUPON_AUG2501_wco5u85o,1
COUPON_AUG2501_eLRoblSK,1
COUPON_AUG2501_IZNaJfDs,1
COUPON_AUG2501_1G2VUkdx,1
COUPON_AUG2501_eGSi3YS5,1
COUPON_AUG2501_BqYK0htf,1
COUPON_AUG2501_rAVAHXJ1,1
COUPON_AUG2501_tLqTRuRr,1
COUPON_AUG2501_CUN2O6K9,1
COUPON_AUG2501_5ga2rhSs,1
COUPON_AUG2501_aRsRXebs,1
COUPON_AUG2501_HRPTSio0,1
COUPON_AUG2501_xvx49OdM,1
COUPON_AUG2501_IuCZbmg8,1
COUPON_AUG2501_EOKcqA0p,1
COUPON_AUG2501_ybEy09BG,1
COUPON_AUG2501_nNX7v2xf,1
COUPON_AUG2501_6Cu0Da8E,1
COUPON_AUG2501_aiU8zRsG,1
COUPON_AUG2501_zLEzwLHR,1
COUPON_AUG2501_cevf7EPo,1
COUPON_AUG2501_VOib2ioE,1
COUPON_AUG2501_64j675Ne,1
COUPON_AUG2501_ivWQHHIX,1
COUPON_AUG2501_oQ1GIfkg,1
COUPON_AUG2501_dYT29Kpe,1
COUPON_AUG2501_vbVjmEkb,1
COUPON_AUG2501_dehIgX6u,1
COUPON_AUG2501_JfnnyvSg,1
COUPON_AUG2501_lzxiYmaA,1
COUPON_AUG2501_9nWpZ0N7,1
COUPON_AUG2501_Zksxq4er,1
COUPON_AUG2501_8RfG9vqG,1
COUPON_AUG2501_KZNHJ08K,1
COUPON_AUG2501_LxSEWSFa,1
COUPON_AUG2501_Sc1gJNQM,1
COUPON_AUG2501_bLgD9N1j,1
COUPON_AUG2501_XpMLSX1C,1
COUPON_AUG2501_vkWOnwRO,1
COUPON_AUG2501_NJXPLtgu,1
COUPON_AUG2501_oOea1HSB,1
COUPON_AUG2501_1msmgdnH,1
COUPON_AUG2501_hsb7QRp5,1
COUPON_AUG2501_BxUIOlvL,1
COUPON_AUG2501_6j6OAyTH,1
COUPON_AUG2501_apQ7AKYF,1
COUPON_AUG2501_W4pw3pJ2,1
COUPON_AUG2501_YwlBUYzV,1
COUPON_AUG2501_wZssJR3I,1
COUPON_AUG2501_UmnhlCDF,1
COUPON_AUG2501_ekKWk6pS,1
COUPON_AUG2501_wGglOGzL,1
COUPON_AUG2501_8pV7gqPr,1
COUPON_AUG2501_KOLnVI0s,1
COUPON_AUG2501_3ySTelKP,1
COUPON_AUG2501_xqOFEEdE,1
COUPON_AUG2501_A7A94SAe,1
COUPON_AUG2501_lgt29axz,1
COUPON_AUG2501_Zdt53MMR,1
COUPON_AUG2501_tk2Wu3aO,1
COUPON_AUG2501_gFDfl3MN,1
COUPON_AUG2501_s8GvcSKO,1
COUPON_AUG2501_qjHNB8fQ,1
COUPON_AUG2501_S5d57RRR,1
COUPON_AUG2501_qDIjQRQf,1
COUPON_AUG2501_FI9uoPXk,1
COUPON_AUG2501_xKIPBCTP,1
COUPON_AUG2501_ssgpWwqF,1
COUPON_AUG2501_1pPzyJky,1
COUPON_AUG2501_vAJM2RMY,1
COUPON_AUG2501_ogBHwK19,1
COUPON_AUG2501_S75FlRXy,1
COUPON_AUG2501_05cSm0FU,1
COUPON_AUG2501_IAYwJE1e,1
COUPON_AUG2501_w7uunfrt,1
COUPON_AUG2501_AemQQq4n,1
COUPON_AUG2501_rpkIBl7X,1
COUPON_AUG2501_Tr7sQnrr,1
COUPON_AUG2501_fWdd5auC,1
COUPON_AUG2501_oYXCCEhD,1
COUPON_AUG2501_s2oBtYfK,1
COUPON_AUG2501_JA0llxbq,1
COUPON_AUG2501_2mYNl0Vd,1
COUPON_AUG2501_JZUw5dRh,1
COUPON_AUG2501_4xSnUQ9d,1
COUPON_AUG2501_HeEVE96Y,1
COUPON_AUG2501_UYLx0lxG,1
COUPON_AUG2501_V5O4uEAV,1
COUPON_AUG2501_QyTixEaA,1
COUPON_AUG2501_hSR2XwOY,1
COUPON_AUG2501_Lw6qu0BG,1
COUPON_AUG2501_X4vtkXRl,1
COUPON_AUG2501_6UI8koy9,1
COUPON_AUG2501_DrlFlMHn,1
COUPON_AUG2501_XxdNcGOw,1
COUPON_AUG2501_kJS8OHhM,1
COUPON_AUG2501_0fUUdbLR,1
COUPON_AUG2501_EZtTryjP,1
COUPON_AUG2501_dQ3o1cpY,1
COUPON_AUG2501_ofH9GcKr,1
COUPON_AUG2501_ztaBiDzs,1
COUPON_AUG2501_Nr31B7u0,1
COUPON_AUG2501_9g5YzVGX,1
COUPON_AUG2501_TLJruXDS,1
COUPON_AUG2501_uuHNULjk,1
COUPON_AUG2501_0ac1lmOw,1
COUPON_AUG2501_Qc182vOM,1
COUPON_AUG2501_j0GRvJlH,1
COUPON_AUG2501_agICCFl4,1
COUPON_AUG2501_v9sx3Fq9,1
COUPON_AUG2501_vgiBVKiF,1
COUPON_AUG2501_caO2smlf,1
COUPON_AUG2501_duDNjHKP,1
COUPON_AUG2501_xvz3WiBg,1
COUPON_AUG2501_tcCFdOzy,1
COUPON_AUG2501_ThmppMga,1
COUPON_AUG2501_bM6e0zHj,1
COUPON_AUG2501_acGvTINt,1
COUPON_AUG2501_mKMqIkPs,1
COUPON_AUG2501_tZdpDMTA,1
COUPON_AUG2501_fjTIirdX,1
COUPON_AUG2501_uQAwIPtT,1
COUPON_AUG2501_tDMv1bZA,1
COUPON_AUG2501_cK7CRAWz,1
COUPON_AUG2501_n7Enj7te,1
COUPON_AUG2501_XldgsWUn,1
COUPON_AUG2501_FAqdUAVr,1
COUPON_AUG2501_LGsxNH8R,1
COUPON_AUG2501_bbTEJLaN,1
COUPON_AUG2501_Bl9055V8,1
COUPON_AUG2501_9fY3m76w,1
COUPON_AUG2501_U9IszC8E,1
COUPON_AUG2501_McmqQnfF,1
COUPON_AUG2501_0YX45OB0,1
COUPON_AUG2501_XpA1QSm3,1
COUPON_AUG2501_0QRLYaTt,1
COUPON_AUG2501_CcUHjRkD,1
COUPON_AUG2501_485sVNFc,1
COUPON_AUG2501_Z95Cr0xN,1
COUPON_AUG2501_VWTXSohV,1
COUPON_AUG2501_KlyLncMl,1
COUPON_AUG2501_mAQSpjZO,1
COUPON_AUG2501_cOuQyAEK,1
COUPON_AUG2501_MfBIIhYe,1
COUPON_AUG2501_T3fZFi5b,1
COUPON_AUG2501_zAN7vNsv,1
COUPON_AUG2501_jFVqeWuU,1
COUPON_AUG2501_6SdthsQl,1
COUPON_AUG2501_XoAarQ5o,1
COUPON_AUG2501_kHEQsEmD,1
COUPON_AUG2501_036c0bTd,1
COUPON_AUG2501_y32Nrd5c,1
COUPON_AUG2501_pSLOtQTk,1
COUPON_AUG2501_gClZOz2O,1
COUPON_AUG2501_EcbtqQWr,1
COUPON_AUG2501_IvvScIHZ,1
COUPON_AUG2501_So7WeFzO,1
COUPON_AUG2501_lpZOms0r,1
COUPON_AUG2501_YW6RNx6B,1
COUPON_AUG2501_sHsmydNc,1
COUPON_AUG2501_VqubIqdo,1
COUPON_AUG2501_uuKpe1sI,1
COUPON_AUG2501_cIApEeQ7,1
COUPON_AUG2501_1OVQ1frX,1
COUPON_AUG2501_nyaRnNqe,1
COUPON_AUG2501_WO1nVcIk,1
COUPON_AUG2501_cs8V0Fgf,1
COUPON_AUG2501_uvk9eMus,1
COUPON_AUG2501_N7owA6U8,1
COUPON_AUG2501_bH9aqVDO,1
COUPON_AUG2501_Rdcpjxqd,1
COUPON_AUG2501_cIo3Ggqp,1
COUPON_AUG2501_72POsv8M,1
COUPON_AUG2501_gL71LYk6,1
COUPON_AUG2501_XozQKh0u,1
COUPON_AUG2501_lB4rpHBa,1
COUPON_AUG2501_1F5pRmMb,1
COUPON_AUG2501_sHPmWRk8,1
COUPON_AUG2501_FESgwWLt,1
COUPON_AUG2501_ki632MTH,1
COUPON_AUG2501_zR3gAc8r,1
COUPON_AUG2501_lPHkYiCk,1
COUPON_AUG2501_eUjS5MUr,1
COUPON_AUG2501_bsm2XI8m,1
COUPON_AUG2501_kXj3aBXr,1
COUPON_AUG2501_aHXimevd,1
COUPON_AUG2501_kBX29vrK,1
COUPON_AUG2501_XFXZk3t9,1
COUPON_AUG2501_czZLFs6h,1
COUPON_AUG2501_YLU74OJT,1
COUPON_AUG2501_SVro9y0t,1
COUPON_AUG2501_rGw7LJnO,1
COUPON_AUG2501_JTu12gdK,1
COUPON_AUG2501_qUxZeRRc,1
COUPON_AUG2501_QgoBPxLk,1
COUPON_AUG2501_RW0pgdSa,1
COUPON_AUG2501_nih6v1t1,1
COUPON_AUG2501_1emvdNzs,1
COUPON_AUG2501_W1jSFuqq,1
COUPON_AUG2501_lPdkx8Ax,1
COUPON_AUG2501_xxHKrq3b,1
COUPON_AUG2501_33PNCWx5,1
COUPON_AUG2501_cGA5k5FS,1
COUPON_AUG2501_DLEsBgCQ,1
COUPON_AUG2501_IGOGV1qh,1
COUPON_AUG2501_0OGhFVjf,1
COUPON_AUG2501_a0Cvxj12,1
COUPON_AUG2501_WZoGNjpA,1
COUPON_AUG2501_jysrvJ9T,1
COUPON_AUG2501_axZPqxMJ,1
COUPON_AUG2501_mjCl2VY0,1
COUPON_AUG2501_tEBQ4q1b,1
COUPON_AUG2501_Bbo4XJOf,1
COUPON_AUG2501_mCo6Dspr,1
COUPON_AUG2501_8OhstIcm,1
COUPON_AUG2501_bQGSrdGE,1
COUPON_AUG2501_EB4oE77t,1
COUPON_AUG2501_yR6s6hlJ,1
COUPON_AUG2501_swQBdDz8,1
COUPON_AUG2501_4s4tFZmJ,1
COUPON_AUG2501_qNw7ONTB,1
COUPON_AUG2501_67QnoApf,1
COUPON_AUG2501_atMKe18s,1
COUPON_AUG2501_zxMBEQrd,1
COUPON_AUG2501_kEz49MYu,1
COUPON_AUG2501_A8KCuvJo,1
COUPON_AUG2501_D85udyYL,1
COUPON_AUG2501_iUoq9MgA,1
COUPON_AUG2501_DT7BQfUj,1
COUPON_AUG2501_Tj1pCG2B,1
COUPON_AUG2501_tsrBG4sI,1
COUPON_AUG2501_nE2GaTbL,1
COUPON_AUG2501_BjhIosGP,1
COUPON_AUG2501_0jMelBye,1
COUPON_AUG2501_njEj9Xnl,1
COUPON_AUG2501_sxkM3ukR,1
COUPON_AUG2501_moDCRkH8,1
COUPON_AUG2501_agmQwejK,1
COUPON_AUG2501_XGXm0CQE,1
COUPON_AUG2501_XiETSr6c,1
COUPON_AUG2501_3UhPV964,1
COUPON_AUG2501_JQ68IAQt,1
COUPON_AUG2501_NHQXCN87,1
COUPON_AUG2501_QFhMHLbE,1
COUPON_AUG2501_jn1kXh4s,1
COUPON_AUG2501_ezEfJ2Th,1
COUPON_AUG2501_MgTExYxI,1
COUPON_AUG2501_PmKhRnkf,1
COUPON_AUG2501_nH9xnbAp,1
COUPON_AUG2501_p9Z4XMkF,1
COUPON_AUG2501_9TBBMPQf,1
COUPON_AUG2501_rv1cFlie,1
COUPON_AUG2501_uXo1ybWD,1
COUPON_AUG2501_C9qL1m2i,1
COUPON_AUG2501_qT0cdbbd,1
COUPON_AUG2501_bZUvAtJY,1
COUPON_AUG2501_QyQR2r8F,1
COUPON_AUG2501_HJ1Yn1Na,1
COUPON_AUG2501_v4FNPHcz,1
COUPON_AUG2501_qOuE3E8T,1
COUPON_AUG2501_lmcOSe56,1
COUPON_AUG2501_7YUlMUPK,1
COUPON_AUG2501_gabImJCA,1
COUPON_AUG2501_TlOLEY3G,1
COUPON_AUG2501_4gcESs1E,1
COUPON_AUG2501_Vo4ri2C3,1
COUPON_AUG2501_fHFtAXqB,1
COUPON_AUG2501_bdTbGuRv,1
COUPON_AUG2501_AuoqHZhJ,1
COUPON_AUG2501_qALkdjP2,1
COUPON_AUG2501_0SV1nQMY,1
COUPON_AUG2501_KpbQEDan,1
COUPON_AUG2501_1R3cGtUH,1
COUPON_AUG2501_hHOnlxaU,1
COUPON_AUG2501_rBx9mtDb,1
COUPON_AUG2501_Taq1t9sj,1
COUPON_AUG2501_9PLrCozO,1
COUPON_AUG2501_vNtseEhU,1
COUPON_AUG2501_C9I34HlX,1
COUPON_AUG2501_bOLL9WQO,1
COUPON_AUG2501_ItAdVDir,1
COUPON_AUG2501_Gsjnhqrd,1
COUPON_AUG2501_GSsKwVVO,1
COUPON_AUG2501_AvUWubr4,1
COUPON_AUG2501_o1qk69RQ,1
COUPON_AUG2501_QzLcEoPd,1
COUPON_AUG2501_3FHwNYWi,1
COUPON_AUG2501_5YmTXPeX,1
COUPON_AUG2501_2JvL8Dsa,1
COUPON_AUG2501_kFXqScPk,1
COUPON_AUG2501_0SSibV3r,1
COUPON_AUG2501_CQX3bx38,1
COUPON_AUG2501_yqhDd3nv,1
COUPON_AUG2501_Lo08ITS3,1
COUPON_AUG2501_OWqby9Yu,1
COUPON_AUG2501_vYKTypXC,1
COUPON_AUG2501_qp8Aom6U,1
COUPON_AUG2501_5wXcn96p,1
COUPON_AUG2501_ly6S5tW0,1
COUPON_AUG2501_zkiwue8G,1
COUPON_AUG2501_ynMHNOww,1
COUPON_AUG2501_rgEopKD3,1
COUPON_AUG2501_ZPFygAOv,1
COUPON_AUG2501_HhAyj4jk,1
COUPON_AUG2501_me6Hwumc,1
COUPON_AUG2501_Kp3ZFlRv,1
COUPON_AUG2501_Q0krNn24,1
COUPON_AUG2501_5zhxqeBi,1
COUPON_AUG2501_l3WfY4wU,1
COUPON_AUG2501_eJlFPmQD,1
COUPON_AUG2501_wyqNiolE,1
COUPON_AUG2501_8CoTgAva,1
COUPON_AUG2501_Q0Owog4u,1
COUPON_AUG2501_xHJVv2My,1
COUPON_AUG2501_Qz2FfsaV,1
COUPON_AUG2501_LYGUPqDj,1
COUPON_AUG2501_a0DIBTF3,1
COUPON_AUG2501_vDv3J0yH,1
COUPON_AUG2501_IYTsrkDw,1
COUPON_AUG2501_O2T7YJxb,1
COUPON_AUG2501_VICqGduF,1
COUPON_AUG2501_XfoSgamE,1
COUPON_AUG2501_W0gwe2E3,1
COUPON_AUG2501_4VUbbGHI,1
COUPON_AUG2501_jETjIoaX,1
COUPON_AUG2501_puHZ1cXm,1
COUPON_AUG2501_foQ2swfK,1
COUPON_AUG2501_a4ZWqClG,1
COUPON_AUG2501_riMaeYnZ,1
COUPON_AUG2501_0aiugatH,1
COUPON_AUG2501_6shF16OP,1
COUPON_AUG2501_TvzU3YOS,1
COUPON_AUG2501_0SCi1wrK,1
COUPON_AUG2501_fhpcPQ22,1
COUPON_AUG2501_0et7gWdO,1
COUPON_AUG2501_Qa4sH0Co,1
COUPON_AUG2501_GCNkslID,1
COUPON_AUG2501_VirB5JIf,1
COUPON_AUG2501_yJ1msi2h,1
COUPON_AUG2501_qgr5E7uN,1
COUPON_AUG2501_H0Lq3wGS,1
COUPON_AUG2501_Y79l52pZ,1
COUPON_AUG2501_ZuFRTIRW,1
COUPON_AUG2501_HzR3cE4Z,1
COUPON_AUG2501_WLhYijMt,1
COUPON_AUG2501_KlAmvLg6,1
COUPON_AUG2501_gqw5JcVM,1
COUPON_AUG2501_hke0DVSi,1
COUPON_AUG2501_azOIkrPc,1
COUPON_AUG2501_xQOjWHKC,1
COUPON_AUG2501_xC6aAYEF,1
COUPON_AUG2501_emmnPH1q,1
COUPON_AUG2501_k1AoDgNN,1
COUPON_AUG2501_VHIsYvG9,1
COUPON_AUG2501_syMo1RLc,1
COUPON_AUG2501_jZG536rv,1
COUPON_AUG2501_0AQ08KYm,1
COUPON_AUG2501_d7Wc2Js8,1
COUPON_AUG2501_NlXmYnxl,1
COUPON_AUG2501_Y8rU45uS,1
COUPON_AUG2501_tp0qyn75,1
COUPON_AUG2501_q3pP2opC,1
COUPON_AUG2501_r021DBto,1
COUPON_AUG2501_Bnam6zZc,1
COUPON_AUG2501_4QN8R3Xp,1
COUPON_AUG2501_fHvvzZdk,1
COUPON_AUG2501_GzPVjpSL,1
COUPON_AUG2501_XkQgrahO,1
COUPON_AUG2501_2TRimj2E,1
COUPON_AUG2501_TCXgFMpp,1
COUPON_AUG2501_RewPB865,1
COUPON_AUG2501_dqzmif1Z,1
COUPON_AUG2501_CJ9JFBDA,1
COUPON_AUG2501_6Lw8Ppl5,1
COUPON_AUG2501_1fYYYc4D,1
COUPON_AUG2501_2hOnKWjB,1
COUPON_AUG2501_NH5VJjUR,1
COUPON_AUG2501_ncXO4ket,1
COUPON_AUG2501_dOH8MigS,1
COUPON_AUG2501_njSkca4d,1
COUPON_AUG2501_cgpuKzKz,1
COUPON_AUG2501_0vfOJQMb,1
COUPON_AUG2501_qf6Rl7iV,1
COUPON_AUG2501_tUpk3IvS,1
COUPON_AUG2501_oH0BkQiD,1
COUPON_AUG2501_FyZ60iXI,1
COUPON_AUG2501_uwNozcD8,1
COUPON_AUG2501_8icRgXZA,1
COUPON_AUG2501_RFYlf5wF,1
COUPON_AUG2501_n5A3FQPN,1
COUPON_AUG2501_OE6ARS4h,1
COUPON_AUG2501_JOb3BQuO,1
COUPON_AUG2501_WOlWUtXo,1
COUPON_AUG2501_At2oCxKn,1
COUPON_AUG2501_6E3PZvxo,1
COUPON_AUG2501_9NWuTsS9,1
COUPON_AUG2501_FwBoFwyz,1
COUPON_AUG2501_axj2EsFA,1
COUPON_AUG2501_kpTHTJis,1
COUPON_AUG2501_U0o1uJ3E,1
COUPON_AUG2501_mp0iCU4t,1
COUPON_AUG2501_cfqRPT0D,1
COUPON_AUG2501_DrqqpDmh,1
COUPON_AUG2501_tnHbMgmT,1
COUPON_AUG2501_0cgiKZdx,1
COUPON_AUG2501_jTVQPwsS,1
COUPON_AUG2501_pgPpOjL4,1
COUPON_AUG2501_7YXcDAEF,1
COUPON_AUG2501_gUc9aZ2U,1
COUPON_AUG2501_M8osicQW,1
COUPON_AUG2501_rnwPP8GG,1
COUPON_AUG2501_Y30DDXPU,1
COUPON_AUG2501_2iCXhVSI,1
COUPON_AUG2501_wJV150iN,1
COUPON_AUG2501_03WICV3A,1
COUPON_AUG2501_F0MUiNJI,1
COUPON_AUG2501_KhKYAIJG,1
COUPON_AUG2501_Os6TYjn9,1
COUPON_AUG2501_f0vBIZrY,1
COUPON_AUG2501_9OHpqHPV,1
COUPON_AUG2501_UKvBKIBf,1
COUPON_AUG2501_tVWxvkGd,1
COUPON_AUG2501_evdvocG2,1
COUPON_AUG2501_Nvo1IRdH,1
COUPON_AUG2501_LqqQw0Hs,1
COUPON_AUG2501_QB3g5yTP,1
COUPON_AUG2501_SJCCub6E,1
COUPON_AUG2501_YeZzxnYA,1
COUPON_AUG2501_9MoQIAbi,1
COUPON_AUG2501_gMlJAFkm,1
COUPON_AUG2501_rtjoFPMH,1
COUPON_AUG2501_Q5bkQ9s3,1
COUPON_AUG2501_TcKQaWNg,1
COUPON_AUG2501_IsMfirEG,1
COUPON_AUG2501_wMvROO5d,1
COUPON_AUG2501_RuLZ2tUv,1
COUPON_AUG2501_nIPIDWvz,1
COUPON_AUG2501_3moqzji7,1
COUPON_AUG2501_Vhwe81Mj,1
COUPON_AUG2501_V6djRyvx,1
COUPON_AUG2501_7k5gXCB8,1
COUPON_AUG2501_RuKOfYCd,1
COUPON_AUG2501_fdsEcIDs,1
COUPON_AUG2501_6idtjwA2,1
COUPON_AUG2501_143OJgGB,1
COUPON_AUG2501_7pn8vNpT,1
COUPON_AUG2501_LorFx5kC,1
COUPON_AUG2501_Oob53n8g,1
COUPON_AUG2501_nts8RIO8,1
COUPON_AUG2501_XEYmKbDR,1
COUPON_AUG2501_Lj4mdEf7,1
COUPON_AUG2501_WkKfjEZN,1
COUPON_AUG2501_eTcqgxNa,1
COUPON_AUG2501_phBwyJ28,1
COUPON_AUG2501_QO3Hi9oh,1
COUPON_AUG2501_gLTkOW0c,1
COUPON_AUG2501_WSsycvD2,1
COUPON_AUG2501_6xkiEG8B,1
COUPON_AUG2501_PQIXE76M,1
COUPON_AUG2501_rlLRQMZy,1
COUPON_AUG2501_NP6v4HzM,1
COUPON_AUG2501_ePXbLOSF,1
COUPON_AUG2501_fyCVPZ7x,1
COUPON_AUG2501_W5kuT1TY,1
COUPON_AUG2501_8zIEu0we,1
COUPON_AUG2501_SP9hjc9k,1
COUPON_AUG2501_0N6Mdvzf,1
COUPON_AUG2501_WtPTxfL6,1
COUPON_AUG2501_2KM3K5Vn,1
COUPON_AUG2501_oo0fo60g,1
COUPON_AUG2501_udl2ZdE4,1
COUPON_AUG2501_TBoofaKf,1
COUPON_AUG2501_4hGQXrPe,1
COUPON_AUG2501_GJIRXF2D,1
COUPON_AUG2501_CihwI6Mb,1
COUPON_AUG2501_03vo29oV,1
COUPON_AUG2501_CHbDWK3V,1
COUPON_AUG2501_ajnPm8uU,1
COUPON_AUG2501_sPfW6BBz,1
COUPON_AUG2501_22lmcvRP,1
COUPON_AUG2501_17SMP4jw,1
COUPON_AUG2501_qrrqaKMg,1
COUPON_AUG2501_sWWt2efI,1
COUPON_AUG2501_dX5k85IW,1
COUPON_AUG2501_Hwhm0qO6,1
COUPON_AUG2501_Y7rUpver,1
COUPON_AUG2501_unGqZ9Ff,1
COUPON_AUG2501_MUkYj2Uu,1
COUPON_AUG2501_DyrqTJPg,1
COUPON_AUG2501_s1DVl9rq,1
COUPON_AUG2501_acduSiYu,1
COUPON_AUG2501_II7rCdl2,1
COUPON_AUG2501_36uY1HN0,1
COUPON_AUG2501_2xufQ8I3,1
COUPON_AUG2501_QDMG8VRh,1
COUPON_AUG2501_6m4vQLmb,1
COUPON_AUG2501_XmyKXyCH,1
COUPON_AUG2501_i1nBtWoE,1
COUPON_AUG2501_u3DLjz6Z,1
COUPON_AUG2501_p9gKz7k2,1
COUPON_AUG2501_OmI08ZFi,1
COUPON_AUG2501_hOmtIXWS,1
COUPON_AUG2501_OUo7qMdE,1
COUPON_AUG2501_paLhdTsK,1
COUPON_AUG2501_xmFnxAAL,1
COUPON_AUG2501_N2cWKNqt,1
COUPON_AUG2501_XQ6KgsHt,1
COUPON_AUG2501_TEjnFlEM,1
COUPON_AUG2501_Z2YctCsm,1
COUPON_AUG2501_VdANBOgi,1
COUPON_AUG2501_dDzJfoE8,1
COUPON_AUG2501_8vB6aGFY,1
COUPON_AUG2501_lGMzEqMO,1
COUPON_AUG2501_ZYWJ3iVd,1
COUPON_AUG2501_KVrh8Nwc,1
COUPON_AUG2501_hrMyTO32,1
COUPON_AUG2501_GTRshnnB,1
COUPON_AUG2501_A5tc7jn1,1
COUPON_AUG2501_a5MM87ge,1
COUPON_AUG2501_9WJtJc2i,1
COUPON_AUG2501_BtfcJp3W,1
COUPON_AUG2501_Qt1pji1g,1
COUPON_AUG2501_f69DvtHU,1
COUPON_AUG2501_MubQCNFF,1
COUPON_AUG2501_68TKuctO,1
COUPON_AUG2501_gsvae6Rw,1
COUPON_AUG2501_z0xWLhcT,1
COUPON_AUG2501_1ASVbFgF,1
COUPON_AUG2501_Ux3pfyCo,1
COUPON_AUG2501_jrJhkCci,1
COUPON_AUG2501_2J4d9WPW,1
COUPON_AUG2501_neFMD5Kz,1
COUPON_AUG2501_g1XKyobA,1
COUPON_AUG2501_kMZB3XbN,1
COUPON_AUG2501_wXWLqqH5,1
COUPON_AUG2501_XackOLD4,1
COUPON_AUG2501_o4T4fkyc,1
COUPON_AUG2501_MGjxveVA,1
COUPON_AUG2501_RNMUltPR,1
COUPON_AUG2501_duXzoHe1,1
COUPON_AUG2501_rbvHU0gb,1
COUPON_AUG2501_7dW95Xhi,1
COUPON_AUG2501_JX1HH5bV,1
COUPON_AUG2501_CY9EYa65,1
COUPON_AUG2501_CDWXEJHX,1
COUPON_AUG2501_hxIWNJ4F,1
COUPON_AUG2501_oV7kMRSs,1
COUPON_AUG2501_0YBuetn9,1
COUPON_AUG2501_5NrEnYTu,1
COUPON_AUG2501_Nm6UJCXn,1
COUPON_AUG2501_BWuorCWf,1
COUPON_AUG2501_iZfhNj9L,1
COUPON_AUG2501_n2ZxouXj,1
COUPON_AUG2501_hbXzMtku,1
COUPON_AUG2501_ahEzGpIt,1
COUPON_AUG2501_AC1RDOex,1
COUPON_AUG2501_YkWTQJKR,1
COUPON_AUG2501_UPudUIb0,1
COUPON_AUG2501_JkDpqKds,1
COUPON_AUG2501_XLlSeQ2o,1
COUPON_AUG2501_IZUjLTYj,1
COUPON_AUG2501_OTuV2xfU,1
COUPON_AUG2501_Qg3N7pX0,1
COUPON_AUG2501_4JMMLMJ0,1
COUPON_AUG2501_dCW3yzOz,1
COUPON_AUG2501_PAw0cjES,1
COUPON_AUG2501_CI1QtemL,1
COUPON_AUG2501_YvPCWodo,1
COUPON_AUG2501_gLyarpEm,1
COUPON_AUG2501_nPZjzMGy,1
COUPON_AUG2501_CsKhTCPW,1
COUPON_AUG2501_ZGlOIi4H,1
COUPON_AUG2501_6wFyUTZ8,1
COUPON_AUG2501_yrfjnNDF,1
COUPON_AUG2501_MWF7WROJ,1
COUPON_AUG2501_ZXveY3vX,1
COUPON_AUG2501_W1g13r4V,1
COUPON_AUG2501_Ch7xeKBO,1
COUPON_AUG2501_Hl8hQEKC,1
COUPON_AUG2501_Okl3ZUrU,1
COUPON_AUG2501_ooeMN19M,1
COUPON_AUG2501_chKXonij,1
COUPON_AUG2501_X8opG992,1
COUPON_AUG2501_G2o4Sbym,1
COUPON_AUG2501_fCpDwKh2,1
COUPON_AUG2501_EC2dQqeP,1
COUPON_AUG2501_Ad09H5n0,1
COUPON_AUG2501_inLCFMGQ,1
COUPON_AUG2501_9qjKMxip,1
COUPON_AUG2501_1i4plqld,1
COUPON_AUG2501_JCTpVyrw,1
COUPON_AUG2501_1frmOk99,1
COUPON_AUG2501_bRdA6rEM,1
COUPON_AUG2501_6pGn2O84,1
COUPON_AUG2501_nj8EBVnU,1
COUPON_AUG2501_DXx5Xk4G,1
COUPON_AUG2501_y0Y90rGF,1
COUPON_AUG2501_gToAlgOc,1
COUPON_AUG2501_cnMAhgLE,1
COUPON_AUG2501_EdxBKeOo,1
COUPON_AUG2501_O6MW18S6,1
COUPON_AUG2501_PT4Ckd9I,1
COUPON_AUG2501_zb0GV1Ti,1
COUPON_AUG2501_sS2txOfw,1
COUPON_AUG2501_789Tzx7i,1
COUPON_AUG2501_Y57R7D4G,1
COUPON_AUG2501_zLLKerby,1
COUPON_AUG2501_7TLECjy2,1
COUPON_AUG2501_2X8b5v3x,1
COUPON_AUG2501_briFksG3,1
COUPON_AUG2501_5PCwfYZ3,1
COUPON_AUG2501_RlgCEXQ0,1
COUPON_AUG2501_EKbJTuph,1
COUPON_AUG2501_DpPLGjSX,1
COUPON_AUG2501_dDUkoQsP,1
COUPON_AUG2501_9i3DbhGa,1
COUPON_AUG2501_iyifZ3ih,1
COUPON_AUG2501_2sfYYUiz,1
COUPON_AUG2501_s6qA6fvs,1
