Transaction Id,Replenishment Flow,Replenishment Category,Store Code,Product Code,Product Name,Hybris Order Code,Target Qty,Order Qty,Pending Qty,Received Qty,Cancelled Qty,Order Date
241805,HYBRIS,,TWS,H0859001_S_OS-620,uPure 2 潔淨濾水器2,,440,440,0,0,0,2025-08-30_00:00:00
241808,IMAX_STACKING,FROZEN,COB,H0888001_S_10022875,美國特選牛肩胛肥牛片 (急凍),IS00071443,520,520,0,0,0,2025-08-30_00:00:01
241808,IMAX_STACKING,FROZEN,COB,H0888001_S_10012511,西班牙咸豬手,IS00071443,1610,1610,0,0,0,2025-08-30_00:00:01
241808,IMAX_STACKING,FROZEN,COB,H0888001_S_10011849,美國大西洋野生響螺頭 M (急凍),IS00071443,3000,3000,0,0,0,2025-08-30_00:00:02
241808,IMAX_STACKING,FROZEN,COB,H0888001_S_10011848,日本煮食用帶子急凍急凍,IS00071443,990,990,0,0,0,2025-08-30_00:00:02
241811,HYBRIS,,COB,H0888001_S_10009135,藍梅寒天果凍糖,,1212,1212,0,0,0,2025-08-30_00:01:00
241811,HYBRIS,,COB,H0888001_S_10009139,蜂蜜檸檬寒天果凍糖,,1308,1308,0,0,0,2025-08-30_00:01:00
241811,HYBRIS,,COB,H0888001_S_10009151,什錦軟糖,,1420,1420,0,0,0,2025-08-30_00:01:00
241818,HYBRIS,,CLS,H0888001_S_10007313,滋潤保濕乳霜,,444,0,0,0,0,2025-08-30_10:09:00
241819,IMAX_STACKING,DRY,CLS,H0888001_S_10002195,大樽生啤 (日本版),IS00071446,12,0,0,0,0,2025-08-30_10:22:00
241820,HYBRIS,,STS,H0888001_S_10012783,巴西牛胸腩粒 (急凍),,792,0,0,0,0,2025-08-30_10:32:00
241821,HYBRIS,,CLS,H0888001_S_10133455,澳洲和牛漢堡扒 (急凍),,1020,0,0,0,0,2025-08-30_10:38:00
241821,HYBRIS,,CLS,H0888001_S_10133940,(澳洲直送!) 澳洲穀飼西冷牛扒 (2塊裝) (急凍),,1000,0,0,0,0,2025-08-30_10:38:00
241821,HYBRIS,,CLS,H0888001_S_10133453,澳洲M4+ 和牛西冷牛扒 (急凍),,330,0,0,0,0,2025-08-30_10:38:00
241821,HYBRIS,,CLS,H0888001_S_10018534,澳洲海參(禿參，又名花刺參) (急凍),,408,0,0,0,0,2025-08-30_10:38:00
241825,HYBRIS,,STS,H0249001_S_1272s-74s,BBB薰衣草身體潔淨旅行套裝,,210,0,0,0,0,2025-08-30_11:08:01
241825,HYBRIS,,STS,H0249001_S_1273,CCC薰衣草洗髮水,,140,0,0,0,0,2025-08-30_11:08:01
241825,HYBRIS,,STS,H0249001_S_1274,DDD薰衣草護髮素,,210,0,0,0,0,2025-08-30_11:08:01
241825,HYBRIS,,STS,H0249001_S_1282s-84s,活花身體潔淨旅行套裝,,210,0,0,0,0,2025-08-30_11:08:01
241825,HYBRIS,,STS,H0249001_S_1284,活花護髮素,,210,0,0,0,0,2025-08-30_11:08:01
241825,HYBRIS,,STS,H0249001_S_1292,花露水沐浴露,,210,0,0,0,0,2025-08-30_11:08:01
241825,HYBRIS,,STS,H0249001_S_1292s-94s,花露水身體潔淨旅行套裝一二三四五六,,210,0,0,0,0,2025-08-30_11:08:01
241825,HYBRIS,,STS,H0249001_S_1293,花露水洗髮水,,210,0,0,0,0,2025-08-30_11:08:01
241825,HYBRIS,,STS,H0249001_S_1294,花露水護髮素,,210,0,0,0,0,2025-08-30_11:08:01
241825,HYBRIS,,STS,H0249001_S_2151,雪花膏,,210,0,0,0,0,2025-08-30_11:08:02
241825,HYBRIS,,STS,H0249001_S_2152,活花潤手霜,,210,0,0,0,0,2025-08-30_11:08:02
241825,HYBRIS,,STS,H0249001_S_2157,花露水香皂,,210,0,0,0,0,2025-08-30_11:08:02
241825,HYBRIS,,STS,H0249001_S_2163,活花爽身粉 (玫瑰花香),,210,0,0,0,0,2025-08-30_11:08:02
241825,HYBRIS,,STS,H0249001_S_2166,活花香皂,,210,0,0,0,0,2025-08-30_11:08:02
241825,HYBRIS,,STS,H0249001_S_2167,活花止汗液,,210,0,0,0,0,2025-08-30_11:08:02
241825,HYBRIS,,STS,H0249001_S_2177,迷你雪花膏,,210,0,0,0,0,2025-08-30_11:08:02
241825,HYBRIS,,STS,H0249001_S_2181,EEE薰衣草味護髮油,,210,0,0,0,0,2025-08-30_11:08:02
241825,HYBRIS,,STS,H0249001_S_2182,活花味護髮油  (玫瑰花香),,210,0,0,0,0,2025-08-30_11:08:02
241825,HYBRIS,,STS,H0249001_S_2186,活花爽身粉 80克 (罐裝)（附柔軟粉撲）,,210,0,0,0,0,2025-08-30_11:08:02
241825,HYBRIS,,STS,H0249001_S_2187,花露水爽身粉 80克 (罐裝)（附柔軟粉撲）,,210,0,0,0,0,2025-08-30_11:08:02
241825,HYBRIS,,STS,H0249001_S_2188B,花露水濕紙巾 (20片),,210,0,0,0,0,2025-08-30_11:08:02
241825,HYBRIS,,STS,H0249001_S_2198,花露水 (200毫升),,210,0,0,0,0,2025-08-30_11:08:02
241825,HYBRIS,,STS,H0249001_S_2202,花露水 (100毫升),,210,0,0,0,0,2025-08-30_11:08:02
241825,HYBRIS,,STS,H0249001_S_2204,花露水 (15毫升),,210,0,0,0,0,2025-08-30_11:08:02
241825,HYBRIS,,STS,H0249001_S_2208,花露水 (10毫升),,210,0,0,0,0,2025-08-30_11:08:03
241825,HYBRIS,,STS,H0249001_S_2209,花露水膏,,210,0,0,0,0,2025-08-30_11:08:03
241825,HYBRIS,,STS,H0249001_S_4261,雙妹嚜復古記事簿,,210,0,0,0,0,2025-08-30_11:08:03
241825,HYBRIS,,STS,H0249001_S_4281,雙妹嚜復古記事簿,,210,0,0,0,0,2025-08-30_11:08:03
241825,HYBRIS,,STS,H0249001_S_4284,雙妹嚜復古拼圖,,210,0,0,0,0,2025-08-30_11:08:03
241825,HYBRIS,,STS,H0249001_S_4286,雙妹嚜復古拼圖,,210,0,0,0,0,2025-08-30_11:08:03
241825,HYBRIS,,STS,H0249001_S_4287,雙妹嚜復古拼圖,,210,0,0,0,0,2025-08-30_11:08:03
241825,HYBRIS,,STS,H0249001_S_4290,懷舊2R相簿,,210,0,0,0,0,2025-08-30_11:08:03
241825,HYBRIS,,STS,H0249001_S_4291,懷舊2R相簿,,210,0,0,0,0,2025-08-30_11:08:03
241825,HYBRIS,,STS,H0249001_S_4292,懷舊2R相簿,,210,0,0,0,0,2025-08-30_11:08:03
241825,HYBRIS,,STS,H0249001_S_4293,懷舊2R相簿,,210,0,0,0,0,2025-08-30_11:08:03
241825,HYBRIS,,STS,H0249001_S_4315,雙妹嚜黑色環保袋,,210,0,0,0,0,2025-08-30_11:08:03
241825,HYBRIS,,STS,H0249001_S_8808,馬賽皂 (檸檬),,210,0,0,0,0,2025-08-30_11:08:03
241825,HYBRIS,,STS,H0249001_S_8809,馬賽皂 (蜜糖),,210,0,0,0,0,2025-08-30_11:08:03
241825,HYBRIS,,STS,H0249001_S_8810,馬賽皂 (白檀),,210,0,0,0,0,2025-08-30_11:08:03
241825,HYBRIS,,STS,H0249001_S_KC1100,指甲水,,210,0,0,0,0,2025-08-30_11:08:03
241825,HYBRIS,,STS,H0249001_S_KC1101,指甲油 (藍紫色系),,210,0,0,0,0,2025-08-30_11:08:04
241825,HYBRIS,,STS,H0249001_S_KC1102,指甲油 (藍紫色系),,210,0,0,0,0,2025-08-30_11:08:04
241825,HYBRIS,,STS,H0249001_S_KC1103,指甲油 (藍紫色系),,210,0,0,0,0,2025-08-30_11:08:04
241825,HYBRIS,,STS,H0249001_S_KC1105,指甲油 (藍紫色系),,210,0,0,0,0,2025-08-30_11:08:04
241825,HYBRIS,,STS,H0249001_S_KC1106,指甲油 (紅色系),,210,0,0,0,0,2025-08-30_11:08:04
241825,HYBRIS,,STS,H0249001_S_KC1107,指甲油 (紅色系),,210,0,0,0,0,2025-08-30_11:08:04
241825,HYBRIS,,STS,H0249001_S_KC1108,指甲油 (紅色系),,210,0,0,0,0,2025-08-30_11:08:04
241825,HYBRIS,,STS,H0249001_S_KC1112,指甲油 (藍紫色系),,210,0,0,0,0,2025-08-30_11:08:04
241825,HYBRIS,,STS,H0249001_S_KC1113,指甲油 (紅色系),,210,0,0,0,0,2025-08-30_11:08:04
241825,HYBRIS,,STS,H0249001_S_KC1116,指甲油 (彩色系),,210,0,0,0,0,2025-08-30_11:08:04
241825,HYBRIS,,STS,H0249001_S_KC1121,指甲油 (紅色系),,210,0,0,0,0,2025-08-30_11:08:05
241825,HYBRIS,,STS,H0249001_S_KC1123,指甲油 (紅色系),,210,0,0,0,0,2025-08-30_11:08:05
241825,HYBRIS,,STS,H0249001_S_KC1124,指甲油 (紅色系),,210,0,0,0,0,2025-08-30_11:08:05
241825,HYBRIS,,STS,H0249001_S_KC1127,指甲油 (彩色系),,210,0,0,0,0,2025-08-30_11:08:05
241825,HYBRIS,,STS,H0249001_S_KC1129,指甲油 (彩色系),,210,0,0,0,0,2025-08-30_11:08:05
241825,HYBRIS,,STS,H0249001_S_KC1130,指甲油 (彩色系),,210,0,0,0,0,2025-08-30_11:08:05
241825,HYBRIS,,STS,H0249001_S_KC1131,指甲油 (彩色系),,210,0,0,0,0,2025-08-30_11:08:05
241825,HYBRIS,,STS,H0249001_S_KC1134,指甲油 (紅色系),,210,0,0,0,0,2025-08-30_11:08:05
241825,HYBRIS,,STS,H0249001_S_KC1137,指甲油 (色號 - 37透明),,210,0,0,0,0,2025-08-30_11:08:05
241825,HYBRIS,,STS,H0249001_S_KC1139,指甲油 (彩色系),,210,0,0,0,0,2025-08-30_11:08:05
241825,HYBRIS,,STS,H0249001_S_KC1146,指甲油 (藍紫色系),,210,0,0,0,0,2025-08-30_11:08:06
241825,HYBRIS,,STS,H0249001_S_KC1148,指甲油 (彩色系),,210,0,0,0,0,2025-08-30_11:08:06
241825,HYBRIS,,STS,H0249001_S_KC1152,指甲油 (紅色系),,210,0,0,0,0,2025-08-30_11:08:06
241825,HYBRIS,,STS,H0249001_S_Q004,雙妹綿布袋 (白色),,210,0,0,0,0,2025-08-30_11:08:06
241825,HYBRIS,,STS,H0249001_S_Q005,雙妹綿布袋 (自然色),,210,0,0,0,0,2025-08-30_11:08:06
241825,HYBRIS,,STS,H0255001_S_21875,蒜油 250粒,,210,0,0,0,0,2025-08-30_11:08:06
241825,HYBRIS,,STS,H0255001_S_21942,利筋諾 50粒,,210,0,0,0,0,2025-08-30_11:08:06
241825,HYBRIS,,STS,H0255001_S_22993,乳薊果 60片,,210,0,0,0,0,2025-08-30_11:08:07
241825,HYBRIS,,STS,H0255001_S_23452,葡萄籽加強配方 30片,,210,0,0,0,0,2025-08-30_11:08:07
241825,HYBRIS,,STS,H0255001_S_24008,無腥味魚油1000 200粒,,210,0,0,0,0,2025-08-30_11:08:07
241825,HYBRIS,,STS,H0255001_S_24177,葉黃素 60粒,,210,0,0,0,0,2025-08-30_11:08:07
241825,HYBRIS,,STS,H0255001_S_24201,護眼山桑子 30片,,210,0,0,0,0,2025-08-30_11:08:07
241825,HYBRIS,,STS,H0255001_S_24877,兒童果味魚油丸 30粒,,210,0,0,0,0,2025-08-30_11:08:07
241825,HYBRIS,,STS,H0255001_S_25067,鋸櫚前列配方 60粒,,210,0,0,0,0,2025-08-30_11:08:07
241825,HYBRIS,,STS,H0255001_S_25110,亞麻籽油植物奧米加369 100粒,,210,0,0,0,0,2025-08-30_11:08:07
241825,HYBRIS,,STS,H0255001_S_25207,維他命D3 1000 30粒,,210,0,0,0,0,2025-08-30_11:08:07
241825,HYBRIS,,STS,H0255001_S_25266,護養關節配方 60粒,,210,0,0,0,0,2025-08-30_11:08:07
241825,HYBRIS,,STS,H0294001_S_120088,免沖洗保濕護髮乳,,210,0,0,0,0,2025-08-30_11:08:07
241825,HYBRIS,,STS,H0294001_S_120295,潔淨控油洗髮露,,210,0,0,0,0,2025-08-30_11:08:07
241825,HYBRIS,,STS,H0294001_S_120533,波浪捲髮精華露波浪捲髮精華露波浪捲髮精華露波浪捲髮精華露,,210,0,0,0,0,2025-08-30_11:08:07
241825,HYBRIS,,STS,H0318002_S_812719,有機矢車菊花水 200ml,,210,0,0,0,0,2025-08-30_11:08:08
241825,HYBRIS,,STS,H0318002_S_812724,有機大馬士革玫瑰花水 200ml,,210,0,0,0,0,2025-08-30_11:08:08
241825,HYBRIS,,STS,H0318002_S_852974,有機3重蜂蜜潤澤身體乳霜 150ml,,210,0,0,0,0,2025-08-30_11:08:08
241825,HYBRIS,,STS,H0318002_S_855281,有機3重蜂蜜潤澤身體磨砂 150g,,210,0,0,0,0,2025-08-30_11:08:08
241825,HYBRIS,,STS,H0318002_S_861153,有機日用洗髮水 500ml,,210,0,0,0,0,2025-08-30_11:08:08
241825,HYBRIS,,STS,H0318002_S_86Z0004,有機防敏香體露 50ml,,210,0,0,0,0,2025-08-30_11:08:08
241825,HYBRIS,,STS,H0318002_S_86Z0005,有機乳木果油護髮素 150ml,,210,0,0,0,0,2025-08-30_11:08:08
241825,HYBRIS,,STS,H0539001_S_50159,Royal Touch 敏感肌適用產後專用衛生巾 L碼 (5片/包),,210,0,0,0,0,2025-08-30_11:08:08
241825,HYBRIS,,STS,H0888001_S_10004619,特級魚露,,125,0,0,0,0,2025-08-30_11:08:08
241825,HYBRIS,,STS,H0888001_S_10004625,南乳,,120,0,0,0,0,2025-08-30_11:08:08
241825,HYBRIS,,STS,H0888001_S_10004645,爽口榨菜絲,,130,0,0,0,0,2025-08-30_11:08:08
241825,HYBRIS,,STS,H0888001_S_10004653,陳醋蕎頭,,30,0,0,0,0,2025-08-30_11:08:08
241825,HYBRIS,,STS,H0888001_S_10004654,甜酸蕎頭,,30,0,0,0,0,2025-08-30_11:08:08
241825,HYBRIS,,STS,H0888001_S_10004666,鮑汁靈芝菇片,,120,0,0,0,0,2025-08-30_11:08:08
241825,HYBRIS,,STS,H0888001_S_10005984,豬骨火鍋上湯,,170,0,0,0,0,2025-08-30_11:08:08
241825,HYBRIS,,STS,H0888001_S_10005986,醉雞火鍋上湯,,170,0,0,0,0,2025-08-30_11:08:09
241825,HYBRIS,,STS,H0888001_S_10007891,洋蔥南瓜馬鈴薯片,,125,0,0,0,0,2025-08-30_11:08:09
241825,HYBRIS,,STS,H0888001_S_10009135,藍梅寒天果凍糖,,125,0,0,0,0,2025-08-30_11:08:09
241825,HYBRIS,,STS,H0888001_S_10009139,蜂蜜檸檬寒天果凍糖,,125,0,0,0,0,2025-08-30_11:08:09
241825,HYBRIS,,STS,H0888001_S_10009151,什錦軟糖,,140,0,0,0,0,2025-08-30_11:08:09
241825,HYBRIS,,STS,H0888001_S_10009386,北海道扇貝味薯片,,125,0,0,0,0,2025-08-30_11:08:09
241825,HYBRIS,,STS,H0888001_S_10009388,酥餅 (黑朱古力),,130,0,0,0,0,2025-08-30_11:08:09
241825,HYBRIS,,STS,H0888001_S_10009609,星球大戰系列珍寶珠 (隨機派送),,125,0,0,0,0,2025-08-30_11:08:09
241825,HYBRIS,,STS,H0888001_S_10009610,湖池屋激辣魔薯香辣芝士味薯片,,135,0,0,0,0,2025-08-30_11:08:09
241825,HYBRIS,,STS,H0888001_S_10011987,好ｅ食 - 白汁煙肉磨菇意粉 (急凍),,125,0,0,0,0,2025-08-30_11:08:09
241825,HYBRIS,,STS,H0888001_S_10018925,白風船米餅-牛奶忌廉味,,125,0,0,0,0,2025-08-30_11:08:09
241825,HYBRIS,,STS,H0888001_S_10022686,猴頭菇雪耳百合潤肺湯,,120,0,0,0,0,2025-08-30_11:08:09
241827,HYBRIS,,WFS,H0888001_S_10012013,Bibigo 韓式傳統脆皮煎餃 (急凍),,150,150,0,0,0,2025-08-30_11:25:00
241831,HYBRIS,,CLS,H0888001_S_10007313,滋潤保濕乳霜,,12,0,0,0,0,2025-08-30_11:42:00
241839,HYBRIS,,TWS,H0888001_S_10008283,燕麥脆條 - 蜜糖★燕麥,,36,36,0,0,0,2025-08-30_13:00:00
241843,IMAX_KERRY,,CLS,H0888001_S_10012783,巴西牛胸腩粒 (急凍),IM00071454,784,0,0,0,0,2025-08-30_13:32:00
241844,HYBRIS,,LPS,H0888001_S_10012783,巴西牛胸腩粒 (急凍),,8,8,0,0,0,2025-08-30_13:49:00
241848,IMAX_KERRY,,SHS,H0888001_S_10012783,巴西牛胸腩粒 (急凍),IM00071456,786,0,0,0,0,2025-08-30_14:09:00
241849,HYBRIS,,CLS,H0888001_S_10004649,辣香蘿蔔,,2900,0,0,0,0,2025-08-30_14:19:00
241849,HYBRIS,,CLS,H0888001_S_10007313,滋潤保濕乳霜,,27,0,0,0,0,2025-08-30_14:19:00
241871,HYBRIS,,CLS,H0888001_S_10007313,滋潤保濕乳霜,,108,0,0,0,0,2025-08-30_16:41:00
241874,HYBRIS,,RRS,H0888001_S_10018534,澳洲海參(禿參，又名花刺參) (急凍),,96,0,0,0,0,2025-08-30_16:50:00
241875,IMAX_KERRY,,WSH,H0888001_S_10012777,紐西蘭帶骨羊仔腩 (急凍),IM00071460,520,520,520,0,0,2025-08-30_16:54:00
241875,IMAX_KERRY,,WSH,H0888001_S_10012783,巴西牛胸腩粒 (急凍),IM00071460,786,0,0,0,0,2025-08-30_16:54:00
241880,IMAX_STACKING,CHILLED,CLS,H0888001_S_10012783,巴西牛胸腩粒 (急凍),IS00071461,5000,0,0,0,0,2025-08-30_17:10:00
241881,IMAX_STACKING,DRY,CLS,H0255001_S_25116,健腦高濃度深海魚油 60粒,IS00071462,290,0,0,0,0,2025-08-30_17:10:00
241883,IMAX_KERRY,DRY,SHS,H0888001_S_10012777,紐西蘭帶骨羊仔腩 (急凍),IM00071463,2040,2040,2040,0,0,2025-08-30_17:30:00
241884,HYBRIS,,CLS,H0249001_S_1272s-74s,BBB薰衣草身體潔淨旅行套裝,,110,0,0,0,0,2025-08-30_17:40:02
241884,HYBRIS,,CLS,H0249001_S_1274,DDD薰衣草護髮素,,10,0,0,0,0,2025-08-30_17:40:02
241884,HYBRIS,,CLS,H0249001_S_1282s-84s,活花身體潔淨旅行套裝,,110,0,0,0,0,2025-08-30_17:40:02
241884,HYBRIS,,CLS,H0249001_S_1284,活花護髮素,,110,0,0,0,0,2025-08-30_17:40:03
241884,HYBRIS,,CLS,H0249001_S_1292,花露水沐浴露,,110,0,0,0,0,2025-08-30_17:40:03
241884,HYBRIS,,CLS,H0249001_S_1292s-94s,花露水身體潔淨旅行套裝一二三四五六,,110,0,0,0,0,2025-08-30_17:40:03
241884,HYBRIS,,CLS,H0249001_S_1293,花露水洗髮水,,110,0,0,0,0,2025-08-30_17:40:03
241884,HYBRIS,,CLS,H0249001_S_1294,花露水護髮素,,110,0,0,0,0,2025-08-30_17:40:03
241884,HYBRIS,,CLS,H0249001_S_2151,雪花膏,,120,0,0,0,0,2025-08-30_17:40:03
241884,HYBRIS,,CLS,H0249001_S_2152,活花潤手霜,,110,0,0,0,0,2025-08-30_17:40:03
241884,HYBRIS,,CLS,H0249001_S_2157,花露水香皂,,10,0,0,0,0,2025-08-30_17:40:03
241884,HYBRIS,,CLS,H0249001_S_2163,活花爽身粉 (玫瑰花香),,120,0,0,0,0,2025-08-30_17:40:03
241884,HYBRIS,,CLS,H0249001_S_2166,活花香皂,,120,0,0,0,0,2025-08-30_17:40:04
241884,HYBRIS,,CLS,H0249001_S_2167,活花止汗液,,120,0,0,0,0,2025-08-30_17:40:04
241884,HYBRIS,,CLS,H0249001_S_2177,迷你雪花膏,,110,0,0,0,0,2025-08-30_17:40:04
241884,HYBRIS,,CLS,H0249001_S_2181,EEE薰衣草味護髮油,,110,0,0,0,0,2025-08-30_17:40:04
241884,HYBRIS,,CLS,H0249001_S_2182,活花味護髮油  (玫瑰花香),,110,0,0,0,0,2025-08-30_17:40:04
241884,HYBRIS,,CLS,H0249001_S_2186,活花爽身粉 80克 (罐裝)（附柔軟粉撲）,,110,0,0,0,0,2025-08-30_17:40:04
241884,HYBRIS,,CLS,H0249001_S_2187,花露水爽身粉 80克 (罐裝)（附柔軟粉撲）,,110,0,0,0,0,2025-08-30_17:40:04
241884,HYBRIS,,CLS,H0249001_S_2188B,花露水濕紙巾 (20片),,110,0,0,0,0,2025-08-30_17:40:04
241884,HYBRIS,,CLS,H0249001_S_2198,花露水 (200毫升),,110,0,0,0,0,2025-08-30_17:40:04
241884,HYBRIS,,CLS,H0249001_S_2202,花露水 (100毫升),,110,0,0,0,0,2025-08-30_17:40:04
241884,HYBRIS,,CLS,H0249001_S_2204,花露水 (15毫升),,110,0,0,0,0,2025-08-30_17:40:04
241884,HYBRIS,,CLS,H0249001_S_2208,花露水 (10毫升),,110,0,0,0,0,2025-08-30_17:40:04
241884,HYBRIS,,CLS,H0249001_S_2209,花露水膏,,110,0,0,0,0,2025-08-30_17:40:04
241884,HYBRIS,,CLS,H0249001_S_4261,雙妹嚜復古記事簿,,110,0,0,0,0,2025-08-30_17:40:04
241884,HYBRIS,,CLS,H0249001_S_4281,雙妹嚜復古記事簿,,110,0,0,0,0,2025-08-30_17:40:05
241884,HYBRIS,,CLS,H0249001_S_4284,雙妹嚜復古拼圖,,110,0,0,0,0,2025-08-30_17:40:05
241884,HYBRIS,,CLS,H0249001_S_4286,雙妹嚜復古拼圖,,110,0,0,0,0,2025-08-30_17:40:05
241884,HYBRIS,,CLS,H0249001_S_4287,雙妹嚜復古拼圖,,110,0,0,0,0,2025-08-30_17:40:05
241884,HYBRIS,,CLS,H0249001_S_4290,懷舊2R相簿,,110,0,0,0,0,2025-08-30_17:40:05
241884,HYBRIS,,CLS,H0249001_S_4291,懷舊2R相簿,,110,0,0,0,0,2025-08-30_17:40:05
241884,HYBRIS,,CLS,H0249001_S_4292,懷舊2R相簿,,110,0,0,0,0,2025-08-30_17:40:05
241884,HYBRIS,,CLS,H0249001_S_4293,懷舊2R相簿,,110,0,0,0,0,2025-08-30_17:40:05
241884,HYBRIS,,CLS,H0249001_S_4315,雙妹嚜黑色環保袋,,110,0,0,0,0,2025-08-30_17:40:05
241884,HYBRIS,,CLS,H0249001_S_8808,馬賽皂 (檸檬),,110,0,0,0,0,2025-08-30_17:40:06
241884,HYBRIS,,CLS,H0249001_S_8809,馬賽皂 (蜜糖),,110,0,0,0,0,2025-08-30_17:40:06
241884,HYBRIS,,CLS,H0249001_S_8810,馬賽皂 (白檀),,110,0,0,0,0,2025-08-30_17:40:06
241884,HYBRIS,,CLS,H0249001_S_KC1100,指甲水,,110,0,0,0,0,2025-08-30_17:40:06
241884,HYBRIS,,CLS,H0249001_S_KC1101,指甲油 (藍紫色系),,110,0,0,0,0,2025-08-30_17:40:06
241884,HYBRIS,,CLS,H0249001_S_KC1102,指甲油 (藍紫色系),,110,0,0,0,0,2025-08-30_17:40:06
241884,HYBRIS,,CLS,H0249001_S_KC1103,指甲油 (藍紫色系),,110,0,0,0,0,2025-08-30_17:40:06
241884,HYBRIS,,CLS,H0249001_S_KC1105,指甲油 (藍紫色系),,110,0,0,0,0,2025-08-30_17:40:06
241884,HYBRIS,,CLS,H0249001_S_KC1106,指甲油 (紅色系),,110,0,0,0,0,2025-08-30_17:40:06
241884,HYBRIS,,CLS,H0249001_S_KC1107,指甲油 (紅色系),,110,0,0,0,0,2025-08-30_17:40:07
241884,HYBRIS,,CLS,H0249001_S_KC1108,指甲油 (紅色系),,110,0,0,0,0,2025-08-30_17:40:07
241884,HYBRIS,,CLS,H0249001_S_KC1112,指甲油 (藍紫色系),,110,0,0,0,0,2025-08-30_17:40:07
241884,HYBRIS,,CLS,H0249001_S_KC1113,指甲油 (紅色系),,110,0,0,0,0,2025-08-30_17:40:07
241884,HYBRIS,,CLS,H0249001_S_KC1116,指甲油 (彩色系),,110,0,0,0,0,2025-08-30_17:40:07
241884,HYBRIS,,CLS,H0249001_S_KC1121,指甲油 (紅色系),,110,0,0,0,0,2025-08-30_17:40:08
241884,HYBRIS,,CLS,H0249001_S_KC1123,指甲油 (紅色系),,110,0,0,0,0,2025-08-30_17:40:08
241884,HYBRIS,,CLS,H0249001_S_KC1124,指甲油 (紅色系),,110,0,0,0,0,2025-08-30_17:40:08
241884,HYBRIS,,CLS,H0249001_S_KC1127,指甲油 (彩色系),,110,0,0,0,0,2025-08-30_17:40:08
241884,HYBRIS,,CLS,H0249001_S_KC1129,指甲油 (彩色系),,110,0,0,0,0,2025-08-30_17:40:09
241884,HYBRIS,,CLS,H0249001_S_KC1130,指甲油 (彩色系),,110,0,0,0,0,2025-08-30_17:40:09
241884,HYBRIS,,CLS,H0249001_S_KC1131,指甲油 (彩色系),,110,0,0,0,0,2025-08-30_17:40:09
241884,HYBRIS,,CLS,H0249001_S_KC1134,指甲油 (紅色系),,110,0,0,0,0,2025-08-30_17:40:09
241884,HYBRIS,,CLS,H0249001_S_KC1137,指甲油 (色號 - 37透明),,110,0,0,0,0,2025-08-30_17:40:09
241884,HYBRIS,,CLS,H0249001_S_KC1139,指甲油 (彩色系),,110,0,0,0,0,2025-08-30_17:40:09
241884,HYBRIS,,CLS,H0249001_S_KC1146,指甲油 (藍紫色系),,110,0,0,0,0,2025-08-30_17:40:10
241884,HYBRIS,,CLS,H0249001_S_KC1148,指甲油 (彩色系),,110,0,0,0,0,2025-08-30_17:40:10
241884,HYBRIS,,CLS,H0249001_S_KC1152,指甲油 (紅色系),,110,0,0,0,0,2025-08-30_17:40:10
241884,HYBRIS,,CLS,H0249001_S_Q004,雙妹綿布袋 (白色),,110,0,0,0,0,2025-08-30_17:40:11
241884,HYBRIS,,CLS,H0249001_S_Q005,雙妹綿布袋 (自然色),,110,0,0,0,0,2025-08-30_17:40:11
241884,HYBRIS,,CLS,H0255001_S_21875,蒜油 250粒,,110,0,0,0,0,2025-08-30_17:40:11
241884,HYBRIS,,CLS,H0255001_S_21942,利筋諾 50粒,,110,0,0,0,0,2025-08-30_17:40:11
241884,HYBRIS,,CLS,H0255001_S_22993,乳薊果 60片,,110,0,0,0,0,2025-08-30_17:40:11
241884,HYBRIS,,CLS,H0255001_S_23452,葡萄籽加強配方 30片,,110,0,0,0,0,2025-08-30_17:40:11
241884,HYBRIS,,CLS,H0255001_S_24008,無腥味魚油1000 200粒,,110,0,0,0,0,2025-08-30_17:40:11
241884,HYBRIS,,CLS,H0255001_S_24177,葉黃素 60粒,,110,0,0,0,0,2025-08-30_17:40:12
241884,HYBRIS,,CLS,H0255001_S_24201,護眼山桑子 30片,,110,0,0,0,0,2025-08-30_17:40:12
241884,HYBRIS,,CLS,H0255001_S_24877,兒童果味魚油丸 30粒,,110,0,0,0,0,2025-08-30_17:40:12
241884,HYBRIS,,CLS,H0255001_S_25067,鋸櫚前列配方 60粒,,20,0,0,0,0,2025-08-30_17:40:12
241884,HYBRIS,,CLS,H0255001_S_25207,維他命D3 1000 30粒,,110,0,0,0,0,2025-08-30_17:40:12
241884,HYBRIS,,CLS,H0255001_S_25266,護養關節配方 60粒,,110,0,0,0,0,2025-08-30_17:40:13
241884,HYBRIS,,CLS,H0294001_S_120088,免沖洗保濕護髮乳,,110,0,0,0,0,2025-08-30_17:40:13
241884,HYBRIS,,CLS,H0294001_S_120295,潔淨控油洗髮露,,110,0,0,0,0,2025-08-30_17:40:13
241884,HYBRIS,,CLS,H0294001_S_120533,波浪捲髮精華露波浪捲髮精華露波浪捲髮精華露波浪捲髮精華露,,110,0,0,0,0,2025-08-30_17:40:13
241884,HYBRIS,,CLS,H0318002_S_812719,有機矢車菊花水 200ml,,130,0,0,0,0,2025-08-30_17:40:13
241884,HYBRIS,,CLS,H0318002_S_812724,有機大馬士革玫瑰花水 200ml,,130,0,0,0,0,2025-08-30_17:40:13
241884,HYBRIS,,CLS,H0318002_S_852974,有機3重蜂蜜潤澤身體乳霜 150ml,,10,0,0,0,0,2025-08-30_17:40:13
241884,HYBRIS,,CLS,H0318002_S_855281,有機3重蜂蜜潤澤身體磨砂 150g,,110,0,0,0,0,2025-08-30_17:40:13
241884,HYBRIS,,CLS,H0318002_S_86Z0004,有機防敏香體露 50ml,,105,0,0,0,0,2025-08-30_17:40:14
241884,HYBRIS,,CLS,H0539001_S_50159,Royal Touch 敏感肌適用產後專用衛生巾 L碼 (5片/包),,110,0,0,0,0,2025-08-30_17:40:14
241884,HYBRIS,,CLS,H0888001_S_10004619,特級魚露,,15,0,0,0,0,2025-08-30_17:40:14
241884,HYBRIS,,CLS,H0888001_S_10004625,南乳,,220,0,0,0,0,2025-08-30_17:40:14
241884,HYBRIS,,CLS,H0888001_S_10004645,爽口榨菜絲,,230,0,0,0,0,2025-08-30_17:40:14
241884,HYBRIS,,CLS,H0888001_S_10004649,辣香蘿蔔,,120,0,0,0,0,2025-08-30_17:40:14
241884,HYBRIS,,CLS,H0888001_S_10004653,陳醋蕎頭,,130,0,0,0,0,2025-08-30_17:40:14
241884,HYBRIS,,CLS,H0888001_S_10004654,甜酸蕎頭,,130,0,0,0,0,2025-08-30_17:40:14
241884,HYBRIS,,CLS,H0888001_S_10004666,鮑汁靈芝菇片,,220,0,0,0,0,2025-08-30_17:40:14
241884,HYBRIS,,CLS,H0888001_S_10005984,豬骨火鍋上湯,,270,0,0,0,0,2025-08-30_17:40:15
241884,HYBRIS,,CLS,H0888001_S_10005986,醉雞火鍋上湯,,270,0,0,0,0,2025-08-30_17:40:15
241884,HYBRIS,,CLS,H0888001_S_10007891,洋蔥南瓜馬鈴薯片,,10,0,0,0,0,2025-08-30_17:40:15
241884,HYBRIS,,CLS,H0888001_S_10009135,藍梅寒天果凍糖,,10,0,0,0,0,2025-08-30_17:40:15
241884,HYBRIS,,CLS,H0888001_S_10009139,蜂蜜檸檬寒天果凍糖,,10,0,0,0,0,2025-08-30_17:40:15
241884,HYBRIS,,CLS,H0888001_S_10009151,什錦軟糖,,220,0,0,0,0,2025-08-30_17:40:15
241884,HYBRIS,,CLS,H0888001_S_10009386,北海道扇貝味薯片,,10,0,0,0,0,2025-08-30_17:40:15
241884,HYBRIS,,CLS,H0888001_S_10009388,酥餅 (黑朱古力),,15,0,0,0,0,2025-08-30_17:40:15
241884,HYBRIS,,CLS,H0888001_S_10011987,好ｅ食 - 白汁煙肉磨菇意粉 (急凍),,210,0,0,0,0,2025-08-30_17:40:16
241884,HYBRIS,,CLS,H0888001_S_10007313,滋潤保濕乳霜,,12,0,0,0,0,2025-08-30_17:40:16
241884,HYBRIS,,CLS,H0888001_S_10022686,猴頭菇雪耳百合潤肺湯,,192,0,0,0,0,2025-08-30_17:40:16
241884,HYBRIS,,CLS,H0888001_S_10018925,白風船米餅-牛奶忌廉味,,500,0,0,0,0,2025-08-30_17:40:16
241890,IMAX_KERRY,,STS,H0888001_S_10012783,巴西牛胸腩粒 (急凍),IM00071466,1285,0,0,0,0,2025-08-30_18:19:00
241893,IMAX_KERRY,,WFS,H0888001_S_10012783,巴西牛胸腩粒 (急凍),IM00071467,50,0,0,0,0,2025-08-30_18:49:00
241896,HYBRIS,,RRS,H0888001_S_10012783,巴西牛胸腩粒 (急凍),,600,0,0,0,0,2025-08-30_19:19:00
241900,IMAX_KERRY,,RRS,H0888001_S_10012783,巴西牛胸腩粒 (急凍),IM00071469,700,0,0,0,0,2025-08-30_19:59:00
241902,HYBRIS,,HHS,H0249001_S_1272,AAA薰衣草沐浴露,,20,0,0,0,0,2025-08-30_20:09:02
241902,HYBRIS,,HHS,H0249001_S_1272s-74s,BBB薰衣草身體潔淨旅行套裝,,20,0,0,0,0,2025-08-30_20:09:02
241902,HYBRIS,,HHS,H0249001_S_1274,DDD薰衣草護髮素,,20,0,0,0,0,2025-08-30_20:09:02
241902,HYBRIS,,HHS,H0249001_S_1282s-84s,活花身體潔淨旅行套裝,,20,0,0,0,0,2025-08-30_20:09:02
241902,HYBRIS,,HHS,H0249001_S_1284,活花護髮素,,20,0,0,0,0,2025-08-30_20:09:02
241902,HYBRIS,,HHS,H0249001_S_1292,花露水沐浴露,,20,0,0,0,0,2025-08-30_20:09:02
241902,HYBRIS,,HHS,H0249001_S_1292s-94s,花露水身體潔淨旅行套裝一二三四五六,,20,0,0,0,0,2025-08-30_20:09:02
241902,HYBRIS,,HHS,H0249001_S_1293,花露水洗髮水,,20,0,0,0,0,2025-08-30_20:09:03
241902,HYBRIS,,HHS,H0249001_S_1294,花露水護髮素,,20,0,0,0,0,2025-08-30_20:09:03
241902,HYBRIS,,HHS,H0249001_S_2151,雪花膏,,20,0,0,0,0,2025-08-30_20:09:03
241902,HYBRIS,,HHS,H0249001_S_2152,活花潤手霜,,20,0,0,0,0,2025-08-30_20:09:03
241902,HYBRIS,,HHS,H0249001_S_2157,花露水香皂,,20,0,0,0,0,2025-08-30_20:09:03
241902,HYBRIS,,HHS,H0249001_S_2163,活花爽身粉 (玫瑰花香),,20,0,0,0,0,2025-08-30_20:09:03
241902,HYBRIS,,HHS,H0249001_S_2166,活花香皂,,20,0,0,0,0,2025-08-30_20:09:03
241902,HYBRIS,,HHS,H0249001_S_2167,活花止汗液,,20,0,0,0,0,2025-08-30_20:09:03
241902,HYBRIS,,HHS,H0249001_S_2177,迷你雪花膏,,20,0,0,0,0,2025-08-30_20:09:03
241902,HYBRIS,,HHS,H0249001_S_2181,EEE薰衣草味護髮油,,20,0,0,0,0,2025-08-30_20:09:04
241902,HYBRIS,,HHS,H0249001_S_2182,活花味護髮油  (玫瑰花香),,20,0,0,0,0,2025-08-30_20:09:04
241902,HYBRIS,,HHS,H0249001_S_2186,活花爽身粉 80克 (罐裝)（附柔軟粉撲）,,20,0,0,0,0,2025-08-30_20:09:04
241902,HYBRIS,,HHS,H0249001_S_2187,花露水爽身粉 80克 (罐裝)（附柔軟粉撲）,,20,0,0,0,0,2025-08-30_20:09:04
241902,HYBRIS,,HHS,H0249001_S_2188B,花露水濕紙巾 (20片),,20,0,0,0,0,2025-08-30_20:09:04
241902,HYBRIS,,HHS,H0249001_S_2198,花露水 (200毫升),,20,0,0,0,0,2025-08-30_20:09:04
241902,HYBRIS,,HHS,H0249001_S_2202,花露水 (100毫升),,20,0,0,0,0,2025-08-30_20:09:04
241902,HYBRIS,,HHS,H0249001_S_2204,花露水 (15毫升),,20,0,0,0,0,2025-08-30_20:09:04
241902,HYBRIS,,HHS,H0249001_S_2208,花露水 (10毫升),,20,0,0,0,0,2025-08-30_20:09:04
241902,HYBRIS,,HHS,H0249001_S_2209,花露水膏,,20,0,0,0,0,2025-08-30_20:09:04
241902,HYBRIS,,HHS,H0249001_S_4261,雙妹嚜復古記事簿,,20,0,0,0,0,2025-08-30_20:09:04
241902,HYBRIS,,HHS,H0249001_S_4281,雙妹嚜復古記事簿,,20,0,0,0,0,2025-08-30_20:09:04
241902,HYBRIS,,HHS,H0249001_S_4284,雙妹嚜復古拼圖,,20,0,0,0,0,2025-08-30_20:09:04
241902,HYBRIS,,HHS,H0249001_S_4286,雙妹嚜復古拼圖,,20,0,0,0,0,2025-08-30_20:09:04
241902,HYBRIS,,HHS,H0249001_S_4287,雙妹嚜復古拼圖,,20,0,0,0,0,2025-08-30_20:09:04
241902,HYBRIS,,HHS,H0249001_S_4290,懷舊2R相簿,,20,0,0,0,0,2025-08-30_20:09:04
241902,HYBRIS,,HHS,H0249001_S_4291,懷舊2R相簿,,20,0,0,0,0,2025-08-30_20:09:05
241902,HYBRIS,,HHS,H0249001_S_4292,懷舊2R相簿,,20,0,0,0,0,2025-08-30_20:09:05
241902,HYBRIS,,HHS,H0249001_S_4293,懷舊2R相簿,,20,0,0,0,0,2025-08-30_20:09:05
241902,HYBRIS,,HHS,H0249001_S_8808,馬賽皂 (檸檬),,20,0,0,0,0,2025-08-30_20:09:05
241902,HYBRIS,,HHS,H0249001_S_8809,馬賽皂 (蜜糖),,20,0,0,0,0,2025-08-30_20:09:05
241902,HYBRIS,,HHS,H0249001_S_8810,馬賽皂 (白檀),,20,0,0,0,0,2025-08-30_20:09:05
241902,HYBRIS,,HHS,H0249001_S_KC1100,指甲水,,20,0,0,0,0,2025-08-30_20:09:05
241902,HYBRIS,,HHS,H0249001_S_KC1101,指甲油 (藍紫色系),,20,0,0,0,0,2025-08-30_20:09:05
241902,HYBRIS,,HHS,H0249001_S_KC1102,指甲油 (藍紫色系),,20,0,0,0,0,2025-08-30_20:09:06
241902,HYBRIS,,HHS,H0249001_S_KC1103,指甲油 (藍紫色系),,20,0,0,0,0,2025-08-30_20:09:06
241902,HYBRIS,,HHS,H0249001_S_KC1105,指甲油 (藍紫色系),,20,0,0,0,0,2025-08-30_20:09:06
241902,HYBRIS,,HHS,H0249001_S_KC1106,指甲油 (紅色系),,20,0,0,0,0,2025-08-30_20:09:06
241902,HYBRIS,,HHS,H0249001_S_KC1107,指甲油 (紅色系),,20,0,0,0,0,2025-08-30_20:09:06
241902,HYBRIS,,HHS,H0249001_S_KC1108,指甲油 (紅色系),,20,0,0,0,0,2025-08-30_20:09:06
241902,HYBRIS,,HHS,H0249001_S_KC1112,指甲油 (藍紫色系),,20,0,0,0,0,2025-08-30_20:09:06
241902,HYBRIS,,HHS,H0249001_S_KC1113,指甲油 (紅色系),,20,0,0,0,0,2025-08-30_20:09:06
241902,HYBRIS,,HHS,H0249001_S_KC1116,指甲油 (彩色系),,20,0,0,0,0,2025-08-30_20:09:07
241902,HYBRIS,,HHS,H0249001_S_KC1121,指甲油 (紅色系),,20,0,0,0,0,2025-08-30_20:09:07
241902,HYBRIS,,HHS,H0249001_S_KC1123,指甲油 (紅色系),,20,0,0,0,0,2025-08-30_20:09:07
241902,HYBRIS,,HHS,H0249001_S_KC1124,指甲油 (紅色系),,20,0,0,0,0,2025-08-30_20:09:07
241902,HYBRIS,,HHS,H0249001_S_KC1127,指甲油 (彩色系),,20,0,0,0,0,2025-08-30_20:09:07
241902,HYBRIS,,HHS,H0249001_S_KC1129,指甲油 (彩色系),,20,0,0,0,0,2025-08-30_20:09:07
241902,HYBRIS,,HHS,H0249001_S_KC1130,指甲油 (彩色系),,20,0,0,0,0,2025-08-30_20:09:07
241902,HYBRIS,,HHS,H0249001_S_KC1131,指甲油 (彩色系),,20,0,0,0,0,2025-08-30_20:09:08
241902,HYBRIS,,HHS,H0249001_S_KC1134,指甲油 (紅色系),,20,0,0,0,0,2025-08-30_20:09:08
241902,HYBRIS,,HHS,H0249001_S_KC1137,指甲油 (色號 - 37透明),,20,0,0,0,0,2025-08-30_20:09:08
241902,HYBRIS,,HHS,H0249001_S_KC1139,指甲油 (彩色系),,20,0,0,0,0,2025-08-30_20:09:08
241902,HYBRIS,,HHS,H0249001_S_KC1146,指甲油 (藍紫色系),,20,0,0,0,0,2025-08-30_20:09:08
241902,HYBRIS,,HHS,H0249001_S_KC1148,指甲油 (彩色系),,20,0,0,0,0,2025-08-30_20:09:08
241902,HYBRIS,,HHS,H0249001_S_KC1152,指甲油 (紅色系),,20,0,0,0,0,2025-08-30_20:09:09
241902,HYBRIS,,HHS,H0249001_S_Q004,雙妹綿布袋 (白色),,20,0,0,0,0,2025-08-30_20:09:09
241902,HYBRIS,,HHS,H0249001_S_Q005,雙妹綿布袋 (自然色),,20,0,0,0,0,2025-08-30_20:09:09
241902,HYBRIS,,HHS,H0255001_S_21875,蒜油 250粒,,20,0,0,0,0,2025-08-30_20:09:09
241902,HYBRIS,,HHS,H0255001_S_21942,利筋諾 50粒,,20,0,0,0,0,2025-08-30_20:09:09
241902,HYBRIS,,HHS,H0255001_S_22993,乳薊果 60片,,20,0,0,0,0,2025-08-30_20:09:09
241902,HYBRIS,,HHS,H0255001_S_23452,葡萄籽加強配方 30片,,20,0,0,0,0,2025-08-30_20:09:09
241902,HYBRIS,,HHS,H0255001_S_24008,無腥味魚油1000 200粒,,20,0,0,0,0,2025-08-30_20:09:09
241902,HYBRIS,,HHS,H0255001_S_24177,葉黃素 60粒,,20,0,0,0,0,2025-08-30_20:09:09
241902,HYBRIS,,HHS,H0255001_S_24201,護眼山桑子 30片,,20,0,0,0,0,2025-08-30_20:09:09
241902,HYBRIS,,HHS,H0255001_S_24877,兒童果味魚油丸 30粒,,20,0,0,0,0,2025-08-30_20:09:10
241902,HYBRIS,,HHS,H0255001_S_25067,鋸櫚前列配方 60粒,,20,0,0,0,0,2025-08-30_20:09:10
241902,HYBRIS,,HHS,H0255001_S_25110,亞麻籽油植物奧米加369 100粒,,20,0,0,0,0,2025-08-30_20:09:10
241902,HYBRIS,,HHS,H0255001_S_25207,維他命D3 1000 30粒,,20,0,0,0,0,2025-08-30_20:09:10
241902,HYBRIS,,HHS,H0255001_S_25266,護養關節配方 60粒,,20,0,0,0,0,2025-08-30_20:09:10
241902,HYBRIS,,HHS,H0294001_S_120088,免沖洗保濕護髮乳,,20,0,0,0,0,2025-08-30_20:09:10
241902,HYBRIS,,HHS,H0294001_S_120295,潔淨控油洗髮露,,20,0,0,0,0,2025-08-30_20:09:10
241902,HYBRIS,,HHS,H0294001_S_120533,波浪捲髮精華露波浪捲髮精華露波浪捲髮精華露波浪捲髮精華露,,20,0,0,0,0,2025-08-30_20:09:11
241902,HYBRIS,,HHS,H0318002_S_812719,有機矢車菊花水 200ml,,20,0,0,0,0,2025-08-30_20:09:11
241902,HYBRIS,,HHS,H0318002_S_812724,有機大馬士革玫瑰花水 200ml,,20,0,0,0,0,2025-08-30_20:09:11
241902,HYBRIS,,HHS,H0318002_S_852974,有機3重蜂蜜潤澤身體乳霜 150ml,,20,0,0,0,0,2025-08-30_20:09:11
241902,HYBRIS,,HHS,H0318002_S_855281,有機3重蜂蜜潤澤身體磨砂 150g,,20,0,0,0,0,2025-08-30_20:09:11
241902,HYBRIS,,HHS,H0318002_S_861153,有機日用洗髮水 500ml,,20,0,0,0,0,2025-08-30_20:09:11
241902,HYBRIS,,HHS,H0318002_S_86Z0004,有機防敏香體露 50ml,,20,0,0,0,0,2025-08-30_20:09:11
241902,HYBRIS,,HHS,H0318002_S_86Z0005,有機乳木果油護髮素 150ml,,20,0,0,0,0,2025-08-30_20:09:11
241902,HYBRIS,,HHS,H0539001_S_50159,Royal Touch 敏感肌適用產後專用衛生巾 L碼 (5片/包),,20,0,0,0,0,2025-08-30_20:09:11
241908,HYBRIS,,CLS,H0888001_S_10011834,炸魚手指 (急凍),H250830001001,16,16,0,0,16,2025-08-30_22:09:00
241913,HYBRIS,,WFS,H0249001_S_1274,DDD薰衣草護髮素,,15,15,0,0,0,2025-08-30_23:40:02
241913,HYBRIS,,WFS,H0249001_S_2151,雪花膏,,5,5,0,0,0,2025-08-30_23:40:02
241913,HYBRIS,,WFS,H0249001_S_4290,懷舊2R相簿,,5,5,0,0,0,2025-08-30_23:40:04
241913,HYBRIS,,WFS,H0249001_S_KC1139,指甲油 (彩色系),,5,5,0,0,0,2025-08-30_23:40:06
241913,HYBRIS,,WFS,H0318002_S_812724,有機大馬士革玫瑰花水 200ml,,10,10,0,0,0,2025-08-30_23:40:08
241913,HYBRIS,,WFS,H0318002_S_855281,有機3重蜂蜜潤澤身體磨砂 150g,,10,10,0,0,0,2025-08-30_23:40:08
241913,HYBRIS,,WFS,H0318002_S_86Z0005,有機乳木果油護髮素 150ml,,5,5,0,0,0,2025-08-30_23:40:09
241913,HYBRIS,,WFS,H0888001_S_10005984,豬骨火鍋上湯,,105,105,0,0,0,2025-08-30_23:40:09
241913,HYBRIS,,WFS,H0888001_S_10005985,黑胡椒豬骨火鍋上湯,,15,15,0,0,0,2025-08-30_23:40:09
241926,HYBRIS,,TWS,H0859001_S_OS-620,uPure 2 潔淨濾水器2,,440,440,0,0,0,2025-08-31_00:00:00
241929,IMAX_STACKING,FROZEN,COB,H0888001_S_10022875,美國特選牛肩胛肥牛片 (急凍),IS00071475,520,520,0,0,0,2025-08-31_00:00:01
241929,IMAX_STACKING,FROZEN,COB,H0888001_S_10012511,西班牙咸豬手,IS00071475,1610,1610,0,0,0,2025-08-31_00:00:01
241929,IMAX_STACKING,FROZEN,COB,H0888001_S_10011849,美國大西洋野生響螺頭 M (急凍),IS00071475,3000,3000,0,0,0,2025-08-31_00:00:01
241929,IMAX_STACKING,FROZEN,COB,H0888001_S_10011848,日本煮食用帶子急凍急凍,IS00071475,990,990,0,0,0,2025-08-31_00:00:01
241933,HYBRIS,,COB,H0888001_S_10009135,藍梅寒天果凍糖,,1212,1212,0,0,0,2025-08-31_00:01:00
241933,HYBRIS,,COB,H0888001_S_10009139,蜂蜜檸檬寒天果凍糖,,1308,1308,0,0,0,2025-08-31_00:01:00
241933,HYBRIS,,COB,H0888001_S_10009151,什錦軟糖,,1420,1420,0,0,0,2025-08-31_00:01:00
241939,HYBRIS,,CLS,H0888001_S_10007313,滋潤保濕乳霜,,444,0,0,0,0,2025-08-31_10:09:00
241940,IMAX_STACKING,DRY,CLS,H0888001_S_10002195,大樽生啤 (日本版),IS00071478,12,0,0,0,0,2025-08-31_10:22:00
241942,HYBRIS,,CLS,H0888001_S_10133455,澳洲和牛漢堡扒 (急凍),,1020,0,0,0,0,2025-08-31_10:38:00
241942,HYBRIS,,CLS,H0888001_S_10133940,(澳洲直送!) 澳洲穀飼西冷牛扒 (2塊裝) (急凍),,1000,0,0,0,0,2025-08-31_10:38:00
241942,HYBRIS,,CLS,H0888001_S_10133453,澳洲M4+ 和牛西冷牛扒 (急凍),,330,0,0,0,0,2025-08-31_10:38:00
241942,HYBRIS,,CLS,H0888001_S_10018534,澳洲海參(禿參，又名花刺參) (急凍),,408,0,0,0,0,2025-08-31_10:38:00
241946,HYBRIS,,STS,H0249001_S_1272s-74s,BBB薰衣草身體潔淨旅行套裝,,210,0,0,0,0,2025-08-31_11:08:02
241946,HYBRIS,,STS,H0249001_S_1273,CCC薰衣草洗髮水,,140,0,0,0,0,2025-08-31_11:08:02
241946,HYBRIS,,STS,H0249001_S_1274,DDD薰衣草護髮素,,210,0,0,0,0,2025-08-31_11:08:02
241946,HYBRIS,,STS,H0249001_S_1282s-84s,活花身體潔淨旅行套裝,,210,0,0,0,0,2025-08-31_11:08:02
241946,HYBRIS,,STS,H0249001_S_1284,活花護髮素,,210,0,0,0,0,2025-08-31_11:08:02
241946,HYBRIS,,STS,H0249001_S_1292,花露水沐浴露,,210,0,0,0,0,2025-08-31_11:08:02
241946,HYBRIS,,STS,H0249001_S_1292s-94s,花露水身體潔淨旅行套裝一二三四五六,,210,0,0,0,0,2025-08-31_11:08:02
241946,HYBRIS,,STS,H0249001_S_1293,花露水洗髮水,,210,0,0,0,0,2025-08-31_11:08:02
241946,HYBRIS,,STS,H0249001_S_1294,花露水護髮素,,210,0,0,0,0,2025-08-31_11:08:03
241946,HYBRIS,,STS,H0249001_S_2151,雪花膏,,210,0,0,0,0,2025-08-31_11:08:03
241946,HYBRIS,,STS,H0249001_S_2152,活花潤手霜,,210,0,0,0,0,2025-08-31_11:08:03
241946,HYBRIS,,STS,H0249001_S_2157,花露水香皂,,210,0,0,0,0,2025-08-31_11:08:03
241946,HYBRIS,,STS,H0249001_S_2163,活花爽身粉 (玫瑰花香),,210,0,0,0,0,2025-08-31_11:08:03
241946,HYBRIS,,STS,H0249001_S_2166,活花香皂,,210,0,0,0,0,2025-08-31_11:08:03
241946,HYBRIS,,STS,H0249001_S_2167,活花止汗液,,210,0,0,0,0,2025-08-31_11:08:03
241946,HYBRIS,,STS,H0249001_S_2177,迷你雪花膏,,210,0,0,0,0,2025-08-31_11:08:03
241946,HYBRIS,,STS,H0249001_S_2181,EEE薰衣草味護髮油,,210,0,0,0,0,2025-08-31_11:08:03
241946,HYBRIS,,STS,H0249001_S_2182,活花味護髮油  (玫瑰花香),,210,0,0,0,0,2025-08-31_11:08:03
241946,HYBRIS,,STS,H0249001_S_2186,活花爽身粉 80克 (罐裝)（附柔軟粉撲）,,210,0,0,0,0,2025-08-31_11:08:03
241946,HYBRIS,,STS,H0249001_S_2187,花露水爽身粉 80克 (罐裝)（附柔軟粉撲）,,210,0,0,0,0,2025-08-31_11:08:03
241946,HYBRIS,,STS,H0249001_S_2188B,花露水濕紙巾 (20片),,210,0,0,0,0,2025-08-31_11:08:03
241946,HYBRIS,,STS,H0249001_S_2198,花露水 (200毫升),,210,0,0,0,0,2025-08-31_11:08:03
241946,HYBRIS,,STS,H0249001_S_2202,花露水 (100毫升),,210,0,0,0,0,2025-08-31_11:08:04
241946,HYBRIS,,STS,H0249001_S_2204,花露水 (15毫升),,210,0,0,0,0,2025-08-31_11:08:04
241946,HYBRIS,,STS,H0249001_S_2208,花露水 (10毫升),,210,0,0,0,0,2025-08-31_11:08:04
241946,HYBRIS,,STS,H0249001_S_2209,花露水膏,,210,0,0,0,0,2025-08-31_11:08:04
241946,HYBRIS,,STS,H0249001_S_4261,雙妹嚜復古記事簿,,210,0,0,0,0,2025-08-31_11:08:04
241946,HYBRIS,,STS,H0249001_S_4281,雙妹嚜復古記事簿,,210,0,0,0,0,2025-08-31_11:08:04
241946,HYBRIS,,STS,H0249001_S_4284,雙妹嚜復古拼圖,,210,0,0,0,0,2025-08-31_11:08:04
241946,HYBRIS,,STS,H0249001_S_4286,雙妹嚜復古拼圖,,210,0,0,0,0,2025-08-31_11:08:04
241946,HYBRIS,,STS,H0249001_S_4287,雙妹嚜復古拼圖,,210,0,0,0,0,2025-08-31_11:08:04
241946,HYBRIS,,STS,H0249001_S_4290,懷舊2R相簿,,210,0,0,0,0,2025-08-31_11:08:05
241946,HYBRIS,,STS,H0249001_S_4291,懷舊2R相簿,,210,0,0,0,0,2025-08-31_11:08:05
241946,HYBRIS,,STS,H0249001_S_4292,懷舊2R相簿,,210,0,0,0,0,2025-08-31_11:08:05
241946,HYBRIS,,STS,H0249001_S_4293,懷舊2R相簿,,210,0,0,0,0,2025-08-31_11:08:05
241946,HYBRIS,,STS,H0249001_S_4315,雙妹嚜黑色環保袋,,210,0,0,0,0,2025-08-31_11:08:05
241946,HYBRIS,,STS,H0249001_S_8808,馬賽皂 (檸檬),,210,0,0,0,0,2025-08-31_11:08:05
241946,HYBRIS,,STS,H0249001_S_8809,馬賽皂 (蜜糖),,210,0,0,0,0,2025-08-31_11:08:05
241946,HYBRIS,,STS,H0249001_S_8810,馬賽皂 (白檀),,210,0,0,0,0,2025-08-31_11:08:05
241946,HYBRIS,,STS,H0249001_S_KC1100,指甲水,,210,0,0,0,0,2025-08-31_11:08:05
241946,HYBRIS,,STS,H0249001_S_KC1101,指甲油 (藍紫色系),,210,0,0,0,0,2025-08-31_11:08:05
241946,HYBRIS,,STS,H0249001_S_KC1102,指甲油 (藍紫色系),,210,0,0,0,0,2025-08-31_11:08:06
241946,HYBRIS,,STS,H0249001_S_KC1103,指甲油 (藍紫色系),,210,0,0,0,0,2025-08-31_11:08:06
241946,HYBRIS,,STS,H0249001_S_KC1105,指甲油 (藍紫色系),,210,0,0,0,0,2025-08-31_11:08:06
241946,HYBRIS,,STS,H0249001_S_KC1106,指甲油 (紅色系),,210,0,0,0,0,2025-08-31_11:08:06
241946,HYBRIS,,STS,H0249001_S_KC1107,指甲油 (紅色系),,210,0,0,0,0,2025-08-31_11:08:06
241946,HYBRIS,,STS,H0249001_S_KC1108,指甲油 (紅色系),,210,0,0,0,0,2025-08-31_11:08:06
241946,HYBRIS,,STS,H0249001_S_KC1112,指甲油 (藍紫色系),,210,0,0,0,0,2025-08-31_11:08:06
241946,HYBRIS,,STS,H0249001_S_KC1113,指甲油 (紅色系),,210,0,0,0,0,2025-08-31_11:08:06
241946,HYBRIS,,STS,H0249001_S_KC1116,指甲油 (彩色系),,210,0,0,0,0,2025-08-31_11:08:07
241946,HYBRIS,,STS,H0249001_S_KC1121,指甲油 (紅色系),,210,0,0,0,0,2025-08-31_11:08:07
241946,HYBRIS,,STS,H0249001_S_KC1123,指甲油 (紅色系),,210,0,0,0,0,2025-08-31_11:08:07
241946,HYBRIS,,STS,H0249001_S_KC1124,指甲油 (紅色系),,210,0,0,0,0,2025-08-31_11:08:07
241946,HYBRIS,,STS,H0249001_S_KC1127,指甲油 (彩色系),,210,0,0,0,0,2025-08-31_11:08:07
241946,HYBRIS,,STS,H0249001_S_KC1129,指甲油 (彩色系),,210,0,0,0,0,2025-08-31_11:08:07
241946,HYBRIS,,STS,H0249001_S_KC1130,指甲油 (彩色系),,210,0,0,0,0,2025-08-31_11:08:07
241946,HYBRIS,,STS,H0249001_S_KC1131,指甲油 (彩色系),,210,0,0,0,0,2025-08-31_11:08:08
241946,HYBRIS,,STS,H0249001_S_KC1134,指甲油 (紅色系),,210,0,0,0,0,2025-08-31_11:08:08
241946,HYBRIS,,STS,H0249001_S_KC1137,指甲油 (色號 - 37透明),,210,0,0,0,0,2025-08-31_11:08:08
241946,HYBRIS,,STS,H0249001_S_KC1139,指甲油 (彩色系),,210,0,0,0,0,2025-08-31_11:08:08
241946,HYBRIS,,STS,H0249001_S_KC1146,指甲油 (藍紫色系),,210,0,0,0,0,2025-08-31_11:08:08
241946,HYBRIS,,STS,H0249001_S_KC1148,指甲油 (彩色系),,210,0,0,0,0,2025-08-31_11:08:08
241946,HYBRIS,,STS,H0249001_S_KC1152,指甲油 (紅色系),,210,0,0,0,0,2025-08-31_11:08:08
241946,HYBRIS,,STS,H0249001_S_Q004,雙妹綿布袋 (白色),,210,0,0,0,0,2025-08-31_11:08:08
241946,HYBRIS,,STS,H0249001_S_Q005,雙妹綿布袋 (自然色),,210,0,0,0,0,2025-08-31_11:08:09
241946,HYBRIS,,STS,H0255001_S_21875,蒜油 250粒,,210,0,0,0,0,2025-08-31_11:08:09
241946,HYBRIS,,STS,H0255001_S_21942,利筋諾 50粒,,210,0,0,0,0,2025-08-31_11:08:09
241946,HYBRIS,,STS,H0255001_S_22993,乳薊果 60片,,210,0,0,0,0,2025-08-31_11:08:09
241946,HYBRIS,,STS,H0255001_S_23452,葡萄籽加強配方 30片,,210,0,0,0,0,2025-08-31_11:08:09
241946,HYBRIS,,STS,H0255001_S_24008,無腥味魚油1000 200粒,,210,0,0,0,0,2025-08-31_11:08:09
241946,HYBRIS,,STS,H0255001_S_24177,葉黃素 60粒,,210,0,0,0,0,2025-08-31_11:08:09
241946,HYBRIS,,STS,H0255001_S_24201,護眼山桑子 30片,,210,0,0,0,0,2025-08-31_11:08:09
241946,HYBRIS,,STS,H0255001_S_24877,兒童果味魚油丸 30粒,,210,0,0,0,0,2025-08-31_11:08:09
241946,HYBRIS,,STS,H0255001_S_25067,鋸櫚前列配方 60粒,,210,0,0,0,0,2025-08-31_11:08:09
241946,HYBRIS,,STS,H0255001_S_25110,亞麻籽油植物奧米加369 100粒,,210,0,0,0,0,2025-08-31_11:08:09
241946,HYBRIS,,STS,H0255001_S_25207,維他命D3 1000 30粒,,210,0,0,0,0,2025-08-31_11:08:09
241946,HYBRIS,,STS,H0255001_S_25266,護養關節配方 60粒,,210,0,0,0,0,2025-08-31_11:08:09
241946,HYBRIS,,STS,H0294001_S_120088,免沖洗保濕護髮乳,,210,0,0,0,0,2025-08-31_11:08:09
241946,HYBRIS,,STS,H0294001_S_120295,潔淨控油洗髮露,,210,0,0,0,0,2025-08-31_11:08:09
241946,HYBRIS,,STS,H0294001_S_120533,波浪捲髮精華露波浪捲髮精華露波浪捲髮精華露波浪捲髮精華露,,210,0,0,0,0,2025-08-31_11:08:09
241946,HYBRIS,,STS,H0318002_S_812719,有機矢車菊花水 200ml,,210,0,0,0,0,2025-08-31_11:08:09
241946,HYBRIS,,STS,H0318002_S_812724,有機大馬士革玫瑰花水 200ml,,210,0,0,0,0,2025-08-31_11:08:09
241946,HYBRIS,,STS,H0318002_S_852974,有機3重蜂蜜潤澤身體乳霜 150ml,,210,0,0,0,0,2025-08-31_11:08:10
241946,HYBRIS,,STS,H0318002_S_855281,有機3重蜂蜜潤澤身體磨砂 150g,,210,0,0,0,0,2025-08-31_11:08:10
241946,HYBRIS,,STS,H0318002_S_861153,有機日用洗髮水 500ml,,210,0,0,0,0,2025-08-31_11:08:10
241946,HYBRIS,,STS,H0318002_S_86Z0004,有機防敏香體露 50ml,,210,0,0,0,0,2025-08-31_11:08:10
241946,HYBRIS,,STS,H0318002_S_86Z0005,有機乳木果油護髮素 150ml,,210,0,0,0,0,2025-08-31_11:08:10
241946,HYBRIS,,STS,H0539001_S_50159,Royal Touch 敏感肌適用產後專用衛生巾 L碼 (5片/包),,210,0,0,0,0,2025-08-31_11:08:10
241946,HYBRIS,,STS,H0888001_S_10004619,特級魚露,,125,0,0,0,0,2025-08-31_11:08:10
241946,HYBRIS,,STS,H0888001_S_10004625,南乳,,120,0,0,0,0,2025-08-31_11:08:10
241946,HYBRIS,,STS,H0888001_S_10004645,爽口榨菜絲,,130,0,0,0,0,2025-08-31_11:08:10
241946,HYBRIS,,STS,H0888001_S_10004653,陳醋蕎頭,,30,0,0,0,0,2025-08-31_11:08:10
241946,HYBRIS,,STS,H0888001_S_10004654,甜酸蕎頭,,30,0,0,0,0,2025-08-31_11:08:10
241946,HYBRIS,,STS,H0888001_S_10004666,鮑汁靈芝菇片,,120,0,0,0,0,2025-08-31_11:08:10
241946,HYBRIS,,STS,H0888001_S_10005984,豬骨火鍋上湯,,170,0,0,0,0,2025-08-31_11:08:10
241946,HYBRIS,,STS,H0888001_S_10005986,醉雞火鍋上湯,,170,0,0,0,0,2025-08-31_11:08:11
241946,HYBRIS,,STS,H0888001_S_10007891,洋蔥南瓜馬鈴薯片,,125,0,0,0,0,2025-08-31_11:08:11
241946,HYBRIS,,STS,H0888001_S_10009135,藍梅寒天果凍糖,,125,0,0,0,0,2025-08-31_11:08:11
241946,HYBRIS,,STS,H0888001_S_10009139,蜂蜜檸檬寒天果凍糖,,125,0,0,0,0,2025-08-31_11:08:11
241946,HYBRIS,,STS,H0888001_S_10009151,什錦軟糖,,140,0,0,0,0,2025-08-31_11:08:11
241946,HYBRIS,,STS,H0888001_S_10009386,北海道扇貝味薯片,,125,0,0,0,0,2025-08-31_11:08:11
241946,HYBRIS,,STS,H0888001_S_10009388,酥餅 (黑朱古力),,130,0,0,0,0,2025-08-31_11:08:11
241946,HYBRIS,,STS,H0888001_S_10009609,星球大戰系列珍寶珠 (隨機派送),,125,0,0,0,0,2025-08-31_11:08:11
241946,HYBRIS,,STS,H0888001_S_10009610,湖池屋激辣魔薯香辣芝士味薯片,,135,0,0,0,0,2025-08-31_11:08:11
241946,HYBRIS,,STS,H0888001_S_10011987,好ｅ食 - 白汁煙肉磨菇意粉 (急凍),,125,0,0,0,0,2025-08-31_11:08:11
241946,HYBRIS,,STS,H0888001_S_10018925,白風船米餅-牛奶忌廉味,,125,0,0,0,0,2025-08-31_11:08:11
241946,HYBRIS,,STS,H0888001_S_10022686,猴頭菇雪耳百合潤肺湯,,120,0,0,0,0,2025-08-31_11:08:11
241948,HYBRIS,,WFS,H0888001_S_10012013,Bibigo 韓式傳統脆皮煎餃 (急凍),,150,150,0,0,0,2025-08-31_11:25:00
241951,HYBRIS,,CLS,H0888001_S_10007313,滋潤保濕乳霜,,12,0,0,0,0,2025-08-31_11:42:00
241959,HYBRIS,,TWS,H0888001_S_10008283,燕麥脆條 - 蜜糖★燕麥,,36,36,0,0,0,2025-08-31_13:00:00
241963,IMAX_KERRY,,CLS,H0888001_S_10012783,巴西牛胸腩粒 (急凍),IM00071485,784,784,0,0,0,2025-08-31_13:32:00
241964,HYBRIS,,LPS,H0888001_S_10012783,巴西牛胸腩粒 (急凍),,8,8,0,0,0,2025-08-31_13:49:00
241969,HYBRIS,,CLS,H0888001_S_10004649,辣香蘿蔔,,2900,0,0,0,0,2025-08-31_14:19:00
241969,HYBRIS,,CLS,H0888001_S_10007313,滋潤保濕乳霜,,27,0,0,0,0,2025-08-31_14:19:00
241991,HYBRIS,,CLS,H0888001_S_10007313,滋潤保濕乳霜,,108,0,0,0,0,2025-08-31_16:41:00
241994,HYBRIS,,RRS,H0888001_S_10018534,澳洲海參(禿參，又名花刺參) (急凍),,96,0,0,0,0,2025-08-31_16:50:00
242000,IMAX_STACKING,CHILLED,CLS,H0888001_S_10012783,巴西牛胸腩粒 (急凍),IS00071490,5000,0,0,0,0,2025-08-31_17:10:00
242001,IMAX_STACKING,DRY,CLS,H0255001_S_25116,健腦高濃度深海魚油 60粒,IS00071491,290,0,0,0,0,2025-08-31_17:10:00
242004,HYBRIS,,CLS,H0249001_S_1272s-74s,BBB薰衣草身體潔淨旅行套裝,,110,0,0,0,0,2025-08-31_17:40:01
242004,HYBRIS,,CLS,H0249001_S_1274,DDD薰衣草護髮素,,10,0,0,0,0,2025-08-31_17:40:01
242004,HYBRIS,,CLS,H0249001_S_1282s-84s,活花身體潔淨旅行套裝,,110,0,0,0,0,2025-08-31_17:40:01
242004,HYBRIS,,CLS,H0249001_S_1284,活花護髮素,,110,0,0,0,0,2025-08-31_17:40:01
242004,HYBRIS,,CLS,H0249001_S_1292,花露水沐浴露,,110,0,0,0,0,2025-08-31_17:40:01
242004,HYBRIS,,CLS,H0249001_S_1292s-94s,花露水身體潔淨旅行套裝一二三四五六,,110,0,0,0,0,2025-08-31_17:40:01
242004,HYBRIS,,CLS,H0249001_S_1293,花露水洗髮水,,110,0,0,0,0,2025-08-31_17:40:01
242004,HYBRIS,,CLS,H0249001_S_1294,花露水護髮素,,110,0,0,0,0,2025-08-31_17:40:01
242004,HYBRIS,,CLS,H0249001_S_2151,雪花膏,,120,0,0,0,0,2025-08-31_17:40:02
242004,HYBRIS,,CLS,H0249001_S_2152,活花潤手霜,,110,0,0,0,0,2025-08-31_17:40:02
242004,HYBRIS,,CLS,H0249001_S_2157,花露水香皂,,10,0,0,0,0,2025-08-31_17:40:02
242004,HYBRIS,,CLS,H0249001_S_2163,活花爽身粉 (玫瑰花香),,120,0,0,0,0,2025-08-31_17:40:02
242004,HYBRIS,,CLS,H0249001_S_2166,活花香皂,,120,0,0,0,0,2025-08-31_17:40:02
242004,HYBRIS,,CLS,H0249001_S_2167,活花止汗液,,120,0,0,0,0,2025-08-31_17:40:02
242004,HYBRIS,,CLS,H0249001_S_2177,迷你雪花膏,,110,0,0,0,0,2025-08-31_17:40:02
242004,HYBRIS,,CLS,H0249001_S_2181,EEE薰衣草味護髮油,,110,0,0,0,0,2025-08-31_17:40:02
242004,HYBRIS,,CLS,H0249001_S_2182,活花味護髮油  (玫瑰花香),,110,0,0,0,0,2025-08-31_17:40:02
242004,HYBRIS,,CLS,H0249001_S_2186,活花爽身粉 80克 (罐裝)（附柔軟粉撲）,,110,0,0,0,0,2025-08-31_17:40:02
242004,HYBRIS,,CLS,H0249001_S_2187,花露水爽身粉 80克 (罐裝)（附柔軟粉撲）,,110,0,0,0,0,2025-08-31_17:40:02
242004,HYBRIS,,CLS,H0249001_S_2188B,花露水濕紙巾 (20片),,110,0,0,0,0,2025-08-31_17:40:02
242004,HYBRIS,,CLS,H0249001_S_2198,花露水 (200毫升),,110,0,0,0,0,2025-08-31_17:40:02
242004,HYBRIS,,CLS,H0249001_S_2202,花露水 (100毫升),,110,0,0,0,0,2025-08-31_17:40:03
242004,HYBRIS,,CLS,H0249001_S_2204,花露水 (15毫升),,110,0,0,0,0,2025-08-31_17:40:03
242004,HYBRIS,,CLS,H0249001_S_2208,花露水 (10毫升),,110,0,0,0,0,2025-08-31_17:40:03
242004,HYBRIS,,CLS,H0249001_S_2209,花露水膏,,110,0,0,0,0,2025-08-31_17:40:03
242004,HYBRIS,,CLS,H0249001_S_4261,雙妹嚜復古記事簿,,110,0,0,0,0,2025-08-31_17:40:03
242004,HYBRIS,,CLS,H0249001_S_4281,雙妹嚜復古記事簿,,110,0,0,0,0,2025-08-31_17:40:03
242004,HYBRIS,,CLS,H0249001_S_4284,雙妹嚜復古拼圖,,110,0,0,0,0,2025-08-31_17:40:03
242004,HYBRIS,,CLS,H0249001_S_4286,雙妹嚜復古拼圖,,110,0,0,0,0,2025-08-31_17:40:03
242004,HYBRIS,,CLS,H0249001_S_4287,雙妹嚜復古拼圖,,110,0,0,0,0,2025-08-31_17:40:03
242004,HYBRIS,,CLS,H0249001_S_4290,懷舊2R相簿,,110,0,0,0,0,2025-08-31_17:40:03
242004,HYBRIS,,CLS,H0249001_S_4291,懷舊2R相簿,,110,0,0,0,0,2025-08-31_17:40:03
242004,HYBRIS,,CLS,H0249001_S_4292,懷舊2R相簿,,110,0,0,0,0,2025-08-31_17:40:03
242004,HYBRIS,,CLS,H0249001_S_4293,懷舊2R相簿,,110,0,0,0,0,2025-08-31_17:40:03
242004,HYBRIS,,CLS,H0249001_S_4315,雙妹嚜黑色環保袋,,110,0,0,0,0,2025-08-31_17:40:03
242004,HYBRIS,,CLS,H0249001_S_8808,馬賽皂 (檸檬),,110,0,0,0,0,2025-08-31_17:40:03
242004,HYBRIS,,CLS,H0249001_S_8809,馬賽皂 (蜜糖),,110,0,0,0,0,2025-08-31_17:40:03
242004,HYBRIS,,CLS,H0249001_S_8810,馬賽皂 (白檀),,110,0,0,0,0,2025-08-31_17:40:04
242004,HYBRIS,,CLS,H0249001_S_KC1100,指甲水,,110,0,0,0,0,2025-08-31_17:40:04
242004,HYBRIS,,CLS,H0249001_S_KC1101,指甲油 (藍紫色系),,110,0,0,0,0,2025-08-31_17:40:04
242004,HYBRIS,,CLS,H0249001_S_KC1102,指甲油 (藍紫色系),,110,0,0,0,0,2025-08-31_17:40:04
242004,HYBRIS,,CLS,H0249001_S_KC1103,指甲油 (藍紫色系),,110,0,0,0,0,2025-08-31_17:40:04
242004,HYBRIS,,CLS,H0249001_S_KC1105,指甲油 (藍紫色系),,110,0,0,0,0,2025-08-31_17:40:04
242004,HYBRIS,,CLS,H0249001_S_KC1106,指甲油 (紅色系),,110,0,0,0,0,2025-08-31_17:40:04
242004,HYBRIS,,CLS,H0249001_S_KC1107,指甲油 (紅色系),,110,0,0,0,0,2025-08-31_17:40:04
242004,HYBRIS,,CLS,H0249001_S_KC1108,指甲油 (紅色系),,110,0,0,0,0,2025-08-31_17:40:04
242004,HYBRIS,,CLS,H0249001_S_KC1112,指甲油 (藍紫色系),,110,0,0,0,0,2025-08-31_17:40:04
242004,HYBRIS,,CLS,H0249001_S_KC1113,指甲油 (紅色系),,110,0,0,0,0,2025-08-31_17:40:04
242004,HYBRIS,,CLS,H0249001_S_KC1116,指甲油 (彩色系),,110,0,0,0,0,2025-08-31_17:40:04
242004,HYBRIS,,CLS,H0249001_S_KC1121,指甲油 (紅色系),,110,0,0,0,0,2025-08-31_17:40:05
242004,HYBRIS,,CLS,H0249001_S_KC1123,指甲油 (紅色系),,110,0,0,0,0,2025-08-31_17:40:05
242004,HYBRIS,,CLS,H0249001_S_KC1124,指甲油 (紅色系),,110,0,0,0,0,2025-08-31_17:40:05
242004,HYBRIS,,CLS,H0249001_S_KC1127,指甲油 (彩色系),,110,0,0,0,0,2025-08-31_17:40:05
242004,HYBRIS,,CLS,H0249001_S_KC1129,指甲油 (彩色系),,110,0,0,0,0,2025-08-31_17:40:05
242004,HYBRIS,,CLS,H0249001_S_KC1130,指甲油 (彩色系),,110,0,0,0,0,2025-08-31_17:40:05
242004,HYBRIS,,CLS,H0249001_S_KC1131,指甲油 (彩色系),,110,0,0,0,0,2025-08-31_17:40:05
242004,HYBRIS,,CLS,H0249001_S_KC1134,指甲油 (紅色系),,110,0,0,0,0,2025-08-31_17:40:05
242004,HYBRIS,,CLS,H0249001_S_KC1137,指甲油 (色號 - 37透明),,110,0,0,0,0,2025-08-31_17:40:05
242004,HYBRIS,,CLS,H0249001_S_KC1139,指甲油 (彩色系),,110,0,0,0,0,2025-08-31_17:40:05
242004,HYBRIS,,CLS,H0249001_S_KC1146,指甲油 (藍紫色系),,110,0,0,0,0,2025-08-31_17:40:06
242004,HYBRIS,,CLS,H0249001_S_KC1148,指甲油 (彩色系),,110,0,0,0,0,2025-08-31_17:40:06
242004,HYBRIS,,CLS,H0249001_S_KC1152,指甲油 (紅色系),,110,0,0,0,0,2025-08-31_17:40:06
242004,HYBRIS,,CLS,H0249001_S_Q004,雙妹綿布袋 (白色),,110,0,0,0,0,2025-08-31_17:40:06
242004,HYBRIS,,CLS,H0249001_S_Q005,雙妹綿布袋 (自然色),,110,0,0,0,0,2025-08-31_17:40:06
242004,HYBRIS,,CLS,H0255001_S_21875,蒜油 250粒,,110,0,0,0,0,2025-08-31_17:40:06
242004,HYBRIS,,CLS,H0255001_S_21942,利筋諾 50粒,,110,0,0,0,0,2025-08-31_17:40:07
242004,HYBRIS,,CLS,H0255001_S_22993,乳薊果 60片,,110,0,0,0,0,2025-08-31_17:40:07
242004,HYBRIS,,CLS,H0255001_S_23452,葡萄籽加強配方 30片,,110,0,0,0,0,2025-08-31_17:40:07
242004,HYBRIS,,CLS,H0255001_S_24008,無腥味魚油1000 200粒,,110,0,0,0,0,2025-08-31_17:40:07
242004,HYBRIS,,CLS,H0255001_S_24177,葉黃素 60粒,,110,0,0,0,0,2025-08-31_17:40:07
242004,HYBRIS,,CLS,H0255001_S_24201,護眼山桑子 30片,,110,0,0,0,0,2025-08-31_17:40:07
242004,HYBRIS,,CLS,H0255001_S_24877,兒童果味魚油丸 30粒,,110,0,0,0,0,2025-08-31_17:40:07
242004,HYBRIS,,CLS,H0255001_S_25067,鋸櫚前列配方 60粒,,20,0,0,0,0,2025-08-31_17:40:07
242004,HYBRIS,,CLS,H0255001_S_25207,維他命D3 1000 30粒,,110,0,0,0,0,2025-08-31_17:40:07
242004,HYBRIS,,CLS,H0255001_S_25266,護養關節配方 60粒,,110,0,0,0,0,2025-08-31_17:40:07
242004,HYBRIS,,CLS,H0294001_S_120088,免沖洗保濕護髮乳,,110,0,0,0,0,2025-08-31_17:40:07
242004,HYBRIS,,CLS,H0294001_S_120295,潔淨控油洗髮露,,110,0,0,0,0,2025-08-31_17:40:08
242004,HYBRIS,,CLS,H0294001_S_120533,波浪捲髮精華露波浪捲髮精華露波浪捲髮精華露波浪捲髮精華露,,110,0,0,0,0,2025-08-31_17:40:08
242004,HYBRIS,,CLS,H0318002_S_812719,有機矢車菊花水 200ml,,130,0,0,0,0,2025-08-31_17:40:08
242004,HYBRIS,,CLS,H0318002_S_812724,有機大馬士革玫瑰花水 200ml,,130,0,0,0,0,2025-08-31_17:40:08
242004,HYBRIS,,CLS,H0318002_S_852974,有機3重蜂蜜潤澤身體乳霜 150ml,,10,0,0,0,0,2025-08-31_17:40:08
242004,HYBRIS,,CLS,H0318002_S_855281,有機3重蜂蜜潤澤身體磨砂 150g,,110,0,0,0,0,2025-08-31_17:40:08
242004,HYBRIS,,CLS,H0318002_S_86Z0004,有機防敏香體露 50ml,,105,0,0,0,0,2025-08-31_17:40:08
242004,HYBRIS,,CLS,H0539001_S_50159,Royal Touch 敏感肌適用產後專用衛生巾 L碼 (5片/包),,110,0,0,0,0,2025-08-31_17:40:08
242004,HYBRIS,,CLS,H0888001_S_10004619,特級魚露,,15,0,0,0,0,2025-08-31_17:40:08
242004,HYBRIS,,CLS,H0888001_S_10004625,南乳,,220,0,0,0,0,2025-08-31_17:40:08
242004,HYBRIS,,CLS,H0888001_S_10004645,爽口榨菜絲,,230,0,0,0,0,2025-08-31_17:40:08
242004,HYBRIS,,CLS,H0888001_S_10004649,辣香蘿蔔,,120,0,0,0,0,2025-08-31_17:40:08
242004,HYBRIS,,CLS,H0888001_S_10004653,陳醋蕎頭,,130,0,0,0,0,2025-08-31_17:40:08
242004,HYBRIS,,CLS,H0888001_S_10004654,甜酸蕎頭,,130,0,0,0,0,2025-08-31_17:40:08
242004,HYBRIS,,CLS,H0888001_S_10004666,鮑汁靈芝菇片,,220,0,0,0,0,2025-08-31_17:40:08
242004,HYBRIS,,CLS,H0888001_S_10005984,豬骨火鍋上湯,,270,0,0,0,0,2025-08-31_17:40:08
242004,HYBRIS,,CLS,H0888001_S_10005986,醉雞火鍋上湯,,270,0,0,0,0,2025-08-31_17:40:09
242004,HYBRIS,,CLS,H0888001_S_10007891,洋蔥南瓜馬鈴薯片,,10,0,0,0,0,2025-08-31_17:40:09
242004,HYBRIS,,CLS,H0888001_S_10009135,藍梅寒天果凍糖,,10,0,0,0,0,2025-08-31_17:40:09
242004,HYBRIS,,CLS,H0888001_S_10009139,蜂蜜檸檬寒天果凍糖,,10,0,0,0,0,2025-08-31_17:40:09
242004,HYBRIS,,CLS,H0888001_S_10009151,什錦軟糖,,220,0,0,0,0,2025-08-31_17:40:09
242004,HYBRIS,,CLS,H0888001_S_10009386,北海道扇貝味薯片,,10,0,0,0,0,2025-08-31_17:40:09
242004,HYBRIS,,CLS,H0888001_S_10009388,酥餅 (黑朱古力),,15,0,0,0,0,2025-08-31_17:40:09
242004,HYBRIS,,CLS,H0888001_S_10011987,好ｅ食 - 白汁煙肉磨菇意粉 (急凍),,210,0,0,0,0,2025-08-31_17:40:09
242004,HYBRIS,,CLS,H0888001_S_10007313,滋潤保濕乳霜,,12,0,0,0,0,2025-08-31_17:40:09
242004,HYBRIS,,CLS,H0888001_S_10022686,猴頭菇雪耳百合潤肺湯,,192,0,0,0,0,2025-08-31_17:40:09
242004,HYBRIS,,CLS,H0888001_S_10018925,白風船米餅-牛奶忌廉味,,500,0,0,0,0,2025-08-31_17:40:09
242010,IMAX_KERRY,,STS,H0888001_S_10012725,日式浦燒鰻魚 (急凍),IM00071494,150,150,150,0,0,2025-08-31_18:19:00
242022,HYBRIS,,HHS,H0249001_S_1272,AAA薰衣草沐浴露,,20,0,0,0,0,2025-08-31_20:09:01
242022,HYBRIS,,HHS,H0249001_S_1272s-74s,BBB薰衣草身體潔淨旅行套裝,,20,0,0,0,0,2025-08-31_20:09:01
242022,HYBRIS,,HHS,H0249001_S_1274,DDD薰衣草護髮素,,20,0,0,0,0,2025-08-31_20:09:01
242022,HYBRIS,,HHS,H0249001_S_1282s-84s,活花身體潔淨旅行套裝,,20,0,0,0,0,2025-08-31_20:09:01
242022,HYBRIS,,HHS,H0249001_S_1284,活花護髮素,,20,0,0,0,0,2025-08-31_20:09:01
242022,HYBRIS,,HHS,H0249001_S_1292,花露水沐浴露,,20,0,0,0,0,2025-08-31_20:09:01
242022,HYBRIS,,HHS,H0249001_S_1292s-94s,花露水身體潔淨旅行套裝一二三四五六,,20,0,0,0,0,2025-08-31_20:09:01
242022,HYBRIS,,HHS,H0249001_S_1293,花露水洗髮水,,20,0,0,0,0,2025-08-31_20:09:01
242022,HYBRIS,,HHS,H0249001_S_1294,花露水護髮素,,20,0,0,0,0,2025-08-31_20:09:02
242022,HYBRIS,,HHS,H0249001_S_2151,雪花膏,,20,0,0,0,0,2025-08-31_20:09:02
242022,HYBRIS,,HHS,H0249001_S_2152,活花潤手霜,,20,0,0,0,0,2025-08-31_20:09:02
242022,HYBRIS,,HHS,H0249001_S_2157,花露水香皂,,20,0,0,0,0,2025-08-31_20:09:02
242022,HYBRIS,,HHS,H0249001_S_2163,活花爽身粉 (玫瑰花香),,20,0,0,0,0,2025-08-31_20:09:02
242022,HYBRIS,,HHS,H0249001_S_2166,活花香皂,,20,0,0,0,0,2025-08-31_20:09:02
242022,HYBRIS,,HHS,H0249001_S_2167,活花止汗液,,20,0,0,0,0,2025-08-31_20:09:02
242022,HYBRIS,,HHS,H0249001_S_2177,迷你雪花膏,,20,0,0,0,0,2025-08-31_20:09:02
242022,HYBRIS,,HHS,H0249001_S_2181,EEE薰衣草味護髮油,,20,0,0,0,0,2025-08-31_20:09:02
242022,HYBRIS,,HHS,H0249001_S_2182,活花味護髮油  (玫瑰花香),,20,0,0,0,0,2025-08-31_20:09:02
242022,HYBRIS,,HHS,H0249001_S_2186,活花爽身粉 80克 (罐裝)（附柔軟粉撲）,,20,0,0,0,0,2025-08-31_20:09:02
242022,HYBRIS,,HHS,H0249001_S_2187,花露水爽身粉 80克 (罐裝)（附柔軟粉撲）,,20,0,0,0,0,2025-08-31_20:09:02
242022,HYBRIS,,HHS,H0249001_S_2188B,花露水濕紙巾 (20片),,20,0,0,0,0,2025-08-31_20:09:02
242022,HYBRIS,,HHS,H0249001_S_2198,花露水 (200毫升),,20,0,0,0,0,2025-08-31_20:09:02
242022,HYBRIS,,HHS,H0249001_S_2202,花露水 (100毫升),,20,0,0,0,0,2025-08-31_20:09:02
242022,HYBRIS,,HHS,H0249001_S_2204,花露水 (15毫升),,20,0,0,0,0,2025-08-31_20:09:02
242022,HYBRIS,,HHS,H0249001_S_2208,花露水 (10毫升),,20,0,0,0,0,2025-08-31_20:09:03
242022,HYBRIS,,HHS,H0249001_S_2209,花露水膏,,20,0,0,0,0,2025-08-31_20:09:03
242022,HYBRIS,,HHS,H0249001_S_4261,雙妹嚜復古記事簿,,20,0,0,0,0,2025-08-31_20:09:03
242022,HYBRIS,,HHS,H0249001_S_4281,雙妹嚜復古記事簿,,20,0,0,0,0,2025-08-31_20:09:03
242022,HYBRIS,,HHS,H0249001_S_4284,雙妹嚜復古拼圖,,20,0,0,0,0,2025-08-31_20:09:03
242022,HYBRIS,,HHS,H0249001_S_4286,雙妹嚜復古拼圖,,20,0,0,0,0,2025-08-31_20:09:03
242022,HYBRIS,,HHS,H0249001_S_4287,雙妹嚜復古拼圖,,20,0,0,0,0,2025-08-31_20:09:03
242022,HYBRIS,,HHS,H0249001_S_4290,懷舊2R相簿,,20,0,0,0,0,2025-08-31_20:09:03
242022,HYBRIS,,HHS,H0249001_S_4291,懷舊2R相簿,,20,0,0,0,0,2025-08-31_20:09:03
242022,HYBRIS,,HHS,H0249001_S_4292,懷舊2R相簿,,20,0,0,0,0,2025-08-31_20:09:03
242022,HYBRIS,,HHS,H0249001_S_4293,懷舊2R相簿,,20,0,0,0,0,2025-08-31_20:09:03
242022,HYBRIS,,HHS,H0249001_S_8808,馬賽皂 (檸檬),,20,0,0,0,0,2025-08-31_20:09:03
242022,HYBRIS,,HHS,H0249001_S_8809,馬賽皂 (蜜糖),,20,0,0,0,0,2025-08-31_20:09:03
242022,HYBRIS,,HHS,H0249001_S_8810,馬賽皂 (白檀),,20,0,0,0,0,2025-08-31_20:09:03
242022,HYBRIS,,HHS,H0249001_S_KC1100,指甲水,,20,0,0,0,0,2025-08-31_20:09:03
242022,HYBRIS,,HHS,H0249001_S_KC1101,指甲油 (藍紫色系),,20,0,0,0,0,2025-08-31_20:09:04
242022,HYBRIS,,HHS,H0249001_S_KC1102,指甲油 (藍紫色系),,20,0,0,0,0,2025-08-31_20:09:04
242022,HYBRIS,,HHS,H0249001_S_KC1103,指甲油 (藍紫色系),,20,0,0,0,0,2025-08-31_20:09:04
242022,HYBRIS,,HHS,H0249001_S_KC1105,指甲油 (藍紫色系),,20,0,0,0,0,2025-08-31_20:09:04
242022,HYBRIS,,HHS,H0249001_S_KC1106,指甲油 (紅色系),,20,0,0,0,0,2025-08-31_20:09:04
242022,HYBRIS,,HHS,H0249001_S_KC1107,指甲油 (紅色系),,20,0,0,0,0,2025-08-31_20:09:04
242022,HYBRIS,,HHS,H0249001_S_KC1108,指甲油 (紅色系),,20,0,0,0,0,2025-08-31_20:09:04
242022,HYBRIS,,HHS,H0249001_S_KC1112,指甲油 (藍紫色系),,20,0,0,0,0,2025-08-31_20:09:04
242022,HYBRIS,,HHS,H0249001_S_KC1113,指甲油 (紅色系),,20,0,0,0,0,2025-08-31_20:09:04
242022,HYBRIS,,HHS,H0249001_S_KC1116,指甲油 (彩色系),,20,0,0,0,0,2025-08-31_20:09:04
242022,HYBRIS,,HHS,H0249001_S_KC1121,指甲油 (紅色系),,20,0,0,0,0,2025-08-31_20:09:05
242022,HYBRIS,,HHS,H0249001_S_KC1123,指甲油 (紅色系),,20,0,0,0,0,2025-08-31_20:09:05
242022,HYBRIS,,HHS,H0249001_S_KC1124,指甲油 (紅色系),,20,0,0,0,0,2025-08-31_20:09:05
242022,HYBRIS,,HHS,H0249001_S_KC1127,指甲油 (彩色系),,20,0,0,0,0,2025-08-31_20:09:05
242022,HYBRIS,,HHS,H0249001_S_KC1129,指甲油 (彩色系),,20,0,0,0,0,2025-08-31_20:09:05
242022,HYBRIS,,HHS,H0249001_S_KC1130,指甲油 (彩色系),,20,0,0,0,0,2025-08-31_20:09:05
242022,HYBRIS,,HHS,H0249001_S_KC1131,指甲油 (彩色系),,20,0,0,0,0,2025-08-31_20:09:05
242022,HYBRIS,,HHS,H0249001_S_KC1134,指甲油 (紅色系),,20,0,0,0,0,2025-08-31_20:09:05
242022,HYBRIS,,HHS,H0249001_S_KC1137,指甲油 (色號 - 37透明),,20,0,0,0,0,2025-08-31_20:09:06
242022,HYBRIS,,HHS,H0249001_S_KC1139,指甲油 (彩色系),,20,0,0,0,0,2025-08-31_20:09:06
242022,HYBRIS,,HHS,H0249001_S_KC1146,指甲油 (藍紫色系),,20,0,0,0,0,2025-08-31_20:09:06
242022,HYBRIS,,HHS,H0249001_S_KC1148,指甲油 (彩色系),,20,0,0,0,0,2025-08-31_20:09:06
242022,HYBRIS,,HHS,H0249001_S_KC1152,指甲油 (紅色系),,20,0,0,0,0,2025-08-31_20:09:06
242022,HYBRIS,,HHS,H0249001_S_Q004,雙妹綿布袋 (白色),,20,0,0,0,0,2025-08-31_20:09:07
242022,HYBRIS,,HHS,H0249001_S_Q005,雙妹綿布袋 (自然色),,20,0,0,0,0,2025-08-31_20:09:07
242022,HYBRIS,,HHS,H0255001_S_21875,蒜油 250粒,,20,0,0,0,0,2025-08-31_20:09:07
242022,HYBRIS,,HHS,H0255001_S_21942,利筋諾 50粒,,20,0,0,0,0,2025-08-31_20:09:07
242022,HYBRIS,,HHS,H0255001_S_22993,乳薊果 60片,,20,0,0,0,0,2025-08-31_20:09:07
242022,HYBRIS,,HHS,H0255001_S_23452,葡萄籽加強配方 30片,,20,0,0,0,0,2025-08-31_20:09:07
242022,HYBRIS,,HHS,H0255001_S_24008,無腥味魚油1000 200粒,,20,0,0,0,0,2025-08-31_20:09:07
242022,HYBRIS,,HHS,H0255001_S_24177,葉黃素 60粒,,20,0,0,0,0,2025-08-31_20:09:07
242022,HYBRIS,,HHS,H0255001_S_24201,護眼山桑子 30片,,20,0,0,0,0,2025-08-31_20:09:07
242022,HYBRIS,,HHS,H0255001_S_24877,兒童果味魚油丸 30粒,,20,0,0,0,0,2025-08-31_20:09:07
242022,HYBRIS,,HHS,H0255001_S_25067,鋸櫚前列配方 60粒,,20,0,0,0,0,2025-08-31_20:09:07
242022,HYBRIS,,HHS,H0255001_S_25110,亞麻籽油植物奧米加369 100粒,,20,0,0,0,0,2025-08-31_20:09:07
242022,HYBRIS,,HHS,H0255001_S_25207,維他命D3 1000 30粒,,20,0,0,0,0,2025-08-31_20:09:08
242022,HYBRIS,,HHS,H0255001_S_25266,護養關節配方 60粒,,20,0,0,0,0,2025-08-31_20:09:08
242022,HYBRIS,,HHS,H0294001_S_120088,免沖洗保濕護髮乳,,20,0,0,0,0,2025-08-31_20:09:08
242022,HYBRIS,,HHS,H0294001_S_120295,潔淨控油洗髮露,,20,0,0,0,0,2025-08-31_20:09:08
242022,HYBRIS,,HHS,H0294001_S_120533,波浪捲髮精華露波浪捲髮精華露波浪捲髮精華露波浪捲髮精華露,,20,0,0,0,0,2025-08-31_20:09:08
242022,HYBRIS,,HHS,H0318002_S_812719,有機矢車菊花水 200ml,,20,0,0,0,0,2025-08-31_20:09:08
242022,HYBRIS,,HHS,H0318002_S_812724,有機大馬士革玫瑰花水 200ml,,20,0,0,0,0,2025-08-31_20:09:08
242022,HYBRIS,,HHS,H0318002_S_852974,有機3重蜂蜜潤澤身體乳霜 150ml,,20,0,0,0,0,2025-08-31_20:09:08
242022,HYBRIS,,HHS,H0318002_S_855281,有機3重蜂蜜潤澤身體磨砂 150g,,20,0,0,0,0,2025-08-31_20:09:08
242022,HYBRIS,,HHS,H0318002_S_861153,有機日用洗髮水 500ml,,20,0,0,0,0,2025-08-31_20:09:08
242022,HYBRIS,,HHS,H0318002_S_86Z0004,有機防敏香體露 50ml,,20,0,0,0,0,2025-08-31_20:09:08
242022,HYBRIS,,HHS,H0318002_S_86Z0005,有機乳木果油護髮素 150ml,,20,0,0,0,0,2025-08-31_20:09:08
242022,HYBRIS,,HHS,H0539001_S_50159,Royal Touch 敏感肌適用產後專用衛生巾 L碼 (5片/包),,20,0,0,0,0,2025-08-31_20:09:09
242033,HYBRIS,,WFS,H0249001_S_1274,DDD薰衣草護髮素,,15,15,0,0,0,2025-08-31_23:40:01
242033,HYBRIS,,WFS,H0249001_S_2151,雪花膏,,5,5,0,0,0,2025-08-31_23:40:02
242033,HYBRIS,,WFS,H0249001_S_4290,懷舊2R相簿,,5,5,0,0,0,2025-08-31_23:40:04
242033,HYBRIS,,WFS,H0249001_S_KC1139,指甲油 (彩色系),,5,5,0,0,0,2025-08-31_23:40:06
242033,HYBRIS,,WFS,H0318002_S_812724,有機大馬士革玫瑰花水 200ml,,10,10,0,0,0,2025-08-31_23:40:08
242033,HYBRIS,,WFS,H0318002_S_855281,有機3重蜂蜜潤澤身體磨砂 150g,,10,10,0,0,0,2025-08-31_23:40:09
242033,HYBRIS,,WFS,H0318002_S_86Z0005,有機乳木果油護髮素 150ml,,5,5,0,0,0,2025-08-31_23:40:09
242033,HYBRIS,,WFS,H0888001_S_10005984,豬骨火鍋上湯,,105,105,0,0,0,2025-08-31_23:40:09
242033,HYBRIS,,WFS,H0888001_S_10005985,黑胡椒豬骨火鍋上湯,,15,15,0,0,0,2025-08-31_23:40:09
242047,HYBRIS,,TWS,H0859001_S_OS-620,uPure 2 潔淨濾水器2,,440,440,0,0,0,2025-09-01_00:00:01
242051,IMAX_STACKING,FROZEN,COB,H0888001_S_10022875,美國特選牛肩胛肥牛片 (急凍),IS00071499,520,520,0,0,0,2025-09-01_00:00:02
242051,IMAX_STACKING,FROZEN,COB,H0888001_S_10012511,西班牙咸豬手,IS00071499,1610,1610,0,0,0,2025-09-01_00:00:02
242051,IMAX_STACKING,FROZEN,COB,H0888001_S_10011849,美國大西洋野生響螺頭 M (急凍),IS00071499,3000,3000,0,0,0,2025-09-01_00:00:02
242051,IMAX_STACKING,FROZEN,COB,H0888001_S_10011848,日本煮食用帶子急凍急凍,IS00071499,990,990,0,0,0,2025-09-01_00:00:02
242054,HYBRIS,,COB,H0888001_S_10009135,藍梅寒天果凍糖,,1212,1212,0,0,0,2025-09-01_00:01:00
242054,HYBRIS,,COB,H0888001_S_10009139,蜂蜜檸檬寒天果凍糖,,1308,1308,0,0,0,2025-09-01_00:01:00
242054,HYBRIS,,COB,H0888001_S_10009151,什錦軟糖,,1420,1420,0,0,0,2025-09-01_00:01:00
242060,HYBRIS,,CLS,H0888001_S_10007313,滋潤保濕乳霜,,444,0,0,0,0,2025-09-01_10:09:00
242061,IMAX_STACKING,DRY,CLS,H0888001_S_10002195,大樽生啤 (日本版),IS00071502,12,0,0,0,0,2025-09-01_10:22:00
242062,HYBRIS,,STS,H0888001_S_10012783,巴西牛胸腩粒 (急凍),,792,0,0,0,0,2025-09-01_10:32:00
242063,HYBRIS,,CLS,H0888001_S_10133455,澳洲和牛漢堡扒 (急凍),,1020,0,0,0,0,2025-09-01_10:38:00
242063,HYBRIS,,CLS,H0888001_S_10133940,(澳洲直送!) 澳洲穀飼西冷牛扒 (2塊裝) (急凍),,1000,0,0,0,0,2025-09-01_10:38:00
242063,HYBRIS,,CLS,H0888001_S_10133453,澳洲M4+ 和牛西冷牛扒 (急凍),,330,0,0,0,0,2025-09-01_10:38:00
242063,HYBRIS,,CLS,H0888001_S_10018534,澳洲海參(禿參，又名花刺參) (急凍),,408,0,0,0,0,2025-09-01_10:38:00
242067,HYBRIS,,STS,H0249001_S_1272s-74s,BBB薰衣草身體潔淨旅行套裝,,210,0,0,0,0,2025-09-01_11:08:01
242067,HYBRIS,,STS,H0249001_S_1273,CCC薰衣草洗髮水,,140,0,0,0,0,2025-09-01_11:08:01
242067,HYBRIS,,STS,H0249001_S_1274,DDD薰衣草護髮素,,210,0,0,0,0,2025-09-01_11:08:01
242067,HYBRIS,,STS,H0249001_S_1282s-84s,活花身體潔淨旅行套裝,,210,0,0,0,0,2025-09-01_11:08:01
242067,HYBRIS,,STS,H0249001_S_1284,活花護髮素,,210,0,0,0,0,2025-09-01_11:08:01
242067,HYBRIS,,STS,H0249001_S_1292,花露水沐浴露,,210,0,0,0,0,2025-09-01_11:08:01
242067,HYBRIS,,STS,H0249001_S_1292s-94s,花露水身體潔淨旅行套裝一二三四五六,,210,0,0,0,0,2025-09-01_11:08:01
242067,HYBRIS,,STS,H0249001_S_1293,花露水洗髮水,,210,0,0,0,0,2025-09-01_11:08:01
242067,HYBRIS,,STS,H0249001_S_1294,花露水護髮素,,210,0,0,0,0,2025-09-01_11:08:01
242067,HYBRIS,,STS,H0249001_S_2151,雪花膏,,210,0,0,0,0,2025-09-01_11:08:01
242067,HYBRIS,,STS,H0249001_S_2152,活花潤手霜,,210,0,0,0,0,2025-09-01_11:08:02
242067,HYBRIS,,STS,H0249001_S_2157,花露水香皂,,210,0,0,0,0,2025-09-01_11:08:02
242067,HYBRIS,,STS,H0249001_S_2163,活花爽身粉 (玫瑰花香),,210,0,0,0,0,2025-09-01_11:08:02
242067,HYBRIS,,STS,H0249001_S_2166,活花香皂,,210,0,0,0,0,2025-09-01_11:08:02
242067,HYBRIS,,STS,H0249001_S_2167,活花止汗液,,210,0,0,0,0,2025-09-01_11:08:02
242067,HYBRIS,,STS,H0249001_S_2177,迷你雪花膏,,210,0,0,0,0,2025-09-01_11:08:02
242067,HYBRIS,,STS,H0249001_S_2181,EEE薰衣草味護髮油,,210,0,0,0,0,2025-09-01_11:08:02
242067,HYBRIS,,STS,H0249001_S_2182,活花味護髮油  (玫瑰花香),,210,0,0,0,0,2025-09-01_11:08:02
242067,HYBRIS,,STS,H0249001_S_2186,活花爽身粉 80克 (罐裝)（附柔軟粉撲）,,210,0,0,0,0,2025-09-01_11:08:02
242067,HYBRIS,,STS,H0249001_S_2187,花露水爽身粉 80克 (罐裝)（附柔軟粉撲）,,210,0,0,0,0,2025-09-01_11:08:02
242067,HYBRIS,,STS,H0249001_S_2188B,花露水濕紙巾 (20片),,210,0,0,0,0,2025-09-01_11:08:02
242067,HYBRIS,,STS,H0249001_S_2198,花露水 (200毫升),,210,0,0,0,0,2025-09-01_11:08:02
242067,HYBRIS,,STS,H0249001_S_2202,花露水 (100毫升),,210,0,0,0,0,2025-09-01_11:08:02
242067,HYBRIS,,STS,H0249001_S_2204,花露水 (15毫升),,210,0,0,0,0,2025-09-01_11:08:02
242067,HYBRIS,,STS,H0249001_S_2208,花露水 (10毫升),,210,0,0,0,0,2025-09-01_11:08:02
242067,HYBRIS,,STS,H0249001_S_2209,花露水膏,,210,0,0,0,0,2025-09-01_11:08:02
242067,HYBRIS,,STS,H0249001_S_4261,雙妹嚜復古記事簿,,210,0,0,0,0,2025-09-01_11:08:03
242067,HYBRIS,,STS,H0249001_S_4281,雙妹嚜復古記事簿,,210,0,0,0,0,2025-09-01_11:08:03
242067,HYBRIS,,STS,H0249001_S_4284,雙妹嚜復古拼圖,,210,0,0,0,0,2025-09-01_11:08:03
242067,HYBRIS,,STS,H0249001_S_4286,雙妹嚜復古拼圖,,210,0,0,0,0,2025-09-01_11:08:03
242067,HYBRIS,,STS,H0249001_S_4287,雙妹嚜復古拼圖,,210,0,0,0,0,2025-09-01_11:08:03
242067,HYBRIS,,STS,H0249001_S_4290,懷舊2R相簿,,210,0,0,0,0,2025-09-01_11:08:03
242067,HYBRIS,,STS,H0249001_S_4291,懷舊2R相簿,,210,0,0,0,0,2025-09-01_11:08:03
242067,HYBRIS,,STS,H0249001_S_4292,懷舊2R相簿,,210,0,0,0,0,2025-09-01_11:08:03
242067,HYBRIS,,STS,H0249001_S_4293,懷舊2R相簿,,210,0,0,0,0,2025-09-01_11:08:03
242067,HYBRIS,,STS,H0249001_S_4315,雙妹嚜黑色環保袋,,210,0,0,0,0,2025-09-01_11:08:03
242067,HYBRIS,,STS,H0249001_S_8808,馬賽皂 (檸檬),,210,0,0,0,0,2025-09-01_11:08:03
242067,HYBRIS,,STS,H0249001_S_8809,馬賽皂 (蜜糖),,210,0,0,0,0,2025-09-01_11:08:03
242067,HYBRIS,,STS,H0249001_S_8810,馬賽皂 (白檀),,210,0,0,0,0,2025-09-01_11:08:03
242067,HYBRIS,,STS,H0249001_S_KC1100,指甲水,,210,0,0,0,0,2025-09-01_11:08:03
242067,HYBRIS,,STS,H0249001_S_KC1101,指甲油 (藍紫色系),,210,0,0,0,0,2025-09-01_11:08:03
242067,HYBRIS,,STS,H0249001_S_KC1102,指甲油 (藍紫色系),,210,0,0,0,0,2025-09-01_11:08:03
242067,HYBRIS,,STS,H0249001_S_KC1103,指甲油 (藍紫色系),,210,0,0,0,0,2025-09-01_11:08:03
242067,HYBRIS,,STS,H0249001_S_KC1105,指甲油 (藍紫色系),,210,0,0,0,0,2025-09-01_11:08:04
242067,HYBRIS,,STS,H0249001_S_KC1106,指甲油 (紅色系),,210,0,0,0,0,2025-09-01_11:08:04
242067,HYBRIS,,STS,H0249001_S_KC1107,指甲油 (紅色系),,210,0,0,0,0,2025-09-01_11:08:04
242067,HYBRIS,,STS,H0249001_S_KC1108,指甲油 (紅色系),,210,0,0,0,0,2025-09-01_11:08:04
242067,HYBRIS,,STS,H0249001_S_KC1112,指甲油 (藍紫色系),,210,0,0,0,0,2025-09-01_11:08:04
242067,HYBRIS,,STS,H0249001_S_KC1113,指甲油 (紅色系),,210,0,0,0,0,2025-09-01_11:08:04
242067,HYBRIS,,STS,H0249001_S_KC1116,指甲油 (彩色系),,210,0,0,0,0,2025-09-01_11:08:04
242067,HYBRIS,,STS,H0249001_S_KC1121,指甲油 (紅色系),,210,0,0,0,0,2025-09-01_11:08:04
242067,HYBRIS,,STS,H0249001_S_KC1123,指甲油 (紅色系),,210,0,0,0,0,2025-09-01_11:08:04
242067,HYBRIS,,STS,H0249001_S_KC1124,指甲油 (紅色系),,210,0,0,0,0,2025-09-01_11:08:05
242067,HYBRIS,,STS,H0249001_S_KC1127,指甲油 (彩色系),,210,0,0,0,0,2025-09-01_11:08:05
242067,HYBRIS,,STS,H0249001_S_KC1129,指甲油 (彩色系),,210,0,0,0,0,2025-09-01_11:08:05
242067,HYBRIS,,STS,H0249001_S_KC1130,指甲油 (彩色系),,210,0,0,0,0,2025-09-01_11:08:05
242067,HYBRIS,,STS,H0249001_S_KC1131,指甲油 (彩色系),,210,0,0,0,0,2025-09-01_11:08:05
242067,HYBRIS,,STS,H0249001_S_KC1134,指甲油 (紅色系),,210,0,0,0,0,2025-09-01_11:08:05
242067,HYBRIS,,STS,H0249001_S_KC1137,指甲油 (色號 - 37透明),,210,0,0,0,0,2025-09-01_11:08:05
242067,HYBRIS,,STS,H0249001_S_KC1139,指甲油 (彩色系),,210,0,0,0,0,2025-09-01_11:08:05
242067,HYBRIS,,STS,H0249001_S_KC1146,指甲油 (藍紫色系),,210,0,0,0,0,2025-09-01_11:08:06
242067,HYBRIS,,STS,H0249001_S_KC1148,指甲油 (彩色系),,210,0,0,0,0,2025-09-01_11:08:06
242067,HYBRIS,,STS,H0249001_S_KC1152,指甲油 (紅色系),,210,0,0,0,0,2025-09-01_11:08:06
242067,HYBRIS,,STS,H0249001_S_Q004,雙妹綿布袋 (白色),,210,0,0,0,0,2025-09-01_11:08:06
242067,HYBRIS,,STS,H0249001_S_Q005,雙妹綿布袋 (自然色),,210,0,0,0,0,2025-09-01_11:08:06
242067,HYBRIS,,STS,H0255001_S_21875,蒜油 250粒,,210,0,0,0,0,2025-09-01_11:08:06
242067,HYBRIS,,STS,H0255001_S_21942,利筋諾 50粒,,210,0,0,0,0,2025-09-01_11:08:06
242067,HYBRIS,,STS,H0255001_S_22993,乳薊果 60片,,210,0,0,0,0,2025-09-01_11:08:06
242067,HYBRIS,,STS,H0255001_S_23452,葡萄籽加強配方 30片,,210,0,0,0,0,2025-09-01_11:08:06
242067,HYBRIS,,STS,H0255001_S_24008,無腥味魚油1000 200粒,,210,0,0,0,0,2025-09-01_11:08:07
242067,HYBRIS,,STS,H0255001_S_24177,葉黃素 60粒,,210,0,0,0,0,2025-09-01_11:08:07
242067,HYBRIS,,STS,H0255001_S_24201,護眼山桑子 30片,,210,0,0,0,0,2025-09-01_11:08:07
242067,HYBRIS,,STS,H0255001_S_24877,兒童果味魚油丸 30粒,,210,0,0,0,0,2025-09-01_11:08:07
242067,HYBRIS,,STS,H0255001_S_25067,鋸櫚前列配方 60粒,,210,0,0,0,0,2025-09-01_11:08:07
242067,HYBRIS,,STS,H0255001_S_25110,亞麻籽油植物奧米加369 100粒,,210,0,0,0,0,2025-09-01_11:08:07
242067,HYBRIS,,STS,H0255001_S_25207,維他命D3 1000 30粒,,210,0,0,0,0,2025-09-01_11:08:07
242067,HYBRIS,,STS,H0255001_S_25266,護養關節配方 60粒,,210,0,0,0,0,2025-09-01_11:08:07
242067,HYBRIS,,STS,H0294001_S_120088,免沖洗保濕護髮乳,,210,0,0,0,0,2025-09-01_11:08:07
242067,HYBRIS,,STS,H0294001_S_120295,潔淨控油洗髮露,,210,0,0,0,0,2025-09-01_11:08:07
242067,HYBRIS,,STS,H0294001_S_120533,波浪捲髮精華露波浪捲髮精華露波浪捲髮精華露波浪捲髮精華露,,210,0,0,0,0,2025-09-01_11:08:07
242067,HYBRIS,,STS,H0318002_S_812719,有機矢車菊花水 200ml,,210,0,0,0,0,2025-09-01_11:08:07
242067,HYBRIS,,STS,H0318002_S_812724,有機大馬士革玫瑰花水 200ml,,210,0,0,0,0,2025-09-01_11:08:07
242067,HYBRIS,,STS,H0318002_S_852974,有機3重蜂蜜潤澤身體乳霜 150ml,,210,0,0,0,0,2025-09-01_11:08:07
242067,HYBRIS,,STS,H0318002_S_855281,有機3重蜂蜜潤澤身體磨砂 150g,,210,0,0,0,0,2025-09-01_11:08:08
242067,HYBRIS,,STS,H0318002_S_861153,有機日用洗髮水 500ml,,210,0,0,0,0,2025-09-01_11:08:08
242067,HYBRIS,,STS,H0318002_S_86Z0004,有機防敏香體露 50ml,,210,0,0,0,0,2025-09-01_11:08:08
242067,HYBRIS,,STS,H0318002_S_86Z0005,有機乳木果油護髮素 150ml,,210,0,0,0,0,2025-09-01_11:08:08
242067,HYBRIS,,STS,H0539001_S_50159,Royal Touch 敏感肌適用產後專用衛生巾 L碼 (5片/包),,210,0,0,0,0,2025-09-01_11:08:08
242067,HYBRIS,,STS,H0888001_S_10004619,特級魚露,,125,0,0,0,0,2025-09-01_11:08:08
242067,HYBRIS,,STS,H0888001_S_10004625,南乳,,120,0,0,0,0,2025-09-01_11:08:08
242067,HYBRIS,,STS,H0888001_S_10004645,爽口榨菜絲,,130,0,0,0,0,2025-09-01_11:08:08
242067,HYBRIS,,STS,H0888001_S_10004653,陳醋蕎頭,,30,0,0,0,0,2025-09-01_11:08:08
242067,HYBRIS,,STS,H0888001_S_10004654,甜酸蕎頭,,30,0,0,0,0,2025-09-01_11:08:08
242067,HYBRIS,,STS,H0888001_S_10004666,鮑汁靈芝菇片,,120,0,0,0,0,2025-09-01_11:08:08
242067,HYBRIS,,STS,H0888001_S_10005984,豬骨火鍋上湯,,170,0,0,0,0,2025-09-01_11:08:08
242067,HYBRIS,,STS,H0888001_S_10005986,醉雞火鍋上湯,,170,0,0,0,0,2025-09-01_11:08:08
242067,HYBRIS,,STS,H0888001_S_10007891,洋蔥南瓜馬鈴薯片,,125,0,0,0,0,2025-09-01_11:08:08
242067,HYBRIS,,STS,H0888001_S_10009135,藍梅寒天果凍糖,,125,0,0,0,0,2025-09-01_11:08:08
242067,HYBRIS,,STS,H0888001_S_10009139,蜂蜜檸檬寒天果凍糖,,125,0,0,0,0,2025-09-01_11:08:09
242067,HYBRIS,,STS,H0888001_S_10009151,什錦軟糖,,140,0,0,0,0,2025-09-01_11:08:09
242067,HYBRIS,,STS,H0888001_S_10009386,北海道扇貝味薯片,,125,0,0,0,0,2025-09-01_11:08:09
242067,HYBRIS,,STS,H0888001_S_10009388,酥餅 (黑朱古力),,130,0,0,0,0,2025-09-01_11:08:09
242067,HYBRIS,,STS,H0888001_S_10009609,星球大戰系列珍寶珠 (隨機派送),,125,0,0,0,0,2025-09-01_11:08:09
242067,HYBRIS,,STS,H0888001_S_10009610,湖池屋激辣魔薯香辣芝士味薯片,,135,0,0,0,0,2025-09-01_11:08:09
242067,HYBRIS,,STS,H0888001_S_10011987,好ｅ食 - 白汁煙肉磨菇意粉 (急凍),,125,0,0,0,0,2025-09-01_11:08:09
242067,HYBRIS,,STS,H0888001_S_10018925,白風船米餅-牛奶忌廉味,,125,0,0,0,0,2025-09-01_11:08:09
242067,HYBRIS,,STS,H0888001_S_10022686,猴頭菇雪耳百合潤肺湯,,120,0,0,0,0,2025-09-01_11:08:09
242069,HYBRIS,,WFS,H0888001_S_10012013,Bibigo 韓式傳統脆皮煎餃 (急凍),,150,150,0,0,0,2025-09-01_11:25:00
242073,HYBRIS,,CLS,H0888001_S_10007313,滋潤保濕乳霜,,12,0,0,0,0,2025-09-01_11:42:00
242074,IMAX_KERRY,,CLS,H0888001_S_10012777,紐西蘭帶骨羊仔腩 (急凍),IM00071509,40,40,40,0,0,2025-09-01_11:44:00
242081,HYBRIS,,TWS,H0888001_S_10008283,燕麥脆條 - 蜜糖★燕麥,,36,36,0,0,0,2025-09-01_13:00:00
242085,IMAX_KERRY,,CLS,H0888001_S_10012783,巴西牛胸腩粒 (急凍),IM00071511,784,0,0,0,0,2025-09-01_13:32:00
242086,HYBRIS,,LPS,H0888001_S_10012783,巴西牛胸腩粒 (急凍),,8,8,0,0,0,2025-09-01_13:49:00
242090,IMAX_KERRY,,SHS,H0888001_S_10012783,巴西牛胸腩粒 (急凍),IM00071513,786,0,0,0,0,2025-09-01_14:09:00
242091,HYBRIS,,CLS,H0888001_S_10004649,辣香蘿蔔,,2900,0,0,0,0,2025-09-01_14:19:00
242091,HYBRIS,,CLS,H0888001_S_10007313,滋潤保濕乳霜,,27,0,0,0,0,2025-09-01_14:19:00
242106,IMAX_KERRY,FROZEN,HHS,H0888001_S_10012023,韓式蜜檸脆雞 (急凍),IM00071515,5000,5000,5000,0,0,2025-09-01_15:17:00
242110,IMAX_KERRY,,IRS,H0888001_S_10022197,五香肉丁,IM00071516,48,0,0,0,0,2025-09-01_16:08:00
242112,IMAX_KERRY,,RRS,H0888001_S_10015773,廣東鮮蝦雲吞皇10粒裝一二三四五六七八九十一二三四五六七八九十一二三四五六七八九十,IM00071517,10,12,12,0,0,2025-09-01_16:39:00
242113,HYBRIS,,CLS,H0888001_S_10007313,滋潤保濕乳霜,,108,0,0,0,0,2025-09-01_16:41:00
242116,HYBRIS,,RRS,H0888001_S_10018534,澳洲海參(禿參，又名花刺參) (急凍),,96,0,0,0,0,2025-09-01_16:50:00
242117,IMAX_KERRY,,WSH,H0888001_S_10012777,紐西蘭帶骨羊仔腩 (急凍),IM00071520,520,520,520,0,0,2025-09-01_16:54:00
242117,IMAX_KERRY,,WSH,H0888001_S_10012783,巴西牛胸腩粒 (急凍),IM00071520,786,0,0,0,0,2025-09-01_16:54:00
242122,IMAX_STACKING,CHILLED,CLS,H0888001_S_10012783,巴西牛胸腩粒 (急凍),IS00071521,5000,0,0,0,0,2025-09-01_17:10:00
242123,IMAX_STACKING,DRY,CLS,H0255001_S_25116,健腦高濃度深海魚油 60粒,IS00071522,290,0,0,0,0,2025-09-01_17:10:00
242124,IMAX_KERRY,,RRS,H0888001_S_10015773,廣東鮮蝦雲吞皇10粒裝一二三四五六七八九十一二三四五六七八九十一二三四五六七八九十,IM00071523,1500,1500,1500,0,0,2025-09-01_17:19:00
242125,IMAX_KERRY,DRY,SHS,H0888001_S_10020549,殺菌濕紙巾,IM00071524,890,900,900,0,0,2025-09-01_17:30:00
242125,IMAX_KERRY,DRY,SHS,H0888001_S_10015773,廣東鮮蝦雲吞皇10粒裝一二三四五六七八九十一二三四五六七八九十一二三四五六七八九十,IM00071524,888,888,888,0,0,2025-09-01_17:30:00
242125,IMAX_KERRY,DRY,SHS,H0888001_S_10009357,味付御海苔 - 泡菜味,IM00071524,456,456,456,0,0,2025-09-01_17:30:00
242126,HYBRIS,,CLS,H0249001_S_1272s-74s,BBB薰衣草身體潔淨旅行套裝,,110,0,0,0,0,2025-09-01_17:40:02
242126,HYBRIS,,CLS,H0249001_S_1274,DDD薰衣草護髮素,,10,0,0,0,0,2025-09-01_17:40:02
242126,HYBRIS,,CLS,H0249001_S_1282s-84s,活花身體潔淨旅行套裝,,110,0,0,0,0,2025-09-01_17:40:02
242126,HYBRIS,,CLS,H0249001_S_1284,活花護髮素,,110,0,0,0,0,2025-09-01_17:40:02
242126,HYBRIS,,CLS,H0249001_S_1292,花露水沐浴露,,110,0,0,0,0,2025-09-01_17:40:02
242126,HYBRIS,,CLS,H0249001_S_1292s-94s,花露水身體潔淨旅行套裝一二三四五六,,110,0,0,0,0,2025-09-01_17:40:02
242126,HYBRIS,,CLS,H0249001_S_1293,花露水洗髮水,,110,0,0,0,0,2025-09-01_17:40:02
242126,HYBRIS,,CLS,H0249001_S_1294,花露水護髮素,,110,0,0,0,0,2025-09-01_17:40:02
242126,HYBRIS,,CLS,H0249001_S_2151,雪花膏,,120,0,0,0,0,2025-09-01_17:40:02
242126,HYBRIS,,CLS,H0249001_S_2152,活花潤手霜,,110,0,0,0,0,2025-09-01_17:40:02
242126,HYBRIS,,CLS,H0249001_S_2157,花露水香皂,,10,0,0,0,0,2025-09-01_17:40:03
242126,HYBRIS,,CLS,H0249001_S_2163,活花爽身粉 (玫瑰花香),,120,0,0,0,0,2025-09-01_17:40:03
242126,HYBRIS,,CLS,H0249001_S_2166,活花香皂,,120,0,0,0,0,2025-09-01_17:40:03
242126,HYBRIS,,CLS,H0249001_S_2167,活花止汗液,,120,0,0,0,0,2025-09-01_17:40:03
242126,HYBRIS,,CLS,H0249001_S_2177,迷你雪花膏,,110,0,0,0,0,2025-09-01_17:40:03
242126,HYBRIS,,CLS,H0249001_S_2181,EEE薰衣草味護髮油,,110,0,0,0,0,2025-09-01_17:40:03
242126,HYBRIS,,CLS,H0249001_S_2182,活花味護髮油  (玫瑰花香),,110,0,0,0,0,2025-09-01_17:40:03
242126,HYBRIS,,CLS,H0249001_S_2186,活花爽身粉 80克 (罐裝)（附柔軟粉撲）,,110,0,0,0,0,2025-09-01_17:40:03
242126,HYBRIS,,CLS,H0249001_S_2187,花露水爽身粉 80克 (罐裝)（附柔軟粉撲）,,110,0,0,0,0,2025-09-01_17:40:03
242126,HYBRIS,,CLS,H0249001_S_2188B,花露水濕紙巾 (20片),,110,0,0,0,0,2025-09-01_17:40:03
242126,HYBRIS,,CLS,H0249001_S_2198,花露水 (200毫升),,110,0,0,0,0,2025-09-01_17:40:03
242126,HYBRIS,,CLS,H0249001_S_2202,花露水 (100毫升),,110,0,0,0,0,2025-09-01_17:40:03
242126,HYBRIS,,CLS,H0249001_S_2204,花露水 (15毫升),,110,0,0,0,0,2025-09-01_17:40:03
242126,HYBRIS,,CLS,H0249001_S_2208,花露水 (10毫升),,110,0,0,0,0,2025-09-01_17:40:03
242126,HYBRIS,,CLS,H0249001_S_2209,花露水膏,,110,0,0,0,0,2025-09-01_17:40:03
242126,HYBRIS,,CLS,H0249001_S_4261,雙妹嚜復古記事簿,,110,0,0,0,0,2025-09-01_17:40:03
242126,HYBRIS,,CLS,H0249001_S_4281,雙妹嚜復古記事簿,,110,0,0,0,0,2025-09-01_17:40:03
242126,HYBRIS,,CLS,H0249001_S_4284,雙妹嚜復古拼圖,,110,0,0,0,0,2025-09-01_17:40:03
242126,HYBRIS,,CLS,H0249001_S_4286,雙妹嚜復古拼圖,,110,0,0,0,0,2025-09-01_17:40:03
242126,HYBRIS,,CLS,H0249001_S_4287,雙妹嚜復古拼圖,,110,0,0,0,0,2025-09-01_17:40:03
242126,HYBRIS,,CLS,H0249001_S_4290,懷舊2R相簿,,110,0,0,0,0,2025-09-01_17:40:03
242126,HYBRIS,,CLS,H0249001_S_4291,懷舊2R相簿,,110,0,0,0,0,2025-09-01_17:40:04
242126,HYBRIS,,CLS,H0249001_S_4292,懷舊2R相簿,,110,0,0,0,0,2025-09-01_17:40:04
242126,HYBRIS,,CLS,H0249001_S_4293,懷舊2R相簿,,110,0,0,0,0,2025-09-01_17:40:04
242126,HYBRIS,,CLS,H0249001_S_4315,雙妹嚜黑色環保袋,,110,0,0,0,0,2025-09-01_17:40:04
242126,HYBRIS,,CLS,H0249001_S_8808,馬賽皂 (檸檬),,110,0,0,0,0,2025-09-01_17:40:04
242126,HYBRIS,,CLS,H0249001_S_8809,馬賽皂 (蜜糖),,110,0,0,0,0,2025-09-01_17:40:04
242126,HYBRIS,,CLS,H0249001_S_8810,馬賽皂 (白檀),,110,0,0,0,0,2025-09-01_17:40:04
242126,HYBRIS,,CLS,H0249001_S_KC1100,指甲水,,110,0,0,0,0,2025-09-01_17:40:04
242126,HYBRIS,,CLS,H0249001_S_KC1101,指甲油 (藍紫色系),,110,0,0,0,0,2025-09-01_17:40:04
242126,HYBRIS,,CLS,H0249001_S_KC1102,指甲油 (藍紫色系),,110,0,0,0,0,2025-09-01_17:40:04
242126,HYBRIS,,CLS,H0249001_S_KC1103,指甲油 (藍紫色系),,110,0,0,0,0,2025-09-01_17:40:04
242126,HYBRIS,,CLS,H0249001_S_KC1105,指甲油 (藍紫色系),,110,0,0,0,0,2025-09-01_17:40:04
242126,HYBRIS,,CLS,H0249001_S_KC1106,指甲油 (紅色系),,110,0,0,0,0,2025-09-01_17:40:04
242126,HYBRIS,,CLS,H0249001_S_KC1107,指甲油 (紅色系),,110,0,0,0,0,2025-09-01_17:40:04
242126,HYBRIS,,CLS,H0249001_S_KC1108,指甲油 (紅色系),,110,0,0,0,0,2025-09-01_17:40:04
242126,HYBRIS,,CLS,H0249001_S_KC1112,指甲油 (藍紫色系),,110,0,0,0,0,2025-09-01_17:40:05
242126,HYBRIS,,CLS,H0249001_S_KC1113,指甲油 (紅色系),,110,0,0,0,0,2025-09-01_17:40:05
242126,HYBRIS,,CLS,H0249001_S_KC1116,指甲油 (彩色系),,110,0,0,0,0,2025-09-01_17:40:05
242126,HYBRIS,,CLS,H0249001_S_KC1121,指甲油 (紅色系),,110,0,0,0,0,2025-09-01_17:40:05
242126,HYBRIS,,CLS,H0249001_S_KC1123,指甲油 (紅色系),,110,0,0,0,0,2025-09-01_17:40:05
242126,HYBRIS,,CLS,H0249001_S_KC1124,指甲油 (紅色系),,110,0,0,0,0,2025-09-01_17:40:05
242126,HYBRIS,,CLS,H0249001_S_KC1127,指甲油 (彩色系),,110,0,0,0,0,2025-09-01_17:40:05
242126,HYBRIS,,CLS,H0249001_S_KC1129,指甲油 (彩色系),,110,0,0,0,0,2025-09-01_17:40:05
242126,HYBRIS,,CLS,H0249001_S_KC1130,指甲油 (彩色系),,110,0,0,0,0,2025-09-01_17:40:05
242126,HYBRIS,,CLS,H0249001_S_KC1131,指甲油 (彩色系),,110,0,0,0,0,2025-09-01_17:40:05
242126,HYBRIS,,CLS,H0249001_S_KC1134,指甲油 (紅色系),,110,0,0,0,0,2025-09-01_17:40:06
242126,HYBRIS,,CLS,H0249001_S_KC1137,指甲油 (色號 - 37透明),,110,0,0,0,0,2025-09-01_17:40:06
242126,HYBRIS,,CLS,H0249001_S_KC1139,指甲油 (彩色系),,110,0,0,0,0,2025-09-01_17:40:06
242126,HYBRIS,,CLS,H0249001_S_KC1146,指甲油 (藍紫色系),,110,0,0,0,0,2025-09-01_17:40:06
242126,HYBRIS,,CLS,H0249001_S_KC1148,指甲油 (彩色系),,110,0,0,0,0,2025-09-01_17:40:06
242126,HYBRIS,,CLS,H0249001_S_KC1152,指甲油 (紅色系),,110,0,0,0,0,2025-09-01_17:40:06
242126,HYBRIS,,CLS,H0249001_S_Q004,雙妹綿布袋 (白色),,110,0,0,0,0,2025-09-01_17:40:06
242126,HYBRIS,,CLS,H0249001_S_Q005,雙妹綿布袋 (自然色),,110,0,0,0,0,2025-09-01_17:40:06
242126,HYBRIS,,CLS,H0255001_S_21875,蒜油 250粒,,110,0,0,0,0,2025-09-01_17:40:07
242126,HYBRIS,,CLS,H0255001_S_21942,利筋諾 50粒,,110,0,0,0,0,2025-09-01_17:40:07
242126,HYBRIS,,CLS,H0255001_S_22993,乳薊果 60片,,110,0,0,0,0,2025-09-01_17:40:07
242126,HYBRIS,,CLS,H0255001_S_23452,葡萄籽加強配方 30片,,110,0,0,0,0,2025-09-01_17:40:07
242126,HYBRIS,,CLS,H0255001_S_24008,無腥味魚油1000 200粒,,110,0,0,0,0,2025-09-01_17:40:07
242126,HYBRIS,,CLS,H0255001_S_24177,葉黃素 60粒,,110,0,0,0,0,2025-09-01_17:40:07
242126,HYBRIS,,CLS,H0255001_S_24201,護眼山桑子 30片,,110,0,0,0,0,2025-09-01_17:40:07
242126,HYBRIS,,CLS,H0255001_S_24877,兒童果味魚油丸 30粒,,110,0,0,0,0,2025-09-01_17:40:07
242126,HYBRIS,,CLS,H0255001_S_25067,鋸櫚前列配方 60粒,,20,0,0,0,0,2025-09-01_17:40:07
242126,HYBRIS,,CLS,H0255001_S_25207,維他命D3 1000 30粒,,110,0,0,0,0,2025-09-01_17:40:07
242126,HYBRIS,,CLS,H0255001_S_25266,護養關節配方 60粒,,110,0,0,0,0,2025-09-01_17:40:07
242126,HYBRIS,,CLS,H0294001_S_120088,免沖洗保濕護髮乳,,110,0,0,0,0,2025-09-01_17:40:07
242126,HYBRIS,,CLS,H0294001_S_120295,潔淨控油洗髮露,,110,0,0,0,0,2025-09-01_17:40:07
242126,HYBRIS,,CLS,H0294001_S_120533,波浪捲髮精華露波浪捲髮精華露波浪捲髮精華露波浪捲髮精華露,,110,0,0,0,0,2025-09-01_17:40:07
242126,HYBRIS,,CLS,H0318002_S_812719,有機矢車菊花水 200ml,,130,0,0,0,0,2025-09-01_17:40:08
242126,HYBRIS,,CLS,H0318002_S_812724,有機大馬士革玫瑰花水 200ml,,130,0,0,0,0,2025-09-01_17:40:08
242126,HYBRIS,,CLS,H0318002_S_852974,有機3重蜂蜜潤澤身體乳霜 150ml,,10,0,0,0,0,2025-09-01_17:40:08
242126,HYBRIS,,CLS,H0318002_S_855281,有機3重蜂蜜潤澤身體磨砂 150g,,110,0,0,0,0,2025-09-01_17:40:08
242126,HYBRIS,,CLS,H0318002_S_86Z0004,有機防敏香體露 50ml,,105,0,0,0,0,2025-09-01_17:40:08
242126,HYBRIS,,CLS,H0539001_S_50159,Royal Touch 敏感肌適用產後專用衛生巾 L碼 (5片/包),,110,0,0,0,0,2025-09-01_17:40:08
242126,HYBRIS,,CLS,H0888001_S_10004619,特級魚露,,15,0,0,0,0,2025-09-01_17:40:08
242126,HYBRIS,,CLS,H0888001_S_10004625,南乳,,220,0,0,0,0,2025-09-01_17:40:08
242126,HYBRIS,,CLS,H0888001_S_10004645,爽口榨菜絲,,230,0,0,0,0,2025-09-01_17:40:08
242126,HYBRIS,,CLS,H0888001_S_10004649,辣香蘿蔔,,120,0,0,0,0,2025-09-01_17:40:09
242126,HYBRIS,,CLS,H0888001_S_10004653,陳醋蕎頭,,130,0,0,0,0,2025-09-01_17:40:09
242126,HYBRIS,,CLS,H0888001_S_10004654,甜酸蕎頭,,130,0,0,0,0,2025-09-01_17:40:09
242126,HYBRIS,,CLS,H0888001_S_10004666,鮑汁靈芝菇片,,220,0,0,0,0,2025-09-01_17:40:09
242126,HYBRIS,,CLS,H0888001_S_10005984,豬骨火鍋上湯,,270,0,0,0,0,2025-09-01_17:40:09
242126,HYBRIS,,CLS,H0888001_S_10005986,醉雞火鍋上湯,,270,0,0,0,0,2025-09-01_17:40:09
242126,HYBRIS,,CLS,H0888001_S_10007891,洋蔥南瓜馬鈴薯片,,10,0,0,0,0,2025-09-01_17:40:09
242126,HYBRIS,,CLS,H0888001_S_10009135,藍梅寒天果凍糖,,10,0,0,0,0,2025-09-01_17:40:09
242126,HYBRIS,,CLS,H0888001_S_10009139,蜂蜜檸檬寒天果凍糖,,10,0,0,0,0,2025-09-01_17:40:09
242126,HYBRIS,,CLS,H0888001_S_10009151,什錦軟糖,,220,0,0,0,0,2025-09-01_17:40:10
242126,HYBRIS,,CLS,H0888001_S_10009386,北海道扇貝味薯片,,10,0,0,0,0,2025-09-01_17:40:10
242126,HYBRIS,,CLS,H0888001_S_10009388,酥餅 (黑朱古力),,15,0,0,0,0,2025-09-01_17:40:10
242126,HYBRIS,,CLS,H0888001_S_10011987,好ｅ食 - 白汁煙肉磨菇意粉 (急凍),,210,0,0,0,0,2025-09-01_17:40:10
242126,HYBRIS,,CLS,H0888001_S_10007313,滋潤保濕乳霜,,12,0,0,0,0,2025-09-01_17:40:10
242126,HYBRIS,,CLS,H0888001_S_10022686,猴頭菇雪耳百合潤肺湯,,192,0,0,0,0,2025-09-01_17:40:11
242126,HYBRIS,,CLS,H0888001_S_10018925,白風船米餅-牛奶忌廉味,,500,0,0,0,0,2025-09-01_17:40:11
242132,IMAX_KERRY,,STS,H0888001_S_10012783,巴西牛胸腩粒 (急凍),IM00071527,1285,0,0,0,0,2025-09-01_18:19:00
242135,IMAX_KERRY,,WFS,H0888001_S_10012783,巴西牛胸腩粒 (急凍),IM00071528,50,0,0,0,0,2025-09-01_18:49:00
242138,HYBRIS,,RRS,H0888001_S_10012783,巴西牛胸腩粒 (急凍),,600,0,0,0,0,2025-09-01_19:19:00
242142,IMAX_KERRY,,RRS,H0888001_S_10015773,廣東鮮蝦雲吞皇10粒裝一二三四五六七八九十一二三四五六七八九十一二三四五六七八九十,IM00071530,264,264,264,0,0,2025-09-01_19:59:00
242142,IMAX_KERRY,,RRS,H0888001_S_10012783,巴西牛胸腩粒 (急凍),IM00071530,700,0,0,0,0,2025-09-01_19:59:00
242144,HYBRIS,,HHS,H0249001_S_1272,AAA薰衣草沐浴露,,20,0,0,0,0,2025-09-01_20:09:01
242144,HYBRIS,,HHS,H0249001_S_1272s-74s,BBB薰衣草身體潔淨旅行套裝,,20,0,0,0,0,2025-09-01_20:09:01
242144,HYBRIS,,HHS,H0249001_S_1274,DDD薰衣草護髮素,,20,0,0,0,0,2025-09-01_20:09:01
242144,HYBRIS,,HHS,H0249001_S_1282s-84s,活花身體潔淨旅行套裝,,20,0,0,0,0,2025-09-01_20:09:02
242144,HYBRIS,,HHS,H0249001_S_1284,活花護髮素,,20,0,0,0,0,2025-09-01_20:09:02
242144,HYBRIS,,HHS,H0249001_S_1292,花露水沐浴露,,20,0,0,0,0,2025-09-01_20:09:02
242144,HYBRIS,,HHS,H0249001_S_1292s-94s,花露水身體潔淨旅行套裝一二三四五六,,20,0,0,0,0,2025-09-01_20:09:02
242144,HYBRIS,,HHS,H0249001_S_1293,花露水洗髮水,,20,0,0,0,0,2025-09-01_20:09:02
242144,HYBRIS,,HHS,H0249001_S_1294,花露水護髮素,,20,0,0,0,0,2025-09-01_20:09:02
242144,HYBRIS,,HHS,H0249001_S_2151,雪花膏,,20,0,0,0,0,2025-09-01_20:09:02
242144,HYBRIS,,HHS,H0249001_S_2152,活花潤手霜,,20,0,0,0,0,2025-09-01_20:09:02
242144,HYBRIS,,HHS,H0249001_S_2157,花露水香皂,,20,0,0,0,0,2025-09-01_20:09:02
242144,HYBRIS,,HHS,H0249001_S_2163,活花爽身粉 (玫瑰花香),,20,0,0,0,0,2025-09-01_20:09:02
242144,HYBRIS,,HHS,H0249001_S_2166,活花香皂,,20,0,0,0,0,2025-09-01_20:09:02
242144,HYBRIS,,HHS,H0249001_S_2167,活花止汗液,,20,0,0,0,0,2025-09-01_20:09:02
242144,HYBRIS,,HHS,H0249001_S_2177,迷你雪花膏,,20,0,0,0,0,2025-09-01_20:09:02
242144,HYBRIS,,HHS,H0249001_S_2181,EEE薰衣草味護髮油,,20,0,0,0,0,2025-09-01_20:09:02
242144,HYBRIS,,HHS,H0249001_S_2182,活花味護髮油  (玫瑰花香),,20,0,0,0,0,2025-09-01_20:09:02
242144,HYBRIS,,HHS,H0249001_S_2186,活花爽身粉 80克 (罐裝)（附柔軟粉撲）,,20,0,0,0,0,2025-09-01_20:09:02
242144,HYBRIS,,HHS,H0249001_S_2187,花露水爽身粉 80克 (罐裝)（附柔軟粉撲）,,20,0,0,0,0,2025-09-01_20:09:02
242144,HYBRIS,,HHS,H0249001_S_2188B,花露水濕紙巾 (20片),,20,0,0,0,0,2025-09-01_20:09:02
242144,HYBRIS,,HHS,H0249001_S_2198,花露水 (200毫升),,20,0,0,0,0,2025-09-01_20:09:03
242144,HYBRIS,,HHS,H0249001_S_2202,花露水 (100毫升),,20,0,0,0,0,2025-09-01_20:09:03
242144,HYBRIS,,HHS,H0249001_S_2204,花露水 (15毫升),,20,0,0,0,0,2025-09-01_20:09:03
242144,HYBRIS,,HHS,H0249001_S_2208,花露水 (10毫升),,20,0,0,0,0,2025-09-01_20:09:03
242144,HYBRIS,,HHS,H0249001_S_2209,花露水膏,,20,0,0,0,0,2025-09-01_20:09:03
242144,HYBRIS,,HHS,H0249001_S_4261,雙妹嚜復古記事簿,,20,0,0,0,0,2025-09-01_20:09:03
242144,HYBRIS,,HHS,H0249001_S_4281,雙妹嚜復古記事簿,,20,0,0,0,0,2025-09-01_20:09:03
242144,HYBRIS,,HHS,H0249001_S_4284,雙妹嚜復古拼圖,,20,0,0,0,0,2025-09-01_20:09:03
242144,HYBRIS,,HHS,H0249001_S_4286,雙妹嚜復古拼圖,,20,0,0,0,0,2025-09-01_20:09:03
242144,HYBRIS,,HHS,H0249001_S_4287,雙妹嚜復古拼圖,,20,0,0,0,0,2025-09-01_20:09:03
242144,HYBRIS,,HHS,H0249001_S_4290,懷舊2R相簿,,20,0,0,0,0,2025-09-01_20:09:03
242144,HYBRIS,,HHS,H0249001_S_4291,懷舊2R相簿,,20,0,0,0,0,2025-09-01_20:09:03
242144,HYBRIS,,HHS,H0249001_S_4292,懷舊2R相簿,,20,0,0,0,0,2025-09-01_20:09:03
242144,HYBRIS,,HHS,H0249001_S_4293,懷舊2R相簿,,20,0,0,0,0,2025-09-01_20:09:03
242144,HYBRIS,,HHS,H0249001_S_8808,馬賽皂 (檸檬),,20,0,0,0,0,2025-09-01_20:09:04
242144,HYBRIS,,HHS,H0249001_S_8809,馬賽皂 (蜜糖),,20,0,0,0,0,2025-09-01_20:09:04
242144,HYBRIS,,HHS,H0249001_S_8810,馬賽皂 (白檀),,20,0,0,0,0,2025-09-01_20:09:04
242144,HYBRIS,,HHS,H0249001_S_KC1100,指甲水,,20,0,0,0,0,2025-09-01_20:09:04
242144,HYBRIS,,HHS,H0249001_S_KC1101,指甲油 (藍紫色系),,20,0,0,0,0,2025-09-01_20:09:04
242144,HYBRIS,,HHS,H0249001_S_KC1102,指甲油 (藍紫色系),,20,0,0,0,0,2025-09-01_20:09:04
242144,HYBRIS,,HHS,H0249001_S_KC1103,指甲油 (藍紫色系),,20,0,0,0,0,2025-09-01_20:09:04
242144,HYBRIS,,HHS,H0249001_S_KC1105,指甲油 (藍紫色系),,20,0,0,0,0,2025-09-01_20:09:04
242144,HYBRIS,,HHS,H0249001_S_KC1106,指甲油 (紅色系),,20,0,0,0,0,2025-09-01_20:09:04
242144,HYBRIS,,HHS,H0249001_S_KC1107,指甲油 (紅色系),,20,0,0,0,0,2025-09-01_20:09:04
242144,HYBRIS,,HHS,H0249001_S_KC1108,指甲油 (紅色系),,20,0,0,0,0,2025-09-01_20:09:05
242144,HYBRIS,,HHS,H0249001_S_KC1112,指甲油 (藍紫色系),,20,0,0,0,0,2025-09-01_20:09:05
242144,HYBRIS,,HHS,H0249001_S_KC1113,指甲油 (紅色系),,20,0,0,0,0,2025-09-01_20:09:05
242144,HYBRIS,,HHS,H0249001_S_KC1116,指甲油 (彩色系),,20,0,0,0,0,2025-09-01_20:09:05
242144,HYBRIS,,HHS,H0249001_S_KC1121,指甲油 (紅色系),,20,0,0,0,0,2025-09-01_20:09:05
242144,HYBRIS,,HHS,H0249001_S_KC1123,指甲油 (紅色系),,20,0,0,0,0,2025-09-01_20:09:05
242144,HYBRIS,,HHS,H0249001_S_KC1124,指甲油 (紅色系),,20,0,0,0,0,2025-09-01_20:09:05
242144,HYBRIS,,HHS,H0249001_S_KC1127,指甲油 (彩色系),,20,0,0,0,0,2025-09-01_20:09:06
242144,HYBRIS,,HHS,H0249001_S_KC1129,指甲油 (彩色系),,20,0,0,0,0,2025-09-01_20:09:06
242144,HYBRIS,,HHS,H0249001_S_KC1130,指甲油 (彩色系),,20,0,0,0,0,2025-09-01_20:09:06
242144,HYBRIS,,HHS,H0249001_S_KC1131,指甲油 (彩色系),,20,0,0,0,0,2025-09-01_20:09:06
242144,HYBRIS,,HHS,H0249001_S_KC1134,指甲油 (紅色系),,20,0,0,0,0,2025-09-01_20:09:06
242144,HYBRIS,,HHS,H0249001_S_KC1137,指甲油 (色號 - 37透明),,20,0,0,0,0,2025-09-01_20:09:06
242144,HYBRIS,,HHS,H0249001_S_KC1139,指甲油 (彩色系),,20,0,0,0,0,2025-09-01_20:09:06
242144,HYBRIS,,HHS,H0249001_S_KC1146,指甲油 (藍紫色系),,20,0,0,0,0,2025-09-01_20:09:07
242144,HYBRIS,,HHS,H0249001_S_KC1148,指甲油 (彩色系),,20,0,0,0,0,2025-09-01_20:09:07
242144,HYBRIS,,HHS,H0249001_S_KC1152,指甲油 (紅色系),,20,0,0,0,0,2025-09-01_20:09:07
242144,HYBRIS,,HHS,H0249001_S_Q004,雙妹綿布袋 (白色),,20,0,0,0,0,2025-09-01_20:09:07
242144,HYBRIS,,HHS,H0249001_S_Q005,雙妹綿布袋 (自然色),,20,0,0,0,0,2025-09-01_20:09:07
242144,HYBRIS,,HHS,H0255001_S_21875,蒜油 250粒,,20,0,0,0,0,2025-09-01_20:09:07
242144,HYBRIS,,HHS,H0255001_S_21942,利筋諾 50粒,,20,0,0,0,0,2025-09-01_20:09:08
242144,HYBRIS,,HHS,H0255001_S_22993,乳薊果 60片,,20,0,0,0,0,2025-09-01_20:09:08
242144,HYBRIS,,HHS,H0255001_S_23452,葡萄籽加強配方 30片,,20,0,0,0,0,2025-09-01_20:09:08
242144,HYBRIS,,HHS,H0255001_S_24008,無腥味魚油1000 200粒,,20,0,0,0,0,2025-09-01_20:09:08
242144,HYBRIS,,HHS,H0255001_S_24177,葉黃素 60粒,,20,0,0,0,0,2025-09-01_20:09:08
242144,HYBRIS,,HHS,H0255001_S_24201,護眼山桑子 30片,,20,0,0,0,0,2025-09-01_20:09:08
242144,HYBRIS,,HHS,H0255001_S_24877,兒童果味魚油丸 30粒,,20,0,0,0,0,2025-09-01_20:09:08
242144,HYBRIS,,HHS,H0255001_S_25067,鋸櫚前列配方 60粒,,20,0,0,0,0,2025-09-01_20:09:08
242144,HYBRIS,,HHS,H0255001_S_25110,亞麻籽油植物奧米加369 100粒,,20,0,0,0,0,2025-09-01_20:09:09
242144,HYBRIS,,HHS,H0255001_S_25207,維他命D3 1000 30粒,,20,0,0,0,0,2025-09-01_20:09:09
242144,HYBRIS,,HHS,H0255001_S_25266,護養關節配方 60粒,,20,0,0,0,0,2025-09-01_20:09:09
242144,HYBRIS,,HHS,H0294001_S_120088,免沖洗保濕護髮乳,,20,0,0,0,0,2025-09-01_20:09:09
242144,HYBRIS,,HHS,H0294001_S_120295,潔淨控油洗髮露,,20,0,0,0,0,2025-09-01_20:09:09
242144,HYBRIS,,HHS,H0294001_S_120533,波浪捲髮精華露波浪捲髮精華露波浪捲髮精華露波浪捲髮精華露,,20,0,0,0,0,2025-09-01_20:09:09
242144,HYBRIS,,HHS,H0318002_S_812719,有機矢車菊花水 200ml,,20,0,0,0,0,2025-09-01_20:09:09
242144,HYBRIS,,HHS,H0318002_S_812724,有機大馬士革玫瑰花水 200ml,,20,0,0,0,0,2025-09-01_20:09:09
242144,HYBRIS,,HHS,H0318002_S_852974,有機3重蜂蜜潤澤身體乳霜 150ml,,20,0,0,0,0,2025-09-01_20:09:09
242144,HYBRIS,,HHS,H0318002_S_855281,有機3重蜂蜜潤澤身體磨砂 150g,,20,0,0,0,0,2025-09-01_20:09:09
242144,HYBRIS,,HHS,H0318002_S_861153,有機日用洗髮水 500ml,,20,0,0,0,0,2025-09-01_20:09:09
242144,HYBRIS,,HHS,H0318002_S_86Z0004,有機防敏香體露 50ml,,20,0,0,0,0,2025-09-01_20:09:09
242144,HYBRIS,,HHS,H0318002_S_86Z0005,有機乳木果油護髮素 150ml,,20,0,0,0,0,2025-09-01_20:09:09
242144,HYBRIS,,HHS,H0539001_S_50159,Royal Touch 敏感肌適用產後專用衛生巾 L碼 (5片/包),,20,0,0,0,0,2025-09-01_20:09:09
242155,HYBRIS,,WFS,H0249001_S_1274,DDD薰衣草護髮素,,15,15,0,0,0,2025-09-01_23:40:03
242155,HYBRIS,,WFS,H0249001_S_2151,雪花膏,,5,5,0,0,0,2025-09-01_23:40:03
242155,HYBRIS,,WFS,H0249001_S_4290,懷舊2R相簿,,5,5,0,0,0,2025-09-01_23:40:04
242155,HYBRIS,,WFS,H0249001_S_KC1139,指甲油 (彩色系),,5,5,0,0,0,2025-09-01_23:40:08
242155,HYBRIS,,WFS,H0318002_S_812724,有機大馬士革玫瑰花水 200ml,,10,10,0,0,0,2025-09-01_23:40:11
242155,HYBRIS,,WFS,H0318002_S_855281,有機3重蜂蜜潤澤身體磨砂 150g,,10,10,0,0,0,2025-09-01_23:40:11
242155,HYBRIS,,WFS,H0318002_S_86Z0005,有機乳木果油護髮素 150ml,,5,5,0,0,0,2025-09-01_23:40:11
242155,HYBRIS,,WFS,H0888001_S_10005984,豬骨火鍋上湯,,105,105,0,0,0,2025-09-01_23:40:12
242155,HYBRIS,,WFS,H0888001_S_10005985,黑胡椒豬骨火鍋上湯,,15,15,0,0,0,2025-09-01_23:40:12
242169,HYBRIS,,TWS,H0859001_S_OS-620,uPure 2 潔淨濾水器2,,440,440,0,0,0,2025-09-02_00:00:00
242172,IMAX_STACKING,FROZEN,COB,H0888001_S_10022875,美國特選牛肩胛肥牛片 (急凍),IS00071535,520,520,0,0,0,2025-09-02_00:00:01
242172,IMAX_STACKING,FROZEN,COB,H0888001_S_10012511,西班牙咸豬手,IS00071535,1610,1610,0,0,0,2025-09-02_00:00:01
242172,IMAX_STACKING,FROZEN,COB,H0888001_S_10011849,美國大西洋野生響螺頭 M (急凍),IS00071535,3000,3000,0,0,0,2025-09-02_00:00:01
242172,IMAX_STACKING,FROZEN,COB,H0888001_S_10011848,日本煮食用帶子急凍急凍,IS00071535,990,990,0,0,0,2025-09-02_00:00:01
242176,HYBRIS,,COB,H0888001_S_10009135,藍梅寒天果凍糖,,1212,1212,0,0,0,2025-09-02_00:01:00
242176,HYBRIS,,COB,H0888001_S_10009139,蜂蜜檸檬寒天果凍糖,,1308,1308,0,0,0,2025-09-02_00:01:00
242176,HYBRIS,,COB,H0888001_S_10009151,什錦軟糖,,1420,1420,0,0,0,2025-09-02_00:01:00
242178,IMAX_KERRY,FROZEN,CLS,H0888001_S_10012023,韓式蜜檸脆雞 (急凍),IM00071537,4940,4940,4940,0,0,2025-09-02_04:00:00
242179,HYBRIS,,HHS,H0888001_S_10012012,Bibigo 鮮嫩雞肉迷你水餃 (急凍),,64,0,0,0,0,2025-09-02_06:45:00
242184,HYBRIS,,CLS,H0888001_S_10007313,滋潤保濕乳霜,,444,0,0,0,0,2025-09-02_10:09:00
242185,IMAX_STACKING,DRY,CLS,H0888001_S_10002195,大樽生啤 (日本版),IS00071540,12,0,0,0,0,2025-09-02_10:22:00
242186,HYBRIS,,STS,H0888001_S_10012783,巴西牛胸腩粒 (急凍),,792,0,0,0,0,2025-09-02_10:32:00
242187,HYBRIS,,CLS,H0888001_S_10133455,澳洲和牛漢堡扒 (急凍),,1020,0,0,0,0,2025-09-02_10:38:00
242187,HYBRIS,,CLS,H0888001_S_10133940,(澳洲直送!) 澳洲穀飼西冷牛扒 (2塊裝) (急凍),,1000,0,0,0,0,2025-09-02_10:38:00
242187,HYBRIS,,CLS,H0888001_S_10133453,澳洲M4+ 和牛西冷牛扒 (急凍),,330,0,0,0,0,2025-09-02_10:38:00
242187,HYBRIS,,CLS,H0888001_S_10018534,澳洲海參(禿參，又名花刺參) (急凍),,408,0,0,0,0,2025-09-02_10:38:00
242191,HYBRIS,,STS,H0249001_S_1272s-74s,BBB薰衣草身體潔淨旅行套裝,,210,0,0,0,0,2025-09-02_11:08:01
242191,HYBRIS,,STS,H0249001_S_1273,CCC薰衣草洗髮水,,140,0,0,0,0,2025-09-02_11:08:01
242191,HYBRIS,,STS,H0249001_S_1274,DDD薰衣草護髮素,,210,0,0,0,0,2025-09-02_11:08:01
242191,HYBRIS,,STS,H0249001_S_1282s-84s,活花身體潔淨旅行套裝,,210,0,0,0,0,2025-09-02_11:08:01
242191,HYBRIS,,STS,H0249001_S_1284,活花護髮素,,210,0,0,0,0,2025-09-02_11:08:01
242191,HYBRIS,,STS,H0249001_S_1292,花露水沐浴露,,210,0,0,0,0,2025-09-02_11:08:01
242191,HYBRIS,,STS,H0249001_S_1292s-94s,花露水身體潔淨旅行套裝一二三四五六,,210,0,0,0,0,2025-09-02_11:08:02
242191,HYBRIS,,STS,H0249001_S_1293,花露水洗髮水,,210,0,0,0,0,2025-09-02_11:08:02
242191,HYBRIS,,STS,H0249001_S_1294,花露水護髮素,,210,0,0,0,0,2025-09-02_11:08:02
242191,HYBRIS,,STS,H0249001_S_2151,雪花膏,,210,0,0,0,0,2025-09-02_11:08:02
242191,HYBRIS,,STS,H0249001_S_2152,活花潤手霜,,210,0,0,0,0,2025-09-02_11:08:02
242191,HYBRIS,,STS,H0249001_S_2157,花露水香皂,,210,0,0,0,0,2025-09-02_11:08:02
242191,HYBRIS,,STS,H0249001_S_2163,活花爽身粉 (玫瑰花香),,210,0,0,0,0,2025-09-02_11:08:02
242191,HYBRIS,,STS,H0249001_S_2166,活花香皂,,210,0,0,0,0,2025-09-02_11:08:02
242191,HYBRIS,,STS,H0249001_S_2167,活花止汗液,,210,0,0,0,0,2025-09-02_11:08:02
242191,HYBRIS,,STS,H0249001_S_2177,迷你雪花膏,,210,0,0,0,0,2025-09-02_11:08:02
242191,HYBRIS,,STS,H0249001_S_2181,EEE薰衣草味護髮油,,210,0,0,0,0,2025-09-02_11:08:02
242191,HYBRIS,,STS,H0249001_S_2182,活花味護髮油  (玫瑰花香),,210,0,0,0,0,2025-09-02_11:08:02
242191,HYBRIS,,STS,H0249001_S_2186,活花爽身粉 80克 (罐裝)（附柔軟粉撲）,,210,0,0,0,0,2025-09-02_11:08:02
242191,HYBRIS,,STS,H0249001_S_2187,花露水爽身粉 80克 (罐裝)（附柔軟粉撲）,,210,0,0,0,0,2025-09-02_11:08:03
242191,HYBRIS,,STS,H0249001_S_2188B,花露水濕紙巾 (20片),,210,0,0,0,0,2025-09-02_11:08:03
242191,HYBRIS,,STS,H0249001_S_2198,花露水 (200毫升),,210,0,0,0,0,2025-09-02_11:08:03
242191,HYBRIS,,STS,H0249001_S_2202,花露水 (100毫升),,210,0,0,0,0,2025-09-02_11:08:03
242191,HYBRIS,,STS,H0249001_S_2204,花露水 (15毫升),,210,0,0,0,0,2025-09-02_11:08:03
242191,HYBRIS,,STS,H0249001_S_2208,花露水 (10毫升),,210,0,0,0,0,2025-09-02_11:08:03
242191,HYBRIS,,STS,H0249001_S_2209,花露水膏,,210,0,0,0,0,2025-09-02_11:08:03
242191,HYBRIS,,STS,H0249001_S_4261,雙妹嚜復古記事簿,,210,0,0,0,0,2025-09-02_11:08:03
242191,HYBRIS,,STS,H0249001_S_4281,雙妹嚜復古記事簿,,210,0,0,0,0,2025-09-02_11:08:03
242191,HYBRIS,,STS,H0249001_S_4284,雙妹嚜復古拼圖,,210,0,0,0,0,2025-09-02_11:08:03
242191,HYBRIS,,STS,H0249001_S_4286,雙妹嚜復古拼圖,,210,0,0,0,0,2025-09-02_11:08:03
242191,HYBRIS,,STS,H0249001_S_4287,雙妹嚜復古拼圖,,210,0,0,0,0,2025-09-02_11:08:03
242191,HYBRIS,,STS,H0249001_S_4290,懷舊2R相簿,,210,0,0,0,0,2025-09-02_11:08:03
242191,HYBRIS,,STS,H0249001_S_4291,懷舊2R相簿,,210,0,0,0,0,2025-09-02_11:08:03
242191,HYBRIS,,STS,H0249001_S_4292,懷舊2R相簿,,210,0,0,0,0,2025-09-02_11:08:03
242191,HYBRIS,,STS,H0249001_S_4293,懷舊2R相簿,,210,0,0,0,0,2025-09-02_11:08:03
242191,HYBRIS,,STS,H0249001_S_4315,雙妹嚜黑色環保袋,,210,0,0,0,0,2025-09-02_11:08:04
242191,HYBRIS,,STS,H0249001_S_8808,馬賽皂 (檸檬),,210,0,0,0,0,2025-09-02_11:08:04
242191,HYBRIS,,STS,H0249001_S_8809,馬賽皂 (蜜糖),,210,0,0,0,0,2025-09-02_11:08:04
242191,HYBRIS,,STS,H0249001_S_8810,馬賽皂 (白檀),,210,0,0,0,0,2025-09-02_11:08:04
242191,HYBRIS,,STS,H0249001_S_KC1100,指甲水,,210,0,0,0,0,2025-09-02_11:08:04
242191,HYBRIS,,STS,H0249001_S_KC1101,指甲油 (藍紫色系),,210,0,0,0,0,2025-09-02_11:08:04
242191,HYBRIS,,STS,H0249001_S_KC1102,指甲油 (藍紫色系),,210,0,0,0,0,2025-09-02_11:08:04
242191,HYBRIS,,STS,H0249001_S_KC1103,指甲油 (藍紫色系),,210,0,0,0,0,2025-09-02_11:08:04
242191,HYBRIS,,STS,H0249001_S_KC1105,指甲油 (藍紫色系),,210,0,0,0,0,2025-09-02_11:08:04
242191,HYBRIS,,STS,H0249001_S_KC1106,指甲油 (紅色系),,210,0,0,0,0,2025-09-02_11:08:04
242191,HYBRIS,,STS,H0249001_S_KC1107,指甲油 (紅色系),,210,0,0,0,0,2025-09-02_11:08:04
242191,HYBRIS,,STS,H0249001_S_KC1108,指甲油 (紅色系),,210,0,0,0,0,2025-09-02_11:08:04
242191,HYBRIS,,STS,H0249001_S_KC1112,指甲油 (藍紫色系),,210,0,0,0,0,2025-09-02_11:08:04
242191,HYBRIS,,STS,H0249001_S_KC1113,指甲油 (紅色系),,210,0,0,0,0,2025-09-02_11:08:04
242191,HYBRIS,,STS,H0249001_S_KC1116,指甲油 (彩色系),,210,0,0,0,0,2025-09-02_11:08:05
242191,HYBRIS,,STS,H0249001_S_KC1121,指甲油 (紅色系),,210,0,0,0,0,2025-09-02_11:08:05
242191,HYBRIS,,STS,H0249001_S_KC1123,指甲油 (紅色系),,210,0,0,0,0,2025-09-02_11:08:05
242191,HYBRIS,,STS,H0249001_S_KC1124,指甲油 (紅色系),,210,0,0,0,0,2025-09-02_11:08:05
242191,HYBRIS,,STS,H0249001_S_KC1127,指甲油 (彩色系),,210,0,0,0,0,2025-09-02_11:08:05
242191,HYBRIS,,STS,H0249001_S_KC1129,指甲油 (彩色系),,210,0,0,0,0,2025-09-02_11:08:05
242191,HYBRIS,,STS,H0249001_S_KC1130,指甲油 (彩色系),,210,0,0,0,0,2025-09-02_11:08:06
242191,HYBRIS,,STS,H0249001_S_KC1131,指甲油 (彩色系),,210,0,0,0,0,2025-09-02_11:08:06
242191,HYBRIS,,STS,H0249001_S_KC1134,指甲油 (紅色系),,210,0,0,0,0,2025-09-02_11:08:06
242191,HYBRIS,,STS,H0249001_S_KC1137,指甲油 (色號 - 37透明),,210,0,0,0,0,2025-09-02_11:08:06
242191,HYBRIS,,STS,H0249001_S_KC1139,指甲油 (彩色系),,210,0,0,0,0,2025-09-02_11:08:06
242191,HYBRIS,,STS,H0249001_S_KC1146,指甲油 (藍紫色系),,210,0,0,0,0,2025-09-02_11:08:06
242191,HYBRIS,,STS,H0249001_S_KC1148,指甲油 (彩色系),,210,0,0,0,0,2025-09-02_11:08:06
242191,HYBRIS,,STS,H0249001_S_KC1152,指甲油 (紅色系),,210,0,0,0,0,2025-09-02_11:08:07
242191,HYBRIS,,STS,H0249001_S_Q004,雙妹綿布袋 (白色),,210,0,0,0,0,2025-09-02_11:08:07
242191,HYBRIS,,STS,H0249001_S_Q005,雙妹綿布袋 (自然色),,210,0,0,0,0,2025-09-02_11:08:07
242191,HYBRIS,,STS,H0255001_S_21875,蒜油 250粒,,210,0,0,0,0,2025-09-02_11:08:07
242191,HYBRIS,,STS,H0255001_S_21942,利筋諾 50粒,,210,0,0,0,0,2025-09-02_11:08:07
242191,HYBRIS,,STS,H0255001_S_22993,乳薊果 60片,,210,0,0,0,0,2025-09-02_11:08:07
242191,HYBRIS,,STS,H0255001_S_23452,葡萄籽加強配方 30片,,210,0,0,0,0,2025-09-02_11:08:07
242191,HYBRIS,,STS,H0255001_S_24008,無腥味魚油1000 200粒,,210,0,0,0,0,2025-09-02_11:08:07
242191,HYBRIS,,STS,H0255001_S_24177,葉黃素 60粒,,210,0,0,0,0,2025-09-02_11:08:07
242191,HYBRIS,,STS,H0255001_S_24201,護眼山桑子 30片,,210,0,0,0,0,2025-09-02_11:08:07
242191,HYBRIS,,STS,H0255001_S_24877,兒童果味魚油丸 30粒,,210,0,0,0,0,2025-09-02_11:08:08
242191,HYBRIS,,STS,H0255001_S_25067,鋸櫚前列配方 60粒,,210,0,0,0,0,2025-09-02_11:08:08
242191,HYBRIS,,STS,H0255001_S_25110,亞麻籽油植物奧米加369 100粒,,210,0,0,0,0,2025-09-02_11:08:08
242191,HYBRIS,,STS,H0255001_S_25207,維他命D3 1000 30粒,,210,0,0,0,0,2025-09-02_11:08:08
242191,HYBRIS,,STS,H0255001_S_25266,護養關節配方 60粒,,210,0,0,0,0,2025-09-02_11:08:08
242191,HYBRIS,,STS,H0294001_S_120088,免沖洗保濕護髮乳,,210,0,0,0,0,2025-09-02_11:08:08
242191,HYBRIS,,STS,H0294001_S_120295,潔淨控油洗髮露,,210,0,0,0,0,2025-09-02_11:08:08
242191,HYBRIS,,STS,H0294001_S_120533,波浪捲髮精華露波浪捲髮精華露波浪捲髮精華露波浪捲髮精華露,,210,0,0,0,0,2025-09-02_11:08:08
242191,HYBRIS,,STS,H0318002_S_812719,有機矢車菊花水 200ml,,210,0,0,0,0,2025-09-02_11:08:08
242191,HYBRIS,,STS,H0318002_S_812724,有機大馬士革玫瑰花水 200ml,,210,0,0,0,0,2025-09-02_11:08:08
242191,HYBRIS,,STS,H0318002_S_852974,有機3重蜂蜜潤澤身體乳霜 150ml,,210,0,0,0,0,2025-09-02_11:08:08
242191,HYBRIS,,STS,H0318002_S_855281,有機3重蜂蜜潤澤身體磨砂 150g,,210,0,0,0,0,2025-09-02_11:08:08
242191,HYBRIS,,STS,H0318002_S_861153,有機日用洗髮水 500ml,,210,0,0,0,0,2025-09-02_11:08:08
242191,HYBRIS,,STS,H0318002_S_86Z0004,有機防敏香體露 50ml,,210,0,0,0,0,2025-09-02_11:08:09
242191,HYBRIS,,STS,H0318002_S_86Z0005,有機乳木果油護髮素 150ml,,210,0,0,0,0,2025-09-02_11:08:09
242191,HYBRIS,,STS,H0539001_S_50159,Royal Touch 敏感肌適用產後專用衛生巾 L碼 (5片/包),,210,0,0,0,0,2025-09-02_11:08:09
242191,HYBRIS,,STS,H0888001_S_10004619,特級魚露,,125,0,0,0,0,2025-09-02_11:08:09
242191,HYBRIS,,STS,H0888001_S_10004625,南乳,,120,0,0,0,0,2025-09-02_11:08:09
242191,HYBRIS,,STS,H0888001_S_10004645,爽口榨菜絲,,130,0,0,0,0,2025-09-02_11:08:09
242191,HYBRIS,,STS,H0888001_S_10004653,陳醋蕎頭,,30,0,0,0,0,2025-09-02_11:08:09
242191,HYBRIS,,STS,H0888001_S_10004654,甜酸蕎頭,,30,0,0,0,0,2025-09-02_11:08:09
242191,HYBRIS,,STS,H0888001_S_10004666,鮑汁靈芝菇片,,120,0,0,0,0,2025-09-02_11:08:09
242191,HYBRIS,,STS,H0888001_S_10005984,豬骨火鍋上湯,,170,0,0,0,0,2025-09-02_11:08:09
242191,HYBRIS,,STS,H0888001_S_10005986,醉雞火鍋上湯,,170,0,0,0,0,2025-09-02_11:08:10
242191,HYBRIS,,STS,H0888001_S_10007891,洋蔥南瓜馬鈴薯片,,125,0,0,0,0,2025-09-02_11:08:10
242191,HYBRIS,,STS,H0888001_S_10009135,藍梅寒天果凍糖,,125,0,0,0,0,2025-09-02_11:08:10
242191,HYBRIS,,STS,H0888001_S_10009139,蜂蜜檸檬寒天果凍糖,,125,0,0,0,0,2025-09-02_11:08:10
242191,HYBRIS,,STS,H0888001_S_10009151,什錦軟糖,,140,0,0,0,0,2025-09-02_11:08:10
242191,HYBRIS,,STS,H0888001_S_10009386,北海道扇貝味薯片,,125,0,0,0,0,2025-09-02_11:08:10
242191,HYBRIS,,STS,H0888001_S_10009388,酥餅 (黑朱古力),,130,0,0,0,0,2025-09-02_11:08:10
242191,HYBRIS,,STS,H0888001_S_10009609,星球大戰系列珍寶珠 (隨機派送),,125,0,0,0,0,2025-09-02_11:08:10
242191,HYBRIS,,STS,H0888001_S_10009610,湖池屋激辣魔薯香辣芝士味薯片,,135,0,0,0,0,2025-09-02_11:08:10
242191,HYBRIS,,STS,H0888001_S_10011987,好ｅ食 - 白汁煙肉磨菇意粉 (急凍),,125,0,0,0,0,2025-09-02_11:08:11
242191,HYBRIS,,STS,H0888001_S_10018925,白風船米餅-牛奶忌廉味,,125,0,0,0,0,2025-09-02_11:08:11
242191,HYBRIS,,STS,H0888001_S_10022686,猴頭菇雪耳百合潤肺湯,,120,0,0,0,0,2025-09-02_11:08:11
242193,HYBRIS,,WFS,H0888001_S_10012013,Bibigo 韓式傳統脆皮煎餃 (急凍),,150,150,0,0,0,2025-09-02_11:25:00
242197,HYBRIS,,CLS,H0888001_S_10007313,滋潤保濕乳霜,,12,0,0,0,0,2025-09-02_11:42:00
242198,IMAX_KERRY,,CLS,H0888001_S_10012777,紐西蘭帶骨羊仔腩 (急凍),IM00071547,40,40,40,0,0,2025-09-02_11:44:00
242206,HYBRIS,,TWS,H0888001_S_10008283,燕麥脆條 - 蜜糖★燕麥,,36,36,0,0,0,2025-09-02_13:00:00
242212,IMAX_KERRY,,CLS,H0888001_S_10012783,巴西牛胸腩粒 (急凍),IM00071549,784,0,0,0,0,2025-09-02_13:32:00
242213,IMAX_KERRY,,MCS,H0888001_S_10012783,巴西牛胸腩粒 (急凍),IM00071550,24,0,0,0,0,2025-09-02_13:37:00
242214,HYBRIS,,LPS,H0888001_S_10012783,巴西牛胸腩粒 (急凍),,8,8,0,0,0,2025-09-02_13:49:00
242218,IMAX_KERRY,,SHS,H0888001_S_10012783,巴西牛胸腩粒 (急凍),IM00071552,786,0,0,0,0,2025-09-02_14:09:00
242219,HYBRIS,,CLS,H0888001_S_10004649,辣香蘿蔔,,2900,0,0,0,0,2025-09-02_14:19:00
242219,HYBRIS,,CLS,H0888001_S_10007313,滋潤保濕乳霜,,27,0,0,0,0,2025-09-02_14:19:00
242238,IMAX_KERRY,,IRS,H0888001_S_10022197,五香肉丁,IM00071554,48,0,0,0,0,2025-09-02_16:08:00
242241,HYBRIS,,CLS,H0888001_S_10007313,滋潤保濕乳霜,,108,0,0,0,0,2025-09-02_16:41:00
242244,HYBRIS,,RRS,H0888001_S_10018534,澳洲海參(禿參，又名花刺參) (急凍),,96,0,0,0,0,2025-09-02_16:50:00
242245,IMAX_KERRY,,WSH,H0888001_S_10012777,紐西蘭帶骨羊仔腩 (急凍),IM00071557,320,320,320,0,0,2025-09-02_16:54:00
242245,IMAX_KERRY,,WSH,H0888001_S_10012783,巴西牛胸腩粒 (急凍),IM00071557,786,0,0,0,0,2025-09-02_16:54:00
242251,IMAX_STACKING,DRY,CLS,H0255001_S_25116,健腦高濃度深海魚油 60粒,IS00071558,290,0,0,0,0,2025-09-02_17:10:00
242250,IMAX_STACKING,CHILLED,CLS,H0888001_S_10012783,巴西牛胸腩粒 (急凍),IS00071559,5000,0,0,0,0,2025-09-02_17:10:00
242254,HYBRIS,,CLS,H0249001_S_1272s-74s,BBB薰衣草身體潔淨旅行套裝,,110,0,0,0,0,2025-09-02_17:40:01
242254,HYBRIS,,CLS,H0249001_S_1274,DDD薰衣草護髮素,,10,0,0,0,0,2025-09-02_17:40:01
242254,HYBRIS,,CLS,H0249001_S_1282s-84s,活花身體潔淨旅行套裝,,110,0,0,0,0,2025-09-02_17:40:01
242254,HYBRIS,,CLS,H0249001_S_1284,活花護髮素,,110,0,0,0,0,2025-09-02_17:40:02
242254,HYBRIS,,CLS,H0249001_S_1292,花露水沐浴露,,110,0,0,0,0,2025-09-02_17:40:02
242254,HYBRIS,,CLS,H0249001_S_1292s-94s,花露水身體潔淨旅行套裝一二三四五六,,110,0,0,0,0,2025-09-02_17:40:02
242254,HYBRIS,,CLS,H0249001_S_1293,花露水洗髮水,,110,0,0,0,0,2025-09-02_17:40:02
242254,HYBRIS,,CLS,H0249001_S_1294,花露水護髮素,,110,0,0,0,0,2025-09-02_17:40:02
242254,HYBRIS,,CLS,H0249001_S_2151,雪花膏,,120,0,0,0,0,2025-09-02_17:40:02
242254,HYBRIS,,CLS,H0249001_S_2152,活花潤手霜,,110,0,0,0,0,2025-09-02_17:40:02
242254,HYBRIS,,CLS,H0249001_S_2157,花露水香皂,,10,0,0,0,0,2025-09-02_17:40:02
242254,HYBRIS,,CLS,H0249001_S_2163,活花爽身粉 (玫瑰花香),,120,0,0,0,0,2025-09-02_17:40:02
242254,HYBRIS,,CLS,H0249001_S_2166,活花香皂,,120,0,0,0,0,2025-09-02_17:40:02
242254,HYBRIS,,CLS,H0249001_S_2167,活花止汗液,,120,0,0,0,0,2025-09-02_17:40:02
242254,HYBRIS,,CLS,H0249001_S_2177,迷你雪花膏,,110,0,0,0,0,2025-09-02_17:40:02
242254,HYBRIS,,CLS,H0249001_S_2181,EEE薰衣草味護髮油,,110,0,0,0,0,2025-09-02_17:40:02
242254,HYBRIS,,CLS,H0249001_S_2182,活花味護髮油  (玫瑰花香),,110,0,0,0,0,2025-09-02_17:40:02
242254,HYBRIS,,CLS,H0249001_S_2186,活花爽身粉 80克 (罐裝)（附柔軟粉撲）,,110,0,0,0,0,2025-09-02_17:40:03
242254,HYBRIS,,CLS,H0249001_S_2187,花露水爽身粉 80克 (罐裝)（附柔軟粉撲）,,110,0,0,0,0,2025-09-02_17:40:03
242254,HYBRIS,,CLS,H0249001_S_2188B,花露水濕紙巾 (20片),,110,0,0,0,0,2025-09-02_17:40:03
242254,HYBRIS,,CLS,H0249001_S_2198,花露水 (200毫升),,110,0,0,0,0,2025-09-02_17:40:03
242254,HYBRIS,,CLS,H0249001_S_2202,花露水 (100毫升),,110,0,0,0,0,2025-09-02_17:40:03
242254,HYBRIS,,CLS,H0249001_S_2204,花露水 (15毫升),,110,0,0,0,0,2025-09-02_17:40:03
242254,HYBRIS,,CLS,H0249001_S_2208,花露水 (10毫升),,110,0,0,0,0,2025-09-02_17:40:03
242254,HYBRIS,,CLS,H0249001_S_2209,花露水膏,,110,0,0,0,0,2025-09-02_17:40:03
242254,HYBRIS,,CLS,H0249001_S_4261,雙妹嚜復古記事簿,,110,0,0,0,0,2025-09-02_17:40:03
242254,HYBRIS,,CLS,H0249001_S_4281,雙妹嚜復古記事簿,,110,0,0,0,0,2025-09-02_17:40:03
242254,HYBRIS,,CLS,H0249001_S_4284,雙妹嚜復古拼圖,,110,0,0,0,0,2025-09-02_17:40:03
242254,HYBRIS,,CLS,H0249001_S_4286,雙妹嚜復古拼圖,,110,0,0,0,0,2025-09-02_17:40:03
242254,HYBRIS,,CLS,H0249001_S_4287,雙妹嚜復古拼圖,,110,0,0,0,0,2025-09-02_17:40:03
242254,HYBRIS,,CLS,H0249001_S_4290,懷舊2R相簿,,110,0,0,0,0,2025-09-02_17:40:03
242254,HYBRIS,,CLS,H0249001_S_4291,懷舊2R相簿,,110,0,0,0,0,2025-09-02_17:40:03
242254,HYBRIS,,CLS,H0249001_S_4292,懷舊2R相簿,,110,0,0,0,0,2025-09-02_17:40:04
242254,HYBRIS,,CLS,H0249001_S_4293,懷舊2R相簿,,110,0,0,0,0,2025-09-02_17:40:04
242254,HYBRIS,,CLS,H0249001_S_4315,雙妹嚜黑色環保袋,,110,0,0,0,0,2025-09-02_17:40:04
242254,HYBRIS,,CLS,H0249001_S_8808,馬賽皂 (檸檬),,110,0,0,0,0,2025-09-02_17:40:04
242254,HYBRIS,,CLS,H0249001_S_8809,馬賽皂 (蜜糖),,110,0,0,0,0,2025-09-02_17:40:04
242254,HYBRIS,,CLS,H0249001_S_8810,馬賽皂 (白檀),,110,0,0,0,0,2025-09-02_17:40:04
242254,HYBRIS,,CLS,H0249001_S_KC1100,指甲水,,110,0,0,0,0,2025-09-02_17:40:04
242254,HYBRIS,,CLS,H0249001_S_KC1101,指甲油 (藍紫色系),,110,0,0,0,0,2025-09-02_17:40:04
242254,HYBRIS,,CLS,H0249001_S_KC1102,指甲油 (藍紫色系),,110,0,0,0,0,2025-09-02_17:40:04
242254,HYBRIS,,CLS,H0249001_S_KC1103,指甲油 (藍紫色系),,110,0,0,0,0,2025-09-02_17:40:04
242254,HYBRIS,,CLS,H0249001_S_KC1105,指甲油 (藍紫色系),,110,0,0,0,0,2025-09-02_17:40:04
242254,HYBRIS,,CLS,H0249001_S_KC1106,指甲油 (紅色系),,110,0,0,0,0,2025-09-02_17:40:04
242254,HYBRIS,,CLS,H0249001_S_KC1107,指甲油 (紅色系),,110,0,0,0,0,2025-09-02_17:40:04
242254,HYBRIS,,CLS,H0249001_S_KC1108,指甲油 (紅色系),,110,0,0,0,0,2025-09-02_17:40:04
242254,HYBRIS,,CLS,H0249001_S_KC1112,指甲油 (藍紫色系),,110,0,0,0,0,2025-09-02_17:40:05
242254,HYBRIS,,CLS,H0249001_S_KC1113,指甲油 (紅色系),,110,0,0,0,0,2025-09-02_17:40:05
242254,HYBRIS,,CLS,H0249001_S_KC1116,指甲油 (彩色系),,110,0,0,0,0,2025-09-02_17:40:05
242254,HYBRIS,,CLS,H0249001_S_KC1121,指甲油 (紅色系),,110,0,0,0,0,2025-09-02_17:40:05
242254,HYBRIS,,CLS,H0249001_S_KC1123,指甲油 (紅色系),,110,0,0,0,0,2025-09-02_17:40:05
242254,HYBRIS,,CLS,H0249001_S_KC1124,指甲油 (紅色系),,110,0,0,0,0,2025-09-02_17:40:05
242254,HYBRIS,,CLS,H0249001_S_KC1127,指甲油 (彩色系),,110,0,0,0,0,2025-09-02_17:40:05
242254,HYBRIS,,CLS,H0249001_S_KC1129,指甲油 (彩色系),,110,0,0,0,0,2025-09-02_17:40:05
242254,HYBRIS,,CLS,H0249001_S_KC1130,指甲油 (彩色系),,110,0,0,0,0,2025-09-02_17:40:06
242254,HYBRIS,,CLS,H0249001_S_KC1131,指甲油 (彩色系),,110,0,0,0,0,2025-09-02_17:40:06
242254,HYBRIS,,CLS,H0249001_S_KC1134,指甲油 (紅色系),,110,0,0,0,0,2025-09-02_17:40:06
242254,HYBRIS,,CLS,H0249001_S_KC1137,指甲油 (色號 - 37透明),,110,0,0,0,0,2025-09-02_17:40:06
242254,HYBRIS,,CLS,H0249001_S_KC1139,指甲油 (彩色系),,110,0,0,0,0,2025-09-02_17:40:06
242254,HYBRIS,,CLS,H0249001_S_KC1146,指甲油 (藍紫色系),,110,0,0,0,0,2025-09-02_17:40:06
242254,HYBRIS,,CLS,H0249001_S_KC1148,指甲油 (彩色系),,110,0,0,0,0,2025-09-02_17:40:06
242254,HYBRIS,,CLS,H0249001_S_KC1152,指甲油 (紅色系),,110,0,0,0,0,2025-09-02_17:40:07
242254,HYBRIS,,CLS,H0249001_S_Q004,雙妹綿布袋 (白色),,110,0,0,0,0,2025-09-02_17:40:07
242254,HYBRIS,,CLS,H0249001_S_Q005,雙妹綿布袋 (自然色),,110,0,0,0,0,2025-09-02_17:40:07
242254,HYBRIS,,CLS,H0255001_S_21875,蒜油 250粒,,110,0,0,0,0,2025-09-02_17:40:07
242254,HYBRIS,,CLS,H0255001_S_21942,利筋諾 50粒,,110,0,0,0,0,2025-09-02_17:40:07
242254,HYBRIS,,CLS,H0255001_S_22993,乳薊果 60片,,110,0,0,0,0,2025-09-02_17:40:07
242254,HYBRIS,,CLS,H0255001_S_23452,葡萄籽加強配方 30片,,110,0,0,0,0,2025-09-02_17:40:07
242254,HYBRIS,,CLS,H0255001_S_24008,無腥味魚油1000 200粒,,110,0,0,0,0,2025-09-02_17:40:07
242254,HYBRIS,,CLS,H0255001_S_24177,葉黃素 60粒,,110,0,0,0,0,2025-09-02_17:40:07
242254,HYBRIS,,CLS,H0255001_S_24201,護眼山桑子 30片,,110,0,0,0,0,2025-09-02_17:40:07
242254,HYBRIS,,CLS,H0255001_S_24877,兒童果味魚油丸 30粒,,110,0,0,0,0,2025-09-02_17:40:07
242254,HYBRIS,,CLS,H0255001_S_25067,鋸櫚前列配方 60粒,,20,0,0,0,0,2025-09-02_17:40:08
242254,HYBRIS,,CLS,H0255001_S_25207,維他命D3 1000 30粒,,110,0,0,0,0,2025-09-02_17:40:08
242254,HYBRIS,,CLS,H0255001_S_25266,護養關節配方 60粒,,110,0,0,0,0,2025-09-02_17:40:08
242254,HYBRIS,,CLS,H0294001_S_120088,免沖洗保濕護髮乳,,110,0,0,0,0,2025-09-02_17:40:08
242254,HYBRIS,,CLS,H0294001_S_120295,潔淨控油洗髮露,,110,0,0,0,0,2025-09-02_17:40:08
242254,HYBRIS,,CLS,H0294001_S_120533,波浪捲髮精華露波浪捲髮精華露波浪捲髮精華露波浪捲髮精華露,,110,0,0,0,0,2025-09-02_17:40:08
242254,HYBRIS,,CLS,H0318002_S_812719,有機矢車菊花水 200ml,,130,0,0,0,0,2025-09-02_17:40:08
242254,HYBRIS,,CLS,H0318002_S_812724,有機大馬士革玫瑰花水 200ml,,130,0,0,0,0,2025-09-02_17:40:08
242254,HYBRIS,,CLS,H0318002_S_852974,有機3重蜂蜜潤澤身體乳霜 150ml,,10,0,0,0,0,2025-09-02_17:40:08
242254,HYBRIS,,CLS,H0318002_S_855281,有機3重蜂蜜潤澤身體磨砂 150g,,110,0,0,0,0,2025-09-02_17:40:08
242254,HYBRIS,,CLS,H0318002_S_86Z0004,有機防敏香體露 50ml,,105,0,0,0,0,2025-09-02_17:40:08
242254,HYBRIS,,CLS,H0539001_S_50159,Royal Touch 敏感肌適用產後專用衛生巾 L碼 (5片/包),,110,0,0,0,0,2025-09-02_17:40:08
242254,HYBRIS,,CLS,H0888001_S_10004619,特級魚露,,15,0,0,0,0,2025-09-02_17:40:09
242254,HYBRIS,,CLS,H0888001_S_10004625,南乳,,220,0,0,0,0,2025-09-02_17:40:09
242254,HYBRIS,,CLS,H0888001_S_10004645,爽口榨菜絲,,230,0,0,0,0,2025-09-02_17:40:09
242254,HYBRIS,,CLS,H0888001_S_10004649,辣香蘿蔔,,120,0,0,0,0,2025-09-02_17:40:09
242254,HYBRIS,,CLS,H0888001_S_10004653,陳醋蕎頭,,130,0,0,0,0,2025-09-02_17:40:09
242254,HYBRIS,,CLS,H0888001_S_10004654,甜酸蕎頭,,130,0,0,0,0,2025-09-02_17:40:09
242254,HYBRIS,,CLS,H0888001_S_10004666,鮑汁靈芝菇片,,220,0,0,0,0,2025-09-02_17:40:09
242254,HYBRIS,,CLS,H0888001_S_10005984,豬骨火鍋上湯,,270,0,0,0,0,2025-09-02_17:40:09
242254,HYBRIS,,CLS,H0888001_S_10005986,醉雞火鍋上湯,,270,0,0,0,0,2025-09-02_17:40:09
242254,HYBRIS,,CLS,H0888001_S_10007891,洋蔥南瓜馬鈴薯片,,10,0,0,0,0,2025-09-02_17:40:09
242254,HYBRIS,,CLS,H0888001_S_10009135,藍梅寒天果凍糖,,10,0,0,0,0,2025-09-02_17:40:09
242254,HYBRIS,,CLS,H0888001_S_10009139,蜂蜜檸檬寒天果凍糖,,10,0,0,0,0,2025-09-02_17:40:09
242254,HYBRIS,,CLS,H0888001_S_10009151,什錦軟糖,,220,0,0,0,0,2025-09-02_17:40:09
242254,HYBRIS,,CLS,H0888001_S_10009386,北海道扇貝味薯片,,10,0,0,0,0,2025-09-02_17:40:09
242254,HYBRIS,,CLS,H0888001_S_10009388,酥餅 (黑朱古力),,15,0,0,0,0,2025-09-02_17:40:09
242254,HYBRIS,,CLS,H0888001_S_10011987,好ｅ食 - 白汁煙肉磨菇意粉 (急凍),,210,0,0,0,0,2025-09-02_17:40:10
242254,HYBRIS,,CLS,H0888001_S_10007313,滋潤保濕乳霜,,12,0,0,0,0,2025-09-02_17:40:10
242254,HYBRIS,,CLS,H0888001_S_10022686,猴頭菇雪耳百合潤肺湯,,192,0,0,0,0,2025-09-02_17:40:10
242254,HYBRIS,,CLS,H0888001_S_10018925,白風船米餅-牛奶忌廉味,,500,0,0,0,0,2025-09-02_17:40:10
242260,IMAX_KERRY,,STS,H0888001_S_10012783,巴西牛胸腩粒 (急凍),IM00071562,1285,0,0,0,0,2025-09-02_18:19:00
242263,IMAX_KERRY,,WFS,H0888001_S_10012783,巴西牛胸腩粒 (急凍),IM00071563,50,0,0,0,0,2025-09-02_18:49:00
242266,HYBRIS,,RRS,H0888001_S_10012783,巴西牛胸腩粒 (急凍),,600,0,0,0,0,2025-09-02_19:19:00
242270,IMAX_KERRY,,RRS,H0888001_S_10012783,巴西牛胸腩粒 (急凍),IM00071565,700,0,0,0,0,2025-09-02_19:59:00
242272,HYBRIS,,HHS,H0249001_S_1272,AAA薰衣草沐浴露,,20,0,0,0,0,2025-09-02_20:09:01
242272,HYBRIS,,HHS,H0249001_S_1272s-74s,BBB薰衣草身體潔淨旅行套裝,,20,0,0,0,0,2025-09-02_20:09:01
242272,HYBRIS,,HHS,H0249001_S_1274,DDD薰衣草護髮素,,20,0,0,0,0,2025-09-02_20:09:01
242272,HYBRIS,,HHS,H0249001_S_1282s-84s,活花身體潔淨旅行套裝,,20,0,0,0,0,2025-09-02_20:09:01
242272,HYBRIS,,HHS,H0249001_S_1284,活花護髮素,,20,0,0,0,0,2025-09-02_20:09:01
242272,HYBRIS,,HHS,H0249001_S_1292,花露水沐浴露,,20,0,0,0,0,2025-09-02_20:09:01
242272,HYBRIS,,HHS,H0249001_S_1292s-94s,花露水身體潔淨旅行套裝一二三四五六,,20,0,0,0,0,2025-09-02_20:09:01
242272,HYBRIS,,HHS,H0249001_S_1293,花露水洗髮水,,20,0,0,0,0,2025-09-02_20:09:01
242272,HYBRIS,,HHS,H0249001_S_1294,花露水護髮素,,20,0,0,0,0,2025-09-02_20:09:01
242272,HYBRIS,,HHS,H0249001_S_2151,雪花膏,,20,0,0,0,0,2025-09-02_20:09:02
242272,HYBRIS,,HHS,H0249001_S_2152,活花潤手霜,,20,0,0,0,0,2025-09-02_20:09:02
242272,HYBRIS,,HHS,H0249001_S_2157,花露水香皂,,20,0,0,0,0,2025-09-02_20:09:02
242272,HYBRIS,,HHS,H0249001_S_2163,活花爽身粉 (玫瑰花香),,20,0,0,0,0,2025-09-02_20:09:02
242272,HYBRIS,,HHS,H0249001_S_2166,活花香皂,,20,0,0,0,0,2025-09-02_20:09:02
242272,HYBRIS,,HHS,H0249001_S_2167,活花止汗液,,20,0,0,0,0,2025-09-02_20:09:02
242272,HYBRIS,,HHS,H0249001_S_2177,迷你雪花膏,,20,0,0,0,0,2025-09-02_20:09:02
242272,HYBRIS,,HHS,H0249001_S_2181,EEE薰衣草味護髮油,,20,0,0,0,0,2025-09-02_20:09:02
242272,HYBRIS,,HHS,H0249001_S_2182,活花味護髮油  (玫瑰花香),,20,0,0,0,0,2025-09-02_20:09:02
242272,HYBRIS,,HHS,H0249001_S_2186,活花爽身粉 80克 (罐裝)（附柔軟粉撲）,,20,0,0,0,0,2025-09-02_20:09:02
242272,HYBRIS,,HHS,H0249001_S_2187,花露水爽身粉 80克 (罐裝)（附柔軟粉撲）,,20,0,0,0,0,2025-09-02_20:09:02
242272,HYBRIS,,HHS,H0249001_S_2188B,花露水濕紙巾 (20片),,20,0,0,0,0,2025-09-02_20:09:02
242272,HYBRIS,,HHS,H0249001_S_2198,花露水 (200毫升),,20,0,0,0,0,2025-09-02_20:09:02
242272,HYBRIS,,HHS,H0249001_S_2202,花露水 (100毫升),,20,0,0,0,0,2025-09-02_20:09:02
242272,HYBRIS,,HHS,H0249001_S_2204,花露水 (15毫升),,20,0,0,0,0,2025-09-02_20:09:02
242272,HYBRIS,,HHS,H0249001_S_2208,花露水 (10毫升),,20,0,0,0,0,2025-09-02_20:09:02
242272,HYBRIS,,HHS,H0249001_S_2209,花露水膏,,20,0,0,0,0,2025-09-02_20:09:02
242272,HYBRIS,,HHS,H0249001_S_4261,雙妹嚜復古記事簿,,20,0,0,0,0,2025-09-02_20:09:03
242272,HYBRIS,,HHS,H0249001_S_4281,雙妹嚜復古記事簿,,20,0,0,0,0,2025-09-02_20:09:03
242272,HYBRIS,,HHS,H0249001_S_4284,雙妹嚜復古拼圖,,20,0,0,0,0,2025-09-02_20:09:03
242272,HYBRIS,,HHS,H0249001_S_4286,雙妹嚜復古拼圖,,20,0,0,0,0,2025-09-02_20:09:03
242272,HYBRIS,,HHS,H0249001_S_4287,雙妹嚜復古拼圖,,20,0,0,0,0,2025-09-02_20:09:03
242272,HYBRIS,,HHS,H0249001_S_4290,懷舊2R相簿,,20,0,0,0,0,2025-09-02_20:09:03
242272,HYBRIS,,HHS,H0249001_S_4291,懷舊2R相簿,,20,0,0,0,0,2025-09-02_20:09:03
242272,HYBRIS,,HHS,H0249001_S_4292,懷舊2R相簿,,20,0,0,0,0,2025-09-02_20:09:03
242272,HYBRIS,,HHS,H0249001_S_4293,懷舊2R相簿,,20,0,0,0,0,2025-09-02_20:09:03
242272,HYBRIS,,HHS,H0249001_S_8808,馬賽皂 (檸檬),,20,0,0,0,0,2025-09-02_20:09:03
242272,HYBRIS,,HHS,H0249001_S_8809,馬賽皂 (蜜糖),,20,0,0,0,0,2025-09-02_20:09:03
242272,HYBRIS,,HHS,H0249001_S_8810,馬賽皂 (白檀),,20,0,0,0,0,2025-09-02_20:09:03
242272,HYBRIS,,HHS,H0249001_S_KC1100,指甲水,,20,0,0,0,0,2025-09-02_20:09:03
242272,HYBRIS,,HHS,H0249001_S_KC1101,指甲油 (藍紫色系),,20,0,0,0,0,2025-09-02_20:09:03
242272,HYBRIS,,HHS,H0249001_S_KC1102,指甲油 (藍紫色系),,20,0,0,0,0,2025-09-02_20:09:03
242272,HYBRIS,,HHS,H0249001_S_KC1103,指甲油 (藍紫色系),,20,0,0,0,0,2025-09-02_20:09:03
242272,HYBRIS,,HHS,H0249001_S_KC1105,指甲油 (藍紫色系),,20,0,0,0,0,2025-09-02_20:09:04
242272,HYBRIS,,HHS,H0249001_S_KC1106,指甲油 (紅色系),,20,0,0,0,0,2025-09-02_20:09:04
242272,HYBRIS,,HHS,H0249001_S_KC1107,指甲油 (紅色系),,20,0,0,0,0,2025-09-02_20:09:04
242272,HYBRIS,,HHS,H0249001_S_KC1108,指甲油 (紅色系),,20,0,0,0,0,2025-09-02_20:09:04
242272,HYBRIS,,HHS,H0249001_S_KC1112,指甲油 (藍紫色系),,20,0,0,0,0,2025-09-02_20:09:04
242272,HYBRIS,,HHS,H0249001_S_KC1113,指甲油 (紅色系),,20,0,0,0,0,2025-09-02_20:09:04
242272,HYBRIS,,HHS,H0249001_S_KC1116,指甲油 (彩色系),,20,0,0,0,0,2025-09-02_20:09:04
242272,HYBRIS,,HHS,H0249001_S_KC1121,指甲油 (紅色系),,20,0,0,0,0,2025-09-02_20:09:04
242272,HYBRIS,,HHS,H0249001_S_KC1123,指甲油 (紅色系),,20,0,0,0,0,2025-09-02_20:09:04
242272,HYBRIS,,HHS,H0249001_S_KC1124,指甲油 (紅色系),,20,0,0,0,0,2025-09-02_20:09:04
242272,HYBRIS,,HHS,H0249001_S_KC1127,指甲油 (彩色系),,20,0,0,0,0,2025-09-02_20:09:05
242272,HYBRIS,,HHS,H0249001_S_KC1129,指甲油 (彩色系),,20,0,0,0,0,2025-09-02_20:09:05
242272,HYBRIS,,HHS,H0249001_S_KC1130,指甲油 (彩色系),,20,0,0,0,0,2025-09-02_20:09:05
242272,HYBRIS,,HHS,H0249001_S_KC1131,指甲油 (彩色系),,20,0,0,0,0,2025-09-02_20:09:05
242272,HYBRIS,,HHS,H0249001_S_KC1134,指甲油 (紅色系),,20,0,0,0,0,2025-09-02_20:09:05
242272,HYBRIS,,HHS,H0249001_S_KC1137,指甲油 (色號 - 37透明),,20,0,0,0,0,2025-09-02_20:09:05
242272,HYBRIS,,HHS,H0249001_S_KC1139,指甲油 (彩色系),,20,0,0,0,0,2025-09-02_20:09:05
242272,HYBRIS,,HHS,H0249001_S_KC1146,指甲油 (藍紫色系),,20,0,0,0,0,2025-09-02_20:09:06
242272,HYBRIS,,HHS,H0249001_S_KC1148,指甲油 (彩色系),,20,0,0,0,0,2025-09-02_20:09:06
242272,HYBRIS,,HHS,H0249001_S_KC1152,指甲油 (紅色系),,20,0,0,0,0,2025-09-02_20:09:06
242272,HYBRIS,,HHS,H0249001_S_Q004,雙妹綿布袋 (白色),,20,0,0,0,0,2025-09-02_20:09:06
242272,HYBRIS,,HHS,H0249001_S_Q005,雙妹綿布袋 (自然色),,20,0,0,0,0,2025-09-02_20:09:06
242272,HYBRIS,,HHS,H0255001_S_21875,蒜油 250粒,,20,0,0,0,0,2025-09-02_20:09:06
242272,HYBRIS,,HHS,H0255001_S_21942,利筋諾 50粒,,20,0,0,0,0,2025-09-02_20:09:06
242272,HYBRIS,,HHS,H0255001_S_22993,乳薊果 60片,,20,0,0,0,0,2025-09-02_20:09:06
242272,HYBRIS,,HHS,H0255001_S_23452,葡萄籽加強配方 30片,,20,0,0,0,0,2025-09-02_20:09:06
242272,HYBRIS,,HHS,H0255001_S_24008,無腥味魚油1000 200粒,,20,0,0,0,0,2025-09-02_20:09:06
242272,HYBRIS,,HHS,H0255001_S_24177,葉黃素 60粒,,20,0,0,0,0,2025-09-02_20:09:07
242272,HYBRIS,,HHS,H0255001_S_24201,護眼山桑子 30片,,20,0,0,0,0,2025-09-02_20:09:07
242272,HYBRIS,,HHS,H0255001_S_24877,兒童果味魚油丸 30粒,,20,0,0,0,0,2025-09-02_20:09:07
242272,HYBRIS,,HHS,H0255001_S_25067,鋸櫚前列配方 60粒,,20,0,0,0,0,2025-09-02_20:09:07
242272,HYBRIS,,HHS,H0255001_S_25110,亞麻籽油植物奧米加369 100粒,,20,0,0,0,0,2025-09-02_20:09:07
242272,HYBRIS,,HHS,H0255001_S_25207,維他命D3 1000 30粒,,20,0,0,0,0,2025-09-02_20:09:07
242272,HYBRIS,,HHS,H0255001_S_25266,護養關節配方 60粒,,20,0,0,0,0,2025-09-02_20:09:07
242272,HYBRIS,,HHS,H0294001_S_120088,免沖洗保濕護髮乳,,20,0,0,0,0,2025-09-02_20:09:07
242272,HYBRIS,,HHS,H0294001_S_120295,潔淨控油洗髮露,,20,0,0,0,0,2025-09-02_20:09:07
242272,HYBRIS,,HHS,H0294001_S_120533,波浪捲髮精華露波浪捲髮精華露波浪捲髮精華露波浪捲髮精華露,,20,0,0,0,0,2025-09-02_20:09:07
242272,HYBRIS,,HHS,H0318002_S_812719,有機矢車菊花水 200ml,,20,0,0,0,0,2025-09-02_20:09:07
242272,HYBRIS,,HHS,H0318002_S_812724,有機大馬士革玫瑰花水 200ml,,20,0,0,0,0,2025-09-02_20:09:07
242272,HYBRIS,,HHS,H0318002_S_852974,有機3重蜂蜜潤澤身體乳霜 150ml,,20,0,0,0,0,2025-09-02_20:09:07
242272,HYBRIS,,HHS,H0318002_S_855281,有機3重蜂蜜潤澤身體磨砂 150g,,20,0,0,0,0,2025-09-02_20:09:07
242272,HYBRIS,,HHS,H0318002_S_861153,有機日用洗髮水 500ml,,20,0,0,0,0,2025-09-02_20:09:07
242272,HYBRIS,,HHS,H0318002_S_86Z0004,有機防敏香體露 50ml,,20,0,0,0,0,2025-09-02_20:09:08
242272,HYBRIS,,HHS,H0318002_S_86Z0005,有機乳木果油護髮素 150ml,,20,0,0,0,0,2025-09-02_20:09:08
242272,HYBRIS,,HHS,H0539001_S_50159,Royal Touch 敏感肌適用產後專用衛生巾 L碼 (5片/包),,20,0,0,0,0,2025-09-02_20:09:08
242278,HYBRIS,,CLS,H0888001_S_10011834,炸魚手指 (急凍),H250902003008,16,16,0,0,16,2025-09-02_22:09:00
242283,HYBRIS,,WFS,H0249001_S_1274,DDD薰衣草護髮素,,15,15,0,0,0,2025-09-02_23:40:02
242283,HYBRIS,,WFS,H0249001_S_2151,雪花膏,,5,5,0,0,0,2025-09-02_23:40:02
242283,HYBRIS,,WFS,H0249001_S_4290,懷舊2R相簿,,5,5,0,0,0,2025-09-02_23:40:04
242283,HYBRIS,,WFS,H0249001_S_KC1139,指甲油 (彩色系),,5,5,0,0,0,2025-09-02_23:40:06
242283,HYBRIS,,WFS,H0318002_S_812724,有機大馬士革玫瑰花水 200ml,,10,10,0,0,0,2025-09-02_23:40:08
242283,HYBRIS,,WFS,H0318002_S_855281,有機3重蜂蜜潤澤身體磨砂 150g,,10,10,0,0,0,2025-09-02_23:40:09
242283,HYBRIS,,WFS,H0318002_S_86Z0005,有機乳木果油護髮素 150ml,,5,5,0,0,0,2025-09-02_23:40:09
242283,HYBRIS,,WFS,H0888001_S_10005984,豬骨火鍋上湯,,105,105,0,0,0,2025-09-02_23:40:09
242283,HYBRIS,,WFS,H0888001_S_10005985,黑胡椒豬骨火鍋上湯,,15,15,0,0,0,2025-09-02_23:40:09
242297,HYBRIS,,TWS,H0859001_S_OS-620,uPure 2 潔淨濾水器2,,440,440,0,0,0,2025-09-03_00:00:01
242300,IMAX_STACKING,DRY,COB,H0888001_S_10009610,湖池屋激辣魔薯香辣芝士味薯片,IS00071572,120,120,0,0,0,2025-09-03_00:00:01
242301,IMAX_STACKING,FROZEN,COB,H0888001_S_10022875,美國特選牛肩胛肥牛片 (急凍),IS00071571,520,520,0,0,0,2025-09-03_00:00:01
242300,IMAX_STACKING,DRY,COB,H0859001_S_OS-620,uPure 2 潔淨濾水器2,IS00071572,65,65,0,0,0,2025-09-03_00:00:01
242301,IMAX_STACKING,FROZEN,COB,H0888001_S_10012511,西班牙咸豬手,IS00071571,1610,1610,0,0,0,2025-09-03_00:00:01
242301,IMAX_STACKING,FROZEN,COB,H0888001_S_10011849,美國大西洋野生響螺頭 M (急凍),IS00071571,3000,3000,0,0,0,2025-09-03_00:00:01
242301,IMAX_STACKING,FROZEN,COB,H0888001_S_10011848,日本煮食用帶子急凍急凍,IS00071571,990,990,0,0,0,2025-09-03_00:00:01
242300,IMAX_STACKING,DRY,COB,H0888001_S_10002195,大樽生啤 (日本版),IS00071572,72,72,0,0,0,2025-09-03_00:00:01
242300,IMAX_STACKING,DRY,COB,H0888001_S_10004262,烏龍茶,IS00071572,168,168,0,0,0,2025-09-03_00:00:01
242303,HYBRIS,,COB,H0888001_S_10009135,藍梅寒天果凍糖,,1212,1212,0,0,0,2025-09-03_00:01:00
242303,HYBRIS,,COB,H0888001_S_10009139,蜂蜜檸檬寒天果凍糖,,1308,1308,0,0,0,2025-09-03_00:01:00
242303,HYBRIS,,COB,H0888001_S_10009151,什錦軟糖,,1420,1420,0,0,0,2025-09-03_00:01:00
242307,HYBRIS,,HHS,H0888001_S_10012012,Bibigo 鮮嫩雞肉迷你水餃 (急凍),,64,0,0,0,0,2025-09-03_06:45:00
242312,HYBRIS,,CLS,H0888001_S_10007313,滋潤保濕乳霜,,444,0,0,0,0,2025-09-03_10:09:00
242313,IMAX_STACKING,DRY,CLS,H0888001_S_10002195,大樽生啤 (日本版),IS00071576,12,0,0,0,0,2025-09-03_10:22:00
242314,HYBRIS,,STS,H0888001_S_10012783,巴西牛胸腩粒 (急凍),,792,0,0,0,0,2025-09-03_10:32:00
242315,HYBRIS,,CLS,H0888001_S_10133455,澳洲和牛漢堡扒 (急凍),,1020,0,0,0,0,2025-09-03_10:38:00
242315,HYBRIS,,CLS,H0888001_S_10133940,(澳洲直送!) 澳洲穀飼西冷牛扒 (2塊裝) (急凍),,1000,0,0,0,0,2025-09-03_10:38:00
242315,HYBRIS,,CLS,H0888001_S_10133453,澳洲M4+ 和牛西冷牛扒 (急凍),,330,0,0,0,0,2025-09-03_10:38:00
242315,HYBRIS,,CLS,H0888001_S_10018534,澳洲海參(禿參，又名花刺參) (急凍),,408,0,0,0,0,2025-09-03_10:38:00
242319,HYBRIS,,STS,H0249001_S_1272s-74s,BBB薰衣草身體潔淨旅行套裝,,210,0,0,0,0,2025-09-03_11:08:01
242319,HYBRIS,,STS,H0249001_S_1273,CCC薰衣草洗髮水,,140,0,0,0,0,2025-09-03_11:08:01
242319,HYBRIS,,STS,H0249001_S_1274,DDD薰衣草護髮素,,210,0,0,0,0,2025-09-03_11:08:01
242319,HYBRIS,,STS,H0249001_S_1282s-84s,活花身體潔淨旅行套裝,,210,0,0,0,0,2025-09-03_11:08:01
242319,HYBRIS,,STS,H0249001_S_1284,活花護髮素,,210,0,0,0,0,2025-09-03_11:08:02
242319,HYBRIS,,STS,H0249001_S_1292,花露水沐浴露,,210,0,0,0,0,2025-09-03_11:08:02
242319,HYBRIS,,STS,H0249001_S_1292s-94s,花露水身體潔淨旅行套裝一二三四五六,,210,0,0,0,0,2025-09-03_11:08:02
242319,HYBRIS,,STS,H0249001_S_1293,花露水洗髮水,,210,0,0,0,0,2025-09-03_11:08:02
242319,HYBRIS,,STS,H0249001_S_1294,花露水護髮素,,210,0,0,0,0,2025-09-03_11:08:02
242319,HYBRIS,,STS,H0249001_S_2151,雪花膏,,210,0,0,0,0,2025-09-03_11:08:02
242319,HYBRIS,,STS,H0249001_S_2152,活花潤手霜,,210,0,0,0,0,2025-09-03_11:08:02
242319,HYBRIS,,STS,H0249001_S_2157,花露水香皂,,210,0,0,0,0,2025-09-03_11:08:02
242319,HYBRIS,,STS,H0249001_S_2163,活花爽身粉 (玫瑰花香),,210,0,0,0,0,2025-09-03_11:08:02
242319,HYBRIS,,STS,H0249001_S_2166,活花香皂,,210,0,0,0,0,2025-09-03_11:08:02
242319,HYBRIS,,STS,H0249001_S_2167,活花止汗液,,210,0,0,0,0,2025-09-03_11:08:02
242319,HYBRIS,,STS,H0249001_S_2177,迷你雪花膏,,210,0,0,0,0,2025-09-03_11:08:02
242319,HYBRIS,,STS,H0249001_S_2181,EEE薰衣草味護髮油,,210,0,0,0,0,2025-09-03_11:08:02
242319,HYBRIS,,STS,H0249001_S_2182,活花味護髮油  (玫瑰花香),,210,0,0,0,0,2025-09-03_11:08:03
242319,HYBRIS,,STS,H0249001_S_2186,活花爽身粉 80克 (罐裝)（附柔軟粉撲）,,210,0,0,0,0,2025-09-03_11:08:03
242319,HYBRIS,,STS,H0249001_S_2187,花露水爽身粉 80克 (罐裝)（附柔軟粉撲）,,210,0,0,0,0,2025-09-03_11:08:03
242319,HYBRIS,,STS,H0249001_S_2188B,花露水濕紙巾 (20片),,210,0,0,0,0,2025-09-03_11:08:03
242319,HYBRIS,,STS,H0249001_S_2198,花露水 (200毫升),,210,0,0,0,0,2025-09-03_11:08:03
242319,HYBRIS,,STS,H0249001_S_2202,花露水 (100毫升),,210,0,0,0,0,2025-09-03_11:08:03
242319,HYBRIS,,STS,H0249001_S_2204,花露水 (15毫升),,210,0,0,0,0,2025-09-03_11:08:03
242319,HYBRIS,,STS,H0249001_S_2208,花露水 (10毫升),,210,0,0,0,0,2025-09-03_11:08:03
242319,HYBRIS,,STS,H0249001_S_2209,花露水膏,,210,0,0,0,0,2025-09-03_11:08:03
242319,HYBRIS,,STS,H0249001_S_4261,雙妹嚜復古記事簿,,210,0,0,0,0,2025-09-03_11:08:03
242319,HYBRIS,,STS,H0249001_S_4281,雙妹嚜復古記事簿,,210,0,0,0,0,2025-09-03_11:08:03
242319,HYBRIS,,STS,H0249001_S_4284,雙妹嚜復古拼圖,,210,0,0,0,0,2025-09-03_11:08:03
242319,HYBRIS,,STS,H0249001_S_4286,雙妹嚜復古拼圖,,210,0,0,0,0,2025-09-03_11:08:03
242319,HYBRIS,,STS,H0249001_S_4287,雙妹嚜復古拼圖,,210,0,0,0,0,2025-09-03_11:08:03
242319,HYBRIS,,STS,H0249001_S_4290,懷舊2R相簿,,210,0,0,0,0,2025-09-03_11:08:03
242319,HYBRIS,,STS,H0249001_S_4291,懷舊2R相簿,,210,0,0,0,0,2025-09-03_11:08:03
242319,HYBRIS,,STS,H0249001_S_4292,懷舊2R相簿,,210,0,0,0,0,2025-09-03_11:08:03
242319,HYBRIS,,STS,H0249001_S_4293,懷舊2R相簿,,210,0,0,0,0,2025-09-03_11:08:03
242319,HYBRIS,,STS,H0249001_S_4315,雙妹嚜黑色環保袋,,210,0,0,0,0,2025-09-03_11:08:03
242319,HYBRIS,,STS,H0249001_S_8808,馬賽皂 (檸檬),,210,0,0,0,0,2025-09-03_11:08:04
242319,HYBRIS,,STS,H0249001_S_8809,馬賽皂 (蜜糖),,210,0,0,0,0,2025-09-03_11:08:04
242319,HYBRIS,,STS,H0249001_S_8810,馬賽皂 (白檀),,210,0,0,0,0,2025-09-03_11:08:04
242319,HYBRIS,,STS,H0249001_S_KC1100,指甲水,,210,0,0,0,0,2025-09-03_11:08:04
242319,HYBRIS,,STS,H0249001_S_KC1101,指甲油 (藍紫色系),,210,0,0,0,0,2025-09-03_11:08:04
242319,HYBRIS,,STS,H0249001_S_KC1102,指甲油 (藍紫色系),,210,0,0,0,0,2025-09-03_11:08:04
242319,HYBRIS,,STS,H0249001_S_KC1103,指甲油 (藍紫色系),,210,0,0,0,0,2025-09-03_11:08:04
242319,HYBRIS,,STS,H0249001_S_KC1105,指甲油 (藍紫色系),,210,0,0,0,0,2025-09-03_11:08:04
242319,HYBRIS,,STS,H0249001_S_KC1106,指甲油 (紅色系),,210,0,0,0,0,2025-09-03_11:08:04
242319,HYBRIS,,STS,H0249001_S_KC1107,指甲油 (紅色系),,210,0,0,0,0,2025-09-03_11:08:04
242319,HYBRIS,,STS,H0249001_S_KC1108,指甲油 (紅色系),,210,0,0,0,0,2025-09-03_11:08:04
242319,HYBRIS,,STS,H0249001_S_KC1112,指甲油 (藍紫色系),,210,0,0,0,0,2025-09-03_11:08:04
242319,HYBRIS,,STS,H0249001_S_KC1113,指甲油 (紅色系),,210,0,0,0,0,2025-09-03_11:08:04
242319,HYBRIS,,STS,H0249001_S_KC1116,指甲油 (彩色系),,210,0,0,0,0,2025-09-03_11:08:04
242319,HYBRIS,,STS,H0249001_S_KC1121,指甲油 (紅色系),,210,0,0,0,0,2025-09-03_11:08:04
242319,HYBRIS,,STS,H0249001_S_KC1123,指甲油 (紅色系),,210,0,0,0,0,2025-09-03_11:08:05
242319,HYBRIS,,STS,H0249001_S_KC1124,指甲油 (紅色系),,210,0,0,0,0,2025-09-03_11:08:05
242319,HYBRIS,,STS,H0249001_S_KC1127,指甲油 (彩色系),,210,0,0,0,0,2025-09-03_11:08:05
242319,HYBRIS,,STS,H0249001_S_KC1129,指甲油 (彩色系),,210,0,0,0,0,2025-09-03_11:08:05
242319,HYBRIS,,STS,H0249001_S_KC1130,指甲油 (彩色系),,210,0,0,0,0,2025-09-03_11:08:05
242319,HYBRIS,,STS,H0249001_S_KC1131,指甲油 (彩色系),,210,0,0,0,0,2025-09-03_11:08:05
242319,HYBRIS,,STS,H0249001_S_KC1134,指甲油 (紅色系),,210,0,0,0,0,2025-09-03_11:08:05
242319,HYBRIS,,STS,H0249001_S_KC1137,指甲油 (色號 - 37透明),,210,0,0,0,0,2025-09-03_11:08:05
242319,HYBRIS,,STS,H0249001_S_KC1139,指甲油 (彩色系),,210,0,0,0,0,2025-09-03_11:08:05
242319,HYBRIS,,STS,H0249001_S_KC1146,指甲油 (藍紫色系),,210,0,0,0,0,2025-09-03_11:08:05
242319,HYBRIS,,STS,H0249001_S_KC1148,指甲油 (彩色系),,210,0,0,0,0,2025-09-03_11:08:05
242319,HYBRIS,,STS,H0249001_S_KC1152,指甲油 (紅色系),,210,0,0,0,0,2025-09-03_11:08:06
242319,HYBRIS,,STS,H0249001_S_Q004,雙妹綿布袋 (白色),,210,0,0,0,0,2025-09-03_11:08:06
242319,HYBRIS,,STS,H0249001_S_Q005,雙妹綿布袋 (自然色),,210,0,0,0,0,2025-09-03_11:08:06
242319,HYBRIS,,STS,H0255001_S_21875,蒜油 250粒,,210,0,0,0,0,2025-09-03_11:08:06
242319,HYBRIS,,STS,H0255001_S_21942,利筋諾 50粒,,210,0,0,0,0,2025-09-03_11:08:06
242319,HYBRIS,,STS,H0255001_S_22993,乳薊果 60片,,210,0,0,0,0,2025-09-03_11:08:06
242319,HYBRIS,,STS,H0255001_S_23452,葡萄籽加強配方 30片,,210,0,0,0,0,2025-09-03_11:08:06
242319,HYBRIS,,STS,H0255001_S_24008,無腥味魚油1000 200粒,,210,0,0,0,0,2025-09-03_11:08:06
242319,HYBRIS,,STS,H0255001_S_24177,葉黃素 60粒,,210,0,0,0,0,2025-09-03_11:08:06
242319,HYBRIS,,STS,H0255001_S_24201,護眼山桑子 30片,,210,0,0,0,0,2025-09-03_11:08:06
242319,HYBRIS,,STS,H0255001_S_24877,兒童果味魚油丸 30粒,,210,0,0,0,0,2025-09-03_11:08:06
242319,HYBRIS,,STS,H0255001_S_25067,鋸櫚前列配方 60粒,,210,0,0,0,0,2025-09-03_11:08:07
242319,HYBRIS,,STS,H0255001_S_25110,亞麻籽油植物奧米加369 100粒,,210,0,0,0,0,2025-09-03_11:08:07
242319,HYBRIS,,STS,H0255001_S_25207,維他命D3 1000 30粒,,210,0,0,0,0,2025-09-03_11:08:07
242319,HYBRIS,,STS,H0255001_S_25266,護養關節配方 60粒,,210,0,0,0,0,2025-09-03_11:08:07
242319,HYBRIS,,STS,H0294001_S_120088,免沖洗保濕護髮乳,,210,0,0,0,0,2025-09-03_11:08:07
242319,HYBRIS,,STS,H0294001_S_120295,潔淨控油洗髮露,,210,0,0,0,0,2025-09-03_11:08:07
242319,HYBRIS,,STS,H0294001_S_120533,波浪捲髮精華露波浪捲髮精華露波浪捲髮精華露波浪捲髮精華露,,210,0,0,0,0,2025-09-03_11:08:07
242319,HYBRIS,,STS,H0318002_S_812719,有機矢車菊花水 200ml,,210,0,0,0,0,2025-09-03_11:08:07
242319,HYBRIS,,STS,H0318002_S_812724,有機大馬士革玫瑰花水 200ml,,210,0,0,0,0,2025-09-03_11:08:08
242319,HYBRIS,,STS,H0318002_S_852974,有機3重蜂蜜潤澤身體乳霜 150ml,,210,0,0,0,0,2025-09-03_11:08:08
242319,HYBRIS,,STS,H0318002_S_855281,有機3重蜂蜜潤澤身體磨砂 150g,,210,0,0,0,0,2025-09-03_11:08:08
242319,HYBRIS,,STS,H0318002_S_861153,有機日用洗髮水 500ml,,210,0,0,0,0,2025-09-03_11:08:08
242319,HYBRIS,,STS,H0318002_S_86Z0004,有機防敏香體露 50ml,,210,0,0,0,0,2025-09-03_11:08:08
242319,HYBRIS,,STS,H0318002_S_86Z0005,有機乳木果油護髮素 150ml,,210,0,0,0,0,2025-09-03_11:08:08
242319,HYBRIS,,STS,H0539001_S_50159,Royal Touch 敏感肌適用產後專用衛生巾 L碼 (5片/包),,210,0,0,0,0,2025-09-03_11:08:08
242319,HYBRIS,,STS,H0888001_S_10004619,特級魚露,,125,0,0,0,0,2025-09-03_11:08:08
242319,HYBRIS,,STS,H0888001_S_10004625,南乳,,120,0,0,0,0,2025-09-03_11:08:08
242319,HYBRIS,,STS,H0888001_S_10004645,爽口榨菜絲,,130,0,0,0,0,2025-09-03_11:08:09
242319,HYBRIS,,STS,H0888001_S_10004653,陳醋蕎頭,,30,0,0,0,0,2025-09-03_11:08:09
242319,HYBRIS,,STS,H0888001_S_10004654,甜酸蕎頭,,30,0,0,0,0,2025-09-03_11:08:09
242319,HYBRIS,,STS,H0888001_S_10004666,鮑汁靈芝菇片,,120,0,0,0,0,2025-09-03_11:08:09
242319,HYBRIS,,STS,H0888001_S_10005984,豬骨火鍋上湯,,170,0,0,0,0,2025-09-03_11:08:09
242319,HYBRIS,,STS,H0888001_S_10005986,醉雞火鍋上湯,,170,0,0,0,0,2025-09-03_11:08:09
242319,HYBRIS,,STS,H0888001_S_10007891,洋蔥南瓜馬鈴薯片,,125,0,0,0,0,2025-09-03_11:08:09
242319,HYBRIS,,STS,H0888001_S_10009135,藍梅寒天果凍糖,,125,0,0,0,0,2025-09-03_11:08:09
242319,HYBRIS,,STS,H0888001_S_10009139,蜂蜜檸檬寒天果凍糖,,125,0,0,0,0,2025-09-03_11:08:09
242319,HYBRIS,,STS,H0888001_S_10009151,什錦軟糖,,140,0,0,0,0,2025-09-03_11:08:10
242319,HYBRIS,,STS,H0888001_S_10009386,北海道扇貝味薯片,,125,0,0,0,0,2025-09-03_11:08:10
242319,HYBRIS,,STS,H0888001_S_10009388,酥餅 (黑朱古力),,130,0,0,0,0,2025-09-03_11:08:10
242319,HYBRIS,,STS,H0888001_S_10009609,星球大戰系列珍寶珠 (隨機派送),,125,0,0,0,0,2025-09-03_11:08:10
242319,HYBRIS,,STS,H0888001_S_10009610,湖池屋激辣魔薯香辣芝士味薯片,,135,0,0,0,0,2025-09-03_11:08:10
242319,HYBRIS,,STS,H0888001_S_10011987,好ｅ食 - 白汁煙肉磨菇意粉 (急凍),,125,0,0,0,0,2025-09-03_11:08:10
242319,HYBRIS,,STS,H0888001_S_10018925,白風船米餅-牛奶忌廉味,,125,0,0,0,0,2025-09-03_11:08:10
242319,HYBRIS,,STS,H0888001_S_10022686,猴頭菇雪耳百合潤肺湯,,120,0,0,0,0,2025-09-03_11:08:10
242321,HYBRIS,,WFS,H0888001_S_10012013,Bibigo 韓式傳統脆皮煎餃 (急凍),,150,150,0,0,0,2025-09-03_11:25:00
242325,HYBRIS,,CLS,H0888001_S_10007313,滋潤保濕乳霜,,12,0,0,0,0,2025-09-03_11:42:00
242326,IMAX_KERRY,,CLS,H0888001_S_10012777,紐西蘭帶骨羊仔腩 (急凍),IM00071583,40,40,40,0,0,2025-09-03_11:44:00
242334,HYBRIS,,TWS,H0888001_S_10008283,燕麥脆條 - 蜜糖★燕麥,,36,36,0,0,0,2025-09-03_13:00:00
242340,IMAX_KERRY,,CLS,H0888001_S_10012783,巴西牛胸腩粒 (急凍),IM00071585,784,0,0,0,0,2025-09-03_13:32:00
242341,IMAX_KERRY,,MCS,H0888001_S_10012783,巴西牛胸腩粒 (急凍),IM00071586,24,0,0,0,0,2025-09-03_13:37:00
242342,HYBRIS,,LPS,H0888001_S_10012783,巴西牛胸腩粒 (急凍),,8,8,0,0,0,2025-09-03_13:49:00
242346,IMAX_KERRY,,SHS,H0888001_S_10012783,巴西牛胸腩粒 (急凍),IM00071588,786,0,0,0,0,2025-09-03_14:09:00
242347,HYBRIS,,CLS,H0888001_S_10004649,辣香蘿蔔,,2900,0,0,0,0,2025-09-03_14:19:00
242347,HYBRIS,,CLS,H0888001_S_10007313,滋潤保濕乳霜,,27,0,0,0,0,2025-09-03_14:19:00
242365,IMAX_KERRY,,IRS,H0888001_S_10022197,五香肉丁,IM00071590,48,0,0,0,0,2025-09-03_16:08:00
242368,HYBRIS,,CLS,H0888001_S_10007313,滋潤保濕乳霜,,108,0,0,0,0,2025-09-03_16:41:00
242371,HYBRIS,,RRS,H0888001_S_10018534,澳洲海參(禿參，又名花刺參) (急凍),,96,0,0,0,0,2025-09-03_16:50:00
242372,IMAX_KERRY,,WSH,H0888001_S_10012783,巴西牛胸腩粒 (急凍),IM00071593,786,0,0,0,0,2025-09-03_16:54:00
242377,IMAX_STACKING,CHILLED,CLS,H0888001_S_10012783,巴西牛胸腩粒 (急凍),IS00071594,5000,0,0,0,0,2025-09-03_17:10:00
242378,IMAX_STACKING,DRY,CLS,H0255001_S_25116,健腦高濃度深海魚油 60粒,IS00071595,290,0,0,0,0,2025-09-03_17:10:00
242381,HYBRIS,,CLS,H0249001_S_1272s-74s,BBB薰衣草身體潔淨旅行套裝,,110,0,0,0,0,2025-09-03_17:40:01
242381,HYBRIS,,CLS,H0249001_S_1274,DDD薰衣草護髮素,,10,0,0,0,0,2025-09-03_17:40:01
242381,HYBRIS,,CLS,H0249001_S_1282s-84s,活花身體潔淨旅行套裝,,110,0,0,0,0,2025-09-03_17:40:01
242381,HYBRIS,,CLS,H0249001_S_1284,活花護髮素,,110,0,0,0,0,2025-09-03_17:40:01
242381,HYBRIS,,CLS,H0249001_S_1292,花露水沐浴露,,110,0,0,0,0,2025-09-03_17:40:02
242381,HYBRIS,,CLS,H0249001_S_1292s-94s,花露水身體潔淨旅行套裝一二三四五六,,110,0,0,0,0,2025-09-03_17:40:02
242381,HYBRIS,,CLS,H0249001_S_1293,花露水洗髮水,,110,0,0,0,0,2025-09-03_17:40:02
242381,HYBRIS,,CLS,H0249001_S_1294,花露水護髮素,,110,0,0,0,0,2025-09-03_17:40:02
242381,HYBRIS,,CLS,H0249001_S_2151,雪花膏,,120,0,0,0,0,2025-09-03_17:40:02
242381,HYBRIS,,CLS,H0249001_S_2152,活花潤手霜,,110,0,0,0,0,2025-09-03_17:40:02
242381,HYBRIS,,CLS,H0249001_S_2157,花露水香皂,,10,0,0,0,0,2025-09-03_17:40:02
242381,HYBRIS,,CLS,H0249001_S_2163,活花爽身粉 (玫瑰花香),,120,0,0,0,0,2025-09-03_17:40:02
242381,HYBRIS,,CLS,H0249001_S_2166,活花香皂,,120,0,0,0,0,2025-09-03_17:40:02
242381,HYBRIS,,CLS,H0249001_S_2167,活花止汗液,,120,0,0,0,0,2025-09-03_17:40:02
242381,HYBRIS,,CLS,H0249001_S_2177,迷你雪花膏,,110,0,0,0,0,2025-09-03_17:40:02
242381,HYBRIS,,CLS,H0249001_S_2181,EEE薰衣草味護髮油,,110,0,0,0,0,2025-09-03_17:40:02
242381,HYBRIS,,CLS,H0249001_S_2182,活花味護髮油  (玫瑰花香),,110,0,0,0,0,2025-09-03_17:40:02
242381,HYBRIS,,CLS,H0249001_S_2186,活花爽身粉 80克 (罐裝)（附柔軟粉撲）,,110,0,0,0,0,2025-09-03_17:40:03
242381,HYBRIS,,CLS,H0249001_S_2187,花露水爽身粉 80克 (罐裝)（附柔軟粉撲）,,110,0,0,0,0,2025-09-03_17:40:03
242381,HYBRIS,,CLS,H0249001_S_2188B,花露水濕紙巾 (20片),,110,0,0,0,0,2025-09-03_17:40:03
242381,HYBRIS,,CLS,H0249001_S_2198,花露水 (200毫升),,110,0,0,0,0,2025-09-03_17:40:03
242381,HYBRIS,,CLS,H0249001_S_2202,花露水 (100毫升),,110,0,0,0,0,2025-09-03_17:40:03
242381,HYBRIS,,CLS,H0249001_S_2204,花露水 (15毫升),,110,0,0,0,0,2025-09-03_17:40:03
242381,HYBRIS,,CLS,H0249001_S_2208,花露水 (10毫升),,110,0,0,0,0,2025-09-03_17:40:03
242381,HYBRIS,,CLS,H0249001_S_2209,花露水膏,,110,0,0,0,0,2025-09-03_17:40:03
242381,HYBRIS,,CLS,H0249001_S_4261,雙妹嚜復古記事簿,,110,0,0,0,0,2025-09-03_17:40:03
242381,HYBRIS,,CLS,H0249001_S_4281,雙妹嚜復古記事簿,,110,0,0,0,0,2025-09-03_17:40:03
242381,HYBRIS,,CLS,H0249001_S_4284,雙妹嚜復古拼圖,,110,0,0,0,0,2025-09-03_17:40:03
242381,HYBRIS,,CLS,H0249001_S_4286,雙妹嚜復古拼圖,,110,0,0,0,0,2025-09-03_17:40:03
242381,HYBRIS,,CLS,H0249001_S_4287,雙妹嚜復古拼圖,,110,0,0,0,0,2025-09-03_17:40:03
242381,HYBRIS,,CLS,H0249001_S_4290,懷舊2R相簿,,110,0,0,0,0,2025-09-03_17:40:03
242381,HYBRIS,,CLS,H0249001_S_4291,懷舊2R相簿,,110,0,0,0,0,2025-09-03_17:40:03
242381,HYBRIS,,CLS,H0249001_S_4292,懷舊2R相簿,,110,0,0,0,0,2025-09-03_17:40:03
242381,HYBRIS,,CLS,H0249001_S_4293,懷舊2R相簿,,110,0,0,0,0,2025-09-03_17:40:04
242381,HYBRIS,,CLS,H0249001_S_4315,雙妹嚜黑色環保袋,,110,0,0,0,0,2025-09-03_17:40:04
242381,HYBRIS,,CLS,H0249001_S_8808,馬賽皂 (檸檬),,110,0,0,0,0,2025-09-03_17:40:04
242381,HYBRIS,,CLS,H0249001_S_8809,馬賽皂 (蜜糖),,110,0,0,0,0,2025-09-03_17:40:04
242381,HYBRIS,,CLS,H0249001_S_8810,馬賽皂 (白檀),,110,0,0,0,0,2025-09-03_17:40:04
242381,HYBRIS,,CLS,H0249001_S_KC1100,指甲水,,110,0,0,0,0,2025-09-03_17:40:04
242381,HYBRIS,,CLS,H0249001_S_KC1101,指甲油 (藍紫色系),,110,0,0,0,0,2025-09-03_17:40:04
242381,HYBRIS,,CLS,H0249001_S_KC1102,指甲油 (藍紫色系),,110,0,0,0,0,2025-09-03_17:40:04
242381,HYBRIS,,CLS,H0249001_S_KC1103,指甲油 (藍紫色系),,110,0,0,0,0,2025-09-03_17:40:04
242381,HYBRIS,,CLS,H0249001_S_KC1105,指甲油 (藍紫色系),,110,0,0,0,0,2025-09-03_17:40:04
242381,HYBRIS,,CLS,H0249001_S_KC1106,指甲油 (紅色系),,110,0,0,0,0,2025-09-03_17:40:04
242381,HYBRIS,,CLS,H0249001_S_KC1107,指甲油 (紅色系),,110,0,0,0,0,2025-09-03_17:40:04
242381,HYBRIS,,CLS,H0249001_S_KC1108,指甲油 (紅色系),,110,0,0,0,0,2025-09-03_17:40:04
242381,HYBRIS,,CLS,H0249001_S_KC1112,指甲油 (藍紫色系),,110,0,0,0,0,2025-09-03_17:40:04
242381,HYBRIS,,CLS,H0249001_S_KC1113,指甲油 (紅色系),,110,0,0,0,0,2025-09-03_17:40:04
242381,HYBRIS,,CLS,H0249001_S_KC1116,指甲油 (彩色系),,110,0,0,0,0,2025-09-03_17:40:05
242381,HYBRIS,,CLS,H0249001_S_KC1121,指甲油 (紅色系),,110,0,0,0,0,2025-09-03_17:40:05
242381,HYBRIS,,CLS,H0249001_S_KC1123,指甲油 (紅色系),,110,0,0,0,0,2025-09-03_17:40:05
242381,HYBRIS,,CLS,H0249001_S_KC1124,指甲油 (紅色系),,110,0,0,0,0,2025-09-03_17:40:05
242381,HYBRIS,,CLS,H0249001_S_KC1127,指甲油 (彩色系),,110,0,0,0,0,2025-09-03_17:40:05
242381,HYBRIS,,CLS,H0249001_S_KC1129,指甲油 (彩色系),,110,0,0,0,0,2025-09-03_17:40:05
242381,HYBRIS,,CLS,H0249001_S_KC1130,指甲油 (彩色系),,110,0,0,0,0,2025-09-03_17:40:05
242381,HYBRIS,,CLS,H0249001_S_KC1131,指甲油 (彩色系),,110,0,0,0,0,2025-09-03_17:40:05
242381,HYBRIS,,CLS,H0249001_S_KC1134,指甲油 (紅色系),,110,0,0,0,0,2025-09-03_17:40:06
242381,HYBRIS,,CLS,H0249001_S_KC1137,指甲油 (色號 - 37透明),,110,0,0,0,0,2025-09-03_17:40:06
242381,HYBRIS,,CLS,H0249001_S_KC1139,指甲油 (彩色系),,110,0,0,0,0,2025-09-03_17:40:06
242381,HYBRIS,,CLS,H0249001_S_KC1146,指甲油 (藍紫色系),,110,0,0,0,0,2025-09-03_17:40:06
242381,HYBRIS,,CLS,H0249001_S_KC1148,指甲油 (彩色系),,110,0,0,0,0,2025-09-03_17:40:06
242381,HYBRIS,,CLS,H0249001_S_KC1152,指甲油 (紅色系),,110,0,0,0,0,2025-09-03_17:40:06
242381,HYBRIS,,CLS,H0249001_S_Q004,雙妹綿布袋 (白色),,110,0,0,0,0,2025-09-03_17:40:07
242381,HYBRIS,,CLS,H0249001_S_Q005,雙妹綿布袋 (自然色),,110,0,0,0,0,2025-09-03_17:40:07
242381,HYBRIS,,CLS,H0255001_S_21875,蒜油 250粒,,110,0,0,0,0,2025-09-03_17:40:07
242381,HYBRIS,,CLS,H0255001_S_21942,利筋諾 50粒,,110,0,0,0,0,2025-09-03_17:40:07
242381,HYBRIS,,CLS,H0255001_S_22993,乳薊果 60片,,110,0,0,0,0,2025-09-03_17:40:07
242381,HYBRIS,,CLS,H0255001_S_23452,葡萄籽加強配方 30片,,110,0,0,0,0,2025-09-03_17:40:07
242381,HYBRIS,,CLS,H0255001_S_24008,無腥味魚油1000 200粒,,110,0,0,0,0,2025-09-03_17:40:07
242381,HYBRIS,,CLS,H0255001_S_24177,葉黃素 60粒,,110,0,0,0,0,2025-09-03_17:40:07
242381,HYBRIS,,CLS,H0255001_S_24201,護眼山桑子 30片,,110,0,0,0,0,2025-09-03_17:40:07
242381,HYBRIS,,CLS,H0255001_S_24877,兒童果味魚油丸 30粒,,110,0,0,0,0,2025-09-03_17:40:07
242381,HYBRIS,,CLS,H0255001_S_25067,鋸櫚前列配方 60粒,,20,0,0,0,0,2025-09-03_17:40:07
242381,HYBRIS,,CLS,H0255001_S_25207,維他命D3 1000 30粒,,110,0,0,0,0,2025-09-03_17:40:08
242381,HYBRIS,,CLS,H0255001_S_25266,護養關節配方 60粒,,110,0,0,0,0,2025-09-03_17:40:08
242381,HYBRIS,,CLS,H0294001_S_120088,免沖洗保濕護髮乳,,110,0,0,0,0,2025-09-03_17:40:08
242381,HYBRIS,,CLS,H0294001_S_120295,潔淨控油洗髮露,,110,0,0,0,0,2025-09-03_17:40:08
242381,HYBRIS,,CLS,H0294001_S_120533,波浪捲髮精華露波浪捲髮精華露波浪捲髮精華露波浪捲髮精華露,,110,0,0,0,0,2025-09-03_17:40:08
242381,HYBRIS,,CLS,H0318002_S_812719,有機矢車菊花水 200ml,,130,0,0,0,0,2025-09-03_17:40:08
242381,HYBRIS,,CLS,H0318002_S_812724,有機大馬士革玫瑰花水 200ml,,130,0,0,0,0,2025-09-03_17:40:08
242381,HYBRIS,,CLS,H0318002_S_852974,有機3重蜂蜜潤澤身體乳霜 150ml,,10,0,0,0,0,2025-09-03_17:40:08
242381,HYBRIS,,CLS,H0318002_S_855281,有機3重蜂蜜潤澤身體磨砂 150g,,110,0,0,0,0,2025-09-03_17:40:08
242381,HYBRIS,,CLS,H0318002_S_86Z0004,有機防敏香體露 50ml,,105,0,0,0,0,2025-09-03_17:40:08
242381,HYBRIS,,CLS,H0539001_S_50159,Royal Touch 敏感肌適用產後專用衛生巾 L碼 (5片/包),,110,0,0,0,0,2025-09-03_17:40:08
242381,HYBRIS,,CLS,H0888001_S_10004619,特級魚露,,15,0,0,0,0,2025-09-03_17:40:08
242381,HYBRIS,,CLS,H0888001_S_10004625,南乳,,220,0,0,0,0,2025-09-03_17:40:08
242381,HYBRIS,,CLS,H0888001_S_10004645,爽口榨菜絲,,230,0,0,0,0,2025-09-03_17:40:09
242381,HYBRIS,,CLS,H0888001_S_10004649,辣香蘿蔔,,120,0,0,0,0,2025-09-03_17:40:09
242381,HYBRIS,,CLS,H0888001_S_10004653,陳醋蕎頭,,130,0,0,0,0,2025-09-03_17:40:09
242381,HYBRIS,,CLS,H0888001_S_10004654,甜酸蕎頭,,130,0,0,0,0,2025-09-03_17:40:09
242381,HYBRIS,,CLS,H0888001_S_10004666,鮑汁靈芝菇片,,220,0,0,0,0,2025-09-03_17:40:09
242381,HYBRIS,,CLS,H0888001_S_10005984,豬骨火鍋上湯,,270,0,0,0,0,2025-09-03_17:40:09
242381,HYBRIS,,CLS,H0888001_S_10005986,醉雞火鍋上湯,,270,0,0,0,0,2025-09-03_17:40:09
242381,HYBRIS,,CLS,H0888001_S_10007891,洋蔥南瓜馬鈴薯片,,10,0,0,0,0,2025-09-03_17:40:09
242381,HYBRIS,,CLS,H0888001_S_10009135,藍梅寒天果凍糖,,10,0,0,0,0,2025-09-03_17:40:09
242381,HYBRIS,,CLS,H0888001_S_10009139,蜂蜜檸檬寒天果凍糖,,10,0,0,0,0,2025-09-03_17:40:09
242381,HYBRIS,,CLS,H0888001_S_10009151,什錦軟糖,,220,0,0,0,0,2025-09-03_17:40:09
242381,HYBRIS,,CLS,H0888001_S_10009386,北海道扇貝味薯片,,10,0,0,0,0,2025-09-03_17:40:09
242381,HYBRIS,,CLS,H0888001_S_10009388,酥餅 (黑朱古力),,15,0,0,0,0,2025-09-03_17:40:09
242381,HYBRIS,,CLS,H0888001_S_10011987,好ｅ食 - 白汁煙肉磨菇意粉 (急凍),,210,0,0,0,0,2025-09-03_17:40:09
242381,HYBRIS,,CLS,H0888001_S_10007313,滋潤保濕乳霜,,12,0,0,0,0,2025-09-03_17:40:10
242381,HYBRIS,,CLS,H0888001_S_10022686,猴頭菇雪耳百合潤肺湯,,192,0,0,0,0,2025-09-03_17:40:10
242381,HYBRIS,,CLS,H0888001_S_10018925,白風船米餅-牛奶忌廉味,,500,0,0,0,0,2025-09-03_17:40:10
242387,IMAX_KERRY,,STS,H0888001_S_10012783,巴西牛胸腩粒 (急凍),IM00071598,1285,0,0,0,0,2025-09-03_18:19:00
242390,IMAX_KERRY,,WFS,H0888001_S_10012783,巴西牛胸腩粒 (急凍),IM00071599,50,0,0,0,0,2025-09-03_18:49:00
242393,HYBRIS,,RRS,H0888001_S_10012783,巴西牛胸腩粒 (急凍),,600,0,0,0,0,2025-09-03_19:19:00
242397,IMAX_KERRY,,RRS,H0888001_S_10012783,巴西牛胸腩粒 (急凍),IM00071601,700,0,0,0,0,2025-09-03_19:59:00
242399,HYBRIS,,HHS,H0249001_S_1272,AAA薰衣草沐浴露,,20,0,0,0,0,2025-09-03_20:09:01
242399,HYBRIS,,HHS,H0249001_S_1272s-74s,BBB薰衣草身體潔淨旅行套裝,,20,0,0,0,0,2025-09-03_20:09:01
242399,HYBRIS,,HHS,H0249001_S_1274,DDD薰衣草護髮素,,20,0,0,0,0,2025-09-03_20:09:01
242399,HYBRIS,,HHS,H0249001_S_1282s-84s,活花身體潔淨旅行套裝,,20,0,0,0,0,2025-09-03_20:09:01
242399,HYBRIS,,HHS,H0249001_S_1284,活花護髮素,,20,0,0,0,0,2025-09-03_20:09:01
242399,HYBRIS,,HHS,H0249001_S_1292,花露水沐浴露,,20,0,0,0,0,2025-09-03_20:09:01
242399,HYBRIS,,HHS,H0249001_S_1292s-94s,花露水身體潔淨旅行套裝一二三四五六,,20,0,0,0,0,2025-09-03_20:09:01
242399,HYBRIS,,HHS,H0249001_S_1293,花露水洗髮水,,20,0,0,0,0,2025-09-03_20:09:01
242399,HYBRIS,,HHS,H0249001_S_1294,花露水護髮素,,20,0,0,0,0,2025-09-03_20:09:01
242399,HYBRIS,,HHS,H0249001_S_2151,雪花膏,,20,0,0,0,0,2025-09-03_20:09:02
242399,HYBRIS,,HHS,H0249001_S_2152,活花潤手霜,,20,0,0,0,0,2025-09-03_20:09:02
242399,HYBRIS,,HHS,H0249001_S_2157,花露水香皂,,20,0,0,0,0,2025-09-03_20:09:02
242399,HYBRIS,,HHS,H0249001_S_2163,活花爽身粉 (玫瑰花香),,20,0,0,0,0,2025-09-03_20:09:02
242399,HYBRIS,,HHS,H0249001_S_2166,活花香皂,,20,0,0,0,0,2025-09-03_20:09:02
242399,HYBRIS,,HHS,H0249001_S_2167,活花止汗液,,20,0,0,0,0,2025-09-03_20:09:02
242399,HYBRIS,,HHS,H0249001_S_2177,迷你雪花膏,,20,0,0,0,0,2025-09-03_20:09:02
242399,HYBRIS,,HHS,H0249001_S_2181,EEE薰衣草味護髮油,,20,0,0,0,0,2025-09-03_20:09:02
242399,HYBRIS,,HHS,H0249001_S_2182,活花味護髮油  (玫瑰花香),,20,0,0,0,0,2025-09-03_20:09:02
242399,HYBRIS,,HHS,H0249001_S_2186,活花爽身粉 80克 (罐裝)（附柔軟粉撲）,,20,0,0,0,0,2025-09-03_20:09:02
242399,HYBRIS,,HHS,H0249001_S_2187,花露水爽身粉 80克 (罐裝)（附柔軟粉撲）,,20,0,0,0,0,2025-09-03_20:09:02
242399,HYBRIS,,HHS,H0249001_S_2188B,花露水濕紙巾 (20片),,20,0,0,0,0,2025-09-03_20:09:02
242399,HYBRIS,,HHS,H0249001_S_2198,花露水 (200毫升),,20,0,0,0,0,2025-09-03_20:09:02
242399,HYBRIS,,HHS,H0249001_S_2202,花露水 (100毫升),,20,0,0,0,0,2025-09-03_20:09:02
242399,HYBRIS,,HHS,H0249001_S_2204,花露水 (15毫升),,20,0,0,0,0,2025-09-03_20:09:03
242399,HYBRIS,,HHS,H0249001_S_2208,花露水 (10毫升),,20,0,0,0,0,2025-09-03_20:09:03
242399,HYBRIS,,HHS,H0249001_S_2209,花露水膏,,20,0,0,0,0,2025-09-03_20:09:03
242399,HYBRIS,,HHS,H0249001_S_4261,雙妹嚜復古記事簿,,20,0,0,0,0,2025-09-03_20:09:03
242399,HYBRIS,,HHS,H0249001_S_4281,雙妹嚜復古記事簿,,20,0,0,0,0,2025-09-03_20:09:03
242399,HYBRIS,,HHS,H0249001_S_4284,雙妹嚜復古拼圖,,20,0,0,0,0,2025-09-03_20:09:03
242399,HYBRIS,,HHS,H0249001_S_4286,雙妹嚜復古拼圖,,20,0,0,0,0,2025-09-03_20:09:03
242399,HYBRIS,,HHS,H0249001_S_4287,雙妹嚜復古拼圖,,20,0,0,0,0,2025-09-03_20:09:03
242399,HYBRIS,,HHS,H0249001_S_4290,懷舊2R相簿,,20,0,0,0,0,2025-09-03_20:09:03
242399,HYBRIS,,HHS,H0249001_S_4291,懷舊2R相簿,,20,0,0,0,0,2025-09-03_20:09:03
242399,HYBRIS,,HHS,H0249001_S_4292,懷舊2R相簿,,20,0,0,0,0,2025-09-03_20:09:03
242399,HYBRIS,,HHS,H0249001_S_4293,懷舊2R相簿,,20,0,0,0,0,2025-09-03_20:09:03
242399,HYBRIS,,HHS,H0249001_S_8808,馬賽皂 (檸檬),,20,0,0,0,0,2025-09-03_20:09:03
242399,HYBRIS,,HHS,H0249001_S_8809,馬賽皂 (蜜糖),,20,0,0,0,0,2025-09-03_20:09:03
242399,HYBRIS,,HHS,H0249001_S_8810,馬賽皂 (白檀),,20,0,0,0,0,2025-09-03_20:09:04
242399,HYBRIS,,HHS,H0249001_S_KC1100,指甲水,,20,0,0,0,0,2025-09-03_20:09:04
242399,HYBRIS,,HHS,H0249001_S_KC1101,指甲油 (藍紫色系),,20,0,0,0,0,2025-09-03_20:09:04
242399,HYBRIS,,HHS,H0249001_S_KC1102,指甲油 (藍紫色系),,20,0,0,0,0,2025-09-03_20:09:04
242399,HYBRIS,,HHS,H0249001_S_KC1103,指甲油 (藍紫色系),,20,0,0,0,0,2025-09-03_20:09:04
242399,HYBRIS,,HHS,H0249001_S_KC1105,指甲油 (藍紫色系),,20,0,0,0,0,2025-09-03_20:09:04
242399,HYBRIS,,HHS,H0249001_S_KC1106,指甲油 (紅色系),,20,0,0,0,0,2025-09-03_20:09:04
242399,HYBRIS,,HHS,H0249001_S_KC1107,指甲油 (紅色系),,20,0,0,0,0,2025-09-03_20:09:04
242399,HYBRIS,,HHS,H0249001_S_KC1108,指甲油 (紅色系),,20,0,0,0,0,2025-09-03_20:09:04
242399,HYBRIS,,HHS,H0249001_S_KC1112,指甲油 (藍紫色系),,20,0,0,0,0,2025-09-03_20:09:04
242399,HYBRIS,,HHS,H0249001_S_KC1113,指甲油 (紅色系),,20,0,0,0,0,2025-09-03_20:09:04
242399,HYBRIS,,HHS,H0249001_S_KC1116,指甲油 (彩色系),,20,0,0,0,0,2025-09-03_20:09:04
242399,HYBRIS,,HHS,H0249001_S_KC1121,指甲油 (紅色系),,20,0,0,0,0,2025-09-03_20:09:05
242399,HYBRIS,,HHS,H0249001_S_KC1123,指甲油 (紅色系),,20,0,0,0,0,2025-09-03_20:09:05
242399,HYBRIS,,HHS,H0249001_S_KC1124,指甲油 (紅色系),,20,0,0,0,0,2025-09-03_20:09:05
242399,HYBRIS,,HHS,H0249001_S_KC1127,指甲油 (彩色系),,20,0,0,0,0,2025-09-03_20:09:05
242399,HYBRIS,,HHS,H0249001_S_KC1129,指甲油 (彩色系),,20,0,0,0,0,2025-09-03_20:09:05
242399,HYBRIS,,HHS,H0249001_S_KC1130,指甲油 (彩色系),,20,0,0,0,0,2025-09-03_20:09:05
242399,HYBRIS,,HHS,H0249001_S_KC1131,指甲油 (彩色系),,20,0,0,0,0,2025-09-03_20:09:05
242399,HYBRIS,,HHS,H0249001_S_KC1134,指甲油 (紅色系),,20,0,0,0,0,2025-09-03_20:09:05
242399,HYBRIS,,HHS,H0249001_S_KC1137,指甲油 (色號 - 37透明),,20,0,0,0,0,2025-09-03_20:09:06
242399,HYBRIS,,HHS,H0249001_S_KC1139,指甲油 (彩色系),,20,0,0,0,0,2025-09-03_20:09:06
242399,HYBRIS,,HHS,H0249001_S_KC1146,指甲油 (藍紫色系),,20,0,0,0,0,2025-09-03_20:09:06
242399,HYBRIS,,HHS,H0249001_S_KC1148,指甲油 (彩色系),,20,0,0,0,0,2025-09-03_20:09:06
242399,HYBRIS,,HHS,H0249001_S_KC1152,指甲油 (紅色系),,20,0,0,0,0,2025-09-03_20:09:06
242399,HYBRIS,,HHS,H0249001_S_Q004,雙妹綿布袋 (白色),,20,0,0,0,0,2025-09-03_20:09:06
242399,HYBRIS,,HHS,H0249001_S_Q005,雙妹綿布袋 (自然色),,20,0,0,0,0,2025-09-03_20:09:07
242399,HYBRIS,,HHS,H0255001_S_21875,蒜油 250粒,,20,0,0,0,0,2025-09-03_20:09:07
242399,HYBRIS,,HHS,H0255001_S_21942,利筋諾 50粒,,20,0,0,0,0,2025-09-03_20:09:07
242399,HYBRIS,,HHS,H0255001_S_22993,乳薊果 60片,,20,0,0,0,0,2025-09-03_20:09:07
242399,HYBRIS,,HHS,H0255001_S_23452,葡萄籽加強配方 30片,,20,0,0,0,0,2025-09-03_20:09:07
242399,HYBRIS,,HHS,H0255001_S_24008,無腥味魚油1000 200粒,,20,0,0,0,0,2025-09-03_20:09:07
242399,HYBRIS,,HHS,H0255001_S_24177,葉黃素 60粒,,20,0,0,0,0,2025-09-03_20:09:07
242399,HYBRIS,,HHS,H0255001_S_24201,護眼山桑子 30片,,20,0,0,0,0,2025-09-03_20:09:07
242399,HYBRIS,,HHS,H0255001_S_24877,兒童果味魚油丸 30粒,,20,0,0,0,0,2025-09-03_20:09:07
242399,HYBRIS,,HHS,H0255001_S_25067,鋸櫚前列配方 60粒,,20,0,0,0,0,2025-09-03_20:09:07
242399,HYBRIS,,HHS,H0255001_S_25110,亞麻籽油植物奧米加369 100粒,,20,0,0,0,0,2025-09-03_20:09:07
242399,HYBRIS,,HHS,H0255001_S_25207,維他命D3 1000 30粒,,20,0,0,0,0,2025-09-03_20:09:07
242399,HYBRIS,,HHS,H0255001_S_25266,護養關節配方 60粒,,20,0,0,0,0,2025-09-03_20:09:08
242399,HYBRIS,,HHS,H0294001_S_120088,免沖洗保濕護髮乳,,20,0,0,0,0,2025-09-03_20:09:08
242399,HYBRIS,,HHS,H0294001_S_120295,潔淨控油洗髮露,,20,0,0,0,0,2025-09-03_20:09:08
242399,HYBRIS,,HHS,H0294001_S_120533,波浪捲髮精華露波浪捲髮精華露波浪捲髮精華露波浪捲髮精華露,,20,0,0,0,0,2025-09-03_20:09:08
242399,HYBRIS,,HHS,H0318002_S_812719,有機矢車菊花水 200ml,,20,0,0,0,0,2025-09-03_20:09:08
242399,HYBRIS,,HHS,H0318002_S_812724,有機大馬士革玫瑰花水 200ml,,20,0,0,0,0,2025-09-03_20:09:08
242399,HYBRIS,,HHS,H0318002_S_852974,有機3重蜂蜜潤澤身體乳霜 150ml,,20,0,0,0,0,2025-09-03_20:09:08
242399,HYBRIS,,HHS,H0318002_S_855281,有機3重蜂蜜潤澤身體磨砂 150g,,20,0,0,0,0,2025-09-03_20:09:08
242399,HYBRIS,,HHS,H0318002_S_861153,有機日用洗髮水 500ml,,20,0,0,0,0,2025-09-03_20:09:08
242399,HYBRIS,,HHS,H0318002_S_86Z0004,有機防敏香體露 50ml,,20,0,0,0,0,2025-09-03_20:09:08
242399,HYBRIS,,HHS,H0318002_S_86Z0005,有機乳木果油護髮素 150ml,,20,0,0,0,0,2025-09-03_20:09:08
242399,HYBRIS,,HHS,H0539001_S_50159,Royal Touch 敏感肌適用產後專用衛生巾 L碼 (5片/包),,20,0,0,0,0,2025-09-03_20:09:08
242410,HYBRIS,,WFS,H0249001_S_1274,DDD薰衣草護髮素,,15,15,0,0,0,2025-09-03_23:40:03
242410,HYBRIS,,WFS,H0249001_S_2151,雪花膏,,5,5,0,0,0,2025-09-03_23:40:04
242410,HYBRIS,,WFS,H0249001_S_4290,懷舊2R相簿,,5,5,0,0,0,2025-09-03_23:40:06
242410,HYBRIS,,WFS,H0249001_S_KC1139,指甲油 (彩色系),,5,5,0,0,0,2025-09-03_23:40:10
242410,HYBRIS,,WFS,H0318002_S_812724,有機大馬士革玫瑰花水 200ml,,10,10,0,0,0,2025-09-03_23:40:13
242410,HYBRIS,,WFS,H0318002_S_855281,有機3重蜂蜜潤澤身體磨砂 150g,,10,10,0,0,0,2025-09-03_23:40:13
242410,HYBRIS,,WFS,H0318002_S_86Z0005,有機乳木果油護髮素 150ml,,5,5,0,0,0,2025-09-03_23:40:13
242410,HYBRIS,,WFS,H0888001_S_10005984,豬骨火鍋上湯,,105,105,0,0,0,2025-09-03_23:40:14
242410,HYBRIS,,WFS,H0888001_S_10005985,黑胡椒豬骨火鍋上湯,,15,15,0,0,0,2025-09-03_23:40:14
242425,HYBRIS,,TWS,H0859001_S_OS-620,uPure 2 潔淨濾水器2,,440,440,0,0,0,2025-09-04_00:00:01
242426,IMAX_STACKING,DRY,COB,H0888001_S_10009610,湖池屋激辣魔薯香辣芝士味薯片,IS00071606,120,120,0,0,0,2025-09-04_00:00:01
242427,IMAX_STACKING,FROZEN,COB,H0888001_S_10022875,美國特選牛肩胛肥牛片 (急凍),IS00071607,520,520,0,0,0,2025-09-04_00:00:01
242426,IMAX_STACKING,DRY,COB,H0859001_S_OS-620,uPure 2 潔淨濾水器2,IS00071606,65,65,0,0,0,2025-09-04_00:00:01
242426,IMAX_STACKING,DRY,COB,H0888001_S_10002195,大樽生啤 (日本版),IS00071606,72,72,0,0,0,2025-09-04_00:00:01
242427,IMAX_STACKING,FROZEN,COB,H0888001_S_10012511,西班牙咸豬手,IS00071607,1610,1610,0,0,0,2025-09-04_00:00:01
242426,IMAX_STACKING,DRY,COB,H0888001_S_10004262,烏龍茶,IS00071606,168,168,0,0,0,2025-09-04_00:00:01
242427,IMAX_STACKING,FROZEN,COB,H0888001_S_10011849,美國大西洋野生響螺頭 M (急凍),IS00071607,3000,3000,0,0,0,2025-09-04_00:00:01
242427,IMAX_STACKING,FROZEN,COB,H0888001_S_10011848,日本煮食用帶子急凍急凍,IS00071607,990,990,0,0,0,2025-09-04_00:00:01
242430,HYBRIS,,COB,H0888001_S_10009135,藍梅寒天果凍糖,,1212,1212,0,0,0,2025-09-04_00:01:00
242430,HYBRIS,,COB,H0888001_S_10009139,蜂蜜檸檬寒天果凍糖,,1308,1308,0,0,0,2025-09-04_00:01:00
242430,HYBRIS,,COB,H0888001_S_10009151,什錦軟糖,,1420,1420,0,0,0,2025-09-04_00:01:00
242438,HYBRIS,,CLS,H0888001_S_10007313,滋潤保濕乳霜,,444,444,0,0,0,2025-09-04_10:09:00
242439,IMAX_STACKING,DRY,CLS,H0888001_S_10002195,大樽生啤 (日本版),IS00071610,12,0,0,0,0,2025-09-04_10:22:00
242440,HYBRIS,,STS,H0888001_S_10012783,巴西牛胸腩粒 (急凍),,792,0,0,0,0,2025-09-04_10:32:00
242441,HYBRIS,,CLS,H0888001_S_10133455,澳洲和牛漢堡扒 (急凍),,1020,0,0,0,0,2025-09-04_10:38:00
242441,HYBRIS,,CLS,H0888001_S_10133940,(澳洲直送!) 澳洲穀飼西冷牛扒 (2塊裝) (急凍),,1000,0,0,0,0,2025-09-04_10:38:00
242441,HYBRIS,,CLS,H0888001_S_10133453,澳洲M4+ 和牛西冷牛扒 (急凍),,330,0,0,0,0,2025-09-04_10:38:00
242441,HYBRIS,,CLS,H0888001_S_10018534,澳洲海參(禿參，又名花刺參) (急凍),,408,0,0,0,0,2025-09-04_10:38:00
242445,HYBRIS,,STS,H0249001_S_1272s-74s,BBB薰衣草身體潔淨旅行套裝,,210,0,0,0,0,2025-09-04_11:08:01
242445,HYBRIS,,STS,H0249001_S_1273,CCC薰衣草洗髮水,,140,0,0,0,0,2025-09-04_11:08:01
242445,HYBRIS,,STS,H0249001_S_1274,DDD薰衣草護髮素,,210,0,0,0,0,2025-09-04_11:08:01
242445,HYBRIS,,STS,H0249001_S_1282s-84s,活花身體潔淨旅行套裝,,210,0,0,0,0,2025-09-04_11:08:01
242445,HYBRIS,,STS,H0249001_S_1284,活花護髮素,,210,0,0,0,0,2025-09-04_11:08:01
242445,HYBRIS,,STS,H0249001_S_1292,花露水沐浴露,,210,0,0,0,0,2025-09-04_11:08:01
242445,HYBRIS,,STS,H0249001_S_1292s-94s,花露水身體潔淨旅行套裝一二三四五六,,210,0,0,0,0,2025-09-04_11:08:01
242445,HYBRIS,,STS,H0249001_S_1293,花露水洗髮水,,210,0,0,0,0,2025-09-04_11:08:01
242445,HYBRIS,,STS,H0249001_S_1294,花露水護髮素,,210,0,0,0,0,2025-09-04_11:08:01
242445,HYBRIS,,STS,H0249001_S_2151,雪花膏,,210,0,0,0,0,2025-09-04_11:08:01
242445,HYBRIS,,STS,H0249001_S_2152,活花潤手霜,,210,0,0,0,0,2025-09-04_11:08:02
242445,HYBRIS,,STS,H0249001_S_2157,花露水香皂,,210,0,0,0,0,2025-09-04_11:08:02
242445,HYBRIS,,STS,H0249001_S_2163,活花爽身粉 (玫瑰花香),,210,0,0,0,0,2025-09-04_11:08:02
242445,HYBRIS,,STS,H0249001_S_2166,活花香皂,,210,0,0,0,0,2025-09-04_11:08:02
242445,HYBRIS,,STS,H0249001_S_2167,活花止汗液,,210,0,0,0,0,2025-09-04_11:08:02
242445,HYBRIS,,STS,H0249001_S_2177,迷你雪花膏,,210,0,0,0,0,2025-09-04_11:08:02
242445,HYBRIS,,STS,H0249001_S_2181,EEE薰衣草味護髮油,,210,0,0,0,0,2025-09-04_11:08:02
242445,HYBRIS,,STS,H0249001_S_2182,活花味護髮油  (玫瑰花香),,210,0,0,0,0,2025-09-04_11:08:02
242445,HYBRIS,,STS,H0249001_S_2186,活花爽身粉 80克 (罐裝)（附柔軟粉撲）,,210,0,0,0,0,2025-09-04_11:08:02
242445,HYBRIS,,STS,H0249001_S_2187,花露水爽身粉 80克 (罐裝)（附柔軟粉撲）,,210,0,0,0,0,2025-09-04_11:08:02
242445,HYBRIS,,STS,H0249001_S_2188B,花露水濕紙巾 (20片),,210,0,0,0,0,2025-09-04_11:08:02
242445,HYBRIS,,STS,H0249001_S_2198,花露水 (200毫升),,210,0,0,0,0,2025-09-04_11:08:02
242445,HYBRIS,,STS,H0249001_S_2202,花露水 (100毫升),,210,0,0,0,0,2025-09-04_11:08:02
242445,HYBRIS,,STS,H0249001_S_2204,花露水 (15毫升),,210,0,0,0,0,2025-09-04_11:08:02
242445,HYBRIS,,STS,H0249001_S_2208,花露水 (10毫升),,210,0,0,0,0,2025-09-04_11:08:02
242445,HYBRIS,,STS,H0249001_S_2209,花露水膏,,210,0,0,0,0,2025-09-04_11:08:02
242445,HYBRIS,,STS,H0249001_S_4261,雙妹嚜復古記事簿,,210,0,0,0,0,2025-09-04_11:08:02
242445,HYBRIS,,STS,H0249001_S_4281,雙妹嚜復古記事簿,,210,0,0,0,0,2025-09-04_11:08:02
242445,HYBRIS,,STS,H0249001_S_4284,雙妹嚜復古拼圖,,210,0,0,0,0,2025-09-04_11:08:03
242445,HYBRIS,,STS,H0249001_S_4286,雙妹嚜復古拼圖,,210,0,0,0,0,2025-09-04_11:08:03
242445,HYBRIS,,STS,H0249001_S_4287,雙妹嚜復古拼圖,,210,0,0,0,0,2025-09-04_11:08:03
242445,HYBRIS,,STS,H0249001_S_4290,懷舊2R相簿,,210,0,0,0,0,2025-09-04_11:08:03
242445,HYBRIS,,STS,H0249001_S_4291,懷舊2R相簿,,210,0,0,0,0,2025-09-04_11:08:03
242445,HYBRIS,,STS,H0249001_S_4292,懷舊2R相簿,,210,0,0,0,0,2025-09-04_11:08:03
242445,HYBRIS,,STS,H0249001_S_4293,懷舊2R相簿,,210,0,0,0,0,2025-09-04_11:08:03
242445,HYBRIS,,STS,H0249001_S_4315,雙妹嚜黑色環保袋,,210,0,0,0,0,2025-09-04_11:08:03
242445,HYBRIS,,STS,H0249001_S_8808,馬賽皂 (檸檬),,210,0,0,0,0,2025-09-04_11:08:03
242445,HYBRIS,,STS,H0249001_S_8809,馬賽皂 (蜜糖),,210,0,0,0,0,2025-09-04_11:08:03
242445,HYBRIS,,STS,H0249001_S_8810,馬賽皂 (白檀),,210,0,0,0,0,2025-09-04_11:08:03
242445,HYBRIS,,STS,H0249001_S_KC1100,指甲水,,210,0,0,0,0,2025-09-04_11:08:03
242445,HYBRIS,,STS,H0249001_S_KC1101,指甲油 (藍紫色系),,210,0,0,0,0,2025-09-04_11:08:03
242445,HYBRIS,,STS,H0249001_S_KC1102,指甲油 (藍紫色系),,210,0,0,0,0,2025-09-04_11:08:03
242445,HYBRIS,,STS,H0249001_S_KC1103,指甲油 (藍紫色系),,210,0,0,0,0,2025-09-04_11:08:03
242445,HYBRIS,,STS,H0249001_S_KC1105,指甲油 (藍紫色系),,210,0,0,0,0,2025-09-04_11:08:03
242445,HYBRIS,,STS,H0249001_S_KC1106,指甲油 (紅色系),,210,0,0,0,0,2025-09-04_11:08:03
242445,HYBRIS,,STS,H0249001_S_KC1107,指甲油 (紅色系),,210,0,0,0,0,2025-09-04_11:08:03
242445,HYBRIS,,STS,H0249001_S_KC1108,指甲油 (紅色系),,210,0,0,0,0,2025-09-04_11:08:04
242445,HYBRIS,,STS,H0249001_S_KC1112,指甲油 (藍紫色系),,210,0,0,0,0,2025-09-04_11:08:04
242445,HYBRIS,,STS,H0249001_S_KC1113,指甲油 (紅色系),,210,0,0,0,0,2025-09-04_11:08:04
242445,HYBRIS,,STS,H0249001_S_KC1116,指甲油 (彩色系),,210,0,0,0,0,2025-09-04_11:08:04
242445,HYBRIS,,STS,H0249001_S_KC1121,指甲油 (紅色系),,210,0,0,0,0,2025-09-04_11:08:04
242445,HYBRIS,,STS,H0249001_S_KC1123,指甲油 (紅色系),,210,0,0,0,0,2025-09-04_11:08:04
242445,HYBRIS,,STS,H0249001_S_KC1124,指甲油 (紅色系),,210,0,0,0,0,2025-09-04_11:08:04
242445,HYBRIS,,STS,H0249001_S_KC1127,指甲油 (彩色系),,210,0,0,0,0,2025-09-04_11:08:05
242445,HYBRIS,,STS,H0249001_S_KC1129,指甲油 (彩色系),,210,0,0,0,0,2025-09-04_11:08:05
242445,HYBRIS,,STS,H0249001_S_KC1130,指甲油 (彩色系),,210,0,0,0,0,2025-09-04_11:08:05
242445,HYBRIS,,STS,H0249001_S_KC1131,指甲油 (彩色系),,210,0,0,0,0,2025-09-04_11:08:05
242445,HYBRIS,,STS,H0249001_S_KC1134,指甲油 (紅色系),,210,0,0,0,0,2025-09-04_11:08:05
242445,HYBRIS,,STS,H0249001_S_KC1137,指甲油 (色號 - 37透明),,210,0,0,0,0,2025-09-04_11:08:05
242445,HYBRIS,,STS,H0249001_S_KC1139,指甲油 (彩色系),,210,0,0,0,0,2025-09-04_11:08:05
242445,HYBRIS,,STS,H0249001_S_KC1146,指甲油 (藍紫色系),,210,0,0,0,0,2025-09-04_11:08:05
242445,HYBRIS,,STS,H0249001_S_KC1148,指甲油 (彩色系),,210,0,0,0,0,2025-09-04_11:08:05
242445,HYBRIS,,STS,H0249001_S_KC1152,指甲油 (紅色系),,210,0,0,0,0,2025-09-04_11:08:06
242445,HYBRIS,,STS,H0249001_S_Q004,雙妹綿布袋 (白色),,210,0,0,0,0,2025-09-04_11:08:06
242445,HYBRIS,,STS,H0249001_S_Q005,雙妹綿布袋 (自然色),,210,0,0,0,0,2025-09-04_11:08:06
242445,HYBRIS,,STS,H0255001_S_21875,蒜油 250粒,,210,0,0,0,0,2025-09-04_11:08:06
242445,HYBRIS,,STS,H0255001_S_21942,利筋諾 50粒,,210,0,0,0,0,2025-09-04_11:08:06
242445,HYBRIS,,STS,H0255001_S_22993,乳薊果 60片,,210,0,0,0,0,2025-09-04_11:08:06
242445,HYBRIS,,STS,H0255001_S_23452,葡萄籽加強配方 30片,,210,0,0,0,0,2025-09-04_11:08:06
242445,HYBRIS,,STS,H0255001_S_24008,無腥味魚油1000 200粒,,210,0,0,0,0,2025-09-04_11:08:06
242445,HYBRIS,,STS,H0255001_S_24177,葉黃素 60粒,,210,0,0,0,0,2025-09-04_11:08:06
242445,HYBRIS,,STS,H0255001_S_24201,護眼山桑子 30片,,210,0,0,0,0,2025-09-04_11:08:06
242445,HYBRIS,,STS,H0255001_S_24877,兒童果味魚油丸 30粒,,210,0,0,0,0,2025-09-04_11:08:07
242445,HYBRIS,,STS,H0255001_S_25067,鋸櫚前列配方 60粒,,210,0,0,0,0,2025-09-04_11:08:07
242445,HYBRIS,,STS,H0255001_S_25110,亞麻籽油植物奧米加369 100粒,,210,0,0,0,0,2025-09-04_11:08:07
242445,HYBRIS,,STS,H0255001_S_25207,維他命D3 1000 30粒,,210,0,0,0,0,2025-09-04_11:08:07
242445,HYBRIS,,STS,H0255001_S_25266,護養關節配方 60粒,,210,0,0,0,0,2025-09-04_11:08:07
242445,HYBRIS,,STS,H0294001_S_120088,免沖洗保濕護髮乳,,210,0,0,0,0,2025-09-04_11:08:07
242445,HYBRIS,,STS,H0294001_S_120295,潔淨控油洗髮露,,210,0,0,0,0,2025-09-04_11:08:07
242445,HYBRIS,,STS,H0294001_S_120533,波浪捲髮精華露波浪捲髮精華露波浪捲髮精華露波浪捲髮精華露,,210,0,0,0,0,2025-09-04_11:08:07
242445,HYBRIS,,STS,H0318002_S_812719,有機矢車菊花水 200ml,,210,0,0,0,0,2025-09-04_11:08:07
242445,HYBRIS,,STS,H0318002_S_812724,有機大馬士革玫瑰花水 200ml,,210,0,0,0,0,2025-09-04_11:08:07
242445,HYBRIS,,STS,H0318002_S_852974,有機3重蜂蜜潤澤身體乳霜 150ml,,210,0,0,0,0,2025-09-04_11:08:07
242445,HYBRIS,,STS,H0318002_S_855281,有機3重蜂蜜潤澤身體磨砂 150g,,210,0,0,0,0,2025-09-04_11:08:07
242445,HYBRIS,,STS,H0318002_S_861153,有機日用洗髮水 500ml,,210,0,0,0,0,2025-09-04_11:08:07
242445,HYBRIS,,STS,H0318002_S_86Z0004,有機防敏香體露 50ml,,210,0,0,0,0,2025-09-04_11:08:07
242445,HYBRIS,,STS,H0318002_S_86Z0005,有機乳木果油護髮素 150ml,,210,0,0,0,0,2025-09-04_11:08:08
242445,HYBRIS,,STS,H0539001_S_50159,Royal Touch 敏感肌適用產後專用衛生巾 L碼 (5片/包),,210,0,0,0,0,2025-09-04_11:08:08
242445,HYBRIS,,STS,H0888001_S_10004619,特級魚露,,125,0,0,0,0,2025-09-04_11:08:08
242445,HYBRIS,,STS,H0888001_S_10004625,南乳,,120,0,0,0,0,2025-09-04_11:08:08
242445,HYBRIS,,STS,H0888001_S_10004645,爽口榨菜絲,,130,0,0,0,0,2025-09-04_11:08:08
242445,HYBRIS,,STS,H0888001_S_10004653,陳醋蕎頭,,30,0,0,0,0,2025-09-04_11:08:08
242445,HYBRIS,,STS,H0888001_S_10004654,甜酸蕎頭,,30,0,0,0,0,2025-09-04_11:08:08
242445,HYBRIS,,STS,H0888001_S_10004666,鮑汁靈芝菇片,,120,0,0,0,0,2025-09-04_11:08:08
242445,HYBRIS,,STS,H0888001_S_10005984,豬骨火鍋上湯,,170,0,0,0,0,2025-09-04_11:08:08
242445,HYBRIS,,STS,H0888001_S_10005986,醉雞火鍋上湯,,170,0,0,0,0,2025-09-04_11:08:08
242445,HYBRIS,,STS,H0888001_S_10007891,洋蔥南瓜馬鈴薯片,,125,0,0,0,0,2025-09-04_11:08:08
242445,HYBRIS,,STS,H0888001_S_10009135,藍梅寒天果凍糖,,125,0,0,0,0,2025-09-04_11:08:08
242445,HYBRIS,,STS,H0888001_S_10009139,蜂蜜檸檬寒天果凍糖,,125,0,0,0,0,2025-09-04_11:08:08
242445,HYBRIS,,STS,H0888001_S_10009151,什錦軟糖,,140,0,0,0,0,2025-09-04_11:08:08
242445,HYBRIS,,STS,H0888001_S_10009386,北海道扇貝味薯片,,125,0,0,0,0,2025-09-04_11:08:09
242445,HYBRIS,,STS,H0888001_S_10009388,酥餅 (黑朱古力),,130,0,0,0,0,2025-09-04_11:08:09
242445,HYBRIS,,STS,H0888001_S_10009609,星球大戰系列珍寶珠 (隨機派送),,125,0,0,0,0,2025-09-04_11:08:09
242445,HYBRIS,,STS,H0888001_S_10009610,湖池屋激辣魔薯香辣芝士味薯片,,135,0,0,0,0,2025-09-04_11:08:09
242445,HYBRIS,,STS,H0888001_S_10011987,好ｅ食 - 白汁煙肉磨菇意粉 (急凍),,125,0,0,0,0,2025-09-04_11:08:09
242445,HYBRIS,,STS,H0888001_S_10018925,白風船米餅-牛奶忌廉味,,125,0,0,0,0,2025-09-04_11:08:09
242445,HYBRIS,,STS,H0888001_S_10022686,猴頭菇雪耳百合潤肺湯,,120,0,0,0,0,2025-09-04_11:08:09
242447,HYBRIS,,WFS,H0888001_S_10012013,Bibigo 韓式傳統脆皮煎餃 (急凍),,150,150,0,0,0,2025-09-04_11:25:00
242451,HYBRIS,,CLS,H0888001_S_10007313,滋潤保濕乳霜,,12,0,0,0,0,2025-09-04_11:42:00
242452,IMAX_KERRY,,CLS,H0888001_S_10012777,紐西蘭帶骨羊仔腩 (急凍),IM00071617,40,40,40,0,0,2025-09-04_11:44:00
242460,HYBRIS,,TWS,H0888001_S_10008283,燕麥脆條 - 蜜糖★燕麥,,36,36,0,0,0,2025-09-04_13:00:00
242466,IMAX_KERRY,,CLS,H0888001_S_10012783,巴西牛胸腩粒 (急凍),IM00071619,784,0,0,0,0,2025-09-04_13:32:00
242467,HYBRIS,,LPS,H0888001_S_10012783,巴西牛胸腩粒 (急凍),,8,8,0,0,0,2025-09-04_13:49:00
242471,IMAX_KERRY,,SHS,H0888001_S_10012783,巴西牛胸腩粒 (急凍),IM00071621,786,0,0,0,0,2025-09-04_14:09:00
242472,HYBRIS,,CLS,H0888001_S_10004649,辣香蘿蔔,,2900,0,0,0,0,2025-09-04_14:19:00
242472,HYBRIS,,CLS,H0888001_S_10007313,滋潤保濕乳霜,,27,0,0,0,0,2025-09-04_14:19:00
242491,IMAX_KERRY,,IRS,H0888001_S_10022197,五香肉丁,IM00071623,48,0,0,0,0,2025-09-04_16:08:00
242494,HYBRIS,,CLS,H0888001_S_10007313,滋潤保濕乳霜,,108,0,0,0,0,2025-09-04_16:41:00
242497,HYBRIS,,RRS,H0888001_S_10018534,澳洲海參(禿參，又名花刺參) (急凍),,96,0,0,0,0,2025-09-04_16:50:00
242498,IMAX_KERRY,,WSH,H0888001_S_10012783,巴西牛胸腩粒 (急凍),IM00071626,786,0,0,0,0,2025-09-04_16:54:00
242503,IMAX_STACKING,CHILLED,CLS,H0888001_S_10012783,巴西牛胸腩粒 (急凍),IS00071627,5000,0,0,0,0,2025-09-04_17:10:00
242504,IMAX_STACKING,DRY,CLS,H0255001_S_25116,健腦高濃度深海魚油 60粒,IS00071628,290,0,0,0,0,2025-09-04_17:10:00
242507,HYBRIS,,CLS,H0249001_S_1272s-74s,BBB薰衣草身體潔淨旅行套裝,,110,0,0,0,0,2025-09-04_17:40:02
242507,HYBRIS,,CLS,H0249001_S_1274,DDD薰衣草護髮素,,10,0,0,0,0,2025-09-04_17:40:02
242507,HYBRIS,,CLS,H0249001_S_1282s-84s,活花身體潔淨旅行套裝,,110,0,0,0,0,2025-09-04_17:40:02
242507,HYBRIS,,CLS,H0249001_S_1284,活花護髮素,,110,0,0,0,0,2025-09-04_17:40:02
242507,HYBRIS,,CLS,H0249001_S_1292,花露水沐浴露,,110,0,0,0,0,2025-09-04_17:40:02
242507,HYBRIS,,CLS,H0249001_S_1292s-94s,花露水身體潔淨旅行套裝一二三四五六,,110,0,0,0,0,2025-09-04_17:40:02
242507,HYBRIS,,CLS,H0249001_S_1293,花露水洗髮水,,110,0,0,0,0,2025-09-04_17:40:02
242507,HYBRIS,,CLS,H0249001_S_1294,花露水護髮素,,110,0,0,0,0,2025-09-04_17:40:02
242507,HYBRIS,,CLS,H0249001_S_2151,雪花膏,,120,0,0,0,0,2025-09-04_17:40:02
242507,HYBRIS,,CLS,H0249001_S_2152,活花潤手霜,,110,0,0,0,0,2025-09-04_17:40:02
242507,HYBRIS,,CLS,H0249001_S_2157,花露水香皂,,10,0,0,0,0,2025-09-04_17:40:02
242507,HYBRIS,,CLS,H0249001_S_2163,活花爽身粉 (玫瑰花香),,120,0,0,0,0,2025-09-04_17:40:02
242507,HYBRIS,,CLS,H0249001_S_2166,活花香皂,,120,0,0,0,0,2025-09-04_17:40:03
242507,HYBRIS,,CLS,H0249001_S_2167,活花止汗液,,120,0,0,0,0,2025-09-04_17:40:03
242507,HYBRIS,,CLS,H0249001_S_2177,迷你雪花膏,,110,0,0,0,0,2025-09-04_17:40:03
242507,HYBRIS,,CLS,H0249001_S_2181,EEE薰衣草味護髮油,,110,0,0,0,0,2025-09-04_17:40:03
242507,HYBRIS,,CLS,H0249001_S_2182,活花味護髮油  (玫瑰花香),,110,0,0,0,0,2025-09-04_17:40:03
242507,HYBRIS,,CLS,H0249001_S_2186,活花爽身粉 80克 (罐裝)（附柔軟粉撲）,,110,0,0,0,0,2025-09-04_17:40:03
242507,HYBRIS,,CLS,H0249001_S_2187,花露水爽身粉 80克 (罐裝)（附柔軟粉撲）,,110,0,0,0,0,2025-09-04_17:40:03
242507,HYBRIS,,CLS,H0249001_S_2188B,花露水濕紙巾 (20片),,110,0,0,0,0,2025-09-04_17:40:03
242507,HYBRIS,,CLS,H0249001_S_2198,花露水 (200毫升),,110,0,0,0,0,2025-09-04_17:40:03
242507,HYBRIS,,CLS,H0249001_S_2202,花露水 (100毫升),,110,0,0,0,0,2025-09-04_17:40:03
242507,HYBRIS,,CLS,H0249001_S_2204,花露水 (15毫升),,110,0,0,0,0,2025-09-04_17:40:03
242507,HYBRIS,,CLS,H0249001_S_2208,花露水 (10毫升),,110,0,0,0,0,2025-09-04_17:40:03
242507,HYBRIS,,CLS,H0249001_S_2209,花露水膏,,110,0,0,0,0,2025-09-04_17:40:03
242507,HYBRIS,,CLS,H0249001_S_4261,雙妹嚜復古記事簿,,110,0,0,0,0,2025-09-04_17:40:03
242507,HYBRIS,,CLS,H0249001_S_4281,雙妹嚜復古記事簿,,110,0,0,0,0,2025-09-04_17:40:03
242507,HYBRIS,,CLS,H0249001_S_4284,雙妹嚜復古拼圖,,110,0,0,0,0,2025-09-04_17:40:03
242507,HYBRIS,,CLS,H0249001_S_4286,雙妹嚜復古拼圖,,110,0,0,0,0,2025-09-04_17:40:03
242507,HYBRIS,,CLS,H0249001_S_4287,雙妹嚜復古拼圖,,110,0,0,0,0,2025-09-04_17:40:03
242507,HYBRIS,,CLS,H0249001_S_4290,懷舊2R相簿,,110,0,0,0,0,2025-09-04_17:40:03
242507,HYBRIS,,CLS,H0249001_S_4291,懷舊2R相簿,,110,0,0,0,0,2025-09-04_17:40:04
242507,HYBRIS,,CLS,H0249001_S_4292,懷舊2R相簿,,110,0,0,0,0,2025-09-04_17:40:04
242507,HYBRIS,,CLS,H0249001_S_4293,懷舊2R相簿,,110,0,0,0,0,2025-09-04_17:40:04
242507,HYBRIS,,CLS,H0249001_S_4315,雙妹嚜黑色環保袋,,110,0,0,0,0,2025-09-04_17:40:04
242507,HYBRIS,,CLS,H0249001_S_8808,馬賽皂 (檸檬),,110,0,0,0,0,2025-09-04_17:40:04
242507,HYBRIS,,CLS,H0249001_S_8809,馬賽皂 (蜜糖),,110,0,0,0,0,2025-09-04_17:40:04
242507,HYBRIS,,CLS,H0249001_S_8810,馬賽皂 (白檀),,110,0,0,0,0,2025-09-04_17:40:04
242507,HYBRIS,,CLS,H0249001_S_KC1100,指甲水,,110,0,0,0,0,2025-09-04_17:40:04
242507,HYBRIS,,CLS,H0249001_S_KC1101,指甲油 (藍紫色系),,110,0,0,0,0,2025-09-04_17:40:04
242507,HYBRIS,,CLS,H0249001_S_KC1102,指甲油 (藍紫色系),,110,0,0,0,0,2025-09-04_17:40:04
242507,HYBRIS,,CLS,H0249001_S_KC1103,指甲油 (藍紫色系),,110,0,0,0,0,2025-09-04_17:40:04
242507,HYBRIS,,CLS,H0249001_S_KC1105,指甲油 (藍紫色系),,110,0,0,0,0,2025-09-04_17:40:04
242507,HYBRIS,,CLS,H0249001_S_KC1106,指甲油 (紅色系),,110,0,0,0,0,2025-09-04_17:40:04
242507,HYBRIS,,CLS,H0249001_S_KC1107,指甲油 (紅色系),,110,0,0,0,0,2025-09-04_17:40:04
242507,HYBRIS,,CLS,H0249001_S_KC1108,指甲油 (紅色系),,110,0,0,0,0,2025-09-04_17:40:04
242507,HYBRIS,,CLS,H0249001_S_KC1112,指甲油 (藍紫色系),,110,0,0,0,0,2025-09-04_17:40:04
242507,HYBRIS,,CLS,H0249001_S_KC1113,指甲油 (紅色系),,110,0,0,0,0,2025-09-04_17:40:05
242507,HYBRIS,,CLS,H0249001_S_KC1116,指甲油 (彩色系),,110,0,0,0,0,2025-09-04_17:40:05
242507,HYBRIS,,CLS,H0249001_S_KC1121,指甲油 (紅色系),,110,0,0,0,0,2025-09-04_17:40:05
242507,HYBRIS,,CLS,H0249001_S_KC1123,指甲油 (紅色系),,110,0,0,0,0,2025-09-04_17:40:05
242507,HYBRIS,,CLS,H0249001_S_KC1124,指甲油 (紅色系),,110,0,0,0,0,2025-09-04_17:40:05
242507,HYBRIS,,CLS,H0249001_S_KC1127,指甲油 (彩色系),,110,0,0,0,0,2025-09-04_17:40:05
242507,HYBRIS,,CLS,H0249001_S_KC1129,指甲油 (彩色系),,110,0,0,0,0,2025-09-04_17:40:05
242507,HYBRIS,,CLS,H0249001_S_KC1130,指甲油 (彩色系),,110,0,0,0,0,2025-09-04_17:40:05
242507,HYBRIS,,CLS,H0249001_S_KC1131,指甲油 (彩色系),,110,0,0,0,0,2025-09-04_17:40:05
242507,HYBRIS,,CLS,H0249001_S_KC1134,指甲油 (紅色系),,110,0,0,0,0,2025-09-04_17:40:06
242507,HYBRIS,,CLS,H0249001_S_KC1137,指甲油 (色號 - 37透明),,110,0,0,0,0,2025-09-04_17:40:06
242507,HYBRIS,,CLS,H0249001_S_KC1139,指甲油 (彩色系),,110,0,0,0,0,2025-09-04_17:40:06
242507,HYBRIS,,CLS,H0249001_S_KC1146,指甲油 (藍紫色系),,110,0,0,0,0,2025-09-04_17:40:06
242507,HYBRIS,,CLS,H0249001_S_KC1148,指甲油 (彩色系),,110,0,0,0,0,2025-09-04_17:40:06
242507,HYBRIS,,CLS,H0249001_S_KC1152,指甲油 (紅色系),,110,0,0,0,0,2025-09-04_17:40:06
242507,HYBRIS,,CLS,H0249001_S_Q004,雙妹綿布袋 (白色),,110,0,0,0,0,2025-09-04_17:40:07
242507,HYBRIS,,CLS,H0249001_S_Q005,雙妹綿布袋 (自然色),,110,0,0,0,0,2025-09-04_17:40:07
242507,HYBRIS,,CLS,H0255001_S_21875,蒜油 250粒,,110,0,0,0,0,2025-09-04_17:40:07
242507,HYBRIS,,CLS,H0255001_S_21942,利筋諾 50粒,,110,0,0,0,0,2025-09-04_17:40:07
242507,HYBRIS,,CLS,H0255001_S_22993,乳薊果 60片,,110,0,0,0,0,2025-09-04_17:40:07
242507,HYBRIS,,CLS,H0255001_S_23452,葡萄籽加強配方 30片,,110,0,0,0,0,2025-09-04_17:40:07
242507,HYBRIS,,CLS,H0255001_S_24008,無腥味魚油1000 200粒,,110,0,0,0,0,2025-09-04_17:40:07
242507,HYBRIS,,CLS,H0255001_S_24177,葉黃素 60粒,,110,0,0,0,0,2025-09-04_17:40:07
242507,HYBRIS,,CLS,H0255001_S_24201,護眼山桑子 30片,,110,0,0,0,0,2025-09-04_17:40:07
242507,HYBRIS,,CLS,H0255001_S_24877,兒童果味魚油丸 30粒,,110,0,0,0,0,2025-09-04_17:40:07
242507,HYBRIS,,CLS,H0255001_S_25067,鋸櫚前列配方 60粒,,20,0,0,0,0,2025-09-04_17:40:07
242507,HYBRIS,,CLS,H0255001_S_25207,維他命D3 1000 30粒,,110,0,0,0,0,2025-09-04_17:40:07
242507,HYBRIS,,CLS,H0255001_S_25266,護養關節配方 60粒,,110,0,0,0,0,2025-09-04_17:40:07
242507,HYBRIS,,CLS,H0294001_S_120088,免沖洗保濕護髮乳,,110,0,0,0,0,2025-09-04_17:40:08
242507,HYBRIS,,CLS,H0294001_S_120295,潔淨控油洗髮露,,110,0,0,0,0,2025-09-04_17:40:08
242507,HYBRIS,,CLS,H0294001_S_120533,波浪捲髮精華露波浪捲髮精華露波浪捲髮精華露波浪捲髮精華露,,110,0,0,0,0,2025-09-04_17:40:08
242507,HYBRIS,,CLS,H0318002_S_812719,有機矢車菊花水 200ml,,130,0,0,0,0,2025-09-04_17:40:08
242507,HYBRIS,,CLS,H0318002_S_812724,有機大馬士革玫瑰花水 200ml,,130,0,0,0,0,2025-09-04_17:40:08
242507,HYBRIS,,CLS,H0318002_S_852974,有機3重蜂蜜潤澤身體乳霜 150ml,,10,0,0,0,0,2025-09-04_17:40:08
242507,HYBRIS,,CLS,H0318002_S_855281,有機3重蜂蜜潤澤身體磨砂 150g,,110,0,0,0,0,2025-09-04_17:40:08
242507,HYBRIS,,CLS,H0318002_S_86Z0004,有機防敏香體露 50ml,,105,0,0,0,0,2025-09-04_17:40:08
242507,HYBRIS,,CLS,H0539001_S_50159,Royal Touch 敏感肌適用產後專用衛生巾 L碼 (5片/包),,110,0,0,0,0,2025-09-04_17:40:08
242507,HYBRIS,,CLS,H0888001_S_10004619,特級魚露,,15,0,0,0,0,2025-09-04_17:40:08
242507,HYBRIS,,CLS,H0888001_S_10004625,南乳,,220,0,0,0,0,2025-09-04_17:40:08
242507,HYBRIS,,CLS,H0888001_S_10004645,爽口榨菜絲,,230,0,0,0,0,2025-09-04_17:40:08
242507,HYBRIS,,CLS,H0888001_S_10004649,辣香蘿蔔,,120,0,0,0,0,2025-09-04_17:40:08
242507,HYBRIS,,CLS,H0888001_S_10004653,陳醋蕎頭,,130,0,0,0,0,2025-09-04_17:40:08
242507,HYBRIS,,CLS,H0888001_S_10004654,甜酸蕎頭,,130,0,0,0,0,2025-09-04_17:40:08
242507,HYBRIS,,CLS,H0888001_S_10004666,鮑汁靈芝菇片,,220,0,0,0,0,2025-09-04_17:40:08
242507,HYBRIS,,CLS,H0888001_S_10005984,豬骨火鍋上湯,,270,0,0,0,0,2025-09-04_17:40:08
242507,HYBRIS,,CLS,H0888001_S_10005986,醉雞火鍋上湯,,270,0,0,0,0,2025-09-04_17:40:08
242507,HYBRIS,,CLS,H0888001_S_10007891,洋蔥南瓜馬鈴薯片,,10,0,0,0,0,2025-09-04_17:40:08
242507,HYBRIS,,CLS,H0888001_S_10009135,藍梅寒天果凍糖,,10,0,0,0,0,2025-09-04_17:40:09
242507,HYBRIS,,CLS,H0888001_S_10009139,蜂蜜檸檬寒天果凍糖,,10,0,0,0,0,2025-09-04_17:40:09
242507,HYBRIS,,CLS,H0888001_S_10009151,什錦軟糖,,220,0,0,0,0,2025-09-04_17:40:09
242507,HYBRIS,,CLS,H0888001_S_10009386,北海道扇貝味薯片,,10,0,0,0,0,2025-09-04_17:40:09
242507,HYBRIS,,CLS,H0888001_S_10009388,酥餅 (黑朱古力),,15,0,0,0,0,2025-09-04_17:40:09
242507,HYBRIS,,CLS,H0888001_S_10011987,好ｅ食 - 白汁煙肉磨菇意粉 (急凍),,210,0,0,0,0,2025-09-04_17:40:09
242507,HYBRIS,,CLS,H0888001_S_10007313,滋潤保濕乳霜,,12,0,0,0,0,2025-09-04_17:40:09
242507,HYBRIS,,CLS,H0888001_S_10022686,猴頭菇雪耳百合潤肺湯,,192,0,0,0,0,2025-09-04_17:40:09
242507,HYBRIS,,CLS,H0888001_S_10018925,白風船米餅-牛奶忌廉味,,500,0,0,0,0,2025-09-04_17:40:09
242513,IMAX_KERRY,,STS,H0888001_S_10012783,巴西牛胸腩粒 (急凍),IM00071631,1285,0,0,0,0,2025-09-04_18:19:00
242516,IMAX_KERRY,,WFS,H0888001_S_10012783,巴西牛胸腩粒 (急凍),IM00071632,50,0,0,0,0,2025-09-04_18:49:00
242519,HYBRIS,,RRS,H0888001_S_10012783,巴西牛胸腩粒 (急凍),,600,0,0,0,0,2025-09-04_19:19:00
242523,IMAX_KERRY,,RRS,H0888001_S_10012783,巴西牛胸腩粒 (急凍),IM00071634,700,0,0,0,0,2025-09-04_19:59:00
242525,HYBRIS,,HHS,H0249001_S_1272,AAA薰衣草沐浴露,,20,0,0,0,0,2025-09-04_20:09:02
242525,HYBRIS,,HHS,H0249001_S_1272s-74s,BBB薰衣草身體潔淨旅行套裝,,20,0,0,0,0,2025-09-04_20:09:02
242525,HYBRIS,,HHS,H0249001_S_1274,DDD薰衣草護髮素,,20,0,0,0,0,2025-09-04_20:09:02
242525,HYBRIS,,HHS,H0249001_S_1282s-84s,活花身體潔淨旅行套裝,,20,0,0,0,0,2025-09-04_20:09:02
242525,HYBRIS,,HHS,H0249001_S_1284,活花護髮素,,20,0,0,0,0,2025-09-04_20:09:02
242525,HYBRIS,,HHS,H0249001_S_1292,花露水沐浴露,,20,0,0,0,0,2025-09-04_20:09:02
242525,HYBRIS,,HHS,H0249001_S_1292s-94s,花露水身體潔淨旅行套裝一二三四五六,,20,0,0,0,0,2025-09-04_20:09:02
242525,HYBRIS,,HHS,H0249001_S_1293,花露水洗髮水,,20,0,0,0,0,2025-09-04_20:09:02
242525,HYBRIS,,HHS,H0249001_S_1294,花露水護髮素,,20,0,0,0,0,2025-09-04_20:09:02
242525,HYBRIS,,HHS,H0249001_S_2151,雪花膏,,20,0,0,0,0,2025-09-04_20:09:02
242525,HYBRIS,,HHS,H0249001_S_2152,活花潤手霜,,20,0,0,0,0,2025-09-04_20:09:02
242525,HYBRIS,,HHS,H0249001_S_2157,花露水香皂,,20,0,0,0,0,2025-09-04_20:09:02
242525,HYBRIS,,HHS,H0249001_S_2163,活花爽身粉 (玫瑰花香),,20,0,0,0,0,2025-09-04_20:09:02
242525,HYBRIS,,HHS,H0249001_S_2166,活花香皂,,20,0,0,0,0,2025-09-04_20:09:02
242525,HYBRIS,,HHS,H0249001_S_2167,活花止汗液,,20,0,0,0,0,2025-09-04_20:09:02
242525,HYBRIS,,HHS,H0249001_S_2177,迷你雪花膏,,20,0,0,0,0,2025-09-04_20:09:03
242525,HYBRIS,,HHS,H0249001_S_2181,EEE薰衣草味護髮油,,20,0,0,0,0,2025-09-04_20:09:03
242525,HYBRIS,,HHS,H0249001_S_2182,活花味護髮油  (玫瑰花香),,20,0,0,0,0,2025-09-04_20:09:03
242525,HYBRIS,,HHS,H0249001_S_2186,活花爽身粉 80克 (罐裝)（附柔軟粉撲）,,20,0,0,0,0,2025-09-04_20:09:03
242525,HYBRIS,,HHS,H0249001_S_2187,花露水爽身粉 80克 (罐裝)（附柔軟粉撲）,,20,0,0,0,0,2025-09-04_20:09:03
242525,HYBRIS,,HHS,H0249001_S_2188B,花露水濕紙巾 (20片),,20,0,0,0,0,2025-09-04_20:09:03
242525,HYBRIS,,HHS,H0249001_S_2198,花露水 (200毫升),,20,0,0,0,0,2025-09-04_20:09:03
242525,HYBRIS,,HHS,H0249001_S_2202,花露水 (100毫升),,20,0,0,0,0,2025-09-04_20:09:03
242525,HYBRIS,,HHS,H0249001_S_2204,花露水 (15毫升),,20,0,0,0,0,2025-09-04_20:09:03
242525,HYBRIS,,HHS,H0249001_S_2208,花露水 (10毫升),,20,0,0,0,0,2025-09-04_20:09:03
242525,HYBRIS,,HHS,H0249001_S_2209,花露水膏,,20,0,0,0,0,2025-09-04_20:09:03
242525,HYBRIS,,HHS,H0249001_S_4261,雙妹嚜復古記事簿,,20,0,0,0,0,2025-09-04_20:09:03
242525,HYBRIS,,HHS,H0249001_S_4281,雙妹嚜復古記事簿,,20,0,0,0,0,2025-09-04_20:09:03
242525,HYBRIS,,HHS,H0249001_S_4284,雙妹嚜復古拼圖,,20,0,0,0,0,2025-09-04_20:09:03
242525,HYBRIS,,HHS,H0249001_S_4286,雙妹嚜復古拼圖,,20,0,0,0,0,2025-09-04_20:09:03
242525,HYBRIS,,HHS,H0249001_S_4287,雙妹嚜復古拼圖,,20,0,0,0,0,2025-09-04_20:09:03
242525,HYBRIS,,HHS,H0249001_S_4290,懷舊2R相簿,,20,0,0,0,0,2025-09-04_20:09:03
242525,HYBRIS,,HHS,H0249001_S_4291,懷舊2R相簿,,20,0,0,0,0,2025-09-04_20:09:03
242525,HYBRIS,,HHS,H0249001_S_4292,懷舊2R相簿,,20,0,0,0,0,2025-09-04_20:09:03
242525,HYBRIS,,HHS,H0249001_S_4293,懷舊2R相簿,,20,0,0,0,0,2025-09-04_20:09:03
242525,HYBRIS,,HHS,H0249001_S_8808,馬賽皂 (檸檬),,20,0,0,0,0,2025-09-04_20:09:04
242525,HYBRIS,,HHS,H0249001_S_8809,馬賽皂 (蜜糖),,20,0,0,0,0,2025-09-04_20:09:04
242525,HYBRIS,,HHS,H0249001_S_8810,馬賽皂 (白檀),,20,0,0,0,0,2025-09-04_20:09:04
242525,HYBRIS,,HHS,H0249001_S_KC1100,指甲水,,20,0,0,0,0,2025-09-04_20:09:04
242525,HYBRIS,,HHS,H0249001_S_KC1101,指甲油 (藍紫色系),,20,0,0,0,0,2025-09-04_20:09:04
242525,HYBRIS,,HHS,H0249001_S_KC1102,指甲油 (藍紫色系),,20,0,0,0,0,2025-09-04_20:09:04
242525,HYBRIS,,HHS,H0249001_S_KC1103,指甲油 (藍紫色系),,20,0,0,0,0,2025-09-04_20:09:04
242525,HYBRIS,,HHS,H0249001_S_KC1105,指甲油 (藍紫色系),,20,0,0,0,0,2025-09-04_20:09:04
242525,HYBRIS,,HHS,H0249001_S_KC1106,指甲油 (紅色系),,20,0,0,0,0,2025-09-04_20:09:04
242525,HYBRIS,,HHS,H0249001_S_KC1107,指甲油 (紅色系),,20,0,0,0,0,2025-09-04_20:09:04
242525,HYBRIS,,HHS,H0249001_S_KC1108,指甲油 (紅色系),,20,0,0,0,0,2025-09-04_20:09:04
242525,HYBRIS,,HHS,H0249001_S_KC1112,指甲油 (藍紫色系),,20,0,0,0,0,2025-09-04_20:09:04
242525,HYBRIS,,HHS,H0249001_S_KC1113,指甲油 (紅色系),,20,0,0,0,0,2025-09-04_20:09:04
242525,HYBRIS,,HHS,H0249001_S_KC1116,指甲油 (彩色系),,20,0,0,0,0,2025-09-04_20:09:04
242525,HYBRIS,,HHS,H0249001_S_KC1121,指甲油 (紅色系),,20,0,0,0,0,2025-09-04_20:09:04
242525,HYBRIS,,HHS,H0249001_S_KC1123,指甲油 (紅色系),,20,0,0,0,0,2025-09-04_20:09:05
242525,HYBRIS,,HHS,H0249001_S_KC1124,指甲油 (紅色系),,20,0,0,0,0,2025-09-04_20:09:05
242525,HYBRIS,,HHS,H0249001_S_KC1127,指甲油 (彩色系),,20,0,0,0,0,2025-09-04_20:09:05
242525,HYBRIS,,HHS,H0249001_S_KC1129,指甲油 (彩色系),,20,0,0,0,0,2025-09-04_20:09:05
242525,HYBRIS,,HHS,H0249001_S_KC1130,指甲油 (彩色系),,20,0,0,0,0,2025-09-04_20:09:05
242525,HYBRIS,,HHS,H0249001_S_KC1131,指甲油 (彩色系),,20,0,0,0,0,2025-09-04_20:09:05
242525,HYBRIS,,HHS,H0249001_S_KC1134,指甲油 (紅色系),,20,0,0,0,0,2025-09-04_20:09:05
242525,HYBRIS,,HHS,H0249001_S_KC1137,指甲油 (色號 - 37透明),,20,0,0,0,0,2025-09-04_20:09:05
242525,HYBRIS,,HHS,H0249001_S_KC1139,指甲油 (彩色系),,20,0,0,0,0,2025-09-04_20:09:05
242525,HYBRIS,,HHS,H0249001_S_KC1146,指甲油 (藍紫色系),,20,0,0,0,0,2025-09-04_20:09:06
242525,HYBRIS,,HHS,H0249001_S_KC1148,指甲油 (彩色系),,20,0,0,0,0,2025-09-04_20:09:06
242525,HYBRIS,,HHS,H0249001_S_KC1152,指甲油 (紅色系),,20,0,0,0,0,2025-09-04_20:09:06
242525,HYBRIS,,HHS,H0249001_S_Q004,雙妹綿布袋 (白色),,20,0,0,0,0,2025-09-04_20:09:06
242525,HYBRIS,,HHS,H0249001_S_Q005,雙妹綿布袋 (自然色),,20,0,0,0,0,2025-09-04_20:09:06
242525,HYBRIS,,HHS,H0255001_S_21875,蒜油 250粒,,20,0,0,0,0,2025-09-04_20:09:06
242525,HYBRIS,,HHS,H0255001_S_21942,利筋諾 50粒,,20,0,0,0,0,2025-09-04_20:09:06
242525,HYBRIS,,HHS,H0255001_S_22993,乳薊果 60片,,20,0,0,0,0,2025-09-04_20:09:06
242525,HYBRIS,,HHS,H0255001_S_23452,葡萄籽加強配方 30片,,20,0,0,0,0,2025-09-04_20:09:06
242525,HYBRIS,,HHS,H0255001_S_24008,無腥味魚油1000 200粒,,20,0,0,0,0,2025-09-04_20:09:06
242525,HYBRIS,,HHS,H0255001_S_24177,葉黃素 60粒,,20,0,0,0,0,2025-09-04_20:09:06
242525,HYBRIS,,HHS,H0255001_S_24201,護眼山桑子 30片,,20,0,0,0,0,2025-09-04_20:09:06
242525,HYBRIS,,HHS,H0255001_S_24877,兒童果味魚油丸 30粒,,20,0,0,0,0,2025-09-04_20:09:06
242525,HYBRIS,,HHS,H0255001_S_25067,鋸櫚前列配方 60粒,,20,0,0,0,0,2025-09-04_20:09:07
242525,HYBRIS,,HHS,H0255001_S_25110,亞麻籽油植物奧米加369 100粒,,20,0,0,0,0,2025-09-04_20:09:07
242525,HYBRIS,,HHS,H0255001_S_25207,維他命D3 1000 30粒,,20,0,0,0,0,2025-09-04_20:09:07
242525,HYBRIS,,HHS,H0255001_S_25266,護養關節配方 60粒,,20,0,0,0,0,2025-09-04_20:09:07
242525,HYBRIS,,HHS,H0294001_S_120088,免沖洗保濕護髮乳,,20,0,0,0,0,2025-09-04_20:09:07
242525,HYBRIS,,HHS,H0294001_S_120295,潔淨控油洗髮露,,20,0,0,0,0,2025-09-04_20:09:07
242525,HYBRIS,,HHS,H0294001_S_120533,波浪捲髮精華露波浪捲髮精華露波浪捲髮精華露波浪捲髮精華露,,20,0,0,0,0,2025-09-04_20:09:07
242525,HYBRIS,,HHS,H0318002_S_812719,有機矢車菊花水 200ml,,20,0,0,0,0,2025-09-04_20:09:07
242525,HYBRIS,,HHS,H0318002_S_812724,有機大馬士革玫瑰花水 200ml,,20,0,0,0,0,2025-09-04_20:09:07
242525,HYBRIS,,HHS,H0318002_S_852974,有機3重蜂蜜潤澤身體乳霜 150ml,,20,0,0,0,0,2025-09-04_20:09:07
242525,HYBRIS,,HHS,H0318002_S_855281,有機3重蜂蜜潤澤身體磨砂 150g,,20,0,0,0,0,2025-09-04_20:09:07
242525,HYBRIS,,HHS,H0318002_S_861153,有機日用洗髮水 500ml,,20,0,0,0,0,2025-09-04_20:09:07
242525,HYBRIS,,HHS,H0318002_S_86Z0004,有機防敏香體露 50ml,,20,0,0,0,0,2025-09-04_20:09:07
242525,HYBRIS,,HHS,H0318002_S_86Z0005,有機乳木果油護髮素 150ml,,20,0,0,0,0,2025-09-04_20:09:07
242525,HYBRIS,,HHS,H0539001_S_50159,Royal Touch 敏感肌適用產後專用衛生巾 L碼 (5片/包),,20,0,0,0,0,2025-09-04_20:09:07
242536,HYBRIS,,WFS,H0249001_S_1274,DDD薰衣草護髮素,,15,15,0,0,0,2025-09-04_23:40:02
242536,HYBRIS,,WFS,H0249001_S_2151,雪花膏,,5,5,0,0,0,2025-09-04_23:40:02
242536,HYBRIS,,WFS,H0249001_S_4290,懷舊2R相簿,,5,5,0,0,0,2025-09-04_23:40:03
242536,HYBRIS,,WFS,H0249001_S_KC1139,指甲油 (彩色系),,5,5,0,0,0,2025-09-04_23:40:06
242536,HYBRIS,,WFS,H0318002_S_812724,有機大馬士革玫瑰花水 200ml,,10,10,0,0,0,2025-09-04_23:40:10
242536,HYBRIS,,WFS,H0318002_S_855281,有機3重蜂蜜潤澤身體磨砂 150g,,10,10,0,0,0,2025-09-04_23:40:10
242536,HYBRIS,,WFS,H0318002_S_86Z0005,有機乳木果油護髮素 150ml,,5,5,0,0,0,2025-09-04_23:40:10
242536,HYBRIS,,WFS,H0888001_S_10005984,豬骨火鍋上湯,,105,105,0,0,0,2025-09-04_23:40:11
242536,HYBRIS,,WFS,H0888001_S_10005985,黑胡椒豬骨火鍋上湯,,15,15,0,0,0,2025-09-04_23:40:11
242549,HYBRIS,,TWS,H0859001_S_OS-620,uPure 2 潔淨濾水器2,,440,440,0,0,0,2025-09-05_00:00:01
242553,IMAX_STACKING,DRY,COB,H0888001_S_10009610,湖池屋激辣魔薯香辣芝士味薯片,IS00071639,120,120,0,0,0,2025-09-05_00:00:01
242553,IMAX_STACKING,DRY,COB,H0859001_S_OS-620,uPure 2 潔淨濾水器2,IS00071639,65,65,0,0,0,2025-09-05_00:00:01
242553,IMAX_STACKING,DRY,COB,H0888001_S_10002195,大樽生啤 (日本版),IS00071639,72,72,0,0,0,2025-09-05_00:00:01
242554,IMAX_STACKING,FROZEN,COB,H0888001_S_10022875,美國特選牛肩胛肥牛片 (急凍),IS00071640,520,520,0,0,0,2025-09-05_00:00:01
242553,IMAX_STACKING,DRY,COB,H0888001_S_10004262,烏龍茶,IS00071639,168,168,0,0,0,2025-09-05_00:00:01
242554,IMAX_STACKING,FROZEN,COB,H0888001_S_10012511,西班牙咸豬手,IS00071640,1610,1610,0,0,0,2025-09-05_00:00:01
242554,IMAX_STACKING,FROZEN,COB,H0888001_S_10011849,美國大西洋野生響螺頭 M (急凍),IS00071640,3000,3000,0,0,0,2025-09-05_00:00:01
242554,IMAX_STACKING,FROZEN,COB,H0888001_S_10011848,日本煮食用帶子急凍急凍,IS00071640,990,990,0,0,0,2025-09-05_00:00:01
242556,HYBRIS,,COB,H0888001_S_10009135,藍梅寒天果凍糖,,1212,1212,0,0,0,2025-09-05_00:01:00
242556,HYBRIS,,COB,H0888001_S_10009139,蜂蜜檸檬寒天果凍糖,,1308,1308,0,0,0,2025-09-05_00:01:00
242556,HYBRIS,,COB,H0888001_S_10009151,什錦軟糖,,1420,1420,0,0,0,2025-09-05_00:01:00
242564,HYBRIS,,CLS,H0888001_S_10007313,滋潤保濕乳霜,,444,0,0,0,0,2025-09-05_10:09:00
242565,IMAX_STACKING,DRY,CLS,H0888001_S_10002195,大樽生啤 (日本版),IS00071643,12,0,0,0,0,2025-09-05_10:22:00
242566,HYBRIS,,STS,H0888001_S_10012783,巴西牛胸腩粒 (急凍),,792,0,0,0,0,2025-09-05_10:32:00
242567,HYBRIS,,CLS,H0888001_S_10133455,澳洲和牛漢堡扒 (急凍),,1020,0,0,0,0,2025-09-05_10:38:00
242567,HYBRIS,,CLS,H0888001_S_10133940,(澳洲直送!) 澳洲穀飼西冷牛扒 (2塊裝) (急凍),,1000,0,0,0,0,2025-09-05_10:38:00
242567,HYBRIS,,CLS,H0888001_S_10133453,澳洲M4+ 和牛西冷牛扒 (急凍),,330,0,0,0,0,2025-09-05_10:38:00
242567,HYBRIS,,CLS,H0888001_S_10018534,澳洲海參(禿參，又名花刺參) (急凍),,408,0,0,0,0,2025-09-05_10:38:00
242571,HYBRIS,,STS,H0249001_S_1272s-74s,BBB薰衣草身體潔淨旅行套裝,,210,0,0,0,0,2025-09-05_11:08:01
242571,HYBRIS,,STS,H0249001_S_1273,CCC薰衣草洗髮水,,140,0,0,0,0,2025-09-05_11:08:01
242571,HYBRIS,,STS,H0249001_S_1274,DDD薰衣草護髮素,,210,0,0,0,0,2025-09-05_11:08:01
242571,HYBRIS,,STS,H0249001_S_1282s-84s,活花身體潔淨旅行套裝,,210,0,0,0,0,2025-09-05_11:08:01
242571,HYBRIS,,STS,H0249001_S_1284,活花護髮素,,210,0,0,0,0,2025-09-05_11:08:01
242571,HYBRIS,,STS,H0249001_S_1292,花露水沐浴露,,210,0,0,0,0,2025-09-05_11:08:01
242571,HYBRIS,,STS,H0249001_S_1292s-94s,花露水身體潔淨旅行套裝一二三四五六,,210,0,0,0,0,2025-09-05_11:08:01
242571,HYBRIS,,STS,H0249001_S_1293,花露水洗髮水,,210,0,0,0,0,2025-09-05_11:08:01
242571,HYBRIS,,STS,H0249001_S_1294,花露水護髮素,,210,0,0,0,0,2025-09-05_11:08:01
242571,HYBRIS,,STS,H0249001_S_2151,雪花膏,,210,0,0,0,0,2025-09-05_11:08:01
242571,HYBRIS,,STS,H0249001_S_2152,活花潤手霜,,210,0,0,0,0,2025-09-05_11:08:02
242571,HYBRIS,,STS,H0249001_S_2157,花露水香皂,,210,0,0,0,0,2025-09-05_11:08:02
242571,HYBRIS,,STS,H0249001_S_2163,活花爽身粉 (玫瑰花香),,210,0,0,0,0,2025-09-05_11:08:02
242571,HYBRIS,,STS,H0249001_S_2166,活花香皂,,210,0,0,0,0,2025-09-05_11:08:02
242571,HYBRIS,,STS,H0249001_S_2167,活花止汗液,,210,0,0,0,0,2025-09-05_11:08:02
242571,HYBRIS,,STS,H0249001_S_2177,迷你雪花膏,,210,0,0,0,0,2025-09-05_11:08:02
242571,HYBRIS,,STS,H0249001_S_2181,EEE薰衣草味護髮油,,210,0,0,0,0,2025-09-05_11:08:02
242571,HYBRIS,,STS,H0249001_S_2182,活花味護髮油  (玫瑰花香),,210,0,0,0,0,2025-09-05_11:08:02
242571,HYBRIS,,STS,H0249001_S_2186,活花爽身粉 80克 (罐裝)（附柔軟粉撲）,,210,0,0,0,0,2025-09-05_11:08:02
242571,HYBRIS,,STS,H0249001_S_2187,花露水爽身粉 80克 (罐裝)（附柔軟粉撲）,,210,0,0,0,0,2025-09-05_11:08:02
242571,HYBRIS,,STS,H0249001_S_2188B,花露水濕紙巾 (20片),,210,0,0,0,0,2025-09-05_11:08:02
242571,HYBRIS,,STS,H0249001_S_2198,花露水 (200毫升),,210,0,0,0,0,2025-09-05_11:08:02
242571,HYBRIS,,STS,H0249001_S_2202,花露水 (100毫升),,210,0,0,0,0,2025-09-05_11:08:02
242571,HYBRIS,,STS,H0249001_S_2204,花露水 (15毫升),,210,0,0,0,0,2025-09-05_11:08:02
242571,HYBRIS,,STS,H0249001_S_2208,花露水 (10毫升),,210,0,0,0,0,2025-09-05_11:08:02
242571,HYBRIS,,STS,H0249001_S_2209,花露水膏,,210,0,0,0,0,2025-09-05_11:08:02
242571,HYBRIS,,STS,H0249001_S_4261,雙妹嚜復古記事簿,,210,0,0,0,0,2025-09-05_11:08:02
242571,HYBRIS,,STS,H0249001_S_4281,雙妹嚜復古記事簿,,210,0,0,0,0,2025-09-05_11:08:02
242571,HYBRIS,,STS,H0249001_S_4284,雙妹嚜復古拼圖,,210,0,0,0,0,2025-09-05_11:08:03
242571,HYBRIS,,STS,H0249001_S_4286,雙妹嚜復古拼圖,,210,0,0,0,0,2025-09-05_11:08:03
242571,HYBRIS,,STS,H0249001_S_4287,雙妹嚜復古拼圖,,210,0,0,0,0,2025-09-05_11:08:03
242571,HYBRIS,,STS,H0249001_S_4290,懷舊2R相簿,,210,0,0,0,0,2025-09-05_11:08:03
242571,HYBRIS,,STS,H0249001_S_4291,懷舊2R相簿,,210,0,0,0,0,2025-09-05_11:08:03
242571,HYBRIS,,STS,H0249001_S_4292,懷舊2R相簿,,210,0,0,0,0,2025-09-05_11:08:03
242571,HYBRIS,,STS,H0249001_S_4293,懷舊2R相簿,,210,0,0,0,0,2025-09-05_11:08:03
242571,HYBRIS,,STS,H0249001_S_4315,雙妹嚜黑色環保袋,,210,0,0,0,0,2025-09-05_11:08:03
242571,HYBRIS,,STS,H0249001_S_8808,馬賽皂 (檸檬),,210,0,0,0,0,2025-09-05_11:08:03
242571,HYBRIS,,STS,H0249001_S_8809,馬賽皂 (蜜糖),,210,0,0,0,0,2025-09-05_11:08:03
242571,HYBRIS,,STS,H0249001_S_8810,馬賽皂 (白檀),,210,0,0,0,0,2025-09-05_11:08:03
242571,HYBRIS,,STS,H0249001_S_KC1100,指甲水,,210,0,0,0,0,2025-09-05_11:08:03
242571,HYBRIS,,STS,H0249001_S_KC1101,指甲油 (藍紫色系),,210,0,0,0,0,2025-09-05_11:08:03
242571,HYBRIS,,STS,H0249001_S_KC1102,指甲油 (藍紫色系),,210,0,0,0,0,2025-09-05_11:08:03
242571,HYBRIS,,STS,H0249001_S_KC1103,指甲油 (藍紫色系),,210,0,0,0,0,2025-09-05_11:08:03
242571,HYBRIS,,STS,H0249001_S_KC1105,指甲油 (藍紫色系),,210,0,0,0,0,2025-09-05_11:08:03
242571,HYBRIS,,STS,H0249001_S_KC1106,指甲油 (紅色系),,210,0,0,0,0,2025-09-05_11:08:04
242571,HYBRIS,,STS,H0249001_S_KC1107,指甲油 (紅色系),,210,0,0,0,0,2025-09-05_11:08:04
242571,HYBRIS,,STS,H0249001_S_KC1108,指甲油 (紅色系),,210,0,0,0,0,2025-09-05_11:08:04
242571,HYBRIS,,STS,H0249001_S_KC1112,指甲油 (藍紫色系),,210,0,0,0,0,2025-09-05_11:08:04
242571,HYBRIS,,STS,H0249001_S_KC1113,指甲油 (紅色系),,210,0,0,0,0,2025-09-05_11:08:04
242571,HYBRIS,,STS,H0249001_S_KC1116,指甲油 (彩色系),,210,0,0,0,0,2025-09-05_11:08:04
242571,HYBRIS,,STS,H0249001_S_KC1121,指甲油 (紅色系),,210,0,0,0,0,2025-09-05_11:08:04
242571,HYBRIS,,STS,H0249001_S_KC1123,指甲油 (紅色系),,210,0,0,0,0,2025-09-05_11:08:04
242571,HYBRIS,,STS,H0249001_S_KC1124,指甲油 (紅色系),,210,0,0,0,0,2025-09-05_11:08:04
242571,HYBRIS,,STS,H0249001_S_KC1127,指甲油 (彩色系),,210,0,0,0,0,2025-09-05_11:08:05
242571,HYBRIS,,STS,H0249001_S_KC1129,指甲油 (彩色系),,210,0,0,0,0,2025-09-05_11:08:05
242571,HYBRIS,,STS,H0249001_S_KC1130,指甲油 (彩色系),,210,0,0,0,0,2025-09-05_11:08:05
242571,HYBRIS,,STS,H0249001_S_KC1131,指甲油 (彩色系),,210,0,0,0,0,2025-09-05_11:08:05
242571,HYBRIS,,STS,H0249001_S_KC1134,指甲油 (紅色系),,210,0,0,0,0,2025-09-05_11:08:05
242571,HYBRIS,,STS,H0249001_S_KC1137,指甲油 (色號 - 37透明),,210,0,0,0,0,2025-09-05_11:08:05
242571,HYBRIS,,STS,H0249001_S_KC1139,指甲油 (彩色系),,210,0,0,0,0,2025-09-05_11:08:05
242571,HYBRIS,,STS,H0249001_S_KC1146,指甲油 (藍紫色系),,210,0,0,0,0,2025-09-05_11:08:06
242571,HYBRIS,,STS,H0249001_S_KC1148,指甲油 (彩色系),,210,0,0,0,0,2025-09-05_11:08:06
242571,HYBRIS,,STS,H0249001_S_KC1152,指甲油 (紅色系),,210,0,0,0,0,2025-09-05_11:08:06
242571,HYBRIS,,STS,H0249001_S_Q004,雙妹綿布袋 (白色),,210,0,0,0,0,2025-09-05_11:08:06
242571,HYBRIS,,STS,H0249001_S_Q005,雙妹綿布袋 (自然色),,210,0,0,0,0,2025-09-05_11:08:06
242571,HYBRIS,,STS,H0255001_S_21875,蒜油 250粒,,210,0,0,0,0,2025-09-05_11:08:06
242571,HYBRIS,,STS,H0255001_S_21942,利筋諾 50粒,,210,0,0,0,0,2025-09-05_11:08:06
242571,HYBRIS,,STS,H0255001_S_22993,乳薊果 60片,,210,0,0,0,0,2025-09-05_11:08:06
242571,HYBRIS,,STS,H0255001_S_23452,葡萄籽加強配方 30片,,210,0,0,0,0,2025-09-05_11:08:06
242571,HYBRIS,,STS,H0255001_S_24008,無腥味魚油1000 200粒,,210,0,0,0,0,2025-09-05_11:08:06
242571,HYBRIS,,STS,H0255001_S_24177,葉黃素 60粒,,210,0,0,0,0,2025-09-05_11:08:07
242571,HYBRIS,,STS,H0255001_S_24201,護眼山桑子 30片,,210,0,0,0,0,2025-09-05_11:08:07
242571,HYBRIS,,STS,H0255001_S_24877,兒童果味魚油丸 30粒,,210,0,0,0,0,2025-09-05_11:08:07
242571,HYBRIS,,STS,H0255001_S_25067,鋸櫚前列配方 60粒,,210,0,0,0,0,2025-09-05_11:08:07
242571,HYBRIS,,STS,H0255001_S_25110,亞麻籽油植物奧米加369 100粒,,210,0,0,0,0,2025-09-05_11:08:07
242571,HYBRIS,,STS,H0255001_S_25207,維他命D3 1000 30粒,,210,0,0,0,0,2025-09-05_11:08:07
242571,HYBRIS,,STS,H0255001_S_25266,護養關節配方 60粒,,210,0,0,0,0,2025-09-05_11:08:07
242571,HYBRIS,,STS,H0294001_S_120088,免沖洗保濕護髮乳,,210,0,0,0,0,2025-09-05_11:08:07
242571,HYBRIS,,STS,H0294001_S_120295,潔淨控油洗髮露,,210,0,0,0,0,2025-09-05_11:08:07
242571,HYBRIS,,STS,H0294001_S_120533,波浪捲髮精華露波浪捲髮精華露波浪捲髮精華露波浪捲髮精華露,,210,0,0,0,0,2025-09-05_11:08:07
242571,HYBRIS,,STS,H0318002_S_812719,有機矢車菊花水 200ml,,210,0,0,0,0,2025-09-05_11:08:07
242571,HYBRIS,,STS,H0318002_S_812724,有機大馬士革玫瑰花水 200ml,,210,0,0,0,0,2025-09-05_11:08:07
242571,HYBRIS,,STS,H0318002_S_852974,有機3重蜂蜜潤澤身體乳霜 150ml,,210,0,0,0,0,2025-09-05_11:08:07
242571,HYBRIS,,STS,H0318002_S_855281,有機3重蜂蜜潤澤身體磨砂 150g,,210,0,0,0,0,2025-09-05_11:08:07
242571,HYBRIS,,STS,H0318002_S_861153,有機日用洗髮水 500ml,,210,0,0,0,0,2025-09-05_11:08:07
242571,HYBRIS,,STS,H0318002_S_86Z0004,有機防敏香體露 50ml,,210,0,0,0,0,2025-09-05_11:08:08
242571,HYBRIS,,STS,H0318002_S_86Z0005,有機乳木果油護髮素 150ml,,210,0,0,0,0,2025-09-05_11:08:08
242571,HYBRIS,,STS,H0539001_S_50159,Royal Touch 敏感肌適用產後專用衛生巾 L碼 (5片/包),,210,0,0,0,0,2025-09-05_11:08:08
242571,HYBRIS,,STS,H0888001_S_10004619,特級魚露,,125,0,0,0,0,2025-09-05_11:08:08
242571,HYBRIS,,STS,H0888001_S_10004625,南乳,,120,0,0,0,0,2025-09-05_11:08:08
242571,HYBRIS,,STS,H0888001_S_10004645,爽口榨菜絲,,130,0,0,0,0,2025-09-05_11:08:08
242571,HYBRIS,,STS,H0888001_S_10004653,陳醋蕎頭,,30,0,0,0,0,2025-09-05_11:08:08
242571,HYBRIS,,STS,H0888001_S_10004654,甜酸蕎頭,,30,0,0,0,0,2025-09-05_11:08:08
242571,HYBRIS,,STS,H0888001_S_10004666,鮑汁靈芝菇片,,120,0,0,0,0,2025-09-05_11:08:08
242571,HYBRIS,,STS,H0888001_S_10005984,豬骨火鍋上湯,,170,0,0,0,0,2025-09-05_11:08:08
242571,HYBRIS,,STS,H0888001_S_10005986,醉雞火鍋上湯,,170,0,0,0,0,2025-09-05_11:08:08
242571,HYBRIS,,STS,H0888001_S_10007891,洋蔥南瓜馬鈴薯片,,125,0,0,0,0,2025-09-05_11:08:08
242571,HYBRIS,,STS,H0888001_S_10009135,藍梅寒天果凍糖,,125,0,0,0,0,2025-09-05_11:08:08
242571,HYBRIS,,STS,H0888001_S_10009139,蜂蜜檸檬寒天果凍糖,,125,0,0,0,0,2025-09-05_11:08:08
242571,HYBRIS,,STS,H0888001_S_10009151,什錦軟糖,,140,0,0,0,0,2025-09-05_11:08:08
242571,HYBRIS,,STS,H0888001_S_10009386,北海道扇貝味薯片,,125,0,0,0,0,2025-09-05_11:08:08
242571,HYBRIS,,STS,H0888001_S_10009388,酥餅 (黑朱古力),,130,0,0,0,0,2025-09-05_11:08:08
242571,HYBRIS,,STS,H0888001_S_10009609,星球大戰系列珍寶珠 (隨機派送),,125,0,0,0,0,2025-09-05_11:08:08
242571,HYBRIS,,STS,H0888001_S_10009610,湖池屋激辣魔薯香辣芝士味薯片,,135,0,0,0,0,2025-09-05_11:08:09
242571,HYBRIS,,STS,H0888001_S_10011987,好ｅ食 - 白汁煙肉磨菇意粉 (急凍),,125,0,0,0,0,2025-09-05_11:08:09
242571,HYBRIS,,STS,H0888001_S_10018925,白風船米餅-牛奶忌廉味,,125,0,0,0,0,2025-09-05_11:08:09
242571,HYBRIS,,STS,H0888001_S_10022686,猴頭菇雪耳百合潤肺湯,,120,0,0,0,0,2025-09-05_11:08:09
242573,HYBRIS,,WFS,H0888001_S_10012013,Bibigo 韓式傳統脆皮煎餃 (急凍),,150,150,0,0,0,2025-09-05_11:25:00
242576,HYBRIS,,CLS,H0888001_S_10007313,滋潤保濕乳霜,,12,0,0,0,0,2025-09-05_11:42:00
242577,IMAX_KERRY,,CLS,H0888001_S_10012777,紐西蘭帶骨羊仔腩 (急凍),IM00071650,40,40,40,0,0,2025-09-05_11:44:00
242585,HYBRIS,,TWS,H0888001_S_10008283,燕麥脆條 - 蜜糖★燕麥,,36,36,0,0,0,2025-09-05_13:00:00
242589,IMAX_KERRY,,CLS,H0888001_S_10012783,巴西牛胸腩粒 (急凍),IM00071652,784,0,0,0,0,2025-09-05_13:32:00
242590,HYBRIS,,LPS,H0888001_S_10012783,巴西牛胸腩粒 (急凍),,8,8,0,0,0,2025-09-05_13:49:00
242594,IMAX_KERRY,,SHS,H0888001_S_10012783,巴西牛胸腩粒 (急凍),IM00071654,786,0,0,0,0,2025-09-05_14:09:00
242595,HYBRIS,,CLS,H0888001_S_10004649,辣香蘿蔔,,2900,2900,0,0,0,2025-09-05_14:19:00
242595,HYBRIS,,CLS,H0888001_S_10007313,滋潤保濕乳霜,,27,27,0,0,0,2025-09-05_14:19:00
242614,IMAX_KERRY,,IRS,H0888001_S_10022197,五香肉丁,IM00071656,48,0,0,0,0,2025-09-05_16:08:00
242617,HYBRIS,,CLS,H0888001_S_10007313,滋潤保濕乳霜,,108,0,0,0,0,2025-09-05_16:41:00
242620,HYBRIS,,RRS,H0888001_S_10018534,澳洲海參(禿參，又名花刺參) (急凍),,96,0,0,0,0,2025-09-05_16:50:00
242621,IMAX_KERRY,,WSH,H0888001_S_10012783,巴西牛胸腩粒 (急凍),IM00071659,786,0,0,0,0,2025-09-05_16:54:00
242626,IMAX_STACKING,CHILLED,CLS,H0888001_S_10012783,巴西牛胸腩粒 (急凍),IS00071660,5000,0,0,0,0,2025-09-05_17:10:00
242627,IMAX_STACKING,DRY,CLS,H0255001_S_25116,健腦高濃度深海魚油 60粒,IS00071661,290,0,0,0,0,2025-09-05_17:10:00
242630,HYBRIS,,CLS,H0249001_S_1272s-74s,BBB薰衣草身體潔淨旅行套裝,,110,0,0,0,0,2025-09-05_17:40:01
242630,HYBRIS,,CLS,H0249001_S_1274,DDD薰衣草護髮素,,10,0,0,0,0,2025-09-05_17:40:01
242630,HYBRIS,,CLS,H0249001_S_1282s-84s,活花身體潔淨旅行套裝,,110,0,0,0,0,2025-09-05_17:40:02
242630,HYBRIS,,CLS,H0249001_S_1284,活花護髮素,,110,0,0,0,0,2025-09-05_17:40:02
242630,HYBRIS,,CLS,H0249001_S_1292,花露水沐浴露,,110,0,0,0,0,2025-09-05_17:40:02
242630,HYBRIS,,CLS,H0249001_S_1292s-94s,花露水身體潔淨旅行套裝一二三四五六,,110,0,0,0,0,2025-09-05_17:40:02
242630,HYBRIS,,CLS,H0249001_S_1293,花露水洗髮水,,110,0,0,0,0,2025-09-05_17:40:02
242630,HYBRIS,,CLS,H0249001_S_1294,花露水護髮素,,110,0,0,0,0,2025-09-05_17:40:02
242630,HYBRIS,,CLS,H0249001_S_2151,雪花膏,,120,0,0,0,0,2025-09-05_17:40:02
242630,HYBRIS,,CLS,H0249001_S_2152,活花潤手霜,,110,0,0,0,0,2025-09-05_17:40:02
242630,HYBRIS,,CLS,H0249001_S_2157,花露水香皂,,10,0,0,0,0,2025-09-05_17:40:02
242630,HYBRIS,,CLS,H0249001_S_2163,活花爽身粉 (玫瑰花香),,120,0,0,0,0,2025-09-05_17:40:02
242630,HYBRIS,,CLS,H0249001_S_2166,活花香皂,,120,0,0,0,0,2025-09-05_17:40:02
242630,HYBRIS,,CLS,H0249001_S_2167,活花止汗液,,120,0,0,0,0,2025-09-05_17:40:02
242630,HYBRIS,,CLS,H0249001_S_2177,迷你雪花膏,,110,0,0,0,0,2025-09-05_17:40:02
242630,HYBRIS,,CLS,H0249001_S_2181,EEE薰衣草味護髮油,,110,0,0,0,0,2025-09-05_17:40:02
242630,HYBRIS,,CLS,H0249001_S_2182,活花味護髮油  (玫瑰花香),,110,0,0,0,0,2025-09-05_17:40:03
242630,HYBRIS,,CLS,H0249001_S_2186,活花爽身粉 80克 (罐裝)（附柔軟粉撲）,,110,0,0,0,0,2025-09-05_17:40:03
242630,HYBRIS,,CLS,H0249001_S_2187,花露水爽身粉 80克 (罐裝)（附柔軟粉撲）,,110,0,0,0,0,2025-09-05_17:40:03
242630,HYBRIS,,CLS,H0249001_S_2188B,花露水濕紙巾 (20片),,110,0,0,0,0,2025-09-05_17:40:03
242630,HYBRIS,,CLS,H0249001_S_2198,花露水 (200毫升),,110,0,0,0,0,2025-09-05_17:40:03
242630,HYBRIS,,CLS,H0249001_S_2202,花露水 (100毫升),,110,0,0,0,0,2025-09-05_17:40:03
242630,HYBRIS,,CLS,H0249001_S_2204,花露水 (15毫升),,110,0,0,0,0,2025-09-05_17:40:03
242630,HYBRIS,,CLS,H0249001_S_2208,花露水 (10毫升),,110,0,0,0,0,2025-09-05_17:40:03
242630,HYBRIS,,CLS,H0249001_S_2209,花露水膏,,110,0,0,0,0,2025-09-05_17:40:03
242630,HYBRIS,,CLS,H0249001_S_4261,雙妹嚜復古記事簿,,110,0,0,0,0,2025-09-05_17:40:03
242630,HYBRIS,,CLS,H0249001_S_4281,雙妹嚜復古記事簿,,110,0,0,0,0,2025-09-05_17:40:03
242630,HYBRIS,,CLS,H0249001_S_4284,雙妹嚜復古拼圖,,110,0,0,0,0,2025-09-05_17:40:03
242630,HYBRIS,,CLS,H0249001_S_4286,雙妹嚜復古拼圖,,110,0,0,0,0,2025-09-05_17:40:03
242630,HYBRIS,,CLS,H0249001_S_4287,雙妹嚜復古拼圖,,110,0,0,0,0,2025-09-05_17:40:03
242630,HYBRIS,,CLS,H0249001_S_4290,懷舊2R相簿,,110,0,0,0,0,2025-09-05_17:40:03
242630,HYBRIS,,CLS,H0249001_S_4291,懷舊2R相簿,,110,0,0,0,0,2025-09-05_17:40:03
242630,HYBRIS,,CLS,H0249001_S_4292,懷舊2R相簿,,110,0,0,0,0,2025-09-05_17:40:03
242630,HYBRIS,,CLS,H0249001_S_4293,懷舊2R相簿,,110,0,0,0,0,2025-09-05_17:40:04
242630,HYBRIS,,CLS,H0249001_S_4315,雙妹嚜黑色環保袋,,110,0,0,0,0,2025-09-05_17:40:04
242630,HYBRIS,,CLS,H0249001_S_8808,馬賽皂 (檸檬),,110,0,0,0,0,2025-09-05_17:40:04
242630,HYBRIS,,CLS,H0249001_S_8809,馬賽皂 (蜜糖),,110,0,0,0,0,2025-09-05_17:40:04
242630,HYBRIS,,CLS,H0249001_S_8810,馬賽皂 (白檀),,110,0,0,0,0,2025-09-05_17:40:04
242630,HYBRIS,,CLS,H0249001_S_KC1100,指甲水,,110,0,0,0,0,2025-09-05_17:40:04
242630,HYBRIS,,CLS,H0249001_S_KC1101,指甲油 (藍紫色系),,110,0,0,0,0,2025-09-05_17:40:04
242630,HYBRIS,,CLS,H0249001_S_KC1102,指甲油 (藍紫色系),,110,0,0,0,0,2025-09-05_17:40:04
242630,HYBRIS,,CLS,H0249001_S_KC1103,指甲油 (藍紫色系),,110,0,0,0,0,2025-09-05_17:40:04
242630,HYBRIS,,CLS,H0249001_S_KC1105,指甲油 (藍紫色系),,110,0,0,0,0,2025-09-05_17:40:04
242630,HYBRIS,,CLS,H0249001_S_KC1106,指甲油 (紅色系),,110,0,0,0,0,2025-09-05_17:40:04
242630,HYBRIS,,CLS,H0249001_S_KC1107,指甲油 (紅色系),,110,0,0,0,0,2025-09-05_17:40:04
242630,HYBRIS,,CLS,H0249001_S_KC1108,指甲油 (紅色系),,110,0,0,0,0,2025-09-05_17:40:04
242630,HYBRIS,,CLS,H0249001_S_KC1112,指甲油 (藍紫色系),,110,0,0,0,0,2025-09-05_17:40:04
242630,HYBRIS,,CLS,H0249001_S_KC1113,指甲油 (紅色系),,110,0,0,0,0,2025-09-05_17:40:05
242630,HYBRIS,,CLS,H0249001_S_KC1116,指甲油 (彩色系),,110,0,0,0,0,2025-09-05_17:40:05
242630,HYBRIS,,CLS,H0249001_S_KC1121,指甲油 (紅色系),,110,0,0,0,0,2025-09-05_17:40:05
242630,HYBRIS,,CLS,H0249001_S_KC1123,指甲油 (紅色系),,110,0,0,0,0,2025-09-05_17:40:05
242630,HYBRIS,,CLS,H0249001_S_KC1124,指甲油 (紅色系),,110,0,0,0,0,2025-09-05_17:40:05
242630,HYBRIS,,CLS,H0249001_S_KC1127,指甲油 (彩色系),,110,0,0,0,0,2025-09-05_17:40:05
242630,HYBRIS,,CLS,H0249001_S_KC1129,指甲油 (彩色系),,110,0,0,0,0,2025-09-05_17:40:05
242630,HYBRIS,,CLS,H0249001_S_KC1130,指甲油 (彩色系),,110,0,0,0,0,2025-09-05_17:40:05
242630,HYBRIS,,CLS,H0249001_S_KC1131,指甲油 (彩色系),,110,0,0,0,0,2025-09-05_17:40:06
242630,HYBRIS,,CLS,H0249001_S_KC1134,指甲油 (紅色系),,110,0,0,0,0,2025-09-05_17:40:06
242630,HYBRIS,,CLS,H0249001_S_KC1137,指甲油 (色號 - 37透明),,110,0,0,0,0,2025-09-05_17:40:06
242630,HYBRIS,,CLS,H0249001_S_KC1139,指甲油 (彩色系),,110,0,0,0,0,2025-09-05_17:40:06
242630,HYBRIS,,CLS,H0249001_S_KC1146,指甲油 (藍紫色系),,110,0,0,0,0,2025-09-05_17:40:06
242630,HYBRIS,,CLS,H0249001_S_KC1148,指甲油 (彩色系),,110,0,0,0,0,2025-09-05_17:40:06
242630,HYBRIS,,CLS,H0249001_S_KC1152,指甲油 (紅色系),,110,0,0,0,0,2025-09-05_17:40:07
242630,HYBRIS,,CLS,H0249001_S_Q004,雙妹綿布袋 (白色),,110,0,0,0,0,2025-09-05_17:40:07
242630,HYBRIS,,CLS,H0249001_S_Q005,雙妹綿布袋 (自然色),,110,0,0,0,0,2025-09-05_17:40:07
242630,HYBRIS,,CLS,H0255001_S_21875,蒜油 250粒,,110,0,0,0,0,2025-09-05_17:40:07
242630,HYBRIS,,CLS,H0255001_S_21942,利筋諾 50粒,,110,0,0,0,0,2025-09-05_17:40:07
242630,HYBRIS,,CLS,H0255001_S_22993,乳薊果 60片,,110,0,0,0,0,2025-09-05_17:40:07
242630,HYBRIS,,CLS,H0255001_S_23452,葡萄籽加強配方 30片,,110,0,0,0,0,2025-09-05_17:40:07
242630,HYBRIS,,CLS,H0255001_S_24008,無腥味魚油1000 200粒,,110,0,0,0,0,2025-09-05_17:40:07
242630,HYBRIS,,CLS,H0255001_S_24177,葉黃素 60粒,,110,0,0,0,0,2025-09-05_17:40:07
242630,HYBRIS,,CLS,H0255001_S_24201,護眼山桑子 30片,,110,0,0,0,0,2025-09-05_17:40:07
242630,HYBRIS,,CLS,H0255001_S_24877,兒童果味魚油丸 30粒,,110,0,0,0,0,2025-09-05_17:40:07
242630,HYBRIS,,CLS,H0255001_S_25067,鋸櫚前列配方 60粒,,20,0,0,0,0,2025-09-05_17:40:08
242630,HYBRIS,,CLS,H0255001_S_25207,維他命D3 1000 30粒,,110,0,0,0,0,2025-09-05_17:40:08
242630,HYBRIS,,CLS,H0255001_S_25266,護養關節配方 60粒,,110,0,0,0,0,2025-09-05_17:40:08
242630,HYBRIS,,CLS,H0294001_S_120088,免沖洗保濕護髮乳,,110,0,0,0,0,2025-09-05_17:40:08
242630,HYBRIS,,CLS,H0294001_S_120295,潔淨控油洗髮露,,110,0,0,0,0,2025-09-05_17:40:08
242630,HYBRIS,,CLS,H0294001_S_120533,波浪捲髮精華露波浪捲髮精華露波浪捲髮精華露波浪捲髮精華露,,110,0,0,0,0,2025-09-05_17:40:08
242630,HYBRIS,,CLS,H0318002_S_812719,有機矢車菊花水 200ml,,130,0,0,0,0,2025-09-05_17:40:08
242630,HYBRIS,,CLS,H0318002_S_812724,有機大馬士革玫瑰花水 200ml,,130,0,0,0,0,2025-09-05_17:40:08
242630,HYBRIS,,CLS,H0318002_S_852974,有機3重蜂蜜潤澤身體乳霜 150ml,,10,0,0,0,0,2025-09-05_17:40:08
242630,HYBRIS,,CLS,H0318002_S_855281,有機3重蜂蜜潤澤身體磨砂 150g,,110,0,0,0,0,2025-09-05_17:40:08
242630,HYBRIS,,CLS,H0318002_S_86Z0004,有機防敏香體露 50ml,,105,0,0,0,0,2025-09-05_17:40:08
242630,HYBRIS,,CLS,H0539001_S_50159,Royal Touch 敏感肌適用產後專用衛生巾 L碼 (5片/包),,110,0,0,0,0,2025-09-05_17:40:08
242630,HYBRIS,,CLS,H0888001_S_10004619,特級魚露,,15,0,0,0,0,2025-09-05_17:40:08
242630,HYBRIS,,CLS,H0888001_S_10004625,南乳,,220,0,0,0,0,2025-09-05_17:40:09
242630,HYBRIS,,CLS,H0888001_S_10004645,爽口榨菜絲,,230,0,0,0,0,2025-09-05_17:40:09
242630,HYBRIS,,CLS,H0888001_S_10004649,辣香蘿蔔,,120,0,0,0,0,2025-09-05_17:40:09
242630,HYBRIS,,CLS,H0888001_S_10004653,陳醋蕎頭,,130,0,0,0,0,2025-09-05_17:40:09
242630,HYBRIS,,CLS,H0888001_S_10004654,甜酸蕎頭,,130,0,0,0,0,2025-09-05_17:40:09
242630,HYBRIS,,CLS,H0888001_S_10004666,鮑汁靈芝菇片,,220,0,0,0,0,2025-09-05_17:40:09
242630,HYBRIS,,CLS,H0888001_S_10005984,豬骨火鍋上湯,,270,0,0,0,0,2025-09-05_17:40:09
242630,HYBRIS,,CLS,H0888001_S_10005986,醉雞火鍋上湯,,270,0,0,0,0,2025-09-05_17:40:09
242630,HYBRIS,,CLS,H0888001_S_10007891,洋蔥南瓜馬鈴薯片,,10,0,0,0,0,2025-09-05_17:40:09
242630,HYBRIS,,CLS,H0888001_S_10009135,藍梅寒天果凍糖,,10,0,0,0,0,2025-09-05_17:40:09
242630,HYBRIS,,CLS,H0888001_S_10009139,蜂蜜檸檬寒天果凍糖,,10,0,0,0,0,2025-09-05_17:40:09
242630,HYBRIS,,CLS,H0888001_S_10009151,什錦軟糖,,220,0,0,0,0,2025-09-05_17:40:09
242630,HYBRIS,,CLS,H0888001_S_10009386,北海道扇貝味薯片,,10,0,0,0,0,2025-09-05_17:40:09
242630,HYBRIS,,CLS,H0888001_S_10009388,酥餅 (黑朱古力),,15,0,0,0,0,2025-09-05_17:40:09
242630,HYBRIS,,CLS,H0888001_S_10011987,好ｅ食 - 白汁煙肉磨菇意粉 (急凍),,210,0,0,0,0,2025-09-05_17:40:09
242630,HYBRIS,,CLS,H0888001_S_10007313,滋潤保濕乳霜,,12,0,0,0,0,2025-09-05_17:40:10
242630,HYBRIS,,CLS,H0888001_S_10022686,猴頭菇雪耳百合潤肺湯,,192,0,0,0,0,2025-09-05_17:40:10
242630,HYBRIS,,CLS,H0888001_S_10018925,白風船米餅-牛奶忌廉味,,500,0,0,0,0,2025-09-05_17:40:10
242636,IMAX_KERRY,,STS,H0888001_S_10012783,巴西牛胸腩粒 (急凍),IM00071664,1285,0,0,0,0,2025-09-05_18:19:00
242639,IMAX_KERRY,,WFS,H0888001_S_10012783,巴西牛胸腩粒 (急凍),IM00071665,50,0,0,0,0,2025-09-05_18:49:00
242642,HYBRIS,,RRS,H0888001_S_10012783,巴西牛胸腩粒 (急凍),,600,0,0,0,0,2025-09-05_19:19:00
242646,IMAX_KERRY,,RRS,H0888001_S_10012783,巴西牛胸腩粒 (急凍),IM00071667,700,0,0,0,0,2025-09-05_19:59:00
242648,HYBRIS,,HHS,H0249001_S_1272,AAA薰衣草沐浴露,,20,0,0,0,0,2025-09-05_20:09:01
242648,HYBRIS,,HHS,H0249001_S_1272s-74s,BBB薰衣草身體潔淨旅行套裝,,20,0,0,0,0,2025-09-05_20:09:01
242648,HYBRIS,,HHS,H0249001_S_1274,DDD薰衣草護髮素,,20,0,0,0,0,2025-09-05_20:09:02
242648,HYBRIS,,HHS,H0249001_S_1282s-84s,活花身體潔淨旅行套裝,,20,0,0,0,0,2025-09-05_20:09:02
242648,HYBRIS,,HHS,H0249001_S_1284,活花護髮素,,20,0,0,0,0,2025-09-05_20:09:02
242648,HYBRIS,,HHS,H0249001_S_1292,花露水沐浴露,,20,0,0,0,0,2025-09-05_20:09:02
242648,HYBRIS,,HHS,H0249001_S_1292s-94s,花露水身體潔淨旅行套裝一二三四五六,,20,0,0,0,0,2025-09-05_20:09:02
242648,HYBRIS,,HHS,H0249001_S_1293,花露水洗髮水,,20,0,0,0,0,2025-09-05_20:09:02
242648,HYBRIS,,HHS,H0249001_S_1294,花露水護髮素,,20,0,0,0,0,2025-09-05_20:09:02
242648,HYBRIS,,HHS,H0249001_S_2151,雪花膏,,20,0,0,0,0,2025-09-05_20:09:02
242648,HYBRIS,,HHS,H0249001_S_2152,活花潤手霜,,20,0,0,0,0,2025-09-05_20:09:02
242648,HYBRIS,,HHS,H0249001_S_2157,花露水香皂,,20,0,0,0,0,2025-09-05_20:09:02
242648,HYBRIS,,HHS,H0249001_S_2163,活花爽身粉 (玫瑰花香),,20,0,0,0,0,2025-09-05_20:09:02
242648,HYBRIS,,HHS,H0249001_S_2166,活花香皂,,20,0,0,0,0,2025-09-05_20:09:02
242648,HYBRIS,,HHS,H0249001_S_2167,活花止汗液,,20,0,0,0,0,2025-09-05_20:09:02
242648,HYBRIS,,HHS,H0249001_S_2177,迷你雪花膏,,20,0,0,0,0,2025-09-05_20:09:02
242648,HYBRIS,,HHS,H0249001_S_2181,EEE薰衣草味護髮油,,20,0,0,0,0,2025-09-05_20:09:02
242648,HYBRIS,,HHS,H0249001_S_2182,活花味護髮油  (玫瑰花香),,20,0,0,0,0,2025-09-05_20:09:02
242648,HYBRIS,,HHS,H0249001_S_2186,活花爽身粉 80克 (罐裝)（附柔軟粉撲）,,20,0,0,0,0,2025-09-05_20:09:02
242648,HYBRIS,,HHS,H0249001_S_2187,花露水爽身粉 80克 (罐裝)（附柔軟粉撲）,,20,0,0,0,0,2025-09-05_20:09:03
242648,HYBRIS,,HHS,H0249001_S_2188B,花露水濕紙巾 (20片),,20,0,0,0,0,2025-09-05_20:09:03
242648,HYBRIS,,HHS,H0249001_S_2198,花露水 (200毫升),,20,0,0,0,0,2025-09-05_20:09:03
242648,HYBRIS,,HHS,H0249001_S_2202,花露水 (100毫升),,20,0,0,0,0,2025-09-05_20:09:03
242648,HYBRIS,,HHS,H0249001_S_2204,花露水 (15毫升),,20,0,0,0,0,2025-09-05_20:09:03
242648,HYBRIS,,HHS,H0249001_S_2208,花露水 (10毫升),,20,0,0,0,0,2025-09-05_20:09:03
242648,HYBRIS,,HHS,H0249001_S_2209,花露水膏,,20,0,0,0,0,2025-09-05_20:09:03
242648,HYBRIS,,HHS,H0249001_S_4261,雙妹嚜復古記事簿,,20,0,0,0,0,2025-09-05_20:09:03
242648,HYBRIS,,HHS,H0249001_S_4281,雙妹嚜復古記事簿,,20,0,0,0,0,2025-09-05_20:09:03
242648,HYBRIS,,HHS,H0249001_S_4284,雙妹嚜復古拼圖,,20,0,0,0,0,2025-09-05_20:09:03
242648,HYBRIS,,HHS,H0249001_S_4286,雙妹嚜復古拼圖,,20,0,0,0,0,2025-09-05_20:09:03
242648,HYBRIS,,HHS,H0249001_S_4287,雙妹嚜復古拼圖,,20,0,0,0,0,2025-09-05_20:09:03
242648,HYBRIS,,HHS,H0249001_S_4290,懷舊2R相簿,,20,0,0,0,0,2025-09-05_20:09:03
242648,HYBRIS,,HHS,H0249001_S_4291,懷舊2R相簿,,20,0,0,0,0,2025-09-05_20:09:03
242648,HYBRIS,,HHS,H0249001_S_4292,懷舊2R相簿,,20,0,0,0,0,2025-09-05_20:09:03
242648,HYBRIS,,HHS,H0249001_S_4293,懷舊2R相簿,,20,0,0,0,0,2025-09-05_20:09:03
242648,HYBRIS,,HHS,H0249001_S_8808,馬賽皂 (檸檬),,20,0,0,0,0,2025-09-05_20:09:03
242648,HYBRIS,,HHS,H0249001_S_8809,馬賽皂 (蜜糖),,20,0,0,0,0,2025-09-05_20:09:03
242648,HYBRIS,,HHS,H0249001_S_8810,馬賽皂 (白檀),,20,0,0,0,0,2025-09-05_20:09:04
242648,HYBRIS,,HHS,H0249001_S_KC1100,指甲水,,20,0,0,0,0,2025-09-05_20:09:04
242648,HYBRIS,,HHS,H0249001_S_KC1101,指甲油 (藍紫色系),,20,0,0,0,0,2025-09-05_20:09:04
242648,HYBRIS,,HHS,H0249001_S_KC1102,指甲油 (藍紫色系),,20,0,0,0,0,2025-09-05_20:09:04
242648,HYBRIS,,HHS,H0249001_S_KC1103,指甲油 (藍紫色系),,20,0,0,0,0,2025-09-05_20:09:04
242648,HYBRIS,,HHS,H0249001_S_KC1105,指甲油 (藍紫色系),,20,0,0,0,0,2025-09-05_20:09:04
242648,HYBRIS,,HHS,H0249001_S_KC1106,指甲油 (紅色系),,20,0,0,0,0,2025-09-05_20:09:04
242648,HYBRIS,,HHS,H0249001_S_KC1107,指甲油 (紅色系),,20,0,0,0,0,2025-09-05_20:09:04
242648,HYBRIS,,HHS,H0249001_S_KC1108,指甲油 (紅色系),,20,0,0,0,0,2025-09-05_20:09:04
242648,HYBRIS,,HHS,H0249001_S_KC1112,指甲油 (藍紫色系),,20,0,0,0,0,2025-09-05_20:09:04
242648,HYBRIS,,HHS,H0249001_S_KC1113,指甲油 (紅色系),,20,0,0,0,0,2025-09-05_20:09:04
242648,HYBRIS,,HHS,H0249001_S_KC1116,指甲油 (彩色系),,20,0,0,0,0,2025-09-05_20:09:04
242648,HYBRIS,,HHS,H0249001_S_KC1121,指甲油 (紅色系),,20,0,0,0,0,2025-09-05_20:09:04
242648,HYBRIS,,HHS,H0249001_S_KC1123,指甲油 (紅色系),,20,0,0,0,0,2025-09-05_20:09:05
242648,HYBRIS,,HHS,H0249001_S_KC1124,指甲油 (紅色系),,20,0,0,0,0,2025-09-05_20:09:05
242648,HYBRIS,,HHS,H0249001_S_KC1127,指甲油 (彩色系),,20,0,0,0,0,2025-09-05_20:09:05
242648,HYBRIS,,HHS,H0249001_S_KC1129,指甲油 (彩色系),,20,0,0,0,0,2025-09-05_20:09:05
242648,HYBRIS,,HHS,H0249001_S_KC1130,指甲油 (彩色系),,20,0,0,0,0,2025-09-05_20:09:05
242648,HYBRIS,,HHS,H0249001_S_KC1131,指甲油 (彩色系),,20,0,0,0,0,2025-09-05_20:09:05
242648,HYBRIS,,HHS,H0249001_S_KC1134,指甲油 (紅色系),,20,0,0,0,0,2025-09-05_20:09:05
242648,HYBRIS,,HHS,H0249001_S_KC1137,指甲油 (色號 - 37透明),,20,0,0,0,0,2025-09-05_20:09:05
242648,HYBRIS,,HHS,H0249001_S_KC1139,指甲油 (彩色系),,20,0,0,0,0,2025-09-05_20:09:05
242648,HYBRIS,,HHS,H0249001_S_KC1146,指甲油 (藍紫色系),,20,0,0,0,0,2025-09-05_20:09:05
242648,HYBRIS,,HHS,H0249001_S_KC1148,指甲油 (彩色系),,20,0,0,0,0,2025-09-05_20:09:06
242648,HYBRIS,,HHS,H0249001_S_KC1152,指甲油 (紅色系),,20,0,0,0,0,2025-09-05_20:09:06
242648,HYBRIS,,HHS,H0249001_S_Q004,雙妹綿布袋 (白色),,20,0,0,0,0,2025-09-05_20:09:06
242648,HYBRIS,,HHS,H0249001_S_Q005,雙妹綿布袋 (自然色),,20,0,0,0,0,2025-09-05_20:09:06
242648,HYBRIS,,HHS,H0255001_S_21875,蒜油 250粒,,20,0,0,0,0,2025-09-05_20:09:06
242648,HYBRIS,,HHS,H0255001_S_21942,利筋諾 50粒,,20,0,0,0,0,2025-09-05_20:09:06
242648,HYBRIS,,HHS,H0255001_S_22993,乳薊果 60片,,20,0,0,0,0,2025-09-05_20:09:06
242648,HYBRIS,,HHS,H0255001_S_23452,葡萄籽加強配方 30片,,20,0,0,0,0,2025-09-05_20:09:06
242648,HYBRIS,,HHS,H0255001_S_24008,無腥味魚油1000 200粒,,20,0,0,0,0,2025-09-05_20:09:06
242648,HYBRIS,,HHS,H0255001_S_24177,葉黃素 60粒,,20,0,0,0,0,2025-09-05_20:09:06
242648,HYBRIS,,HHS,H0255001_S_24201,護眼山桑子 30片,,20,0,0,0,0,2025-09-05_20:09:06
242648,HYBRIS,,HHS,H0255001_S_24877,兒童果味魚油丸 30粒,,20,0,0,0,0,2025-09-05_20:09:07
242648,HYBRIS,,HHS,H0255001_S_25067,鋸櫚前列配方 60粒,,20,0,0,0,0,2025-09-05_20:09:07
242648,HYBRIS,,HHS,H0255001_S_25110,亞麻籽油植物奧米加369 100粒,,20,0,0,0,0,2025-09-05_20:09:07
242648,HYBRIS,,HHS,H0255001_S_25207,維他命D3 1000 30粒,,20,0,0,0,0,2025-09-05_20:09:07
242648,HYBRIS,,HHS,H0255001_S_25266,護養關節配方 60粒,,20,0,0,0,0,2025-09-05_20:09:07
242648,HYBRIS,,HHS,H0294001_S_120088,免沖洗保濕護髮乳,,20,0,0,0,0,2025-09-05_20:09:07
242648,HYBRIS,,HHS,H0294001_S_120295,潔淨控油洗髮露,,20,0,0,0,0,2025-09-05_20:09:08
242648,HYBRIS,,HHS,H0294001_S_120533,波浪捲髮精華露波浪捲髮精華露波浪捲髮精華露波浪捲髮精華露,,20,0,0,0,0,2025-09-05_20:09:08
242648,HYBRIS,,HHS,H0318002_S_812719,有機矢車菊花水 200ml,,20,0,0,0,0,2025-09-05_20:09:08
242648,HYBRIS,,HHS,H0318002_S_812724,有機大馬士革玫瑰花水 200ml,,20,0,0,0,0,2025-09-05_20:09:08
242648,HYBRIS,,HHS,H0318002_S_852974,有機3重蜂蜜潤澤身體乳霜 150ml,,20,0,0,0,0,2025-09-05_20:09:08
242648,HYBRIS,,HHS,H0318002_S_855281,有機3重蜂蜜潤澤身體磨砂 150g,,20,0,0,0,0,2025-09-05_20:09:08
242648,HYBRIS,,HHS,H0318002_S_861153,有機日用洗髮水 500ml,,20,0,0,0,0,2025-09-05_20:09:08
242648,HYBRIS,,HHS,H0318002_S_86Z0004,有機防敏香體露 50ml,,20,0,0,0,0,2025-09-05_20:09:08
242648,HYBRIS,,HHS,H0318002_S_86Z0005,有機乳木果油護髮素 150ml,,20,0,0,0,0,2025-09-05_20:09:08
242648,HYBRIS,,HHS,H0539001_S_50159,Royal Touch 敏感肌適用產後專用衛生巾 L碼 (5片/包),,20,0,0,0,0,2025-09-05_20:09:08
242654,HYBRIS,,CLS,H0888001_S_10011834,炸魚手指 (急凍),H250905002014,16,16,0,0,16,2025-09-05_22:09:00
242659,HYBRIS,,WFS,H0249001_S_1274,DDD薰衣草護髮素,,15,15,0,0,0,2025-09-05_23:40:02
242659,HYBRIS,,WFS,H0249001_S_2151,雪花膏,,5,5,0,0,0,2025-09-05_23:40:03
242659,HYBRIS,,WFS,H0249001_S_4290,懷舊2R相簿,,5,5,0,0,0,2025-09-05_23:40:04
242659,HYBRIS,,WFS,H0249001_S_KC1139,指甲油 (彩色系),,5,5,0,0,0,2025-09-05_23:40:06
242659,HYBRIS,,WFS,H0318002_S_812724,有機大馬士革玫瑰花水 200ml,,10,10,0,0,0,2025-09-05_23:40:09
242659,HYBRIS,,WFS,H0318002_S_855281,有機3重蜂蜜潤澤身體磨砂 150g,,10,10,0,0,0,2025-09-05_23:40:09
242659,HYBRIS,,WFS,H0318002_S_86Z0005,有機乳木果油護髮素 150ml,,5,5,0,0,0,2025-09-05_23:40:09
242659,HYBRIS,,WFS,H0888001_S_10005984,豬骨火鍋上湯,,105,105,0,0,0,2025-09-05_23:40:10
242659,HYBRIS,,WFS,H0888001_S_10005985,黑胡椒豬骨火鍋上湯,,15,15,0,0,0,2025-09-05_23:40:10
242672,HYBRIS,,TWS,H0859001_S_OS-620,uPure 2 潔淨濾水器2,,440,440,0,0,0,2025-09-06_00:00:00
242676,IMAX_STACKING,FROZEN,COB,H0888001_S_10022875,美國特選牛肩胛肥牛片 (急凍),IS00071673,520,520,0,0,0,2025-09-06_00:00:01
242676,IMAX_STACKING,FROZEN,COB,H0888001_S_10012511,西班牙咸豬手,IS00071673,1610,1610,0,0,0,2025-09-06_00:00:01
242676,IMAX_STACKING,FROZEN,COB,H0888001_S_10011849,美國大西洋野生響螺頭 M (急凍),IS00071673,3000,3000,0,0,0,2025-09-06_00:00:01
242676,IMAX_STACKING,FROZEN,COB,H0888001_S_10011848,日本煮食用帶子急凍急凍,IS00071673,990,990,0,0,0,2025-09-06_00:00:01
242679,HYBRIS,,COB,H0888001_S_10009135,藍梅寒天果凍糖,,1212,1212,0,0,0,2025-09-06_00:01:00
242679,HYBRIS,,COB,H0888001_S_10009139,蜂蜜檸檬寒天果凍糖,,1308,1308,0,0,0,2025-09-06_00:01:00
242679,HYBRIS,,COB,H0888001_S_10009151,什錦軟糖,,1420,1420,0,0,0,2025-09-06_00:01:00
242686,HYBRIS,,CLS,H0888001_S_10007313,滋潤保濕乳霜,,444,0,0,0,0,2025-09-06_10:09:00
242687,IMAX_STACKING,DRY,CLS,H0888001_S_10002195,大樽生啤 (日本版),IS00071676,12,0,0,0,0,2025-09-06_10:22:00
242688,HYBRIS,,STS,H0888001_S_10012783,巴西牛胸腩粒 (急凍),,792,0,0,0,0,2025-09-06_10:32:00
242689,HYBRIS,,CLS,H0888001_S_10133455,澳洲和牛漢堡扒 (急凍),,1020,0,0,0,0,2025-09-06_10:38:00
242689,HYBRIS,,CLS,H0888001_S_10133940,(澳洲直送!) 澳洲穀飼西冷牛扒 (2塊裝) (急凍),,1000,0,0,0,0,2025-09-06_10:38:00
242689,HYBRIS,,CLS,H0888001_S_10133453,澳洲M4+ 和牛西冷牛扒 (急凍),,330,0,0,0,0,2025-09-06_10:38:00
242689,HYBRIS,,CLS,H0888001_S_10018534,澳洲海參(禿參，又名花刺參) (急凍),,408,0,0,0,0,2025-09-06_10:38:00
242693,HYBRIS,,STS,H0249001_S_1272s-74s,BBB薰衣草身體潔淨旅行套裝,,210,0,0,0,0,2025-09-06_11:08:01
242693,HYBRIS,,STS,H0249001_S_1273,CCC薰衣草洗髮水,,140,0,0,0,0,2025-09-06_11:08:01
242693,HYBRIS,,STS,H0249001_S_1274,DDD薰衣草護髮素,,210,0,0,0,0,2025-09-06_11:08:01
242693,HYBRIS,,STS,H0249001_S_1282s-84s,活花身體潔淨旅行套裝,,210,0,0,0,0,2025-09-06_11:08:01
242693,HYBRIS,,STS,H0249001_S_1284,活花護髮素,,210,0,0,0,0,2025-09-06_11:08:01
242693,HYBRIS,,STS,H0249001_S_1292,花露水沐浴露,,210,0,0,0,0,2025-09-06_11:08:01
242693,HYBRIS,,STS,H0249001_S_1292s-94s,花露水身體潔淨旅行套裝一二三四五六,,210,0,0,0,0,2025-09-06_11:08:01
242693,HYBRIS,,STS,H0249001_S_1293,花露水洗髮水,,210,0,0,0,0,2025-09-06_11:08:01
242693,HYBRIS,,STS,H0249001_S_1294,花露水護髮素,,210,0,0,0,0,2025-09-06_11:08:01
242693,HYBRIS,,STS,H0249001_S_2151,雪花膏,,210,0,0,0,0,2025-09-06_11:08:01
242693,HYBRIS,,STS,H0249001_S_2152,活花潤手霜,,210,0,0,0,0,2025-09-06_11:08:02
242693,HYBRIS,,STS,H0249001_S_2157,花露水香皂,,210,0,0,0,0,2025-09-06_11:08:02
242693,HYBRIS,,STS,H0249001_S_2163,活花爽身粉 (玫瑰花香),,210,0,0,0,0,2025-09-06_11:08:02
242693,HYBRIS,,STS,H0249001_S_2166,活花香皂,,210,0,0,0,0,2025-09-06_11:08:02
242693,HYBRIS,,STS,H0249001_S_2167,活花止汗液,,210,0,0,0,0,2025-09-06_11:08:02
242693,HYBRIS,,STS,H0249001_S_2177,迷你雪花膏,,210,0,0,0,0,2025-09-06_11:08:02
242693,HYBRIS,,STS,H0249001_S_2181,EEE薰衣草味護髮油,,210,0,0,0,0,2025-09-06_11:08:02
242693,HYBRIS,,STS,H0249001_S_2182,活花味護髮油  (玫瑰花香),,210,0,0,0,0,2025-09-06_11:08:02
242693,HYBRIS,,STS,H0249001_S_2186,活花爽身粉 80克 (罐裝)（附柔軟粉撲）,,210,0,0,0,0,2025-09-06_11:08:02
242693,HYBRIS,,STS,H0249001_S_2187,花露水爽身粉 80克 (罐裝)（附柔軟粉撲）,,210,0,0,0,0,2025-09-06_11:08:02
242693,HYBRIS,,STS,H0249001_S_2188B,花露水濕紙巾 (20片),,210,0,0,0,0,2025-09-06_11:08:02
242693,HYBRIS,,STS,H0249001_S_2198,花露水 (200毫升),,210,0,0,0,0,2025-09-06_11:08:02
242693,HYBRIS,,STS,H0249001_S_2202,花露水 (100毫升),,210,0,0,0,0,2025-09-06_11:08:02
242693,HYBRIS,,STS,H0249001_S_2204,花露水 (15毫升),,210,0,0,0,0,2025-09-06_11:08:02
242693,HYBRIS,,STS,H0249001_S_2208,花露水 (10毫升),,210,0,0,0,0,2025-09-06_11:08:02
242693,HYBRIS,,STS,H0249001_S_2209,花露水膏,,210,0,0,0,0,2025-09-06_11:08:02
242693,HYBRIS,,STS,H0249001_S_4261,雙妹嚜復古記事簿,,210,0,0,0,0,2025-09-06_11:08:03
242693,HYBRIS,,STS,H0249001_S_4281,雙妹嚜復古記事簿,,210,0,0,0,0,2025-09-06_11:08:03
242693,HYBRIS,,STS,H0249001_S_4284,雙妹嚜復古拼圖,,210,0,0,0,0,2025-09-06_11:08:03
242693,HYBRIS,,STS,H0249001_S_4286,雙妹嚜復古拼圖,,210,0,0,0,0,2025-09-06_11:08:03
242693,HYBRIS,,STS,H0249001_S_4287,雙妹嚜復古拼圖,,210,0,0,0,0,2025-09-06_11:08:03
242693,HYBRIS,,STS,H0249001_S_4290,懷舊2R相簿,,210,0,0,0,0,2025-09-06_11:08:03
242693,HYBRIS,,STS,H0249001_S_4291,懷舊2R相簿,,210,0,0,0,0,2025-09-06_11:08:03
242693,HYBRIS,,STS,H0249001_S_4292,懷舊2R相簿,,210,0,0,0,0,2025-09-06_11:08:03
242693,HYBRIS,,STS,H0249001_S_4293,懷舊2R相簿,,210,0,0,0,0,2025-09-06_11:08:03
242693,HYBRIS,,STS,H0249001_S_4315,雙妹嚜黑色環保袋,,210,0,0,0,0,2025-09-06_11:08:03
242693,HYBRIS,,STS,H0249001_S_8808,馬賽皂 (檸檬),,210,0,0,0,0,2025-09-06_11:08:03
242693,HYBRIS,,STS,H0249001_S_8809,馬賽皂 (蜜糖),,210,0,0,0,0,2025-09-06_11:08:03
242693,HYBRIS,,STS,H0249001_S_8810,馬賽皂 (白檀),,210,0,0,0,0,2025-09-06_11:08:03
242693,HYBRIS,,STS,H0249001_S_KC1100,指甲水,,210,0,0,0,0,2025-09-06_11:08:03
242693,HYBRIS,,STS,H0249001_S_KC1101,指甲油 (藍紫色系),,210,0,0,0,0,2025-09-06_11:08:03
242693,HYBRIS,,STS,H0249001_S_KC1102,指甲油 (藍紫色系),,210,0,0,0,0,2025-09-06_11:08:03
242693,HYBRIS,,STS,H0249001_S_KC1103,指甲油 (藍紫色系),,210,0,0,0,0,2025-09-06_11:08:04
242693,HYBRIS,,STS,H0249001_S_KC1105,指甲油 (藍紫色系),,210,0,0,0,0,2025-09-06_11:08:04
242693,HYBRIS,,STS,H0249001_S_KC1106,指甲油 (紅色系),,210,0,0,0,0,2025-09-06_11:08:04
242693,HYBRIS,,STS,H0249001_S_KC1107,指甲油 (紅色系),,210,0,0,0,0,2025-09-06_11:08:04
242693,HYBRIS,,STS,H0249001_S_KC1108,指甲油 (紅色系),,210,0,0,0,0,2025-09-06_11:08:04
242693,HYBRIS,,STS,H0249001_S_KC1112,指甲油 (藍紫色系),,210,0,0,0,0,2025-09-06_11:08:04
242693,HYBRIS,,STS,H0249001_S_KC1113,指甲油 (紅色系),,210,0,0,0,0,2025-09-06_11:08:04
242693,HYBRIS,,STS,H0249001_S_KC1116,指甲油 (彩色系),,210,0,0,0,0,2025-09-06_11:08:04
242693,HYBRIS,,STS,H0249001_S_KC1121,指甲油 (紅色系),,210,0,0,0,0,2025-09-06_11:08:04
242693,HYBRIS,,STS,H0249001_S_KC1123,指甲油 (紅色系),,210,0,0,0,0,2025-09-06_11:08:05
242693,HYBRIS,,STS,H0249001_S_KC1124,指甲油 (紅色系),,210,0,0,0,0,2025-09-06_11:08:05
242693,HYBRIS,,STS,H0249001_S_KC1127,指甲油 (彩色系),,210,0,0,0,0,2025-09-06_11:08:05
242693,HYBRIS,,STS,H0249001_S_KC1129,指甲油 (彩色系),,210,0,0,0,0,2025-09-06_11:08:05
242693,HYBRIS,,STS,H0249001_S_KC1130,指甲油 (彩色系),,210,0,0,0,0,2025-09-06_11:08:05
242693,HYBRIS,,STS,H0249001_S_KC1131,指甲油 (彩色系),,210,0,0,0,0,2025-09-06_11:08:05
242693,HYBRIS,,STS,H0249001_S_KC1134,指甲油 (紅色系),,210,0,0,0,0,2025-09-06_11:08:05
242693,HYBRIS,,STS,H0249001_S_KC1137,指甲油 (色號 - 37透明),,210,0,0,0,0,2025-09-06_11:08:05
242693,HYBRIS,,STS,H0249001_S_KC1139,指甲油 (彩色系),,210,0,0,0,0,2025-09-06_11:08:05
242693,HYBRIS,,STS,H0249001_S_KC1146,指甲油 (藍紫色系),,210,0,0,0,0,2025-09-06_11:08:06
242693,HYBRIS,,STS,H0249001_S_KC1148,指甲油 (彩色系),,210,0,0,0,0,2025-09-06_11:08:06
242693,HYBRIS,,STS,H0249001_S_KC1152,指甲油 (紅色系),,210,0,0,0,0,2025-09-06_11:08:06
242693,HYBRIS,,STS,H0249001_S_Q004,雙妹綿布袋 (白色),,210,0,0,0,0,2025-09-06_11:08:06
242693,HYBRIS,,STS,H0249001_S_Q005,雙妹綿布袋 (自然色),,210,0,0,0,0,2025-09-06_11:08:06
242693,HYBRIS,,STS,H0255001_S_21875,蒜油 250粒,,210,0,0,0,0,2025-09-06_11:08:06
242693,HYBRIS,,STS,H0255001_S_21942,利筋諾 50粒,,210,0,0,0,0,2025-09-06_11:08:06
242693,HYBRIS,,STS,H0255001_S_22993,乳薊果 60片,,210,0,0,0,0,2025-09-06_11:08:06
242693,HYBRIS,,STS,H0255001_S_23452,葡萄籽加強配方 30片,,210,0,0,0,0,2025-09-06_11:08:06
242693,HYBRIS,,STS,H0255001_S_24008,無腥味魚油1000 200粒,,210,0,0,0,0,2025-09-06_11:08:07
242693,HYBRIS,,STS,H0255001_S_24177,葉黃素 60粒,,210,0,0,0,0,2025-09-06_11:08:07
242693,HYBRIS,,STS,H0255001_S_24201,護眼山桑子 30片,,210,0,0,0,0,2025-09-06_11:08:07
242693,HYBRIS,,STS,H0255001_S_24877,兒童果味魚油丸 30粒,,210,0,0,0,0,2025-09-06_11:08:07
242693,HYBRIS,,STS,H0255001_S_25067,鋸櫚前列配方 60粒,,210,0,0,0,0,2025-09-06_11:08:07
242693,HYBRIS,,STS,H0255001_S_25110,亞麻籽油植物奧米加369 100粒,,210,0,0,0,0,2025-09-06_11:08:07
242693,HYBRIS,,STS,H0255001_S_25207,維他命D3 1000 30粒,,210,0,0,0,0,2025-09-06_11:08:07
242693,HYBRIS,,STS,H0255001_S_25266,護養關節配方 60粒,,210,0,0,0,0,2025-09-06_11:08:07
242693,HYBRIS,,STS,H0294001_S_120088,免沖洗保濕護髮乳,,210,0,0,0,0,2025-09-06_11:08:07
242693,HYBRIS,,STS,H0294001_S_120295,潔淨控油洗髮露,,210,0,0,0,0,2025-09-06_11:08:07
242693,HYBRIS,,STS,H0294001_S_120533,波浪捲髮精華露波浪捲髮精華露波浪捲髮精華露波浪捲髮精華露,,210,0,0,0,0,2025-09-06_11:08:07
242693,HYBRIS,,STS,H0318002_S_812719,有機矢車菊花水 200ml,,210,0,0,0,0,2025-09-06_11:08:07
242693,HYBRIS,,STS,H0318002_S_812724,有機大馬士革玫瑰花水 200ml,,210,0,0,0,0,2025-09-06_11:08:07
242693,HYBRIS,,STS,H0318002_S_852974,有機3重蜂蜜潤澤身體乳霜 150ml,,210,0,0,0,0,2025-09-06_11:08:08
242693,HYBRIS,,STS,H0318002_S_855281,有機3重蜂蜜潤澤身體磨砂 150g,,210,0,0,0,0,2025-09-06_11:08:08
242693,HYBRIS,,STS,H0318002_S_861153,有機日用洗髮水 500ml,,210,0,0,0,0,2025-09-06_11:08:08
242693,HYBRIS,,STS,H0318002_S_86Z0004,有機防敏香體露 50ml,,210,0,0,0,0,2025-09-06_11:08:08
242693,HYBRIS,,STS,H0318002_S_86Z0005,有機乳木果油護髮素 150ml,,210,0,0,0,0,2025-09-06_11:08:08
242693,HYBRIS,,STS,H0539001_S_50159,Royal Touch 敏感肌適用產後專用衛生巾 L碼 (5片/包),,210,0,0,0,0,2025-09-06_11:08:08
242693,HYBRIS,,STS,H0888001_S_10004619,特級魚露,,125,0,0,0,0,2025-09-06_11:08:08
242693,HYBRIS,,STS,H0888001_S_10004625,南乳,,120,0,0,0,0,2025-09-06_11:08:08
242693,HYBRIS,,STS,H0888001_S_10004645,爽口榨菜絲,,130,0,0,0,0,2025-09-06_11:08:08
242693,HYBRIS,,STS,H0888001_S_10004653,陳醋蕎頭,,30,0,0,0,0,2025-09-06_11:08:08
242693,HYBRIS,,STS,H0888001_S_10004654,甜酸蕎頭,,30,0,0,0,0,2025-09-06_11:08:08
242693,HYBRIS,,STS,H0888001_S_10004666,鮑汁靈芝菇片,,120,0,0,0,0,2025-09-06_11:08:08
242693,HYBRIS,,STS,H0888001_S_10005984,豬骨火鍋上湯,,170,0,0,0,0,2025-09-06_11:08:08
242693,HYBRIS,,STS,H0888001_S_10005986,醉雞火鍋上湯,,170,0,0,0,0,2025-09-06_11:08:08
242693,HYBRIS,,STS,H0888001_S_10007891,洋蔥南瓜馬鈴薯片,,125,0,0,0,0,2025-09-06_11:08:09
242693,HYBRIS,,STS,H0888001_S_10009135,藍梅寒天果凍糖,,125,0,0,0,0,2025-09-06_11:08:09
242693,HYBRIS,,STS,H0888001_S_10009139,蜂蜜檸檬寒天果凍糖,,125,0,0,0,0,2025-09-06_11:08:09
242693,HYBRIS,,STS,H0888001_S_10009151,什錦軟糖,,140,0,0,0,0,2025-09-06_11:08:09
242693,HYBRIS,,STS,H0888001_S_10009386,北海道扇貝味薯片,,125,0,0,0,0,2025-09-06_11:08:09
242693,HYBRIS,,STS,H0888001_S_10009388,酥餅 (黑朱古力),,130,0,0,0,0,2025-09-06_11:08:09
242693,HYBRIS,,STS,H0888001_S_10009609,星球大戰系列珍寶珠 (隨機派送),,125,0,0,0,0,2025-09-06_11:08:09
242693,HYBRIS,,STS,H0888001_S_10009610,湖池屋激辣魔薯香辣芝士味薯片,,135,0,0,0,0,2025-09-06_11:08:09
242693,HYBRIS,,STS,H0888001_S_10011987,好ｅ食 - 白汁煙肉磨菇意粉 (急凍),,125,0,0,0,0,2025-09-06_11:08:09
242693,HYBRIS,,STS,H0888001_S_10018925,白風船米餅-牛奶忌廉味,,125,0,0,0,0,2025-09-06_11:08:09
242693,HYBRIS,,STS,H0888001_S_10022686,猴頭菇雪耳百合潤肺湯,,120,0,0,0,0,2025-09-06_11:08:09
242695,HYBRIS,,WFS,H0888001_S_10012013,Bibigo 韓式傳統脆皮煎餃 (急凍),,150,150,0,0,0,2025-09-06_11:25:00
242699,HYBRIS,,CLS,H0888001_S_10007313,滋潤保濕乳霜,,12,0,0,0,0,2025-09-06_11:42:00
242707,HYBRIS,,TWS,H0888001_S_10008283,燕麥脆條 - 蜜糖★燕麥,,36,36,0,0,0,2025-09-06_13:00:00
242711,IMAX_KERRY,,CLS,H0888001_S_10012783,巴西牛胸腩粒 (急凍),IM00071684,784,0,0,0,0,2025-09-06_13:32:00
242712,HYBRIS,,LPS,H0888001_S_10012783,巴西牛胸腩粒 (急凍),,8,8,0,0,0,2025-09-06_13:49:00
242716,IMAX_KERRY,,SHS,H0888001_S_10012783,巴西牛胸腩粒 (急凍),IM00071686,786,0,0,0,0,2025-09-06_14:09:00
242717,HYBRIS,,CLS,H0888001_S_10004649,辣香蘿蔔,,2900,0,0,0,0,2025-09-06_14:19:00
242717,HYBRIS,,CLS,H0888001_S_10007313,滋潤保濕乳霜,,27,0,0,0,0,2025-09-06_14:19:00
242736,IMAX_KERRY,,IRS,H0888001_S_10022197,五香肉丁,IM00071688,48,48,48,0,0,2025-09-06_16:08:00
242739,HYBRIS,,CLS,H0888001_S_10007313,滋潤保濕乳霜,,108,0,0,0,0,2025-09-06_16:41:00
242742,HYBRIS,,RRS,H0888001_S_10018534,澳洲海參(禿參，又名花刺參) (急凍),,96,0,0,0,0,2025-09-06_16:50:00
242743,IMAX_KERRY,,WSH,H0888001_S_10012783,巴西牛胸腩粒 (急凍),IM00071691,786,0,0,0,0,2025-09-06_16:54:00
242748,IMAX_STACKING,CHILLED,CLS,H0888001_S_10012783,巴西牛胸腩粒 (急凍),IS00071692,5000,0,0,0,0,2025-09-06_17:10:00
242749,IMAX_STACKING,DRY,CLS,H0255001_S_25116,健腦高濃度深海魚油 60粒,IS00071693,290,0,0,0,0,2025-09-06_17:10:00
242752,HYBRIS,,CLS,H0249001_S_1272s-74s,BBB薰衣草身體潔淨旅行套裝,,110,0,0,0,0,2025-09-06_17:40:02
242752,HYBRIS,,CLS,H0249001_S_1274,DDD薰衣草護髮素,,10,0,0,0,0,2025-09-06_17:40:02
242752,HYBRIS,,CLS,H0249001_S_1282s-84s,活花身體潔淨旅行套裝,,110,0,0,0,0,2025-09-06_17:40:02
242752,HYBRIS,,CLS,H0249001_S_1284,活花護髮素,,110,0,0,0,0,2025-09-06_17:40:02
242752,HYBRIS,,CLS,H0249001_S_1292,花露水沐浴露,,110,0,0,0,0,2025-09-06_17:40:03
242752,HYBRIS,,CLS,H0249001_S_1292s-94s,花露水身體潔淨旅行套裝一二三四五六,,110,0,0,0,0,2025-09-06_17:40:03
242752,HYBRIS,,CLS,H0249001_S_1293,花露水洗髮水,,110,0,0,0,0,2025-09-06_17:40:03
242752,HYBRIS,,CLS,H0249001_S_1294,花露水護髮素,,110,0,0,0,0,2025-09-06_17:40:03
242752,HYBRIS,,CLS,H0249001_S_2151,雪花膏,,120,0,0,0,0,2025-09-06_17:40:03
242752,HYBRIS,,CLS,H0249001_S_2152,活花潤手霜,,110,0,0,0,0,2025-09-06_17:40:03
242752,HYBRIS,,CLS,H0249001_S_2157,花露水香皂,,10,0,0,0,0,2025-09-06_17:40:03
242752,HYBRIS,,CLS,H0249001_S_2163,活花爽身粉 (玫瑰花香),,120,0,0,0,0,2025-09-06_17:40:03
242752,HYBRIS,,CLS,H0249001_S_2166,活花香皂,,120,0,0,0,0,2025-09-06_17:40:03
242752,HYBRIS,,CLS,H0249001_S_2167,活花止汗液,,120,0,0,0,0,2025-09-06_17:40:03
242752,HYBRIS,,CLS,H0249001_S_2177,迷你雪花膏,,110,0,0,0,0,2025-09-06_17:40:03
242752,HYBRIS,,CLS,H0249001_S_2181,EEE薰衣草味護髮油,,110,0,0,0,0,2025-09-06_17:40:03
242752,HYBRIS,,CLS,H0249001_S_2182,活花味護髮油  (玫瑰花香),,110,0,0,0,0,2025-09-06_17:40:03
242752,HYBRIS,,CLS,H0249001_S_2186,活花爽身粉 80克 (罐裝)（附柔軟粉撲）,,110,0,0,0,0,2025-09-06_17:40:03
242752,HYBRIS,,CLS,H0249001_S_2187,花露水爽身粉 80克 (罐裝)（附柔軟粉撲）,,110,0,0,0,0,2025-09-06_17:40:03
242752,HYBRIS,,CLS,H0249001_S_2188B,花露水濕紙巾 (20片),,110,0,0,0,0,2025-09-06_17:40:03
242752,HYBRIS,,CLS,H0249001_S_2198,花露水 (200毫升),,110,0,0,0,0,2025-09-06_17:40:03
242752,HYBRIS,,CLS,H0249001_S_2202,花露水 (100毫升),,110,0,0,0,0,2025-09-06_17:40:04
242752,HYBRIS,,CLS,H0249001_S_2204,花露水 (15毫升),,110,0,0,0,0,2025-09-06_17:40:04
242752,HYBRIS,,CLS,H0249001_S_2208,花露水 (10毫升),,110,0,0,0,0,2025-09-06_17:40:04
242752,HYBRIS,,CLS,H0249001_S_2209,花露水膏,,110,0,0,0,0,2025-09-06_17:40:04
242752,HYBRIS,,CLS,H0249001_S_4261,雙妹嚜復古記事簿,,110,0,0,0,0,2025-09-06_17:40:04
242752,HYBRIS,,CLS,H0249001_S_4281,雙妹嚜復古記事簿,,110,0,0,0,0,2025-09-06_17:40:04
242752,HYBRIS,,CLS,H0249001_S_4284,雙妹嚜復古拼圖,,110,0,0,0,0,2025-09-06_17:40:04
242752,HYBRIS,,CLS,H0249001_S_4286,雙妹嚜復古拼圖,,110,0,0,0,0,2025-09-06_17:40:04
242752,HYBRIS,,CLS,H0249001_S_4287,雙妹嚜復古拼圖,,110,0,0,0,0,2025-09-06_17:40:04
242752,HYBRIS,,CLS,H0249001_S_4290,懷舊2R相簿,,110,0,0,0,0,2025-09-06_17:40:04
242752,HYBRIS,,CLS,H0249001_S_4291,懷舊2R相簿,,110,0,0,0,0,2025-09-06_17:40:05
242752,HYBRIS,,CLS,H0249001_S_4292,懷舊2R相簿,,110,0,0,0,0,2025-09-06_17:40:05
242752,HYBRIS,,CLS,H0249001_S_4293,懷舊2R相簿,,110,0,0,0,0,2025-09-06_17:40:05
242752,HYBRIS,,CLS,H0249001_S_4315,雙妹嚜黑色環保袋,,110,0,0,0,0,2025-09-06_17:40:05
242752,HYBRIS,,CLS,H0249001_S_8808,馬賽皂 (檸檬),,110,0,0,0,0,2025-09-06_17:40:05
242752,HYBRIS,,CLS,H0249001_S_8809,馬賽皂 (蜜糖),,110,0,0,0,0,2025-09-06_17:40:05
242752,HYBRIS,,CLS,H0249001_S_8810,馬賽皂 (白檀),,110,0,0,0,0,2025-09-06_17:40:05
242752,HYBRIS,,CLS,H0249001_S_KC1100,指甲水,,110,0,0,0,0,2025-09-06_17:40:05
242752,HYBRIS,,CLS,H0249001_S_KC1101,指甲油 (藍紫色系),,110,0,0,0,0,2025-09-06_17:40:05
242752,HYBRIS,,CLS,H0249001_S_KC1102,指甲油 (藍紫色系),,110,0,0,0,0,2025-09-06_17:40:05
242752,HYBRIS,,CLS,H0249001_S_KC1103,指甲油 (藍紫色系),,110,0,0,0,0,2025-09-06_17:40:05
242752,HYBRIS,,CLS,H0249001_S_KC1105,指甲油 (藍紫色系),,110,0,0,0,0,2025-09-06_17:40:05
242752,HYBRIS,,CLS,H0249001_S_KC1106,指甲油 (紅色系),,110,0,0,0,0,2025-09-06_17:40:05
242752,HYBRIS,,CLS,H0249001_S_KC1107,指甲油 (紅色系),,110,0,0,0,0,2025-09-06_17:40:05
242752,HYBRIS,,CLS,H0249001_S_KC1108,指甲油 (紅色系),,110,0,0,0,0,2025-09-06_17:40:05
242752,HYBRIS,,CLS,H0249001_S_KC1112,指甲油 (藍紫色系),,110,0,0,0,0,2025-09-06_17:40:06
242752,HYBRIS,,CLS,H0249001_S_KC1113,指甲油 (紅色系),,110,0,0,0,0,2025-09-06_17:40:06
242752,HYBRIS,,CLS,H0249001_S_KC1116,指甲油 (彩色系),,110,0,0,0,0,2025-09-06_17:40:06
242752,HYBRIS,,CLS,H0249001_S_KC1121,指甲油 (紅色系),,110,0,0,0,0,2025-09-06_17:40:06
242752,HYBRIS,,CLS,H0249001_S_KC1123,指甲油 (紅色系),,110,0,0,0,0,2025-09-06_17:40:06
242752,HYBRIS,,CLS,H0249001_S_KC1124,指甲油 (紅色系),,110,0,0,0,0,2025-09-06_17:40:06
242752,HYBRIS,,CLS,H0249001_S_KC1127,指甲油 (彩色系),,110,0,0,0,0,2025-09-06_17:40:06
242752,HYBRIS,,CLS,H0249001_S_KC1129,指甲油 (彩色系),,110,0,0,0,0,2025-09-06_17:40:07
242752,HYBRIS,,CLS,H0249001_S_KC1130,指甲油 (彩色系),,110,0,0,0,0,2025-09-06_17:40:07
242752,HYBRIS,,CLS,H0249001_S_KC1131,指甲油 (彩色系),,110,0,0,0,0,2025-09-06_17:40:07
242752,HYBRIS,,CLS,H0249001_S_KC1134,指甲油 (紅色系),,110,0,0,0,0,2025-09-06_17:40:07
242752,HYBRIS,,CLS,H0249001_S_KC1137,指甲油 (色號 - 37透明),,110,0,0,0,0,2025-09-06_17:40:07
242752,HYBRIS,,CLS,H0249001_S_KC1139,指甲油 (彩色系),,110,0,0,0,0,2025-09-06_17:40:07
242752,HYBRIS,,CLS,H0249001_S_KC1146,指甲油 (藍紫色系),,110,0,0,0,0,2025-09-06_17:40:07
242752,HYBRIS,,CLS,H0249001_S_KC1148,指甲油 (彩色系),,110,0,0,0,0,2025-09-06_17:40:07
242752,HYBRIS,,CLS,H0249001_S_KC1152,指甲油 (紅色系),,110,0,0,0,0,2025-09-06_17:40:08
242752,HYBRIS,,CLS,H0249001_S_Q004,雙妹綿布袋 (白色),,110,0,0,0,0,2025-09-06_17:40:08
242752,HYBRIS,,CLS,H0249001_S_Q005,雙妹綿布袋 (自然色),,110,0,0,0,0,2025-09-06_17:40:08
242752,HYBRIS,,CLS,H0255001_S_21875,蒜油 250粒,,110,0,0,0,0,2025-09-06_17:40:08
242752,HYBRIS,,CLS,H0255001_S_21942,利筋諾 50粒,,110,0,0,0,0,2025-09-06_17:40:08
242752,HYBRIS,,CLS,H0255001_S_22993,乳薊果 60片,,110,0,0,0,0,2025-09-06_17:40:08
242752,HYBRIS,,CLS,H0255001_S_23452,葡萄籽加強配方 30片,,110,0,0,0,0,2025-09-06_17:40:08
242752,HYBRIS,,CLS,H0255001_S_24008,無腥味魚油1000 200粒,,110,0,0,0,0,2025-09-06_17:40:08
242752,HYBRIS,,CLS,H0255001_S_24177,葉黃素 60粒,,110,0,0,0,0,2025-09-06_17:40:09
242752,HYBRIS,,CLS,H0255001_S_24201,護眼山桑子 30片,,110,0,0,0,0,2025-09-06_17:40:09
242752,HYBRIS,,CLS,H0255001_S_24877,兒童果味魚油丸 30粒,,110,0,0,0,0,2025-09-06_17:40:09
242752,HYBRIS,,CLS,H0255001_S_25067,鋸櫚前列配方 60粒,,20,0,0,0,0,2025-09-06_17:40:09
242752,HYBRIS,,CLS,H0255001_S_25207,維他命D3 1000 30粒,,110,0,0,0,0,2025-09-06_17:40:09
242752,HYBRIS,,CLS,H0255001_S_25266,護養關節配方 60粒,,110,0,0,0,0,2025-09-06_17:40:10
242752,HYBRIS,,CLS,H0294001_S_120088,免沖洗保濕護髮乳,,110,0,0,0,0,2025-09-06_17:40:10
242752,HYBRIS,,CLS,H0294001_S_120295,潔淨控油洗髮露,,110,0,0,0,0,2025-09-06_17:40:10
242752,HYBRIS,,CLS,H0294001_S_120533,波浪捲髮精華露波浪捲髮精華露波浪捲髮精華露波浪捲髮精華露,,110,0,0,0,0,2025-09-06_17:40:10
242752,HYBRIS,,CLS,H0318002_S_812719,有機矢車菊花水 200ml,,130,0,0,0,0,2025-09-06_17:40:10
242752,HYBRIS,,CLS,H0318002_S_812724,有機大馬士革玫瑰花水 200ml,,130,0,0,0,0,2025-09-06_17:40:10
242752,HYBRIS,,CLS,H0318002_S_852974,有機3重蜂蜜潤澤身體乳霜 150ml,,10,0,0,0,0,2025-09-06_17:40:10
242752,HYBRIS,,CLS,H0318002_S_855281,有機3重蜂蜜潤澤身體磨砂 150g,,110,0,0,0,0,2025-09-06_17:40:10
242752,HYBRIS,,CLS,H0318002_S_86Z0004,有機防敏香體露 50ml,,105,0,0,0,0,2025-09-06_17:40:10
242752,HYBRIS,,CLS,H0539001_S_50159,Royal Touch 敏感肌適用產後專用衛生巾 L碼 (5片/包),,110,0,0,0,0,2025-09-06_17:40:11
242752,HYBRIS,,CLS,H0888001_S_10004619,特級魚露,,15,0,0,0,0,2025-09-06_17:40:11
242752,HYBRIS,,CLS,H0888001_S_10004625,南乳,,220,0,0,0,0,2025-09-06_17:40:11
242752,HYBRIS,,CLS,H0888001_S_10004645,爽口榨菜絲,,230,0,0,0,0,2025-09-06_17:40:11
242752,HYBRIS,,CLS,H0888001_S_10004649,辣香蘿蔔,,120,0,0,0,0,2025-09-06_17:40:11
242752,HYBRIS,,CLS,H0888001_S_10004653,陳醋蕎頭,,130,0,0,0,0,2025-09-06_17:40:11
242752,HYBRIS,,CLS,H0888001_S_10004654,甜酸蕎頭,,130,0,0,0,0,2025-09-06_17:40:11
242752,HYBRIS,,CLS,H0888001_S_10004666,鮑汁靈芝菇片,,220,0,0,0,0,2025-09-06_17:40:11
242752,HYBRIS,,CLS,H0888001_S_10005984,豬骨火鍋上湯,,270,0,0,0,0,2025-09-06_17:40:12
242752,HYBRIS,,CLS,H0888001_S_10005986,醉雞火鍋上湯,,270,0,0,0,0,2025-09-06_17:40:12
242752,HYBRIS,,CLS,H0888001_S_10007891,洋蔥南瓜馬鈴薯片,,10,0,0,0,0,2025-09-06_17:40:12
242752,HYBRIS,,CLS,H0888001_S_10009135,藍梅寒天果凍糖,,10,0,0,0,0,2025-09-06_17:40:12
242752,HYBRIS,,CLS,H0888001_S_10009139,蜂蜜檸檬寒天果凍糖,,10,0,0,0,0,2025-09-06_17:40:12
242752,HYBRIS,,CLS,H0888001_S_10009151,什錦軟糖,,220,0,0,0,0,2025-09-06_17:40:12
242752,HYBRIS,,CLS,H0888001_S_10009386,北海道扇貝味薯片,,10,0,0,0,0,2025-09-06_17:40:12
242752,HYBRIS,,CLS,H0888001_S_10009388,酥餅 (黑朱古力),,15,0,0,0,0,2025-09-06_17:40:12
242752,HYBRIS,,CLS,H0888001_S_10011987,好ｅ食 - 白汁煙肉磨菇意粉 (急凍),,210,0,0,0,0,2025-09-06_17:40:13
242752,HYBRIS,,CLS,H0888001_S_10007313,滋潤保濕乳霜,,12,0,0,0,0,2025-09-06_17:40:13
242752,HYBRIS,,CLS,H0888001_S_10022686,猴頭菇雪耳百合潤肺湯,,192,0,0,0,0,2025-09-06_17:40:13
242752,HYBRIS,,CLS,H0888001_S_10018925,白風船米餅-牛奶忌廉味,,500,0,0,0,0,2025-09-06_17:40:13
242758,IMAX_KERRY,,STS,H0888001_S_10012783,巴西牛胸腩粒 (急凍),IM00071696,1285,0,0,0,0,2025-09-06_18:19:00
242761,IMAX_KERRY,,WFS,H0888001_S_10012783,巴西牛胸腩粒 (急凍),IM00071697,50,0,0,0,0,2025-09-06_18:49:00
242764,HYBRIS,,RRS,H0888001_S_10012783,巴西牛胸腩粒 (急凍),,600,0,0,0,0,2025-09-06_19:19:00
242768,IMAX_KERRY,,RRS,H0888001_S_10012783,巴西牛胸腩粒 (急凍),IM00071699,700,0,0,0,0,2025-09-06_19:59:00
242770,HYBRIS,,HHS,H0249001_S_1272,AAA薰衣草沐浴露,,20,0,0,0,0,2025-09-06_20:09:02
242770,HYBRIS,,HHS,H0249001_S_1272s-74s,BBB薰衣草身體潔淨旅行套裝,,20,0,0,0,0,2025-09-06_20:09:02
242770,HYBRIS,,HHS,H0249001_S_1274,DDD薰衣草護髮素,,20,0,0,0,0,2025-09-06_20:09:02
242770,HYBRIS,,HHS,H0249001_S_1282s-84s,活花身體潔淨旅行套裝,,20,0,0,0,0,2025-09-06_20:09:02
242770,HYBRIS,,HHS,H0249001_S_1284,活花護髮素,,20,0,0,0,0,2025-09-06_20:09:02
242770,HYBRIS,,HHS,H0249001_S_1292,花露水沐浴露,,20,0,0,0,0,2025-09-06_20:09:03
242770,HYBRIS,,HHS,H0249001_S_1292s-94s,花露水身體潔淨旅行套裝一二三四五六,,20,0,0,0,0,2025-09-06_20:09:03
242770,HYBRIS,,HHS,H0249001_S_1293,花露水洗髮水,,20,0,0,0,0,2025-09-06_20:09:03
242770,HYBRIS,,HHS,H0249001_S_1294,花露水護髮素,,20,0,0,0,0,2025-09-06_20:09:03
242770,HYBRIS,,HHS,H0249001_S_2151,雪花膏,,20,0,0,0,0,2025-09-06_20:09:03
242770,HYBRIS,,HHS,H0249001_S_2152,活花潤手霜,,20,0,0,0,0,2025-09-06_20:09:03
242770,HYBRIS,,HHS,H0249001_S_2157,花露水香皂,,20,0,0,0,0,2025-09-06_20:09:03
242770,HYBRIS,,HHS,H0249001_S_2163,活花爽身粉 (玫瑰花香),,20,0,0,0,0,2025-09-06_20:09:03
242770,HYBRIS,,HHS,H0249001_S_2166,活花香皂,,20,0,0,0,0,2025-09-06_20:09:04
242770,HYBRIS,,HHS,H0249001_S_2167,活花止汗液,,20,0,0,0,0,2025-09-06_20:09:04
242770,HYBRIS,,HHS,H0249001_S_2177,迷你雪花膏,,20,0,0,0,0,2025-09-06_20:09:04
242770,HYBRIS,,HHS,H0249001_S_2181,EEE薰衣草味護髮油,,20,0,0,0,0,2025-09-06_20:09:04
242770,HYBRIS,,HHS,H0249001_S_2182,活花味護髮油  (玫瑰花香),,20,0,0,0,0,2025-09-06_20:09:04
242770,HYBRIS,,HHS,H0249001_S_2186,活花爽身粉 80克 (罐裝)（附柔軟粉撲）,,20,0,0,0,0,2025-09-06_20:09:04
242770,HYBRIS,,HHS,H0249001_S_2187,花露水爽身粉 80克 (罐裝)（附柔軟粉撲）,,20,0,0,0,0,2025-09-06_20:09:04
242770,HYBRIS,,HHS,H0249001_S_2188B,花露水濕紙巾 (20片),,20,0,0,0,0,2025-09-06_20:09:04
242770,HYBRIS,,HHS,H0249001_S_2198,花露水 (200毫升),,20,0,0,0,0,2025-09-06_20:09:04
242770,HYBRIS,,HHS,H0249001_S_2202,花露水 (100毫升),,20,0,0,0,0,2025-09-06_20:09:05
242770,HYBRIS,,HHS,H0249001_S_2204,花露水 (15毫升),,20,0,0,0,0,2025-09-06_20:09:05
242770,HYBRIS,,HHS,H0249001_S_2208,花露水 (10毫升),,20,0,0,0,0,2025-09-06_20:09:05
242770,HYBRIS,,HHS,H0249001_S_2209,花露水膏,,20,0,0,0,0,2025-09-06_20:09:05
242770,HYBRIS,,HHS,H0249001_S_4261,雙妹嚜復古記事簿,,20,0,0,0,0,2025-09-06_20:09:05
242770,HYBRIS,,HHS,H0249001_S_4281,雙妹嚜復古記事簿,,20,0,0,0,0,2025-09-06_20:09:05
242770,HYBRIS,,HHS,H0249001_S_4284,雙妹嚜復古拼圖,,20,0,0,0,0,2025-09-06_20:09:05
242770,HYBRIS,,HHS,H0249001_S_4286,雙妹嚜復古拼圖,,20,0,0,0,0,2025-09-06_20:09:05
242770,HYBRIS,,HHS,H0249001_S_4287,雙妹嚜復古拼圖,,20,0,0,0,0,2025-09-06_20:09:05
242770,HYBRIS,,HHS,H0249001_S_4290,懷舊2R相簿,,20,0,0,0,0,2025-09-06_20:09:05
242770,HYBRIS,,HHS,H0249001_S_4291,懷舊2R相簿,,20,0,0,0,0,2025-09-06_20:09:06
242770,HYBRIS,,HHS,H0249001_S_4292,懷舊2R相簿,,20,0,0,0,0,2025-09-06_20:09:06
242770,HYBRIS,,HHS,H0249001_S_4293,懷舊2R相簿,,20,0,0,0,0,2025-09-06_20:09:06
242770,HYBRIS,,HHS,H0249001_S_8808,馬賽皂 (檸檬),,20,0,0,0,0,2025-09-06_20:09:06
242770,HYBRIS,,HHS,H0249001_S_8809,馬賽皂 (蜜糖),,20,0,0,0,0,2025-09-06_20:09:06
242770,HYBRIS,,HHS,H0249001_S_8810,馬賽皂 (白檀),,20,0,0,0,0,2025-09-06_20:09:06
242770,HYBRIS,,HHS,H0249001_S_KC1100,指甲水,,20,0,0,0,0,2025-09-06_20:09:06
242770,HYBRIS,,HHS,H0249001_S_KC1101,指甲油 (藍紫色系),,20,0,0,0,0,2025-09-06_20:09:06
242770,HYBRIS,,HHS,H0249001_S_KC1102,指甲油 (藍紫色系),,20,0,0,0,0,2025-09-06_20:09:06
242770,HYBRIS,,HHS,H0249001_S_KC1103,指甲油 (藍紫色系),,20,0,0,0,0,2025-09-06_20:09:07
242770,HYBRIS,,HHS,H0249001_S_KC1105,指甲油 (藍紫色系),,20,0,0,0,0,2025-09-06_20:09:07
242770,HYBRIS,,HHS,H0249001_S_KC1106,指甲油 (紅色系),,20,0,0,0,0,2025-09-06_20:09:07
242770,HYBRIS,,HHS,H0249001_S_KC1107,指甲油 (紅色系),,20,0,0,0,0,2025-09-06_20:09:07
242770,HYBRIS,,HHS,H0249001_S_KC1108,指甲油 (紅色系),,20,0,0,0,0,2025-09-06_20:09:07
242770,HYBRIS,,HHS,H0249001_S_KC1112,指甲油 (藍紫色系),,20,0,0,0,0,2025-09-06_20:09:07
242770,HYBRIS,,HHS,H0249001_S_KC1113,指甲油 (紅色系),,20,0,0,0,0,2025-09-06_20:09:07
242770,HYBRIS,,HHS,H0249001_S_KC1116,指甲油 (彩色系),,20,0,0,0,0,2025-09-06_20:09:08
242770,HYBRIS,,HHS,H0249001_S_KC1121,指甲油 (紅色系),,20,0,0,0,0,2025-09-06_20:09:08
242770,HYBRIS,,HHS,H0249001_S_KC1123,指甲油 (紅色系),,20,0,0,0,0,2025-09-06_20:09:08
242770,HYBRIS,,HHS,H0249001_S_KC1124,指甲油 (紅色系),,20,0,0,0,0,2025-09-06_20:09:08
242770,HYBRIS,,HHS,H0249001_S_KC1127,指甲油 (彩色系),,20,0,0,0,0,2025-09-06_20:09:09
242770,HYBRIS,,HHS,H0249001_S_KC1129,指甲油 (彩色系),,20,0,0,0,0,2025-09-06_20:09:09
242770,HYBRIS,,HHS,H0249001_S_KC1130,指甲油 (彩色系),,20,0,0,0,0,2025-09-06_20:09:09
242770,HYBRIS,,HHS,H0249001_S_KC1131,指甲油 (彩色系),,20,0,0,0,0,2025-09-06_20:09:09
242770,HYBRIS,,HHS,H0249001_S_KC1134,指甲油 (紅色系),,20,0,0,0,0,2025-09-06_20:09:09
242770,HYBRIS,,HHS,H0249001_S_KC1137,指甲油 (色號 - 37透明),,20,0,0,0,0,2025-09-06_20:09:10
242770,HYBRIS,,HHS,H0249001_S_KC1139,指甲油 (彩色系),,20,0,0,0,0,2025-09-06_20:09:10
242770,HYBRIS,,HHS,H0249001_S_KC1146,指甲油 (藍紫色系),,20,0,0,0,0,2025-09-06_20:09:10
242770,HYBRIS,,HHS,H0249001_S_KC1148,指甲油 (彩色系),,20,0,0,0,0,2025-09-06_20:09:10
242770,HYBRIS,,HHS,H0249001_S_KC1152,指甲油 (紅色系),,20,0,0,0,0,2025-09-06_20:09:11
242770,HYBRIS,,HHS,H0249001_S_Q004,雙妹綿布袋 (白色),,20,0,0,0,0,2025-09-06_20:09:11
242770,HYBRIS,,HHS,H0249001_S_Q005,雙妹綿布袋 (自然色),,20,0,0,0,0,2025-09-06_20:09:11
242770,HYBRIS,,HHS,H0255001_S_21875,蒜油 250粒,,20,0,0,0,0,2025-09-06_20:09:11
242770,HYBRIS,,HHS,H0255001_S_21942,利筋諾 50粒,,20,0,0,0,0,2025-09-06_20:09:11
242770,HYBRIS,,HHS,H0255001_S_22993,乳薊果 60片,,20,0,0,0,0,2025-09-06_20:09:12
242770,HYBRIS,,HHS,H0255001_S_23452,葡萄籽加強配方 30片,,20,0,0,0,0,2025-09-06_20:09:12
242770,HYBRIS,,HHS,H0255001_S_24008,無腥味魚油1000 200粒,,20,0,0,0,0,2025-09-06_20:09:12
242770,HYBRIS,,HHS,H0255001_S_24177,葉黃素 60粒,,20,0,0,0,0,2025-09-06_20:09:12
242770,HYBRIS,,HHS,H0255001_S_24201,護眼山桑子 30片,,20,0,0,0,0,2025-09-06_20:09:12
242770,HYBRIS,,HHS,H0255001_S_24877,兒童果味魚油丸 30粒,,20,0,0,0,0,2025-09-06_20:09:12
242770,HYBRIS,,HHS,H0255001_S_25067,鋸櫚前列配方 60粒,,20,0,0,0,0,2025-09-06_20:09:12
242770,HYBRIS,,HHS,H0255001_S_25110,亞麻籽油植物奧米加369 100粒,,20,0,0,0,0,2025-09-06_20:09:12
242770,HYBRIS,,HHS,H0255001_S_25207,維他命D3 1000 30粒,,20,0,0,0,0,2025-09-06_20:09:13
242770,HYBRIS,,HHS,H0255001_S_25266,護養關節配方 60粒,,20,0,0,0,0,2025-09-06_20:09:13
242770,HYBRIS,,HHS,H0294001_S_120088,免沖洗保濕護髮乳,,20,0,0,0,0,2025-09-06_20:09:13
242770,HYBRIS,,HHS,H0294001_S_120295,潔淨控油洗髮露,,20,0,0,0,0,2025-09-06_20:09:13
242770,HYBRIS,,HHS,H0294001_S_120533,波浪捲髮精華露波浪捲髮精華露波浪捲髮精華露波浪捲髮精華露,,20,0,0,0,0,2025-09-06_20:09:13
242770,HYBRIS,,HHS,H0318002_S_812719,有機矢車菊花水 200ml,,20,0,0,0,0,2025-09-06_20:09:13
242770,HYBRIS,,HHS,H0318002_S_812724,有機大馬士革玫瑰花水 200ml,,20,0,0,0,0,2025-09-06_20:09:13
242770,HYBRIS,,HHS,H0318002_S_852974,有機3重蜂蜜潤澤身體乳霜 150ml,,20,0,0,0,0,2025-09-06_20:09:13
242770,HYBRIS,,HHS,H0318002_S_855281,有機3重蜂蜜潤澤身體磨砂 150g,,20,0,0,0,0,2025-09-06_20:09:13
242770,HYBRIS,,HHS,H0318002_S_861153,有機日用洗髮水 500ml,,20,0,0,0,0,2025-09-06_20:09:14
242770,HYBRIS,,HHS,H0318002_S_86Z0004,有機防敏香體露 50ml,,20,0,0,0,0,2025-09-06_20:09:14
242770,HYBRIS,,HHS,H0318002_S_86Z0005,有機乳木果油護髮素 150ml,,20,0,0,0,0,2025-09-06_20:09:14
242770,HYBRIS,,HHS,H0539001_S_50159,Royal Touch 敏感肌適用產後專用衛生巾 L碼 (5片/包),,20,0,0,0,0,2025-09-06_20:09:14
242781,HYBRIS,,WFS,H0249001_S_1274,DDD薰衣草護髮素,,15,15,0,0,0,2025-09-06_23:40:02
242781,HYBRIS,,WFS,H0249001_S_2151,雪花膏,,5,5,0,0,0,2025-09-06_23:40:03
242781,HYBRIS,,WFS,H0249001_S_4290,懷舊2R相簿,,5,5,0,0,0,2025-09-06_23:40:04
242781,HYBRIS,,WFS,H0249001_S_KC1139,指甲油 (彩色系),,5,5,0,0,0,2025-09-06_23:40:07
242781,HYBRIS,,WFS,H0318002_S_812724,有機大馬士革玫瑰花水 200ml,,10,10,0,0,0,2025-09-06_23:40:09
242781,HYBRIS,,WFS,H0318002_S_855281,有機3重蜂蜜潤澤身體磨砂 150g,,10,10,0,0,0,2025-09-06_23:40:10
242781,HYBRIS,,WFS,H0318002_S_86Z0005,有機乳木果油護髮素 150ml,,5,5,0,0,0,2025-09-06_23:40:10
242781,HYBRIS,,WFS,H0888001_S_10005984,豬骨火鍋上湯,,105,105,0,0,0,2025-09-06_23:40:11
242781,HYBRIS,,WFS,H0888001_S_10005985,黑胡椒豬骨火鍋上湯,,15,15,0,0,0,2025-09-06_23:40:11
242794,HYBRIS,,TWS,H0859001_S_OS-620,uPure 2 潔淨濾水器2,,440,440,0,0,0,2025-09-07_00:00:00
242798,IMAX_STACKING,FROZEN,COB,H0888001_S_10022875,美國特選牛肩胛肥牛片 (急凍),IS00071704,520,520,0,0,0,2025-09-07_00:00:00
242798,IMAX_STACKING,FROZEN,COB,H0888001_S_10012511,西班牙咸豬手,IS00071704,1610,1610,0,0,0,2025-09-07_00:00:00
242798,IMAX_STACKING,FROZEN,COB,H0888001_S_10011849,美國大西洋野生響螺頭 M (急凍),IS00071704,3000,3000,0,0,0,2025-09-07_00:00:01
242798,IMAX_STACKING,FROZEN,COB,H0888001_S_10011848,日本煮食用帶子急凍急凍,IS00071704,990,990,0,0,0,2025-09-07_00:00:01
242800,HYBRIS,,COB,H0888001_S_10009135,藍梅寒天果凍糖,,1212,1212,0,0,0,2025-09-07_00:01:00
242800,HYBRIS,,COB,H0888001_S_10009139,蜂蜜檸檬寒天果凍糖,,1308,1308,0,0,0,2025-09-07_00:01:00
242800,HYBRIS,,COB,H0888001_S_10009151,什錦軟糖,,1420,1420,0,0,0,2025-09-07_00:01:00
242807,HYBRIS,,CLS,H0888001_S_10007313,滋潤保濕乳霜,,444,0,0,0,0,2025-09-07_10:09:00
242808,IMAX_STACKING,DRY,CLS,H0888001_S_10002195,大樽生啤 (日本版),IS00071707,12,0,0,0,0,2025-09-07_10:22:00
242810,HYBRIS,,CLS,H0888001_S_10133455,澳洲和牛漢堡扒 (急凍),,1020,0,0,0,0,2025-09-07_10:38:00
242810,HYBRIS,,CLS,H0888001_S_10133940,(澳洲直送!) 澳洲穀飼西冷牛扒 (2塊裝) (急凍),,1000,0,0,0,0,2025-09-07_10:38:00
242810,HYBRIS,,CLS,H0888001_S_10133453,澳洲M4+ 和牛西冷牛扒 (急凍),,330,0,0,0,0,2025-09-07_10:38:00
242810,HYBRIS,,CLS,H0888001_S_10018534,澳洲海參(禿參，又名花刺參) (急凍),,408,0,0,0,0,2025-09-07_10:38:00
242814,HYBRIS,,STS,H0249001_S_1272s-74s,BBB薰衣草身體潔淨旅行套裝,,210,0,0,0,0,2025-09-07_11:08:02
242814,HYBRIS,,STS,H0249001_S_1273,CCC薰衣草洗髮水,,140,0,0,0,0,2025-09-07_11:08:02
242814,HYBRIS,,STS,H0249001_S_1274,DDD薰衣草護髮素,,210,0,0,0,0,2025-09-07_11:08:02
242814,HYBRIS,,STS,H0249001_S_1282s-84s,活花身體潔淨旅行套裝,,210,0,0,0,0,2025-09-07_11:08:02
242814,HYBRIS,,STS,H0249001_S_1284,活花護髮素,,210,0,0,0,0,2025-09-07_11:08:02
242814,HYBRIS,,STS,H0249001_S_1292,花露水沐浴露,,210,0,0,0,0,2025-09-07_11:08:02
242814,HYBRIS,,STS,H0249001_S_1292s-94s,花露水身體潔淨旅行套裝一二三四五六,,210,0,0,0,0,2025-09-07_11:08:02
242814,HYBRIS,,STS,H0249001_S_1293,花露水洗髮水,,210,0,0,0,0,2025-09-07_11:08:02
242814,HYBRIS,,STS,H0249001_S_1294,花露水護髮素,,210,0,0,0,0,2025-09-07_11:08:02
242814,HYBRIS,,STS,H0249001_S_2151,雪花膏,,210,0,0,0,0,2025-09-07_11:08:03
242814,HYBRIS,,STS,H0249001_S_2152,活花潤手霜,,210,0,0,0,0,2025-09-07_11:08:03
242814,HYBRIS,,STS,H0249001_S_2157,花露水香皂,,210,0,0,0,0,2025-09-07_11:08:03
242814,HYBRIS,,STS,H0249001_S_2163,活花爽身粉 (玫瑰花香),,210,0,0,0,0,2025-09-07_11:08:03
242814,HYBRIS,,STS,H0249001_S_2166,活花香皂,,210,0,0,0,0,2025-09-07_11:08:03
242814,HYBRIS,,STS,H0249001_S_2167,活花止汗液,,210,0,0,0,0,2025-09-07_11:08:03
242814,HYBRIS,,STS,H0249001_S_2177,迷你雪花膏,,210,0,0,0,0,2025-09-07_11:08:03
242814,HYBRIS,,STS,H0249001_S_2181,EEE薰衣草味護髮油,,210,0,0,0,0,2025-09-07_11:08:03
242814,HYBRIS,,STS,H0249001_S_2182,活花味護髮油  (玫瑰花香),,210,0,0,0,0,2025-09-07_11:08:03
242814,HYBRIS,,STS,H0249001_S_2186,活花爽身粉 80克 (罐裝)（附柔軟粉撲）,,210,0,0,0,0,2025-09-07_11:08:03
242814,HYBRIS,,STS,H0249001_S_2187,花露水爽身粉 80克 (罐裝)（附柔軟粉撲）,,210,0,0,0,0,2025-09-07_11:08:03
242814,HYBRIS,,STS,H0249001_S_2188B,花露水濕紙巾 (20片),,210,0,0,0,0,2025-09-07_11:08:03
242814,HYBRIS,,STS,H0249001_S_2198,花露水 (200毫升),,210,0,0,0,0,2025-09-07_11:08:03
242814,HYBRIS,,STS,H0249001_S_2202,花露水 (100毫升),,210,0,0,0,0,2025-09-07_11:08:03
242814,HYBRIS,,STS,H0249001_S_2204,花露水 (15毫升),,210,0,0,0,0,2025-09-07_11:08:03
242814,HYBRIS,,STS,H0249001_S_2208,花露水 (10毫升),,210,0,0,0,0,2025-09-07_11:08:03
242814,HYBRIS,,STS,H0249001_S_2209,花露水膏,,210,0,0,0,0,2025-09-07_11:08:03
242814,HYBRIS,,STS,H0249001_S_4261,雙妹嚜復古記事簿,,210,0,0,0,0,2025-09-07_11:08:03
242814,HYBRIS,,STS,H0249001_S_4281,雙妹嚜復古記事簿,,210,0,0,0,0,2025-09-07_11:08:03
242814,HYBRIS,,STS,H0249001_S_4284,雙妹嚜復古拼圖,,210,0,0,0,0,2025-09-07_11:08:04
242814,HYBRIS,,STS,H0249001_S_4286,雙妹嚜復古拼圖,,210,0,0,0,0,2025-09-07_11:08:04
242814,HYBRIS,,STS,H0249001_S_4287,雙妹嚜復古拼圖,,210,0,0,0,0,2025-09-07_11:08:04
242814,HYBRIS,,STS,H0249001_S_4290,懷舊2R相簿,,210,0,0,0,0,2025-09-07_11:08:04
242814,HYBRIS,,STS,H0249001_S_4291,懷舊2R相簿,,210,0,0,0,0,2025-09-07_11:08:04
242814,HYBRIS,,STS,H0249001_S_4292,懷舊2R相簿,,210,0,0,0,0,2025-09-07_11:08:04
242814,HYBRIS,,STS,H0249001_S_4293,懷舊2R相簿,,210,0,0,0,0,2025-09-07_11:08:04
242814,HYBRIS,,STS,H0249001_S_4315,雙妹嚜黑色環保袋,,210,0,0,0,0,2025-09-07_11:08:04
242814,HYBRIS,,STS,H0249001_S_8808,馬賽皂 (檸檬),,210,0,0,0,0,2025-09-07_11:08:04
242814,HYBRIS,,STS,H0249001_S_8809,馬賽皂 (蜜糖),,210,0,0,0,0,2025-09-07_11:08:04
242814,HYBRIS,,STS,H0249001_S_8810,馬賽皂 (白檀),,210,0,0,0,0,2025-09-07_11:08:04
242814,HYBRIS,,STS,H0249001_S_KC1100,指甲水,,210,0,0,0,0,2025-09-07_11:08:04
242814,HYBRIS,,STS,H0249001_S_KC1101,指甲油 (藍紫色系),,210,0,0,0,0,2025-09-07_11:08:04
242814,HYBRIS,,STS,H0249001_S_KC1102,指甲油 (藍紫色系),,210,0,0,0,0,2025-09-07_11:08:04
242814,HYBRIS,,STS,H0249001_S_KC1103,指甲油 (藍紫色系),,210,0,0,0,0,2025-09-07_11:08:04
242814,HYBRIS,,STS,H0249001_S_KC1105,指甲油 (藍紫色系),,210,0,0,0,0,2025-09-07_11:08:05
242814,HYBRIS,,STS,H0249001_S_KC1106,指甲油 (紅色系),,210,0,0,0,0,2025-09-07_11:08:05
242814,HYBRIS,,STS,H0249001_S_KC1107,指甲油 (紅色系),,210,0,0,0,0,2025-09-07_11:08:05
242814,HYBRIS,,STS,H0249001_S_KC1108,指甲油 (紅色系),,210,0,0,0,0,2025-09-07_11:08:05
242814,HYBRIS,,STS,H0249001_S_KC1112,指甲油 (藍紫色系),,210,0,0,0,0,2025-09-07_11:08:05
242814,HYBRIS,,STS,H0249001_S_KC1113,指甲油 (紅色系),,210,0,0,0,0,2025-09-07_11:08:05
242814,HYBRIS,,STS,H0249001_S_KC1116,指甲油 (彩色系),,210,0,0,0,0,2025-09-07_11:08:06
242814,HYBRIS,,STS,H0249001_S_KC1121,指甲油 (紅色系),,210,0,0,0,0,2025-09-07_11:08:06
242814,HYBRIS,,STS,H0249001_S_KC1123,指甲油 (紅色系),,210,0,0,0,0,2025-09-07_11:08:06
242814,HYBRIS,,STS,H0249001_S_KC1124,指甲油 (紅色系),,210,0,0,0,0,2025-09-07_11:08:06
242814,HYBRIS,,STS,H0249001_S_KC1127,指甲油 (彩色系),,210,0,0,0,0,2025-09-07_11:08:06
242814,HYBRIS,,STS,H0249001_S_KC1129,指甲油 (彩色系),,210,0,0,0,0,2025-09-07_11:08:07
242814,HYBRIS,,STS,H0249001_S_KC1130,指甲油 (彩色系),,210,0,0,0,0,2025-09-07_11:08:07
242814,HYBRIS,,STS,H0249001_S_KC1131,指甲油 (彩色系),,210,0,0,0,0,2025-09-07_11:08:07
242814,HYBRIS,,STS,H0249001_S_KC1134,指甲油 (紅色系),,210,0,0,0,0,2025-09-07_11:08:07
242814,HYBRIS,,STS,H0249001_S_KC1137,指甲油 (色號 - 37透明),,210,0,0,0,0,2025-09-07_11:08:07
242814,HYBRIS,,STS,H0249001_S_KC1139,指甲油 (彩色系),,210,0,0,0,0,2025-09-07_11:08:07
242814,HYBRIS,,STS,H0249001_S_KC1146,指甲油 (藍紫色系),,210,0,0,0,0,2025-09-07_11:08:07
242814,HYBRIS,,STS,H0249001_S_KC1148,指甲油 (彩色系),,210,0,0,0,0,2025-09-07_11:08:07
242814,HYBRIS,,STS,H0249001_S_KC1152,指甲油 (紅色系),,210,0,0,0,0,2025-09-07_11:08:07
242814,HYBRIS,,STS,H0249001_S_Q004,雙妹綿布袋 (白色),,210,0,0,0,0,2025-09-07_11:08:08
242814,HYBRIS,,STS,H0249001_S_Q005,雙妹綿布袋 (自然色),,210,0,0,0,0,2025-09-07_11:08:08
242814,HYBRIS,,STS,H0255001_S_21875,蒜油 250粒,,210,0,0,0,0,2025-09-07_11:08:08
242814,HYBRIS,,STS,H0255001_S_21942,利筋諾 50粒,,210,0,0,0,0,2025-09-07_11:08:08
242814,HYBRIS,,STS,H0255001_S_22993,乳薊果 60片,,210,0,0,0,0,2025-09-07_11:08:08
242814,HYBRIS,,STS,H0255001_S_23452,葡萄籽加強配方 30片,,210,0,0,0,0,2025-09-07_11:08:08
242814,HYBRIS,,STS,H0255001_S_24008,無腥味魚油1000 200粒,,210,0,0,0,0,2025-09-07_11:08:08
242814,HYBRIS,,STS,H0255001_S_24177,葉黃素 60粒,,210,0,0,0,0,2025-09-07_11:08:08
242814,HYBRIS,,STS,H0255001_S_24201,護眼山桑子 30片,,210,0,0,0,0,2025-09-07_11:08:08
242814,HYBRIS,,STS,H0255001_S_24877,兒童果味魚油丸 30粒,,210,0,0,0,0,2025-09-07_11:08:08
242814,HYBRIS,,STS,H0255001_S_25067,鋸櫚前列配方 60粒,,210,0,0,0,0,2025-09-07_11:08:08
242814,HYBRIS,,STS,H0255001_S_25110,亞麻籽油植物奧米加369 100粒,,210,0,0,0,0,2025-09-07_11:08:08
242814,HYBRIS,,STS,H0255001_S_25207,維他命D3 1000 30粒,,210,0,0,0,0,2025-09-07_11:08:09
242814,HYBRIS,,STS,H0255001_S_25266,護養關節配方 60粒,,210,0,0,0,0,2025-09-07_11:08:09
242814,HYBRIS,,STS,H0294001_S_120088,免沖洗保濕護髮乳,,210,0,0,0,0,2025-09-07_11:08:09
242814,HYBRIS,,STS,H0294001_S_120295,潔淨控油洗髮露,,210,0,0,0,0,2025-09-07_11:08:09
242814,HYBRIS,,STS,H0294001_S_120533,波浪捲髮精華露波浪捲髮精華露波浪捲髮精華露波浪捲髮精華露,,210,0,0,0,0,2025-09-07_11:08:09
242814,HYBRIS,,STS,H0318002_S_812719,有機矢車菊花水 200ml,,210,0,0,0,0,2025-09-07_11:08:09
242814,HYBRIS,,STS,H0318002_S_812724,有機大馬士革玫瑰花水 200ml,,210,0,0,0,0,2025-09-07_11:08:09
242814,HYBRIS,,STS,H0318002_S_852974,有機3重蜂蜜潤澤身體乳霜 150ml,,210,0,0,0,0,2025-09-07_11:08:09
242814,HYBRIS,,STS,H0318002_S_855281,有機3重蜂蜜潤澤身體磨砂 150g,,210,0,0,0,0,2025-09-07_11:08:09
242814,HYBRIS,,STS,H0318002_S_861153,有機日用洗髮水 500ml,,210,0,0,0,0,2025-09-07_11:08:09
242814,HYBRIS,,STS,H0318002_S_86Z0004,有機防敏香體露 50ml,,210,0,0,0,0,2025-09-07_11:08:09
242814,HYBRIS,,STS,H0318002_S_86Z0005,有機乳木果油護髮素 150ml,,210,0,0,0,0,2025-09-07_11:08:09
242814,HYBRIS,,STS,H0539001_S_50159,Royal Touch 敏感肌適用產後專用衛生巾 L碼 (5片/包),,210,0,0,0,0,2025-09-07_11:08:09
242814,HYBRIS,,STS,H0888001_S_10004619,特級魚露,,125,0,0,0,0,2025-09-07_11:08:09
242814,HYBRIS,,STS,H0888001_S_10004625,南乳,,120,0,0,0,0,2025-09-07_11:08:09
242814,HYBRIS,,STS,H0888001_S_10004645,爽口榨菜絲,,130,0,0,0,0,2025-09-07_11:08:10
242814,HYBRIS,,STS,H0888001_S_10004653,陳醋蕎頭,,30,0,0,0,0,2025-09-07_11:08:10
242814,HYBRIS,,STS,H0888001_S_10004654,甜酸蕎頭,,30,0,0,0,0,2025-09-07_11:08:10
242814,HYBRIS,,STS,H0888001_S_10004666,鮑汁靈芝菇片,,120,0,0,0,0,2025-09-07_11:08:10
242814,HYBRIS,,STS,H0888001_S_10005984,豬骨火鍋上湯,,170,0,0,0,0,2025-09-07_11:08:10
242814,HYBRIS,,STS,H0888001_S_10005986,醉雞火鍋上湯,,170,0,0,0,0,2025-09-07_11:08:10
242814,HYBRIS,,STS,H0888001_S_10007891,洋蔥南瓜馬鈴薯片,,125,0,0,0,0,2025-09-07_11:08:10
242814,HYBRIS,,STS,H0888001_S_10009135,藍梅寒天果凍糖,,125,0,0,0,0,2025-09-07_11:08:11
242814,HYBRIS,,STS,H0888001_S_10009139,蜂蜜檸檬寒天果凍糖,,125,0,0,0,0,2025-09-07_11:08:11
242814,HYBRIS,,STS,H0888001_S_10009151,什錦軟糖,,140,0,0,0,0,2025-09-07_11:08:11
242814,HYBRIS,,STS,H0888001_S_10009386,北海道扇貝味薯片,,125,0,0,0,0,2025-09-07_11:08:11
242814,HYBRIS,,STS,H0888001_S_10009388,酥餅 (黑朱古力),,130,0,0,0,0,2025-09-07_11:08:11
242814,HYBRIS,,STS,H0888001_S_10009609,星球大戰系列珍寶珠 (隨機派送),,125,0,0,0,0,2025-09-07_11:08:11
242814,HYBRIS,,STS,H0888001_S_10009610,湖池屋激辣魔薯香辣芝士味薯片,,135,0,0,0,0,2025-09-07_11:08:11
242814,HYBRIS,,STS,H0888001_S_10011987,好ｅ食 - 白汁煙肉磨菇意粉 (急凍),,125,0,0,0,0,2025-09-07_11:08:11
242814,HYBRIS,,STS,H0888001_S_10018925,白風船米餅-牛奶忌廉味,,125,0,0,0,0,2025-09-07_11:08:11
242814,HYBRIS,,STS,H0888001_S_10022686,猴頭菇雪耳百合潤肺湯,,120,0,0,0,0,2025-09-07_11:08:11
242816,HYBRIS,,WFS,H0888001_S_10012013,Bibigo 韓式傳統脆皮煎餃 (急凍),,150,150,0,0,0,2025-09-07_11:25:00
242819,HYBRIS,,CLS,H0888001_S_10007313,滋潤保濕乳霜,,12,0,0,0,0,2025-09-07_11:42:00
242827,HYBRIS,,TWS,H0888001_S_10008283,燕麥脆條 - 蜜糖★燕麥,,36,36,0,0,0,2025-09-07_13:00:00
242831,IMAX_KERRY,,CLS,H0888001_S_10012783,巴西牛胸腩粒 (急凍),IM00071714,784,0,0,0,0,2025-09-07_13:32:00
242832,HYBRIS,,LPS,H0888001_S_10012783,巴西牛胸腩粒 (急凍),,8,8,0,0,0,2025-09-07_13:49:00
242837,HYBRIS,,CLS,H0888001_S_10004649,辣香蘿蔔,,2900,0,0,0,0,2025-09-07_14:19:00
242837,HYBRIS,,CLS,H0888001_S_10007313,滋潤保濕乳霜,,27,0,0,0,0,2025-09-07_14:19:00
242856,IMAX_KERRY,,IRS,H0888001_S_10022197,五香肉丁,IM00071717,48,48,48,0,0,2025-09-07_16:08:00
242859,HYBRIS,,CLS,H0888001_S_10007313,滋潤保濕乳霜,,108,0,0,0,0,2025-09-07_16:41:00
242862,HYBRIS,,RRS,H0888001_S_10018534,澳洲海參(禿參，又名花刺參) (急凍),,96,0,0,0,0,2025-09-07_16:50:00
242868,IMAX_STACKING,CHILLED,CLS,H0888001_S_10012783,巴西牛胸腩粒 (急凍),IS00071721,5000,0,0,0,0,2025-09-07_17:10:00
242869,IMAX_STACKING,DRY,CLS,H0255001_S_25116,健腦高濃度深海魚油 60粒,IS00071720,290,0,0,0,0,2025-09-07_17:10:00
242872,HYBRIS,,CLS,H0249001_S_1272s-74s,BBB薰衣草身體潔淨旅行套裝,,110,0,0,0,0,2025-09-07_17:40:02
242872,HYBRIS,,CLS,H0249001_S_1274,DDD薰衣草護髮素,,10,0,0,0,0,2025-09-07_17:40:02
242872,HYBRIS,,CLS,H0249001_S_1282s-84s,活花身體潔淨旅行套裝,,110,0,0,0,0,2025-09-07_17:40:02
242872,HYBRIS,,CLS,H0249001_S_1284,活花護髮素,,110,0,0,0,0,2025-09-07_17:40:02
242872,HYBRIS,,CLS,H0249001_S_1292,花露水沐浴露,,110,0,0,0,0,2025-09-07_17:40:02
242872,HYBRIS,,CLS,H0249001_S_1292s-94s,花露水身體潔淨旅行套裝一二三四五六,,110,0,0,0,0,2025-09-07_17:40:02
242872,HYBRIS,,CLS,H0249001_S_1293,花露水洗髮水,,110,0,0,0,0,2025-09-07_17:40:03
242872,HYBRIS,,CLS,H0249001_S_1294,花露水護髮素,,110,0,0,0,0,2025-09-07_17:40:03
242872,HYBRIS,,CLS,H0249001_S_2151,雪花膏,,120,0,0,0,0,2025-09-07_17:40:03
242872,HYBRIS,,CLS,H0249001_S_2152,活花潤手霜,,110,0,0,0,0,2025-09-07_17:40:03
242872,HYBRIS,,CLS,H0249001_S_2157,花露水香皂,,10,0,0,0,0,2025-09-07_17:40:03
242872,HYBRIS,,CLS,H0249001_S_2163,活花爽身粉 (玫瑰花香),,120,0,0,0,0,2025-09-07_17:40:03
242872,HYBRIS,,CLS,H0249001_S_2166,活花香皂,,120,0,0,0,0,2025-09-07_17:40:03
242872,HYBRIS,,CLS,H0249001_S_2167,活花止汗液,,120,0,0,0,0,2025-09-07_17:40:03
242872,HYBRIS,,CLS,H0249001_S_2177,迷你雪花膏,,110,0,0,0,0,2025-09-07_17:40:03
242872,HYBRIS,,CLS,H0249001_S_2181,EEE薰衣草味護髮油,,110,0,0,0,0,2025-09-07_17:40:04
242872,HYBRIS,,CLS,H0249001_S_2182,活花味護髮油  (玫瑰花香),,110,0,0,0,0,2025-09-07_17:40:04
242872,HYBRIS,,CLS,H0249001_S_2186,活花爽身粉 80克 (罐裝)（附柔軟粉撲）,,110,0,0,0,0,2025-09-07_17:40:04
242872,HYBRIS,,CLS,H0249001_S_2187,花露水爽身粉 80克 (罐裝)（附柔軟粉撲）,,110,0,0,0,0,2025-09-07_17:40:04
242872,HYBRIS,,CLS,H0249001_S_2188B,花露水濕紙巾 (20片),,110,0,0,0,0,2025-09-07_17:40:04
242872,HYBRIS,,CLS,H0249001_S_2198,花露水 (200毫升),,110,0,0,0,0,2025-09-07_17:40:04
242872,HYBRIS,,CLS,H0249001_S_2202,花露水 (100毫升),,110,0,0,0,0,2025-09-07_17:40:04
242872,HYBRIS,,CLS,H0249001_S_2204,花露水 (15毫升),,110,0,0,0,0,2025-09-07_17:40:04
242872,HYBRIS,,CLS,H0249001_S_2208,花露水 (10毫升),,110,0,0,0,0,2025-09-07_17:40:04
242872,HYBRIS,,CLS,H0249001_S_2209,花露水膏,,110,0,0,0,0,2025-09-07_17:40:04
242872,HYBRIS,,CLS,H0249001_S_4261,雙妹嚜復古記事簿,,110,0,0,0,0,2025-09-07_17:40:04
242872,HYBRIS,,CLS,H0249001_S_4281,雙妹嚜復古記事簿,,110,0,0,0,0,2025-09-07_17:40:05
242872,HYBRIS,,CLS,H0249001_S_4284,雙妹嚜復古拼圖,,110,0,0,0,0,2025-09-07_17:40:05
242872,HYBRIS,,CLS,H0249001_S_4286,雙妹嚜復古拼圖,,110,0,0,0,0,2025-09-07_17:40:05
242872,HYBRIS,,CLS,H0249001_S_4287,雙妹嚜復古拼圖,,110,0,0,0,0,2025-09-07_17:40:05
242872,HYBRIS,,CLS,H0249001_S_4290,懷舊2R相簿,,110,0,0,0,0,2025-09-07_17:40:05
242872,HYBRIS,,CLS,H0249001_S_4291,懷舊2R相簿,,110,0,0,0,0,2025-09-07_17:40:05
242872,HYBRIS,,CLS,H0249001_S_4292,懷舊2R相簿,,110,0,0,0,0,2025-09-07_17:40:05
242872,HYBRIS,,CLS,H0249001_S_4293,懷舊2R相簿,,110,0,0,0,0,2025-09-07_17:40:05
242872,HYBRIS,,CLS,H0249001_S_4315,雙妹嚜黑色環保袋,,110,0,0,0,0,2025-09-07_17:40:05
242872,HYBRIS,,CLS,H0249001_S_8808,馬賽皂 (檸檬),,110,0,0,0,0,2025-09-07_17:40:05
242872,HYBRIS,,CLS,H0249001_S_8809,馬賽皂 (蜜糖),,110,0,0,0,0,2025-09-07_17:40:05
242872,HYBRIS,,CLS,H0249001_S_8810,馬賽皂 (白檀),,110,0,0,0,0,2025-09-07_17:40:05
242872,HYBRIS,,CLS,H0249001_S_KC1100,指甲水,,110,0,0,0,0,2025-09-07_17:40:05
242872,HYBRIS,,CLS,H0249001_S_KC1101,指甲油 (藍紫色系),,110,0,0,0,0,2025-09-07_17:40:06
242872,HYBRIS,,CLS,H0249001_S_KC1102,指甲油 (藍紫色系),,110,0,0,0,0,2025-09-07_17:40:06
242872,HYBRIS,,CLS,H0249001_S_KC1103,指甲油 (藍紫色系),,110,0,0,0,0,2025-09-07_17:40:06
242872,HYBRIS,,CLS,H0249001_S_KC1105,指甲油 (藍紫色系),,110,0,0,0,0,2025-09-07_17:40:06
242872,HYBRIS,,CLS,H0249001_S_KC1106,指甲油 (紅色系),,110,0,0,0,0,2025-09-07_17:40:06
242872,HYBRIS,,CLS,H0249001_S_KC1107,指甲油 (紅色系),,110,0,0,0,0,2025-09-07_17:40:06
242872,HYBRIS,,CLS,H0249001_S_KC1108,指甲油 (紅色系),,110,0,0,0,0,2025-09-07_17:40:06
242872,HYBRIS,,CLS,H0249001_S_KC1112,指甲油 (藍紫色系),,110,0,0,0,0,2025-09-07_17:40:06
242872,HYBRIS,,CLS,H0249001_S_KC1113,指甲油 (紅色系),,110,0,0,0,0,2025-09-07_17:40:06
242872,HYBRIS,,CLS,H0249001_S_KC1116,指甲油 (彩色系),,110,0,0,0,0,2025-09-07_17:40:07
242872,HYBRIS,,CLS,H0249001_S_KC1121,指甲油 (紅色系),,110,0,0,0,0,2025-09-07_17:40:07
242872,HYBRIS,,CLS,H0249001_S_KC1123,指甲油 (紅色系),,110,0,0,0,0,2025-09-07_17:40:07
242872,HYBRIS,,CLS,H0249001_S_KC1124,指甲油 (紅色系),,110,0,0,0,0,2025-09-07_17:40:07
242872,HYBRIS,,CLS,H0249001_S_KC1127,指甲油 (彩色系),,110,0,0,0,0,2025-09-07_17:40:08
242872,HYBRIS,,CLS,H0249001_S_KC1129,指甲油 (彩色系),,110,0,0,0,0,2025-09-07_17:40:08
242872,HYBRIS,,CLS,H0249001_S_KC1130,指甲油 (彩色系),,110,0,0,0,0,2025-09-07_17:40:08
242872,HYBRIS,,CLS,H0249001_S_KC1131,指甲油 (彩色系),,110,0,0,0,0,2025-09-07_17:40:08
242872,HYBRIS,,CLS,H0249001_S_KC1134,指甲油 (紅色系),,110,0,0,0,0,2025-09-07_17:40:08
242872,HYBRIS,,CLS,H0249001_S_KC1137,指甲油 (色號 - 37透明),,110,0,0,0,0,2025-09-07_17:40:09
242872,HYBRIS,,CLS,H0249001_S_KC1139,指甲油 (彩色系),,110,0,0,0,0,2025-09-07_17:40:09
242872,HYBRIS,,CLS,H0249001_S_KC1146,指甲油 (藍紫色系),,110,0,0,0,0,2025-09-07_17:40:09
242872,HYBRIS,,CLS,H0249001_S_KC1148,指甲油 (彩色系),,110,0,0,0,0,2025-09-07_17:40:09
242872,HYBRIS,,CLS,H0249001_S_KC1152,指甲油 (紅色系),,110,0,0,0,0,2025-09-07_17:40:10
242872,HYBRIS,,CLS,H0249001_S_Q004,雙妹綿布袋 (白色),,110,0,0,0,0,2025-09-07_17:40:10
242872,HYBRIS,,CLS,H0249001_S_Q005,雙妹綿布袋 (自然色),,110,0,0,0,0,2025-09-07_17:40:10
242872,HYBRIS,,CLS,H0255001_S_21875,蒜油 250粒,,110,0,0,0,0,2025-09-07_17:40:10
242872,HYBRIS,,CLS,H0255001_S_21942,利筋諾 50粒,,110,0,0,0,0,2025-09-07_17:40:10
242872,HYBRIS,,CLS,H0255001_S_22993,乳薊果 60片,,110,0,0,0,0,2025-09-07_17:40:11
242872,HYBRIS,,CLS,H0255001_S_23452,葡萄籽加強配方 30片,,110,0,0,0,0,2025-09-07_17:40:11
242872,HYBRIS,,CLS,H0255001_S_24008,無腥味魚油1000 200粒,,110,0,0,0,0,2025-09-07_17:40:11
242872,HYBRIS,,CLS,H0255001_S_24177,葉黃素 60粒,,110,0,0,0,0,2025-09-07_17:40:11
242872,HYBRIS,,CLS,H0255001_S_24201,護眼山桑子 30片,,110,0,0,0,0,2025-09-07_17:40:11
242872,HYBRIS,,CLS,H0255001_S_24877,兒童果味魚油丸 30粒,,110,0,0,0,0,2025-09-07_17:40:11
242872,HYBRIS,,CLS,H0255001_S_25067,鋸櫚前列配方 60粒,,20,0,0,0,0,2025-09-07_17:40:11
242872,HYBRIS,,CLS,H0255001_S_25207,維他命D3 1000 30粒,,110,0,0,0,0,2025-09-07_17:40:12
242872,HYBRIS,,CLS,H0255001_S_25266,護養關節配方 60粒,,110,0,0,0,0,2025-09-07_17:40:12
242872,HYBRIS,,CLS,H0294001_S_120088,免沖洗保濕護髮乳,,110,0,0,0,0,2025-09-07_17:40:12
242872,HYBRIS,,CLS,H0294001_S_120295,潔淨控油洗髮露,,110,0,0,0,0,2025-09-07_17:40:12
242872,HYBRIS,,CLS,H0294001_S_120533,波浪捲髮精華露波浪捲髮精華露波浪捲髮精華露波浪捲髮精華露,,110,0,0,0,0,2025-09-07_17:40:12
242872,HYBRIS,,CLS,H0318002_S_812719,有機矢車菊花水 200ml,,130,0,0,0,0,2025-09-07_17:40:12
242872,HYBRIS,,CLS,H0318002_S_812724,有機大馬士革玫瑰花水 200ml,,130,0,0,0,0,2025-09-07_17:40:12
242872,HYBRIS,,CLS,H0318002_S_852974,有機3重蜂蜜潤澤身體乳霜 150ml,,10,0,0,0,0,2025-09-07_17:40:12
242872,HYBRIS,,CLS,H0318002_S_855281,有機3重蜂蜜潤澤身體磨砂 150g,,110,0,0,0,0,2025-09-07_17:40:12
242872,HYBRIS,,CLS,H0318002_S_86Z0004,有機防敏香體露 50ml,,105,0,0,0,0,2025-09-07_17:40:13
242872,HYBRIS,,CLS,H0539001_S_50159,Royal Touch 敏感肌適用產後專用衛生巾 L碼 (5片/包),,110,0,0,0,0,2025-09-07_17:40:13
242872,HYBRIS,,CLS,H0888001_S_10004619,特級魚露,,15,0,0,0,0,2025-09-07_17:40:13
242872,HYBRIS,,CLS,H0888001_S_10004625,南乳,,220,0,0,0,0,2025-09-07_17:40:13
242872,HYBRIS,,CLS,H0888001_S_10004645,爽口榨菜絲,,230,0,0,0,0,2025-09-07_17:40:13
242872,HYBRIS,,CLS,H0888001_S_10004649,辣香蘿蔔,,120,0,0,0,0,2025-09-07_17:40:13
242872,HYBRIS,,CLS,H0888001_S_10004653,陳醋蕎頭,,130,0,0,0,0,2025-09-07_17:40:13
242872,HYBRIS,,CLS,H0888001_S_10004654,甜酸蕎頭,,130,0,0,0,0,2025-09-07_17:40:13
242872,HYBRIS,,CLS,H0888001_S_10004666,鮑汁靈芝菇片,,220,0,0,0,0,2025-09-07_17:40:13
242872,HYBRIS,,CLS,H0888001_S_10005984,豬骨火鍋上湯,,270,0,0,0,0,2025-09-07_17:40:14
242872,HYBRIS,,CLS,H0888001_S_10005986,醉雞火鍋上湯,,270,0,0,0,0,2025-09-07_17:40:14
242872,HYBRIS,,CLS,H0888001_S_10007891,洋蔥南瓜馬鈴薯片,,10,0,0,0,0,2025-09-07_17:40:14
242872,HYBRIS,,CLS,H0888001_S_10009135,藍梅寒天果凍糖,,10,0,0,0,0,2025-09-07_17:40:14
242872,HYBRIS,,CLS,H0888001_S_10009139,蜂蜜檸檬寒天果凍糖,,10,0,0,0,0,2025-09-07_17:40:14
242872,HYBRIS,,CLS,H0888001_S_10009151,什錦軟糖,,220,0,0,0,0,2025-09-07_17:40:14
242872,HYBRIS,,CLS,H0888001_S_10009386,北海道扇貝味薯片,,10,0,0,0,0,2025-09-07_17:40:14
242872,HYBRIS,,CLS,H0888001_S_10009388,酥餅 (黑朱古力),,15,0,0,0,0,2025-09-07_17:40:14
242872,HYBRIS,,CLS,H0888001_S_10011987,好ｅ食 - 白汁煙肉磨菇意粉 (急凍),,210,0,0,0,0,2025-09-07_17:40:15
242872,HYBRIS,,CLS,H0888001_S_10007313,滋潤保濕乳霜,,12,0,0,0,0,2025-09-07_17:40:15
242872,HYBRIS,,CLS,H0888001_S_10022686,猴頭菇雪耳百合潤肺湯,,192,0,0,0,0,2025-09-07_17:40:15
242872,HYBRIS,,CLS,H0888001_S_10018925,白風船米餅-牛奶忌廉味,,500,0,0,0,0,2025-09-07_17:40:15
242890,HYBRIS,,HHS,H0249001_S_1272,AAA薰衣草沐浴露,,20,0,0,0,0,2025-09-07_20:09:02
242890,HYBRIS,,HHS,H0249001_S_1272s-74s,BBB薰衣草身體潔淨旅行套裝,,20,0,0,0,0,2025-09-07_20:09:02
242890,HYBRIS,,HHS,H0249001_S_1274,DDD薰衣草護髮素,,20,0,0,0,0,2025-09-07_20:09:02
242890,HYBRIS,,HHS,H0249001_S_1282s-84s,活花身體潔淨旅行套裝,,20,0,0,0,0,2025-09-07_20:09:02
242890,HYBRIS,,HHS,H0249001_S_1284,活花護髮素,,20,0,0,0,0,2025-09-07_20:09:03
242890,HYBRIS,,HHS,H0249001_S_1292,花露水沐浴露,,20,0,0,0,0,2025-09-07_20:09:03
242890,HYBRIS,,HHS,H0249001_S_1292s-94s,花露水身體潔淨旅行套裝一二三四五六,,20,0,0,0,0,2025-09-07_20:09:03
242890,HYBRIS,,HHS,H0249001_S_1293,花露水洗髮水,,20,0,0,0,0,2025-09-07_20:09:03
242890,HYBRIS,,HHS,H0249001_S_1294,花露水護髮素,,20,0,0,0,0,2025-09-07_20:09:03
242890,HYBRIS,,HHS,H0249001_S_2151,雪花膏,,20,0,0,0,0,2025-09-07_20:09:03
242890,HYBRIS,,HHS,H0249001_S_2152,活花潤手霜,,20,0,0,0,0,2025-09-07_20:09:03
242890,HYBRIS,,HHS,H0249001_S_2157,花露水香皂,,20,0,0,0,0,2025-09-07_20:09:03
242890,HYBRIS,,HHS,H0249001_S_2163,活花爽身粉 (玫瑰花香),,20,0,0,0,0,2025-09-07_20:09:03
242890,HYBRIS,,HHS,H0249001_S_2166,活花香皂,,20,0,0,0,0,2025-09-07_20:09:03
242890,HYBRIS,,HHS,H0249001_S_2167,活花止汗液,,20,0,0,0,0,2025-09-07_20:09:03
242890,HYBRIS,,HHS,H0249001_S_2177,迷你雪花膏,,20,0,0,0,0,2025-09-07_20:09:03
242890,HYBRIS,,HHS,H0249001_S_2181,EEE薰衣草味護髮油,,20,0,0,0,0,2025-09-07_20:09:03
242890,HYBRIS,,HHS,H0249001_S_2182,活花味護髮油  (玫瑰花香),,20,0,0,0,0,2025-09-07_20:09:03
242890,HYBRIS,,HHS,H0249001_S_2186,活花爽身粉 80克 (罐裝)（附柔軟粉撲）,,20,0,0,0,0,2025-09-07_20:09:04
242890,HYBRIS,,HHS,H0249001_S_2187,花露水爽身粉 80克 (罐裝)（附柔軟粉撲）,,20,0,0,0,0,2025-09-07_20:09:04
242890,HYBRIS,,HHS,H0249001_S_2188B,花露水濕紙巾 (20片),,20,0,0,0,0,2025-09-07_20:09:04
242890,HYBRIS,,HHS,H0249001_S_2198,花露水 (200毫升),,20,0,0,0,0,2025-09-07_20:09:04
242890,HYBRIS,,HHS,H0249001_S_2202,花露水 (100毫升),,20,0,0,0,0,2025-09-07_20:09:04
242890,HYBRIS,,HHS,H0249001_S_2204,花露水 (15毫升),,20,0,0,0,0,2025-09-07_20:09:04
242890,HYBRIS,,HHS,H0249001_S_2208,花露水 (10毫升),,20,0,0,0,0,2025-09-07_20:09:04
242890,HYBRIS,,HHS,H0249001_S_2209,花露水膏,,20,0,0,0,0,2025-09-07_20:09:04
242890,HYBRIS,,HHS,H0249001_S_4261,雙妹嚜復古記事簿,,20,0,0,0,0,2025-09-07_20:09:04
242890,HYBRIS,,HHS,H0249001_S_4281,雙妹嚜復古記事簿,,20,0,0,0,0,2025-09-07_20:09:04
242890,HYBRIS,,HHS,H0249001_S_4284,雙妹嚜復古拼圖,,20,0,0,0,0,2025-09-07_20:09:04
242890,HYBRIS,,HHS,H0249001_S_4286,雙妹嚜復古拼圖,,20,0,0,0,0,2025-09-07_20:09:04
242890,HYBRIS,,HHS,H0249001_S_4287,雙妹嚜復古拼圖,,20,0,0,0,0,2025-09-07_20:09:04
242890,HYBRIS,,HHS,H0249001_S_4290,懷舊2R相簿,,20,0,0,0,0,2025-09-07_20:09:04
242890,HYBRIS,,HHS,H0249001_S_4291,懷舊2R相簿,,20,0,0,0,0,2025-09-07_20:09:04
242890,HYBRIS,,HHS,H0249001_S_4292,懷舊2R相簿,,20,0,0,0,0,2025-09-07_20:09:04
242890,HYBRIS,,HHS,H0249001_S_4293,懷舊2R相簿,,20,0,0,0,0,2025-09-07_20:09:05
242890,HYBRIS,,HHS,H0249001_S_8808,馬賽皂 (檸檬),,20,0,0,0,0,2025-09-07_20:09:05
242890,HYBRIS,,HHS,H0249001_S_8809,馬賽皂 (蜜糖),,20,0,0,0,0,2025-09-07_20:09:05
242890,HYBRIS,,HHS,H0249001_S_8810,馬賽皂 (白檀),,20,0,0,0,0,2025-09-07_20:09:05
242890,HYBRIS,,HHS,H0249001_S_KC1100,指甲水,,20,0,0,0,0,2025-09-07_20:09:05
242890,HYBRIS,,HHS,H0249001_S_KC1101,指甲油 (藍紫色系),,20,0,0,0,0,2025-09-07_20:09:05
242890,HYBRIS,,HHS,H0249001_S_KC1102,指甲油 (藍紫色系),,20,0,0,0,0,2025-09-07_20:09:05
242890,HYBRIS,,HHS,H0249001_S_KC1103,指甲油 (藍紫色系),,20,0,0,0,0,2025-09-07_20:09:05
242890,HYBRIS,,HHS,H0249001_S_KC1105,指甲油 (藍紫色系),,20,0,0,0,0,2025-09-07_20:09:05
242890,HYBRIS,,HHS,H0249001_S_KC1106,指甲油 (紅色系),,20,0,0,0,0,2025-09-07_20:09:05
242890,HYBRIS,,HHS,H0249001_S_KC1107,指甲油 (紅色系),,20,0,0,0,0,2025-09-07_20:09:05
242890,HYBRIS,,HHS,H0249001_S_KC1108,指甲油 (紅色系),,20,0,0,0,0,2025-09-07_20:09:05
242890,HYBRIS,,HHS,H0249001_S_KC1112,指甲油 (藍紫色系),,20,0,0,0,0,2025-09-07_20:09:05
242890,HYBRIS,,HHS,H0249001_S_KC1113,指甲油 (紅色系),,20,0,0,0,0,2025-09-07_20:09:06
242890,HYBRIS,,HHS,H0249001_S_KC1116,指甲油 (彩色系),,20,0,0,0,0,2025-09-07_20:09:06
242890,HYBRIS,,HHS,H0249001_S_KC1121,指甲油 (紅色系),,20,0,0,0,0,2025-09-07_20:09:06
242890,HYBRIS,,HHS,H0249001_S_KC1123,指甲油 (紅色系),,20,0,0,0,0,2025-09-07_20:09:06
242890,HYBRIS,,HHS,H0249001_S_KC1124,指甲油 (紅色系),,20,0,0,0,0,2025-09-07_20:09:06
242890,HYBRIS,,HHS,H0249001_S_KC1127,指甲油 (彩色系),,20,0,0,0,0,2025-09-07_20:09:06
242890,HYBRIS,,HHS,H0249001_S_KC1129,指甲油 (彩色系),,20,0,0,0,0,2025-09-07_20:09:07
242890,HYBRIS,,HHS,H0249001_S_KC1130,指甲油 (彩色系),,20,0,0,0,0,2025-09-07_20:09:07
242890,HYBRIS,,HHS,H0249001_S_KC1131,指甲油 (彩色系),,20,0,0,0,0,2025-09-07_20:09:07
242890,HYBRIS,,HHS,H0249001_S_KC1134,指甲油 (紅色系),,20,0,0,0,0,2025-09-07_20:09:07
242890,HYBRIS,,HHS,H0249001_S_KC1137,指甲油 (色號 - 37透明),,20,0,0,0,0,2025-09-07_20:09:07
242890,HYBRIS,,HHS,H0249001_S_KC1139,指甲油 (彩色系),,20,0,0,0,0,2025-09-07_20:09:07
242890,HYBRIS,,HHS,H0249001_S_KC1146,指甲油 (藍紫色系),,20,0,0,0,0,2025-09-07_20:09:07
242890,HYBRIS,,HHS,H0249001_S_KC1148,指甲油 (彩色系),,20,0,0,0,0,2025-09-07_20:09:07
242890,HYBRIS,,HHS,H0249001_S_KC1152,指甲油 (紅色系),,20,0,0,0,0,2025-09-07_20:09:08
242890,HYBRIS,,HHS,H0249001_S_Q004,雙妹綿布袋 (白色),,20,0,0,0,0,2025-09-07_20:09:08
242890,HYBRIS,,HHS,H0249001_S_Q005,雙妹綿布袋 (自然色),,20,0,0,0,0,2025-09-07_20:09:08
242890,HYBRIS,,HHS,H0255001_S_21875,蒜油 250粒,,20,0,0,0,0,2025-09-07_20:09:08
242890,HYBRIS,,HHS,H0255001_S_21942,利筋諾 50粒,,20,0,0,0,0,2025-09-07_20:09:08
242890,HYBRIS,,HHS,H0255001_S_22993,乳薊果 60片,,20,0,0,0,0,2025-09-07_20:09:08
242890,HYBRIS,,HHS,H0255001_S_23452,葡萄籽加強配方 30片,,20,0,0,0,0,2025-09-07_20:09:08
242890,HYBRIS,,HHS,H0255001_S_24008,無腥味魚油1000 200粒,,20,0,0,0,0,2025-09-07_20:09:08
242890,HYBRIS,,HHS,H0255001_S_24177,葉黃素 60粒,,20,0,0,0,0,2025-09-07_20:09:08
242890,HYBRIS,,HHS,H0255001_S_24201,護眼山桑子 30片,,20,0,0,0,0,2025-09-07_20:09:08
242890,HYBRIS,,HHS,H0255001_S_24877,兒童果味魚油丸 30粒,,20,0,0,0,0,2025-09-07_20:09:09
242890,HYBRIS,,HHS,H0255001_S_25067,鋸櫚前列配方 60粒,,20,0,0,0,0,2025-09-07_20:09:09
242890,HYBRIS,,HHS,H0255001_S_25110,亞麻籽油植物奧米加369 100粒,,20,0,0,0,0,2025-09-07_20:09:09
242890,HYBRIS,,HHS,H0255001_S_25207,維他命D3 1000 30粒,,20,0,0,0,0,2025-09-07_20:09:09
242890,HYBRIS,,HHS,H0255001_S_25266,護養關節配方 60粒,,20,0,0,0,0,2025-09-07_20:09:09
242890,HYBRIS,,HHS,H0294001_S_120088,免沖洗保濕護髮乳,,20,0,0,0,0,2025-09-07_20:09:09
242890,HYBRIS,,HHS,H0294001_S_120295,潔淨控油洗髮露,,20,0,0,0,0,2025-09-07_20:09:09
242890,HYBRIS,,HHS,H0294001_S_120533,波浪捲髮精華露波浪捲髮精華露波浪捲髮精華露波浪捲髮精華露,,20,0,0,0,0,2025-09-07_20:09:09
242890,HYBRIS,,HHS,H0318002_S_812719,有機矢車菊花水 200ml,,20,0,0,0,0,2025-09-07_20:09:09
242890,HYBRIS,,HHS,H0318002_S_812724,有機大馬士革玫瑰花水 200ml,,20,0,0,0,0,2025-09-07_20:09:09
242890,HYBRIS,,HHS,H0318002_S_852974,有機3重蜂蜜潤澤身體乳霜 150ml,,20,0,0,0,0,2025-09-07_20:09:09
242890,HYBRIS,,HHS,H0318002_S_855281,有機3重蜂蜜潤澤身體磨砂 150g,,20,0,0,0,0,2025-09-07_20:09:09
242890,HYBRIS,,HHS,H0318002_S_861153,有機日用洗髮水 500ml,,20,0,0,0,0,2025-09-07_20:09:09
242890,HYBRIS,,HHS,H0318002_S_86Z0004,有機防敏香體露 50ml,,20,0,0,0,0,2025-09-07_20:09:10
242890,HYBRIS,,HHS,H0318002_S_86Z0005,有機乳木果油護髮素 150ml,,20,0,0,0,0,2025-09-07_20:09:10
242890,HYBRIS,,HHS,H0539001_S_50159,Royal Touch 敏感肌適用產後專用衛生巾 L碼 (5片/包),,20,0,0,0,0,2025-09-07_20:09:10
242901,HYBRIS,,WFS,H0249001_S_1274,DDD薰衣草護髮素,,15,15,0,0,0,2025-09-07_23:40:02
242901,HYBRIS,,WFS,H0249001_S_2151,雪花膏,,5,5,0,0,0,2025-09-07_23:40:02
242901,HYBRIS,,WFS,H0249001_S_4290,懷舊2R相簿,,5,5,0,0,0,2025-09-07_23:40:04
242901,HYBRIS,,WFS,H0249001_S_KC1139,指甲油 (彩色系),,5,5,0,0,0,2025-09-07_23:40:06
242901,HYBRIS,,WFS,H0318002_S_812724,有機大馬士革玫瑰花水 200ml,,10,10,0,0,0,2025-09-07_23:40:09
242901,HYBRIS,,WFS,H0318002_S_855281,有機3重蜂蜜潤澤身體磨砂 150g,,10,10,0,0,0,2025-09-07_23:40:09
242901,HYBRIS,,WFS,H0318002_S_86Z0005,有機乳木果油護髮素 150ml,,5,5,0,0,0,2025-09-07_23:40:09
242901,HYBRIS,,WFS,H0888001_S_10005984,豬骨火鍋上湯,,105,105,0,0,0,2025-09-07_23:40:10
242901,HYBRIS,,WFS,H0888001_S_10005985,黑胡椒豬骨火鍋上湯,,15,15,0,0,0,2025-09-07_23:40:10
242915,HYBRIS,,TWS,H0859001_S_OS-620,uPure 2 潔淨濾水器2,,440,440,0,0,0,2025-09-08_00:00:01
242918,IMAX_STACKING,FROZEN,COB,H0888001_S_10022875,美國特選牛肩胛肥牛片 (急凍),IS00071728,520,520,0,0,0,2025-09-08_00:00:01
242918,IMAX_STACKING,FROZEN,COB,H0888001_S_10012511,西班牙咸豬手,IS00071728,1610,1610,0,0,0,2025-09-08_00:00:01
242918,IMAX_STACKING,FROZEN,COB,H0888001_S_10011849,美國大西洋野生響螺頭 M (急凍),IS00071728,3000,3000,0,0,0,2025-09-08_00:00:01
242918,IMAX_STACKING,FROZEN,COB,H0888001_S_10011848,日本煮食用帶子急凍急凍,IS00071728,990,990,0,0,0,2025-09-08_00:00:01
242921,HYBRIS,,COB,H0888001_S_10009135,藍梅寒天果凍糖,,1212,1212,0,0,0,2025-09-08_00:01:00
242921,HYBRIS,,COB,H0888001_S_10009139,蜂蜜檸檬寒天果凍糖,,1308,1308,0,0,0,2025-09-08_00:01:00
242921,HYBRIS,,COB,H0888001_S_10009151,什錦軟糖,,1420,1420,0,0,0,2025-09-08_00:01:00
242928,HYBRIS,,CLS,H0888001_S_10007313,滋潤保濕乳霜,,444,0,0,0,0,2025-09-08_10:09:00
242929,IMAX_STACKING,DRY,CLS,H0888001_S_10002195,大樽生啤 (日本版),IS00071731,12,0,0,0,0,2025-09-08_10:22:00
242930,HYBRIS,,STS,H0888001_S_10012783,巴西牛胸腩粒 (急凍),,792,0,0,0,0,2025-09-08_10:32:00
242931,HYBRIS,,CLS,H0888001_S_10133455,澳洲和牛漢堡扒 (急凍),,1020,0,0,0,0,2025-09-08_10:38:00
242931,HYBRIS,,CLS,H0888001_S_10133940,(澳洲直送!) 澳洲穀飼西冷牛扒 (2塊裝) (急凍),,1000,0,0,0,0,2025-09-08_10:38:00
242931,HYBRIS,,CLS,H0888001_S_10133453,澳洲M4+ 和牛西冷牛扒 (急凍),,330,0,0,0,0,2025-09-08_10:38:00
242931,HYBRIS,,CLS,H0888001_S_10018534,澳洲海參(禿參，又名花刺參) (急凍),,408,0,0,0,0,2025-09-08_10:38:00
242935,HYBRIS,,STS,H0249001_S_1272s-74s,BBB薰衣草身體潔淨旅行套裝,,210,0,0,0,0,2025-09-08_11:08:01
242935,HYBRIS,,STS,H0249001_S_1273,CCC薰衣草洗髮水,,140,0,0,0,0,2025-09-08_11:08:01
242935,HYBRIS,,STS,H0249001_S_1274,DDD薰衣草護髮素,,210,0,0,0,0,2025-09-08_11:08:01
242935,HYBRIS,,STS,H0249001_S_1282s-84s,活花身體潔淨旅行套裝,,210,0,0,0,0,2025-09-08_11:08:02
242935,HYBRIS,,STS,H0249001_S_1284,活花護髮素,,210,0,0,0,0,2025-09-08_11:08:02
242935,HYBRIS,,STS,H0249001_S_1292,花露水沐浴露,,210,0,0,0,0,2025-09-08_11:08:02
242935,HYBRIS,,STS,H0249001_S_1292s-94s,花露水身體潔淨旅行套裝一二三四五六,,210,0,0,0,0,2025-09-08_11:08:02
242935,HYBRIS,,STS,H0249001_S_1293,花露水洗髮水,,210,0,0,0,0,2025-09-08_11:08:02
242935,HYBRIS,,STS,H0249001_S_1294,花露水護髮素,,210,0,0,0,0,2025-09-08_11:08:02
242935,HYBRIS,,STS,H0249001_S_2151,雪花膏,,210,0,0,0,0,2025-09-08_11:08:02
242935,HYBRIS,,STS,H0249001_S_2152,活花潤手霜,,210,0,0,0,0,2025-09-08_11:08:02
242935,HYBRIS,,STS,H0249001_S_2157,花露水香皂,,210,0,0,0,0,2025-09-08_11:08:02
242935,HYBRIS,,STS,H0249001_S_2163,活花爽身粉 (玫瑰花香),,210,0,0,0,0,2025-09-08_11:08:02
242935,HYBRIS,,STS,H0249001_S_2166,活花香皂,,210,0,0,0,0,2025-09-08_11:08:02
242935,HYBRIS,,STS,H0249001_S_2167,活花止汗液,,210,0,0,0,0,2025-09-08_11:08:02
242935,HYBRIS,,STS,H0249001_S_2177,迷你雪花膏,,210,0,0,0,0,2025-09-08_11:08:02
242935,HYBRIS,,STS,H0249001_S_2181,EEE薰衣草味護髮油,,210,0,0,0,0,2025-09-08_11:08:02
242935,HYBRIS,,STS,H0249001_S_2182,活花味護髮油  (玫瑰花香),,210,0,0,0,0,2025-09-08_11:08:03
242935,HYBRIS,,STS,H0249001_S_2186,活花爽身粉 80克 (罐裝)（附柔軟粉撲）,,210,0,0,0,0,2025-09-08_11:08:03
242935,HYBRIS,,STS,H0249001_S_2187,花露水爽身粉 80克 (罐裝)（附柔軟粉撲）,,210,0,0,0,0,2025-09-08_11:08:03
242935,HYBRIS,,STS,H0249001_S_2188B,花露水濕紙巾 (20片),,210,0,0,0,0,2025-09-08_11:08:03
242935,HYBRIS,,STS,H0249001_S_2198,花露水 (200毫升),,210,0,0,0,0,2025-09-08_11:08:03
242935,HYBRIS,,STS,H0249001_S_2202,花露水 (100毫升),,210,0,0,0,0,2025-09-08_11:08:03
242935,HYBRIS,,STS,H0249001_S_2204,花露水 (15毫升),,210,0,0,0,0,2025-09-08_11:08:03
242935,HYBRIS,,STS,H0249001_S_2208,花露水 (10毫升),,210,0,0,0,0,2025-09-08_11:08:03
242935,HYBRIS,,STS,H0249001_S_2209,花露水膏,,210,0,0,0,0,2025-09-08_11:08:03
242935,HYBRIS,,STS,H0249001_S_4261,雙妹嚜復古記事簿,,210,0,0,0,0,2025-09-08_11:08:03
242935,HYBRIS,,STS,H0249001_S_4281,雙妹嚜復古記事簿,,210,0,0,0,0,2025-09-08_11:08:03
242935,HYBRIS,,STS,H0249001_S_4284,雙妹嚜復古拼圖,,210,0,0,0,0,2025-09-08_11:08:03
242935,HYBRIS,,STS,H0249001_S_4286,雙妹嚜復古拼圖,,210,0,0,0,0,2025-09-08_11:08:03
242935,HYBRIS,,STS,H0249001_S_4287,雙妹嚜復古拼圖,,210,0,0,0,0,2025-09-08_11:08:03
242935,HYBRIS,,STS,H0249001_S_4290,懷舊2R相簿,,210,0,0,0,0,2025-09-08_11:08:03
242935,HYBRIS,,STS,H0249001_S_4291,懷舊2R相簿,,210,0,0,0,0,2025-09-08_11:08:03
242935,HYBRIS,,STS,H0249001_S_4292,懷舊2R相簿,,210,0,0,0,0,2025-09-08_11:08:04
242935,HYBRIS,,STS,H0249001_S_4293,懷舊2R相簿,,210,0,0,0,0,2025-09-08_11:08:04
242935,HYBRIS,,STS,H0249001_S_4315,雙妹嚜黑色環保袋,,210,0,0,0,0,2025-09-08_11:08:04
242935,HYBRIS,,STS,H0249001_S_8808,馬賽皂 (檸檬),,210,0,0,0,0,2025-09-08_11:08:04
242935,HYBRIS,,STS,H0249001_S_8809,馬賽皂 (蜜糖),,210,0,0,0,0,2025-09-08_11:08:04
242935,HYBRIS,,STS,H0249001_S_8810,馬賽皂 (白檀),,210,0,0,0,0,2025-09-08_11:08:04
242935,HYBRIS,,STS,H0249001_S_KC1100,指甲水,,210,0,0,0,0,2025-09-08_11:08:04
242935,HYBRIS,,STS,H0249001_S_KC1101,指甲油 (藍紫色系),,210,0,0,0,0,2025-09-08_11:08:04
242935,HYBRIS,,STS,H0249001_S_KC1102,指甲油 (藍紫色系),,210,0,0,0,0,2025-09-08_11:08:04
242935,HYBRIS,,STS,H0249001_S_KC1103,指甲油 (藍紫色系),,210,0,0,0,0,2025-09-08_11:08:04
242935,HYBRIS,,STS,H0249001_S_KC1105,指甲油 (藍紫色系),,210,0,0,0,0,2025-09-08_11:08:04
242935,HYBRIS,,STS,H0249001_S_KC1106,指甲油 (紅色系),,210,0,0,0,0,2025-09-08_11:08:04
242935,HYBRIS,,STS,H0249001_S_KC1107,指甲油 (紅色系),,210,0,0,0,0,2025-09-08_11:08:04
242935,HYBRIS,,STS,H0249001_S_KC1108,指甲油 (紅色系),,210,0,0,0,0,2025-09-08_11:08:04
242935,HYBRIS,,STS,H0249001_S_KC1112,指甲油 (藍紫色系),,210,0,0,0,0,2025-09-08_11:08:05
242935,HYBRIS,,STS,H0249001_S_KC1113,指甲油 (紅色系),,210,0,0,0,0,2025-09-08_11:08:05
242935,HYBRIS,,STS,H0249001_S_KC1116,指甲油 (彩色系),,210,0,0,0,0,2025-09-08_11:08:05
242935,HYBRIS,,STS,H0249001_S_KC1121,指甲油 (紅色系),,210,0,0,0,0,2025-09-08_11:08:05
242935,HYBRIS,,STS,H0249001_S_KC1123,指甲油 (紅色系),,210,0,0,0,0,2025-09-08_11:08:05
242935,HYBRIS,,STS,H0249001_S_KC1124,指甲油 (紅色系),,210,0,0,0,0,2025-09-08_11:08:05
242935,HYBRIS,,STS,H0249001_S_KC1127,指甲油 (彩色系),,210,0,0,0,0,2025-09-08_11:08:05
242935,HYBRIS,,STS,H0249001_S_KC1129,指甲油 (彩色系),,210,0,0,0,0,2025-09-08_11:08:06
242935,HYBRIS,,STS,H0249001_S_KC1130,指甲油 (彩色系),,210,0,0,0,0,2025-09-08_11:08:06
242935,HYBRIS,,STS,H0249001_S_KC1131,指甲油 (彩色系),,210,0,0,0,0,2025-09-08_11:08:06
242935,HYBRIS,,STS,H0249001_S_KC1134,指甲油 (紅色系),,210,0,0,0,0,2025-09-08_11:08:06
242935,HYBRIS,,STS,H0249001_S_KC1137,指甲油 (色號 - 37透明),,210,0,0,0,0,2025-09-08_11:08:06
242935,HYBRIS,,STS,H0249001_S_KC1139,指甲油 (彩色系),,210,0,0,0,0,2025-09-08_11:08:06
242935,HYBRIS,,STS,H0249001_S_KC1146,指甲油 (藍紫色系),,210,0,0,0,0,2025-09-08_11:08:06
242935,HYBRIS,,STS,H0249001_S_KC1148,指甲油 (彩色系),,210,0,0,0,0,2025-09-08_11:08:06
242935,HYBRIS,,STS,H0249001_S_KC1152,指甲油 (紅色系),,210,0,0,0,0,2025-09-08_11:08:07
242935,HYBRIS,,STS,H0249001_S_Q004,雙妹綿布袋 (白色),,210,0,0,0,0,2025-09-08_11:08:07
242935,HYBRIS,,STS,H0249001_S_Q005,雙妹綿布袋 (自然色),,210,0,0,0,0,2025-09-08_11:08:07
242935,HYBRIS,,STS,H0255001_S_21875,蒜油 250粒,,210,0,0,0,0,2025-09-08_11:08:07
242935,HYBRIS,,STS,H0255001_S_21942,利筋諾 50粒,,210,0,0,0,0,2025-09-08_11:08:07
242935,HYBRIS,,STS,H0255001_S_22993,乳薊果 60片,,210,0,0,0,0,2025-09-08_11:08:07
242935,HYBRIS,,STS,H0255001_S_23452,葡萄籽加強配方 30片,,210,0,0,0,0,2025-09-08_11:08:07
242935,HYBRIS,,STS,H0255001_S_24008,無腥味魚油1000 200粒,,210,0,0,0,0,2025-09-08_11:08:07
242935,HYBRIS,,STS,H0255001_S_24177,葉黃素 60粒,,210,0,0,0,0,2025-09-08_11:08:07
242935,HYBRIS,,STS,H0255001_S_24201,護眼山桑子 30片,,210,0,0,0,0,2025-09-08_11:08:07
242935,HYBRIS,,STS,H0255001_S_24877,兒童果味魚油丸 30粒,,210,0,0,0,0,2025-09-08_11:08:08
242935,HYBRIS,,STS,H0255001_S_25067,鋸櫚前列配方 60粒,,210,0,0,0,0,2025-09-08_11:08:08
242935,HYBRIS,,STS,H0255001_S_25110,亞麻籽油植物奧米加369 100粒,,210,0,0,0,0,2025-09-08_11:08:08
242935,HYBRIS,,STS,H0255001_S_25207,維他命D3 1000 30粒,,210,0,0,0,0,2025-09-08_11:08:08
242935,HYBRIS,,STS,H0255001_S_25266,護養關節配方 60粒,,210,0,0,0,0,2025-09-08_11:08:08
242935,HYBRIS,,STS,H0294001_S_120088,免沖洗保濕護髮乳,,210,0,0,0,0,2025-09-08_11:08:08
242935,HYBRIS,,STS,H0294001_S_120295,潔淨控油洗髮露,,210,0,0,0,0,2025-09-08_11:08:08
242935,HYBRIS,,STS,H0294001_S_120533,波浪捲髮精華露波浪捲髮精華露波浪捲髮精華露波浪捲髮精華露,,210,0,0,0,0,2025-09-08_11:08:08
242935,HYBRIS,,STS,H0318002_S_812719,有機矢車菊花水 200ml,,210,0,0,0,0,2025-09-08_11:08:08
242935,HYBRIS,,STS,H0318002_S_812724,有機大馬士革玫瑰花水 200ml,,210,0,0,0,0,2025-09-08_11:08:08
242935,HYBRIS,,STS,H0318002_S_852974,有機3重蜂蜜潤澤身體乳霜 150ml,,210,0,0,0,0,2025-09-08_11:08:08
242935,HYBRIS,,STS,H0318002_S_855281,有機3重蜂蜜潤澤身體磨砂 150g,,210,0,0,0,0,2025-09-08_11:08:08
242935,HYBRIS,,STS,H0318002_S_861153,有機日用洗髮水 500ml,,210,0,0,0,0,2025-09-08_11:08:08
242935,HYBRIS,,STS,H0318002_S_86Z0004,有機防敏香體露 50ml,,210,0,0,0,0,2025-09-08_11:08:08
242935,HYBRIS,,STS,H0318002_S_86Z0005,有機乳木果油護髮素 150ml,,210,0,0,0,0,2025-09-08_11:08:08
242935,HYBRIS,,STS,H0539001_S_50159,Royal Touch 敏感肌適用產後專用衛生巾 L碼 (5片/包),,210,0,0,0,0,2025-09-08_11:08:09
242935,HYBRIS,,STS,H0888001_S_10004619,特級魚露,,125,0,0,0,0,2025-09-08_11:08:09
242935,HYBRIS,,STS,H0888001_S_10004625,南乳,,120,0,0,0,0,2025-09-08_11:08:09
242935,HYBRIS,,STS,H0888001_S_10004645,爽口榨菜絲,,130,0,0,0,0,2025-09-08_11:08:09
242935,HYBRIS,,STS,H0888001_S_10004653,陳醋蕎頭,,30,0,0,0,0,2025-09-08_11:08:09
242935,HYBRIS,,STS,H0888001_S_10004654,甜酸蕎頭,,30,0,0,0,0,2025-09-08_11:08:09
242935,HYBRIS,,STS,H0888001_S_10004666,鮑汁靈芝菇片,,120,0,0,0,0,2025-09-08_11:08:09
242935,HYBRIS,,STS,H0888001_S_10005984,豬骨火鍋上湯,,170,0,0,0,0,2025-09-08_11:08:09
242935,HYBRIS,,STS,H0888001_S_10005986,醉雞火鍋上湯,,170,0,0,0,0,2025-09-08_11:08:09
242935,HYBRIS,,STS,H0888001_S_10007891,洋蔥南瓜馬鈴薯片,,125,0,0,0,0,2025-09-08_11:08:09
242935,HYBRIS,,STS,H0888001_S_10009135,藍梅寒天果凍糖,,125,0,0,0,0,2025-09-08_11:08:09
242935,HYBRIS,,STS,H0888001_S_10009139,蜂蜜檸檬寒天果凍糖,,125,0,0,0,0,2025-09-08_11:08:09
242935,HYBRIS,,STS,H0888001_S_10009151,什錦軟糖,,140,0,0,0,0,2025-09-08_11:08:09
242935,HYBRIS,,STS,H0888001_S_10009386,北海道扇貝味薯片,,125,0,0,0,0,2025-09-08_11:08:09
242935,HYBRIS,,STS,H0888001_S_10009388,酥餅 (黑朱古力),,130,0,0,0,0,2025-09-08_11:08:10
242935,HYBRIS,,STS,H0888001_S_10009609,星球大戰系列珍寶珠 (隨機派送),,125,0,0,0,0,2025-09-08_11:08:10
242935,HYBRIS,,STS,H0888001_S_10009610,湖池屋激辣魔薯香辣芝士味薯片,,135,0,0,0,0,2025-09-08_11:08:10
242935,HYBRIS,,STS,H0888001_S_10011987,好ｅ食 - 白汁煙肉磨菇意粉 (急凍),,125,0,0,0,0,2025-09-08_11:08:10
242935,HYBRIS,,STS,H0888001_S_10018925,白風船米餅-牛奶忌廉味,,125,0,0,0,0,2025-09-08_11:08:10
242935,HYBRIS,,STS,H0888001_S_10022686,猴頭菇雪耳百合潤肺湯,,120,0,0,0,0,2025-09-08_11:08:10
242937,HYBRIS,,WFS,H0888001_S_10012013,Bibigo 韓式傳統脆皮煎餃 (急凍),,150,150,0,0,0,2025-09-08_11:25:00
242941,HYBRIS,,CLS,H0888001_S_10007313,滋潤保濕乳霜,,12,0,0,0,0,2025-09-08_11:42:00
242949,HYBRIS,,TWS,H0888001_S_10008283,燕麥脆條 - 蜜糖★燕麥,,36,36,0,0,0,2025-09-08_13:00:00
242953,IMAX_KERRY,,CLS,H0888001_S_10012783,巴西牛胸腩粒 (急凍),IM00071739,784,0,0,0,0,2025-09-08_13:32:00
242954,HYBRIS,,LPS,H0888001_S_10012783,巴西牛胸腩粒 (急凍),,8,8,0,0,0,2025-09-08_13:49:00
242958,IMAX_KERRY,,SHS,H0888001_S_10012783,巴西牛胸腩粒 (急凍),IM00071741,786,0,0,0,0,2025-09-08_14:09:00
242959,HYBRIS,,CLS,H0888001_S_10004649,辣香蘿蔔,,2900,0,0,0,0,2025-09-08_14:19:00
242959,HYBRIS,,CLS,H0888001_S_10007313,滋潤保濕乳霜,,27,0,0,0,0,2025-09-08_14:19:00
242981,HYBRIS,,CLS,H0888001_S_10007313,滋潤保濕乳霜,,108,0,0,0,0,2025-09-08_16:41:00
242984,HYBRIS,,RRS,H0888001_S_10018534,澳洲海參(禿參，又名花刺參) (急凍),,96,0,0,0,0,2025-09-08_16:50:00
242985,IMAX_KERRY,,WSH,H0888001_S_10012777,紐西蘭帶骨羊仔腩 (急凍),IM00071745,520,520,520,0,0,2025-09-08_16:54:00
242985,IMAX_KERRY,,WSH,H0888001_S_10012783,巴西牛胸腩粒 (急凍),IM00071745,786,0,0,0,0,2025-09-08_16:54:00
242991,IMAX_STACKING,CHILLED,CLS,H0888001_S_10012783,巴西牛胸腩粒 (急凍),IS00071746,5000,0,0,0,0,2025-09-08_17:10:00
242990,IMAX_STACKING,DRY,CLS,H0255001_S_25116,健腦高濃度深海魚油 60粒,IS00071747,290,0,0,0,0,2025-09-08_17:10:00
242993,IMAX_KERRY,DRY,SHS,H0888001_S_10012777,紐西蘭帶骨羊仔腩 (急凍),IM00071748,2040,2040,2040,0,0,2025-09-08_17:30:00
242994,HYBRIS,,CLS,H0249001_S_1272s-74s,BBB薰衣草身體潔淨旅行套裝,,110,0,0,0,0,2025-09-08_17:40:01
242994,HYBRIS,,CLS,H0249001_S_1274,DDD薰衣草護髮素,,10,0,0,0,0,2025-09-08_17:40:02
242994,HYBRIS,,CLS,H0249001_S_1282s-84s,活花身體潔淨旅行套裝,,110,0,0,0,0,2025-09-08_17:40:02
242994,HYBRIS,,CLS,H0249001_S_1284,活花護髮素,,110,0,0,0,0,2025-09-08_17:40:02
242994,HYBRIS,,CLS,H0249001_S_1292,花露水沐浴露,,110,0,0,0,0,2025-09-08_17:40:02
242994,HYBRIS,,CLS,H0249001_S_1292s-94s,花露水身體潔淨旅行套裝一二三四五六,,110,0,0,0,0,2025-09-08_17:40:02
242994,HYBRIS,,CLS,H0249001_S_1293,花露水洗髮水,,110,0,0,0,0,2025-09-08_17:40:02
242994,HYBRIS,,CLS,H0249001_S_1294,花露水護髮素,,110,0,0,0,0,2025-09-08_17:40:02
242994,HYBRIS,,CLS,H0249001_S_2151,雪花膏,,120,0,0,0,0,2025-09-08_17:40:02
242994,HYBRIS,,CLS,H0249001_S_2152,活花潤手霜,,110,0,0,0,0,2025-09-08_17:40:02
242994,HYBRIS,,CLS,H0249001_S_2157,花露水香皂,,10,0,0,0,0,2025-09-08_17:40:02
242994,HYBRIS,,CLS,H0249001_S_2163,活花爽身粉 (玫瑰花香),,120,0,0,0,0,2025-09-08_17:40:03
242994,HYBRIS,,CLS,H0249001_S_2166,活花香皂,,120,0,0,0,0,2025-09-08_17:40:03
242994,HYBRIS,,CLS,H0249001_S_2167,活花止汗液,,120,0,0,0,0,2025-09-08_17:40:03
242994,HYBRIS,,CLS,H0249001_S_2177,迷你雪花膏,,110,0,0,0,0,2025-09-08_17:40:03
242994,HYBRIS,,CLS,H0249001_S_2181,EEE薰衣草味護髮油,,110,0,0,0,0,2025-09-08_17:40:03
242994,HYBRIS,,CLS,H0249001_S_2182,活花味護髮油  (玫瑰花香),,110,0,0,0,0,2025-09-08_17:40:03
242994,HYBRIS,,CLS,H0249001_S_2186,活花爽身粉 80克 (罐裝)（附柔軟粉撲）,,110,0,0,0,0,2025-09-08_17:40:03
242994,HYBRIS,,CLS,H0249001_S_2187,花露水爽身粉 80克 (罐裝)（附柔軟粉撲）,,110,0,0,0,0,2025-09-08_17:40:03
242994,HYBRIS,,CLS,H0249001_S_2188B,花露水濕紙巾 (20片),,110,0,0,0,0,2025-09-08_17:40:03
242994,HYBRIS,,CLS,H0249001_S_2198,花露水 (200毫升),,110,0,0,0,0,2025-09-08_17:40:03
242994,HYBRIS,,CLS,H0249001_S_2202,花露水 (100毫升),,110,0,0,0,0,2025-09-08_17:40:03
242994,HYBRIS,,CLS,H0249001_S_2204,花露水 (15毫升),,110,0,0,0,0,2025-09-08_17:40:03
242994,HYBRIS,,CLS,H0249001_S_2208,花露水 (10毫升),,110,0,0,0,0,2025-09-08_17:40:03
242994,HYBRIS,,CLS,H0249001_S_2209,花露水膏,,110,0,0,0,0,2025-09-08_17:40:03
242994,HYBRIS,,CLS,H0249001_S_4261,雙妹嚜復古記事簿,,110,0,0,0,0,2025-09-08_17:40:03
242994,HYBRIS,,CLS,H0249001_S_4281,雙妹嚜復古記事簿,,110,0,0,0,0,2025-09-08_17:40:03
242994,HYBRIS,,CLS,H0249001_S_4284,雙妹嚜復古拼圖,,110,0,0,0,0,2025-09-08_17:40:04
242994,HYBRIS,,CLS,H0249001_S_4286,雙妹嚜復古拼圖,,110,0,0,0,0,2025-09-08_17:40:04
242994,HYBRIS,,CLS,H0249001_S_4287,雙妹嚜復古拼圖,,110,0,0,0,0,2025-09-08_17:40:04
242994,HYBRIS,,CLS,H0249001_S_4290,懷舊2R相簿,,110,0,0,0,0,2025-09-08_17:40:04
242994,HYBRIS,,CLS,H0249001_S_4291,懷舊2R相簿,,110,0,0,0,0,2025-09-08_17:40:04
242994,HYBRIS,,CLS,H0249001_S_4292,懷舊2R相簿,,110,0,0,0,0,2025-09-08_17:40:04
242994,HYBRIS,,CLS,H0249001_S_4293,懷舊2R相簿,,110,0,0,0,0,2025-09-08_17:40:04
242994,HYBRIS,,CLS,H0249001_S_4315,雙妹嚜黑色環保袋,,110,0,0,0,0,2025-09-08_17:40:04
242994,HYBRIS,,CLS,H0249001_S_8808,馬賽皂 (檸檬),,110,0,0,0,0,2025-09-08_17:40:04
242994,HYBRIS,,CLS,H0249001_S_8809,馬賽皂 (蜜糖),,110,0,0,0,0,2025-09-08_17:40:04
242994,HYBRIS,,CLS,H0249001_S_8810,馬賽皂 (白檀),,110,0,0,0,0,2025-09-08_17:40:04
242994,HYBRIS,,CLS,H0249001_S_KC1100,指甲水,,110,0,0,0,0,2025-09-08_17:40:05
242994,HYBRIS,,CLS,H0249001_S_KC1101,指甲油 (藍紫色系),,110,0,0,0,0,2025-09-08_17:40:05
242994,HYBRIS,,CLS,H0249001_S_KC1102,指甲油 (藍紫色系),,110,0,0,0,0,2025-09-08_17:40:05
242994,HYBRIS,,CLS,H0249001_S_KC1103,指甲油 (藍紫色系),,110,0,0,0,0,2025-09-08_17:40:05
242994,HYBRIS,,CLS,H0249001_S_KC1105,指甲油 (藍紫色系),,110,0,0,0,0,2025-09-08_17:40:05
242994,HYBRIS,,CLS,H0249001_S_KC1106,指甲油 (紅色系),,110,0,0,0,0,2025-09-08_17:40:05
242994,HYBRIS,,CLS,H0249001_S_KC1107,指甲油 (紅色系),,110,0,0,0,0,2025-09-08_17:40:05
242994,HYBRIS,,CLS,H0249001_S_KC1108,指甲油 (紅色系),,110,0,0,0,0,2025-09-08_17:40:05
242994,HYBRIS,,CLS,H0249001_S_KC1112,指甲油 (藍紫色系),,110,0,0,0,0,2025-09-08_17:40:05
242994,HYBRIS,,CLS,H0249001_S_KC1113,指甲油 (紅色系),,110,0,0,0,0,2025-09-08_17:40:06
242994,HYBRIS,,CLS,H0249001_S_KC1116,指甲油 (彩色系),,110,0,0,0,0,2025-09-08_17:40:06
242994,HYBRIS,,CLS,H0249001_S_KC1121,指甲油 (紅色系),,110,0,0,0,0,2025-09-08_17:40:06
242994,HYBRIS,,CLS,H0249001_S_KC1123,指甲油 (紅色系),,110,0,0,0,0,2025-09-08_17:40:07
242994,HYBRIS,,CLS,H0249001_S_KC1124,指甲油 (紅色系),,110,0,0,0,0,2025-09-08_17:40:07
242994,HYBRIS,,CLS,H0249001_S_KC1127,指甲油 (彩色系),,110,0,0,0,0,2025-09-08_17:40:07
242994,HYBRIS,,CLS,H0249001_S_KC1129,指甲油 (彩色系),,110,0,0,0,0,2025-09-08_17:40:07
242994,HYBRIS,,CLS,H0249001_S_KC1130,指甲油 (彩色系),,110,0,0,0,0,2025-09-08_17:40:07
242994,HYBRIS,,CLS,H0249001_S_KC1131,指甲油 (彩色系),,110,0,0,0,0,2025-09-08_17:40:07
242994,HYBRIS,,CLS,H0249001_S_KC1134,指甲油 (紅色系),,110,0,0,0,0,2025-09-08_17:40:08
242994,HYBRIS,,CLS,H0249001_S_KC1137,指甲油 (色號 - 37透明),,110,0,0,0,0,2025-09-08_17:40:08
242994,HYBRIS,,CLS,H0249001_S_KC1139,指甲油 (彩色系),,110,0,0,0,0,2025-09-08_17:40:08
242994,HYBRIS,,CLS,H0249001_S_KC1146,指甲油 (藍紫色系),,110,0,0,0,0,2025-09-08_17:40:09
242994,HYBRIS,,CLS,H0249001_S_KC1148,指甲油 (彩色系),,110,0,0,0,0,2025-09-08_17:40:09
242994,HYBRIS,,CLS,H0249001_S_KC1152,指甲油 (紅色系),,110,0,0,0,0,2025-09-08_17:40:09
242994,HYBRIS,,CLS,H0249001_S_Q004,雙妹綿布袋 (白色),,110,0,0,0,0,2025-09-08_17:40:09
242994,HYBRIS,,CLS,H0249001_S_Q005,雙妹綿布袋 (自然色),,110,0,0,0,0,2025-09-08_17:40:10
242994,HYBRIS,,CLS,H0255001_S_21875,蒜油 250粒,,110,0,0,0,0,2025-09-08_17:40:10
242994,HYBRIS,,CLS,H0255001_S_21942,利筋諾 50粒,,110,0,0,0,0,2025-09-08_17:40:10
242994,HYBRIS,,CLS,H0255001_S_22993,乳薊果 60片,,110,0,0,0,0,2025-09-08_17:40:10
242994,HYBRIS,,CLS,H0255001_S_23452,葡萄籽加強配方 30片,,110,0,0,0,0,2025-09-08_17:40:10
242994,HYBRIS,,CLS,H0255001_S_24008,無腥味魚油1000 200粒,,110,0,0,0,0,2025-09-08_17:40:10
242994,HYBRIS,,CLS,H0255001_S_24177,葉黃素 60粒,,110,0,0,0,0,2025-09-08_17:40:10
242994,HYBRIS,,CLS,H0255001_S_24201,護眼山桑子 30片,,110,0,0,0,0,2025-09-08_17:40:10
242994,HYBRIS,,CLS,H0255001_S_24877,兒童果味魚油丸 30粒,,110,0,0,0,0,2025-09-08_17:40:11
242994,HYBRIS,,CLS,H0255001_S_25067,鋸櫚前列配方 60粒,,20,0,0,0,0,2025-09-08_17:40:11
242994,HYBRIS,,CLS,H0255001_S_25207,維他命D3 1000 30粒,,110,0,0,0,0,2025-09-08_17:40:11
242994,HYBRIS,,CLS,H0255001_S_25266,護養關節配方 60粒,,110,0,0,0,0,2025-09-08_17:40:11
242994,HYBRIS,,CLS,H0294001_S_120088,免沖洗保濕護髮乳,,110,0,0,0,0,2025-09-08_17:40:11
242994,HYBRIS,,CLS,H0294001_S_120295,潔淨控油洗髮露,,110,0,0,0,0,2025-09-08_17:40:11
242994,HYBRIS,,CLS,H0294001_S_120533,波浪捲髮精華露波浪捲髮精華露波浪捲髮精華露波浪捲髮精華露,,110,0,0,0,0,2025-09-08_17:40:12
242994,HYBRIS,,CLS,H0318002_S_812719,有機矢車菊花水 200ml,,130,0,0,0,0,2025-09-08_17:40:12
242994,HYBRIS,,CLS,H0318002_S_812724,有機大馬士革玫瑰花水 200ml,,130,0,0,0,0,2025-09-08_17:40:12
242994,HYBRIS,,CLS,H0318002_S_852974,有機3重蜂蜜潤澤身體乳霜 150ml,,10,0,0,0,0,2025-09-08_17:40:12
242994,HYBRIS,,CLS,H0318002_S_855281,有機3重蜂蜜潤澤身體磨砂 150g,,110,0,0,0,0,2025-09-08_17:40:12
242994,HYBRIS,,CLS,H0318002_S_86Z0004,有機防敏香體露 50ml,,105,0,0,0,0,2025-09-08_17:40:12
242994,HYBRIS,,CLS,H0539001_S_50159,Royal Touch 敏感肌適用產後專用衛生巾 L碼 (5片/包),,110,0,0,0,0,2025-09-08_17:40:12
242994,HYBRIS,,CLS,H0888001_S_10004619,特級魚露,,15,0,0,0,0,2025-09-08_17:40:12
242994,HYBRIS,,CLS,H0888001_S_10004625,南乳,,220,0,0,0,0,2025-09-08_17:40:12
242994,HYBRIS,,CLS,H0888001_S_10004645,爽口榨菜絲,,230,0,0,0,0,2025-09-08_17:40:13
242994,HYBRIS,,CLS,H0888001_S_10004649,辣香蘿蔔,,120,0,0,0,0,2025-09-08_17:40:13
242994,HYBRIS,,CLS,H0888001_S_10004653,陳醋蕎頭,,130,0,0,0,0,2025-09-08_17:40:13
242994,HYBRIS,,CLS,H0888001_S_10004654,甜酸蕎頭,,130,0,0,0,0,2025-09-08_17:40:13
242994,HYBRIS,,CLS,H0888001_S_10004666,鮑汁靈芝菇片,,220,0,0,0,0,2025-09-08_17:40:13
242994,HYBRIS,,CLS,H0888001_S_10005984,豬骨火鍋上湯,,270,0,0,0,0,2025-09-08_17:40:13
242994,HYBRIS,,CLS,H0888001_S_10005986,醉雞火鍋上湯,,270,0,0,0,0,2025-09-08_17:40:13
242994,HYBRIS,,CLS,H0888001_S_10007891,洋蔥南瓜馬鈴薯片,,10,0,0,0,0,2025-09-08_17:40:13
242994,HYBRIS,,CLS,H0888001_S_10009135,藍梅寒天果凍糖,,10,0,0,0,0,2025-09-08_17:40:13
242994,HYBRIS,,CLS,H0888001_S_10009139,蜂蜜檸檬寒天果凍糖,,10,0,0,0,0,2025-09-08_17:40:14
242994,HYBRIS,,CLS,H0888001_S_10009151,什錦軟糖,,220,0,0,0,0,2025-09-08_17:40:14
242994,HYBRIS,,CLS,H0888001_S_10009386,北海道扇貝味薯片,,10,0,0,0,0,2025-09-08_17:40:14
242994,HYBRIS,,CLS,H0888001_S_10009388,酥餅 (黑朱古力),,15,0,0,0,0,2025-09-08_17:40:14
242994,HYBRIS,,CLS,H0888001_S_10011987,好ｅ食 - 白汁煙肉磨菇意粉 (急凍),,210,0,0,0,0,2025-09-08_17:40:14
242994,HYBRIS,,CLS,H0888001_S_10007313,滋潤保濕乳霜,,12,0,0,0,0,2025-09-08_17:40:14
242994,HYBRIS,,CLS,H0888001_S_10022686,猴頭菇雪耳百合潤肺湯,,192,0,0,0,0,2025-09-08_17:40:14
242994,HYBRIS,,CLS,H0888001_S_10018925,白風船米餅-牛奶忌廉味,,500,0,0,0,0,2025-09-08_17:40:15
243000,IMAX_KERRY,,STS,H0888001_S_10012783,巴西牛胸腩粒 (急凍),IM00071751,1285,0,0,0,0,2025-09-08_18:19:00
243003,IMAX_KERRY,,WFS,H0888001_S_10012783,巴西牛胸腩粒 (急凍),IM00071752,50,0,0,0,0,2025-09-08_18:49:00
243006,HYBRIS,,RRS,H0888001_S_10012783,巴西牛胸腩粒 (急凍),,600,0,0,0,0,2025-09-08_19:19:00
243010,IMAX_KERRY,,RRS,H0888001_S_10012783,巴西牛胸腩粒 (急凍),IM00071754,700,0,0,0,0,2025-09-08_19:59:00
243012,HYBRIS,,HHS,H0249001_S_1272,AAA薰衣草沐浴露,,20,0,0,0,0,2025-09-08_20:09:01
243012,HYBRIS,,HHS,H0249001_S_1272s-74s,BBB薰衣草身體潔淨旅行套裝,,20,0,0,0,0,2025-09-08_20:09:01
243012,HYBRIS,,HHS,H0249001_S_1274,DDD薰衣草護髮素,,20,0,0,0,0,2025-09-08_20:09:01
243012,HYBRIS,,HHS,H0249001_S_1282s-84s,活花身體潔淨旅行套裝,,20,0,0,0,0,2025-09-08_20:09:01
243012,HYBRIS,,HHS,H0249001_S_1284,活花護髮素,,20,0,0,0,0,2025-09-08_20:09:01
243012,HYBRIS,,HHS,H0249001_S_1292,花露水沐浴露,,20,0,0,0,0,2025-09-08_20:09:01
243012,HYBRIS,,HHS,H0249001_S_1292s-94s,花露水身體潔淨旅行套裝一二三四五六,,20,0,0,0,0,2025-09-08_20:09:01
243012,HYBRIS,,HHS,H0249001_S_1293,花露水洗髮水,,20,0,0,0,0,2025-09-08_20:09:01
243012,HYBRIS,,HHS,H0249001_S_1294,花露水護髮素,,20,0,0,0,0,2025-09-08_20:09:01
243012,HYBRIS,,HHS,H0249001_S_2151,雪花膏,,20,0,0,0,0,2025-09-08_20:09:02
243012,HYBRIS,,HHS,H0249001_S_2152,活花潤手霜,,20,0,0,0,0,2025-09-08_20:09:02
243012,HYBRIS,,HHS,H0249001_S_2157,花露水香皂,,20,0,0,0,0,2025-09-08_20:09:02
243012,HYBRIS,,HHS,H0249001_S_2163,活花爽身粉 (玫瑰花香),,20,0,0,0,0,2025-09-08_20:09:02
243012,HYBRIS,,HHS,H0249001_S_2166,活花香皂,,20,0,0,0,0,2025-09-08_20:09:02
243012,HYBRIS,,HHS,H0249001_S_2167,活花止汗液,,20,0,0,0,0,2025-09-08_20:09:02
243012,HYBRIS,,HHS,H0249001_S_2177,迷你雪花膏,,20,0,0,0,0,2025-09-08_20:09:02
243012,HYBRIS,,HHS,H0249001_S_2181,EEE薰衣草味護髮油,,20,0,0,0,0,2025-09-08_20:09:02
243012,HYBRIS,,HHS,H0249001_S_2182,活花味護髮油  (玫瑰花香),,20,0,0,0,0,2025-09-08_20:09:02
243012,HYBRIS,,HHS,H0249001_S_2186,活花爽身粉 80克 (罐裝)（附柔軟粉撲）,,20,0,0,0,0,2025-09-08_20:09:02
243012,HYBRIS,,HHS,H0249001_S_2187,花露水爽身粉 80克 (罐裝)（附柔軟粉撲）,,20,0,0,0,0,2025-09-08_20:09:02
243012,HYBRIS,,HHS,H0249001_S_2188B,花露水濕紙巾 (20片),,20,0,0,0,0,2025-09-08_20:09:02
243012,HYBRIS,,HHS,H0249001_S_2198,花露水 (200毫升),,20,0,0,0,0,2025-09-08_20:09:02
243012,HYBRIS,,HHS,H0249001_S_2202,花露水 (100毫升),,20,0,0,0,0,2025-09-08_20:09:02
243012,HYBRIS,,HHS,H0249001_S_2204,花露水 (15毫升),,20,0,0,0,0,2025-09-08_20:09:02
243012,HYBRIS,,HHS,H0249001_S_2208,花露水 (10毫升),,20,0,0,0,0,2025-09-08_20:09:02
243012,HYBRIS,,HHS,H0249001_S_2209,花露水膏,,20,0,0,0,0,2025-09-08_20:09:03
243012,HYBRIS,,HHS,H0249001_S_4261,雙妹嚜復古記事簿,,20,0,0,0,0,2025-09-08_20:09:03
243012,HYBRIS,,HHS,H0249001_S_4281,雙妹嚜復古記事簿,,20,0,0,0,0,2025-09-08_20:09:03
243012,HYBRIS,,HHS,H0249001_S_4284,雙妹嚜復古拼圖,,20,0,0,0,0,2025-09-08_20:09:03
243012,HYBRIS,,HHS,H0249001_S_4286,雙妹嚜復古拼圖,,20,0,0,0,0,2025-09-08_20:09:03
243012,HYBRIS,,HHS,H0249001_S_4287,雙妹嚜復古拼圖,,20,0,0,0,0,2025-09-08_20:09:03
243012,HYBRIS,,HHS,H0249001_S_4290,懷舊2R相簿,,20,0,0,0,0,2025-09-08_20:09:03
243012,HYBRIS,,HHS,H0249001_S_4291,懷舊2R相簿,,20,0,0,0,0,2025-09-08_20:09:03
243012,HYBRIS,,HHS,H0249001_S_4292,懷舊2R相簿,,20,0,0,0,0,2025-09-08_20:09:03
243012,HYBRIS,,HHS,H0249001_S_4293,懷舊2R相簿,,20,0,0,0,0,2025-09-08_20:09:03
243012,HYBRIS,,HHS,H0249001_S_8808,馬賽皂 (檸檬),,20,0,0,0,0,2025-09-08_20:09:03
243012,HYBRIS,,HHS,H0249001_S_8809,馬賽皂 (蜜糖),,20,0,0,0,0,2025-09-08_20:09:03
243012,HYBRIS,,HHS,H0249001_S_8810,馬賽皂 (白檀),,20,0,0,0,0,2025-09-08_20:09:03
243012,HYBRIS,,HHS,H0249001_S_KC1100,指甲水,,20,0,0,0,0,2025-09-08_20:09:03
243012,HYBRIS,,HHS,H0249001_S_KC1101,指甲油 (藍紫色系),,20,0,0,0,0,2025-09-08_20:09:04
243012,HYBRIS,,HHS,H0249001_S_KC1102,指甲油 (藍紫色系),,20,0,0,0,0,2025-09-08_20:09:04
243012,HYBRIS,,HHS,H0249001_S_KC1103,指甲油 (藍紫色系),,20,0,0,0,0,2025-09-08_20:09:04
243012,HYBRIS,,HHS,H0249001_S_KC1105,指甲油 (藍紫色系),,20,0,0,0,0,2025-09-08_20:09:04
243012,HYBRIS,,HHS,H0249001_S_KC1106,指甲油 (紅色系),,20,0,0,0,0,2025-09-08_20:09:04
243012,HYBRIS,,HHS,H0249001_S_KC1107,指甲油 (紅色系),,20,0,0,0,0,2025-09-08_20:09:04
243012,HYBRIS,,HHS,H0249001_S_KC1108,指甲油 (紅色系),,20,0,0,0,0,2025-09-08_20:09:04
243012,HYBRIS,,HHS,H0249001_S_KC1112,指甲油 (藍紫色系),,20,0,0,0,0,2025-09-08_20:09:04
243012,HYBRIS,,HHS,H0249001_S_KC1113,指甲油 (紅色系),,20,0,0,0,0,2025-09-08_20:09:04
243012,HYBRIS,,HHS,H0249001_S_KC1116,指甲油 (彩色系),,20,0,0,0,0,2025-09-08_20:09:04
243012,HYBRIS,,HHS,H0249001_S_KC1121,指甲油 (紅色系),,20,0,0,0,0,2025-09-08_20:09:05
243012,HYBRIS,,HHS,H0249001_S_KC1123,指甲油 (紅色系),,20,0,0,0,0,2025-09-08_20:09:05
243012,HYBRIS,,HHS,H0249001_S_KC1124,指甲油 (紅色系),,20,0,0,0,0,2025-09-08_20:09:05
243012,HYBRIS,,HHS,H0249001_S_KC1127,指甲油 (彩色系),,20,0,0,0,0,2025-09-08_20:09:05
243012,HYBRIS,,HHS,H0249001_S_KC1129,指甲油 (彩色系),,20,0,0,0,0,2025-09-08_20:09:05
243012,HYBRIS,,HHS,H0249001_S_KC1130,指甲油 (彩色系),,20,0,0,0,0,2025-09-08_20:09:05
243012,HYBRIS,,HHS,H0249001_S_KC1131,指甲油 (彩色系),,20,0,0,0,0,2025-09-08_20:09:05
243012,HYBRIS,,HHS,H0249001_S_KC1134,指甲油 (紅色系),,20,0,0,0,0,2025-09-08_20:09:05
243012,HYBRIS,,HHS,H0249001_S_KC1137,指甲油 (色號 - 37透明),,20,0,0,0,0,2025-09-08_20:09:05
243012,HYBRIS,,HHS,H0249001_S_KC1139,指甲油 (彩色系),,20,0,0,0,0,2025-09-08_20:09:05
243012,HYBRIS,,HHS,H0249001_S_KC1146,指甲油 (藍紫色系),,20,0,0,0,0,2025-09-08_20:09:06
243012,HYBRIS,,HHS,H0249001_S_KC1148,指甲油 (彩色系),,20,0,0,0,0,2025-09-08_20:09:06
243012,HYBRIS,,HHS,H0249001_S_KC1152,指甲油 (紅色系),,20,0,0,0,0,2025-09-08_20:09:06
243012,HYBRIS,,HHS,H0249001_S_Q004,雙妹綿布袋 (白色),,20,0,0,0,0,2025-09-08_20:09:06
243012,HYBRIS,,HHS,H0249001_S_Q005,雙妹綿布袋 (自然色),,20,0,0,0,0,2025-09-08_20:09:06
243012,HYBRIS,,HHS,H0255001_S_21875,蒜油 250粒,,20,0,0,0,0,2025-09-08_20:09:06
243012,HYBRIS,,HHS,H0255001_S_21942,利筋諾 50粒,,20,0,0,0,0,2025-09-08_20:09:07
243012,HYBRIS,,HHS,H0255001_S_22993,乳薊果 60片,,20,0,0,0,0,2025-09-08_20:09:07
243012,HYBRIS,,HHS,H0255001_S_23452,葡萄籽加強配方 30片,,20,0,0,0,0,2025-09-08_20:09:07
243012,HYBRIS,,HHS,H0255001_S_24008,無腥味魚油1000 200粒,,20,0,0,0,0,2025-09-08_20:09:07
243012,HYBRIS,,HHS,H0255001_S_24177,葉黃素 60粒,,20,0,0,0,0,2025-09-08_20:09:07
243012,HYBRIS,,HHS,H0255001_S_24201,護眼山桑子 30片,,20,0,0,0,0,2025-09-08_20:09:07
243012,HYBRIS,,HHS,H0255001_S_24877,兒童果味魚油丸 30粒,,20,0,0,0,0,2025-09-08_20:09:07
243012,HYBRIS,,HHS,H0255001_S_25067,鋸櫚前列配方 60粒,,20,0,0,0,0,2025-09-08_20:09:07
243012,HYBRIS,,HHS,H0255001_S_25110,亞麻籽油植物奧米加369 100粒,,20,0,0,0,0,2025-09-08_20:09:07
243012,HYBRIS,,HHS,H0255001_S_25207,維他命D3 1000 30粒,,20,0,0,0,0,2025-09-08_20:09:07
243012,HYBRIS,,HHS,H0255001_S_25266,護養關節配方 60粒,,20,0,0,0,0,2025-09-08_20:09:07
243012,HYBRIS,,HHS,H0294001_S_120088,免沖洗保濕護髮乳,,20,0,0,0,0,2025-09-08_20:09:07
243012,HYBRIS,,HHS,H0294001_S_120295,潔淨控油洗髮露,,20,0,0,0,0,2025-09-08_20:09:08
243012,HYBRIS,,HHS,H0294001_S_120533,波浪捲髮精華露波浪捲髮精華露波浪捲髮精華露波浪捲髮精華露,,20,0,0,0,0,2025-09-08_20:09:08
243012,HYBRIS,,HHS,H0318002_S_812719,有機矢車菊花水 200ml,,20,0,0,0,0,2025-09-08_20:09:08
243012,HYBRIS,,HHS,H0318002_S_812724,有機大馬士革玫瑰花水 200ml,,20,0,0,0,0,2025-09-08_20:09:08
243012,HYBRIS,,HHS,H0318002_S_852974,有機3重蜂蜜潤澤身體乳霜 150ml,,20,0,0,0,0,2025-09-08_20:09:08
243012,HYBRIS,,HHS,H0318002_S_855281,有機3重蜂蜜潤澤身體磨砂 150g,,20,0,0,0,0,2025-09-08_20:09:08
243012,HYBRIS,,HHS,H0318002_S_861153,有機日用洗髮水 500ml,,20,0,0,0,0,2025-09-08_20:09:08
243012,HYBRIS,,HHS,H0318002_S_86Z0004,有機防敏香體露 50ml,,20,0,0,0,0,2025-09-08_20:09:08
243012,HYBRIS,,HHS,H0318002_S_86Z0005,有機乳木果油護髮素 150ml,,20,0,0,0,0,2025-09-08_20:09:08
243012,HYBRIS,,HHS,H0539001_S_50159,Royal Touch 敏感肌適用產後專用衛生巾 L碼 (5片/包),,20,0,0,0,0,2025-09-08_20:09:08
243018,HYBRIS,,CLS,H0888001_S_10011834,炸魚手指 (急凍),H250908001060,16,16,0,0,16,2025-09-08_22:09:00
243023,HYBRIS,,WFS,H0249001_S_1274,DDD薰衣草護髮素,,15,15,0,0,0,2025-09-08_23:40:02
243023,HYBRIS,,WFS,H0249001_S_2151,雪花膏,,5,5,0,0,0,2025-09-08_23:40:03
243023,HYBRIS,,WFS,H0249001_S_4290,懷舊2R相簿,,5,5,0,0,0,2025-09-08_23:40:04
243023,HYBRIS,,WFS,H0249001_S_KC1139,指甲油 (彩色系),,5,5,0,0,0,2025-09-08_23:40:07
243023,HYBRIS,,WFS,H0318002_S_812724,有機大馬士革玫瑰花水 200ml,,10,10,0,0,0,2025-09-08_23:40:09
243023,HYBRIS,,WFS,H0318002_S_855281,有機3重蜂蜜潤澤身體磨砂 150g,,10,10,0,0,0,2025-09-08_23:40:09
243023,HYBRIS,,WFS,H0318002_S_86Z0005,有機乳木果油護髮素 150ml,,5,5,0,0,0,2025-09-08_23:40:09
243023,HYBRIS,,WFS,H0888001_S_10005984,豬骨火鍋上湯,,105,105,0,0,0,2025-09-08_23:40:10
243023,HYBRIS,,WFS,H0888001_S_10005985,黑胡椒豬骨火鍋上湯,,15,15,0,0,0,2025-09-08_23:40:10
243037,HYBRIS,,TWS,H0859001_S_OS-620,uPure 2 潔淨濾水器2,,440,440,0,0,0,2025-09-09_00:00:00
243040,IMAX_STACKING,FROZEN,COB,H0888001_S_10022875,美國特選牛肩胛肥牛片 (急凍),IS00071760,520,520,0,0,0,2025-09-09_00:00:01
243040,IMAX_STACKING,FROZEN,COB,H0888001_S_10012511,西班牙咸豬手,IS00071760,1610,1610,0,0,0,2025-09-09_00:00:01
243040,IMAX_STACKING,FROZEN,COB,H0888001_S_10011849,美國大西洋野生響螺頭 M (急凍),IS00071760,3000,3000,0,0,0,2025-09-09_00:00:01
243040,IMAX_STACKING,FROZEN,COB,H0888001_S_10011848,日本煮食用帶子急凍急凍,IS00071760,990,990,0,0,0,2025-09-09_00:00:01
243044,HYBRIS,,COB,H0888001_S_10009135,藍梅寒天果凍糖,,1212,1212,0,0,0,2025-09-09_00:01:00
243044,HYBRIS,,COB,H0888001_S_10009139,蜂蜜檸檬寒天果凍糖,,1308,1308,0,0,0,2025-09-09_00:01:00
243044,HYBRIS,,COB,H0888001_S_10009151,什錦軟糖,,1420,1420,0,0,0,2025-09-09_00:01:00
243047,HYBRIS,,HHS,H0888001_S_10012012,Bibigo 鮮嫩雞肉迷你水餃 (急凍),,64,0,0,0,0,2025-09-09_06:45:00
243052,HYBRIS,,CLS,H0888001_S_10007313,滋潤保濕乳霜,,444,0,0,0,0,2025-09-09_10:09:00
243053,IMAX_STACKING,DRY,CLS,H0888001_S_10002195,大樽生啤 (日本版),IS00071764,12,0,0,0,0,2025-09-09_10:22:00
243054,HYBRIS,,STS,H0888001_S_10012783,巴西牛胸腩粒 (急凍),,792,0,0,0,0,2025-09-09_10:32:00
243055,HYBRIS,,CLS,H0888001_S_10133455,澳洲和牛漢堡扒 (急凍),,1020,0,0,0,0,2025-09-09_10:38:00
243055,HYBRIS,,CLS,H0888001_S_10133940,(澳洲直送!) 澳洲穀飼西冷牛扒 (2塊裝) (急凍),,1000,0,0,0,0,2025-09-09_10:38:00
243055,HYBRIS,,CLS,H0888001_S_10133453,澳洲M4+ 和牛西冷牛扒 (急凍),,330,0,0,0,0,2025-09-09_10:38:00
243055,HYBRIS,,CLS,H0888001_S_10018534,澳洲海參(禿參，又名花刺參) (急凍),,408,0,0,0,0,2025-09-09_10:38:00
243059,HYBRIS,,STS,H0249001_S_1272s-74s,BBB薰衣草身體潔淨旅行套裝,,210,0,0,0,0,2025-09-09_11:08:01
243059,HYBRIS,,STS,H0249001_S_1273,CCC薰衣草洗髮水,,140,0,0,0,0,2025-09-09_11:08:01
243059,HYBRIS,,STS,H0249001_S_1274,DDD薰衣草護髮素,,210,0,0,0,0,2025-09-09_11:08:01
243059,HYBRIS,,STS,H0249001_S_1282s-84s,活花身體潔淨旅行套裝,,210,0,0,0,0,2025-09-09_11:08:01
243059,HYBRIS,,STS,H0249001_S_1284,活花護髮素,,210,0,0,0,0,2025-09-09_11:08:01
243059,HYBRIS,,STS,H0249001_S_1292,花露水沐浴露,,210,0,0,0,0,2025-09-09_11:08:01
243059,HYBRIS,,STS,H0249001_S_1292s-94s,花露水身體潔淨旅行套裝一二三四五六,,210,0,0,0,0,2025-09-09_11:08:01
243059,HYBRIS,,STS,H0249001_S_1293,花露水洗髮水,,210,0,0,0,0,2025-09-09_11:08:01
243059,HYBRIS,,STS,H0249001_S_1294,花露水護髮素,,210,0,0,0,0,2025-09-09_11:08:02
243059,HYBRIS,,STS,H0249001_S_2151,雪花膏,,210,0,0,0,0,2025-09-09_11:08:02
243059,HYBRIS,,STS,H0249001_S_2152,活花潤手霜,,210,0,0,0,0,2025-09-09_11:08:02
243059,HYBRIS,,STS,H0249001_S_2157,花露水香皂,,210,0,0,0,0,2025-09-09_11:08:02
243059,HYBRIS,,STS,H0249001_S_2163,活花爽身粉 (玫瑰花香),,210,0,0,0,0,2025-09-09_11:08:02
243059,HYBRIS,,STS,H0249001_S_2166,活花香皂,,210,0,0,0,0,2025-09-09_11:08:02
243059,HYBRIS,,STS,H0249001_S_2167,活花止汗液,,210,0,0,0,0,2025-09-09_11:08:02
243059,HYBRIS,,STS,H0249001_S_2177,迷你雪花膏,,210,0,0,0,0,2025-09-09_11:08:02
243059,HYBRIS,,STS,H0249001_S_2181,EEE薰衣草味護髮油,,210,0,0,0,0,2025-09-09_11:08:02
243059,HYBRIS,,STS,H0249001_S_2182,活花味護髮油  (玫瑰花香),,210,0,0,0,0,2025-09-09_11:08:02
243059,HYBRIS,,STS,H0249001_S_2186,活花爽身粉 80克 (罐裝)（附柔軟粉撲）,,210,0,0,0,0,2025-09-09_11:08:02
243059,HYBRIS,,STS,H0249001_S_2187,花露水爽身粉 80克 (罐裝)（附柔軟粉撲）,,210,0,0,0,0,2025-09-09_11:08:02
243059,HYBRIS,,STS,H0249001_S_2188B,花露水濕紙巾 (20片),,210,0,0,0,0,2025-09-09_11:08:02
243059,HYBRIS,,STS,H0249001_S_2198,花露水 (200毫升),,210,0,0,0,0,2025-09-09_11:08:02
243059,HYBRIS,,STS,H0249001_S_2202,花露水 (100毫升),,210,0,0,0,0,2025-09-09_11:08:02
243059,HYBRIS,,STS,H0249001_S_2204,花露水 (15毫升),,210,0,0,0,0,2025-09-09_11:08:03
243059,HYBRIS,,STS,H0249001_S_2208,花露水 (10毫升),,210,0,0,0,0,2025-09-09_11:08:03
243059,HYBRIS,,STS,H0249001_S_2209,花露水膏,,210,0,0,0,0,2025-09-09_11:08:03
243059,HYBRIS,,STS,H0249001_S_4261,雙妹嚜復古記事簿,,210,0,0,0,0,2025-09-09_11:08:03
243059,HYBRIS,,STS,H0249001_S_4281,雙妹嚜復古記事簿,,210,0,0,0,0,2025-09-09_11:08:03
243059,HYBRIS,,STS,H0249001_S_4284,雙妹嚜復古拼圖,,210,0,0,0,0,2025-09-09_11:08:03
243059,HYBRIS,,STS,H0249001_S_4286,雙妹嚜復古拼圖,,210,0,0,0,0,2025-09-09_11:08:03
243059,HYBRIS,,STS,H0249001_S_4287,雙妹嚜復古拼圖,,210,0,0,0,0,2025-09-09_11:08:03
243059,HYBRIS,,STS,H0249001_S_4290,懷舊2R相簿,,210,0,0,0,0,2025-09-09_11:08:03
243059,HYBRIS,,STS,H0249001_S_4291,懷舊2R相簿,,210,0,0,0,0,2025-09-09_11:08:03
243059,HYBRIS,,STS,H0249001_S_4292,懷舊2R相簿,,210,0,0,0,0,2025-09-09_11:08:03
243059,HYBRIS,,STS,H0249001_S_4293,懷舊2R相簿,,210,0,0,0,0,2025-09-09_11:08:03
243059,HYBRIS,,STS,H0249001_S_4315,雙妹嚜黑色環保袋,,210,0,0,0,0,2025-09-09_11:08:03
243059,HYBRIS,,STS,H0249001_S_8808,馬賽皂 (檸檬),,210,0,0,0,0,2025-09-09_11:08:03
243059,HYBRIS,,STS,H0249001_S_8809,馬賽皂 (蜜糖),,210,0,0,0,0,2025-09-09_11:08:03
243059,HYBRIS,,STS,H0249001_S_8810,馬賽皂 (白檀),,210,0,0,0,0,2025-09-09_11:08:03
243059,HYBRIS,,STS,H0249001_S_KC1100,指甲水,,210,0,0,0,0,2025-09-09_11:08:03
243059,HYBRIS,,STS,H0249001_S_KC1101,指甲油 (藍紫色系),,210,0,0,0,0,2025-09-09_11:08:04
243059,HYBRIS,,STS,H0249001_S_KC1102,指甲油 (藍紫色系),,210,0,0,0,0,2025-09-09_11:08:04
243059,HYBRIS,,STS,H0249001_S_KC1103,指甲油 (藍紫色系),,210,0,0,0,0,2025-09-09_11:08:04
243059,HYBRIS,,STS,H0249001_S_KC1105,指甲油 (藍紫色系),,210,0,0,0,0,2025-09-09_11:08:04
243059,HYBRIS,,STS,H0249001_S_KC1106,指甲油 (紅色系),,210,0,0,0,0,2025-09-09_11:08:04
243059,HYBRIS,,STS,H0249001_S_KC1107,指甲油 (紅色系),,210,0,0,0,0,2025-09-09_11:08:04
243059,HYBRIS,,STS,H0249001_S_KC1108,指甲油 (紅色系),,210,0,0,0,0,2025-09-09_11:08:04
243059,HYBRIS,,STS,H0249001_S_KC1112,指甲油 (藍紫色系),,210,0,0,0,0,2025-09-09_11:08:04
243059,HYBRIS,,STS,H0249001_S_KC1113,指甲油 (紅色系),,210,0,0,0,0,2025-09-09_11:08:04
243059,HYBRIS,,STS,H0249001_S_KC1116,指甲油 (彩色系),,210,0,0,0,0,2025-09-09_11:08:04
243059,HYBRIS,,STS,H0249001_S_KC1121,指甲油 (紅色系),,210,0,0,0,0,2025-09-09_11:08:04
243059,HYBRIS,,STS,H0249001_S_KC1123,指甲油 (紅色系),,210,0,0,0,0,2025-09-09_11:08:04
243059,HYBRIS,,STS,H0249001_S_KC1124,指甲油 (紅色系),,210,0,0,0,0,2025-09-09_11:08:04
243059,HYBRIS,,STS,H0249001_S_KC1127,指甲油 (彩色系),,210,0,0,0,0,2025-09-09_11:08:05
243059,HYBRIS,,STS,H0249001_S_KC1129,指甲油 (彩色系),,210,0,0,0,0,2025-09-09_11:08:05
243059,HYBRIS,,STS,H0249001_S_KC1130,指甲油 (彩色系),,210,0,0,0,0,2025-09-09_11:08:05
243059,HYBRIS,,STS,H0249001_S_KC1131,指甲油 (彩色系),,210,0,0,0,0,2025-09-09_11:08:05
243059,HYBRIS,,STS,H0249001_S_KC1134,指甲油 (紅色系),,210,0,0,0,0,2025-09-09_11:08:05
243059,HYBRIS,,STS,H0249001_S_KC1137,指甲油 (色號 - 37透明),,210,0,0,0,0,2025-09-09_11:08:05
243059,HYBRIS,,STS,H0249001_S_KC1139,指甲油 (彩色系),,210,0,0,0,0,2025-09-09_11:08:05
243059,HYBRIS,,STS,H0249001_S_KC1146,指甲油 (藍紫色系),,210,0,0,0,0,2025-09-09_11:08:05
243059,HYBRIS,,STS,H0249001_S_KC1148,指甲油 (彩色系),,210,0,0,0,0,2025-09-09_11:08:06
243059,HYBRIS,,STS,H0249001_S_KC1152,指甲油 (紅色系),,210,0,0,0,0,2025-09-09_11:08:06
243059,HYBRIS,,STS,H0249001_S_Q004,雙妹綿布袋 (白色),,210,0,0,0,0,2025-09-09_11:08:06
243059,HYBRIS,,STS,H0249001_S_Q005,雙妹綿布袋 (自然色),,210,0,0,0,0,2025-09-09_11:08:06
243059,HYBRIS,,STS,H0255001_S_21875,蒜油 250粒,,210,0,0,0,0,2025-09-09_11:08:06
243059,HYBRIS,,STS,H0255001_S_21942,利筋諾 50粒,,210,0,0,0,0,2025-09-09_11:08:06
243059,HYBRIS,,STS,H0255001_S_22993,乳薊果 60片,,210,0,0,0,0,2025-09-09_11:08:06
243059,HYBRIS,,STS,H0255001_S_23452,葡萄籽加強配方 30片,,210,0,0,0,0,2025-09-09_11:08:06
243059,HYBRIS,,STS,H0255001_S_24008,無腥味魚油1000 200粒,,210,0,0,0,0,2025-09-09_11:08:06
243059,HYBRIS,,STS,H0255001_S_24177,葉黃素 60粒,,210,0,0,0,0,2025-09-09_11:08:06
243059,HYBRIS,,STS,H0255001_S_24201,護眼山桑子 30片,,210,0,0,0,0,2025-09-09_11:08:07
243059,HYBRIS,,STS,H0255001_S_24877,兒童果味魚油丸 30粒,,210,0,0,0,0,2025-09-09_11:08:07
243059,HYBRIS,,STS,H0255001_S_25067,鋸櫚前列配方 60粒,,210,0,0,0,0,2025-09-09_11:08:07
243059,HYBRIS,,STS,H0255001_S_25110,亞麻籽油植物奧米加369 100粒,,210,0,0,0,0,2025-09-09_11:08:07
243059,HYBRIS,,STS,H0255001_S_25207,維他命D3 1000 30粒,,210,0,0,0,0,2025-09-09_11:08:07
243059,HYBRIS,,STS,H0255001_S_25266,護養關節配方 60粒,,210,0,0,0,0,2025-09-09_11:08:07
243059,HYBRIS,,STS,H0294001_S_120088,免沖洗保濕護髮乳,,210,0,0,0,0,2025-09-09_11:08:07
243059,HYBRIS,,STS,H0294001_S_120295,潔淨控油洗髮露,,210,0,0,0,0,2025-09-09_11:08:07
243059,HYBRIS,,STS,H0294001_S_120533,波浪捲髮精華露波浪捲髮精華露波浪捲髮精華露波浪捲髮精華露,,210,0,0,0,0,2025-09-09_11:08:07
243059,HYBRIS,,STS,H0318002_S_812719,有機矢車菊花水 200ml,,210,0,0,0,0,2025-09-09_11:08:07
243059,HYBRIS,,STS,H0318002_S_812724,有機大馬士革玫瑰花水 200ml,,210,0,0,0,0,2025-09-09_11:08:07
243059,HYBRIS,,STS,H0318002_S_852974,有機3重蜂蜜潤澤身體乳霜 150ml,,210,0,0,0,0,2025-09-09_11:08:07
243059,HYBRIS,,STS,H0318002_S_855281,有機3重蜂蜜潤澤身體磨砂 150g,,210,0,0,0,0,2025-09-09_11:08:07
243059,HYBRIS,,STS,H0318002_S_861153,有機日用洗髮水 500ml,,210,0,0,0,0,2025-09-09_11:08:07
243059,HYBRIS,,STS,H0318002_S_86Z0004,有機防敏香體露 50ml,,210,0,0,0,0,2025-09-09_11:08:08
243059,HYBRIS,,STS,H0318002_S_86Z0005,有機乳木果油護髮素 150ml,,210,0,0,0,0,2025-09-09_11:08:08
243059,HYBRIS,,STS,H0539001_S_50159,Royal Touch 敏感肌適用產後專用衛生巾 L碼 (5片/包),,210,0,0,0,0,2025-09-09_11:08:08
243059,HYBRIS,,STS,H0888001_S_10004619,特級魚露,,125,0,0,0,0,2025-09-09_11:08:08
243059,HYBRIS,,STS,H0888001_S_10004625,南乳,,120,0,0,0,0,2025-09-09_11:08:08
243059,HYBRIS,,STS,H0888001_S_10004645,爽口榨菜絲,,130,0,0,0,0,2025-09-09_11:08:08
243059,HYBRIS,,STS,H0888001_S_10004653,陳醋蕎頭,,30,0,0,0,0,2025-09-09_11:08:08
243059,HYBRIS,,STS,H0888001_S_10004654,甜酸蕎頭,,30,0,0,0,0,2025-09-09_11:08:08
243059,HYBRIS,,STS,H0888001_S_10004666,鮑汁靈芝菇片,,120,0,0,0,0,2025-09-09_11:08:08
243059,HYBRIS,,STS,H0888001_S_10005984,豬骨火鍋上湯,,170,0,0,0,0,2025-09-09_11:08:08
243059,HYBRIS,,STS,H0888001_S_10005986,醉雞火鍋上湯,,170,0,0,0,0,2025-09-09_11:08:08
243059,HYBRIS,,STS,H0888001_S_10007891,洋蔥南瓜馬鈴薯片,,125,0,0,0,0,2025-09-09_11:08:08
243059,HYBRIS,,STS,H0888001_S_10009135,藍梅寒天果凍糖,,125,0,0,0,0,2025-09-09_11:08:08
243059,HYBRIS,,STS,H0888001_S_10009139,蜂蜜檸檬寒天果凍糖,,125,0,0,0,0,2025-09-09_11:08:08
243059,HYBRIS,,STS,H0888001_S_10009151,什錦軟糖,,140,0,0,0,0,2025-09-09_11:08:08
243059,HYBRIS,,STS,H0888001_S_10009386,北海道扇貝味薯片,,125,0,0,0,0,2025-09-09_11:08:09
243059,HYBRIS,,STS,H0888001_S_10009388,酥餅 (黑朱古力),,130,0,0,0,0,2025-09-09_11:08:09
243059,HYBRIS,,STS,H0888001_S_10009609,星球大戰系列珍寶珠 (隨機派送),,125,0,0,0,0,2025-09-09_11:08:09
243059,HYBRIS,,STS,H0888001_S_10009610,湖池屋激辣魔薯香辣芝士味薯片,,135,0,0,0,0,2025-09-09_11:08:09
243059,HYBRIS,,STS,H0888001_S_10011987,好ｅ食 - 白汁煙肉磨菇意粉 (急凍),,125,0,0,0,0,2025-09-09_11:08:09
243059,HYBRIS,,STS,H0888001_S_10018925,白風船米餅-牛奶忌廉味,,125,0,0,0,0,2025-09-09_11:08:09
243059,HYBRIS,,STS,H0888001_S_10022686,猴頭菇雪耳百合潤肺湯,,120,0,0,0,0,2025-09-09_11:08:09
243061,HYBRIS,,WFS,H0888001_S_10012013,Bibigo 韓式傳統脆皮煎餃 (急凍),,150,150,0,0,0,2025-09-09_11:25:00
243065,HYBRIS,,CLS,H0888001_S_10007313,滋潤保濕乳霜,,12,0,0,0,0,2025-09-09_11:42:00
243074,HYBRIS,,TWS,H0888001_S_10008283,燕麥脆條 - 蜜糖★燕麥,,36,36,0,0,0,2025-09-09_13:00:00
243080,IMAX_KERRY,,CLS,H0888001_S_10012783,巴西牛胸腩粒 (急凍),IM00071772,784,0,0,0,0,2025-09-09_13:32:00
243081,IMAX_KERRY,,MCS,H0888001_S_10012783,巴西牛胸腩粒 (急凍),IM00071773,24,0,0,0,0,2025-09-09_13:37:00
243082,HYBRIS,,LPS,H0888001_S_10012783,巴西牛胸腩粒 (急凍),,8,8,0,0,0,2025-09-09_13:49:00
243086,IMAX_KERRY,,SHS,H0888001_S_10012783,巴西牛胸腩粒 (急凍),IM00071775,786,0,0,0,0,2025-09-09_14:09:00
243087,HYBRIS,,CLS,H0888001_S_10004649,辣香蘿蔔,,2900,0,0,0,0,2025-09-09_14:19:00
243087,HYBRIS,,CLS,H0888001_S_10007313,滋潤保濕乳霜,,27,0,0,0,0,2025-09-09_14:19:00
243109,HYBRIS,,CLS,H0888001_S_10007313,滋潤保濕乳霜,,108,0,0,0,0,2025-09-09_16:41:00
243112,HYBRIS,,RRS,H0888001_S_10018534,澳洲海參(禿參，又名花刺參) (急凍),,96,0,0,0,0,2025-09-09_16:50:00
243113,IMAX_KERRY,,WSH,H0888001_S_10012783,巴西牛胸腩粒 (急凍),IM00071779,786,0,0,0,0,2025-09-09_16:54:00
243118,IMAX_STACKING,CHILLED,CLS,H0888001_S_10012783,巴西牛胸腩粒 (急凍),IS00071780,5000,0,0,0,0,2025-09-09_17:10:00
243119,IMAX_STACKING,DRY,CLS,H0255001_S_25116,健腦高濃度深海魚油 60粒,IS00071781,290,0,0,0,0,2025-09-09_17:10:00
243122,HYBRIS,,CLS,H0249001_S_1272s-74s,BBB薰衣草身體潔淨旅行套裝,,110,0,0,0,0,2025-09-09_17:40:01
243122,HYBRIS,,CLS,H0249001_S_1274,DDD薰衣草護髮素,,10,0,0,0,0,2025-09-09_17:40:01
243122,HYBRIS,,CLS,H0249001_S_1282s-84s,活花身體潔淨旅行套裝,,110,0,0,0,0,2025-09-09_17:40:02
243122,HYBRIS,,CLS,H0249001_S_1284,活花護髮素,,110,0,0,0,0,2025-09-09_17:40:02
243122,HYBRIS,,CLS,H0249001_S_1292,花露水沐浴露,,110,0,0,0,0,2025-09-09_17:40:02
243122,HYBRIS,,CLS,H0249001_S_1292s-94s,花露水身體潔淨旅行套裝一二三四五六,,110,0,0,0,0,2025-09-09_17:40:02
243122,HYBRIS,,CLS,H0249001_S_1293,花露水洗髮水,,110,0,0,0,0,2025-09-09_17:40:02
243122,HYBRIS,,CLS,H0249001_S_1294,花露水護髮素,,110,0,0,0,0,2025-09-09_17:40:02
243122,HYBRIS,,CLS,H0249001_S_2151,雪花膏,,120,0,0,0,0,2025-09-09_17:40:02
243122,HYBRIS,,CLS,H0249001_S_2152,活花潤手霜,,110,0,0,0,0,2025-09-09_17:40:02
243122,HYBRIS,,CLS,H0249001_S_2157,花露水香皂,,10,0,0,0,0,2025-09-09_17:40:02
243122,HYBRIS,,CLS,H0249001_S_2163,活花爽身粉 (玫瑰花香),,120,0,0,0,0,2025-09-09_17:40:02
243122,HYBRIS,,CLS,H0249001_S_2166,活花香皂,,120,0,0,0,0,2025-09-09_17:40:03
243122,HYBRIS,,CLS,H0249001_S_2167,活花止汗液,,120,0,0,0,0,2025-09-09_17:40:03
243122,HYBRIS,,CLS,H0249001_S_2177,迷你雪花膏,,110,0,0,0,0,2025-09-09_17:40:03
243122,HYBRIS,,CLS,H0249001_S_2181,EEE薰衣草味護髮油,,110,0,0,0,0,2025-09-09_17:40:03
243122,HYBRIS,,CLS,H0249001_S_2182,活花味護髮油  (玫瑰花香),,110,0,0,0,0,2025-09-09_17:40:03
243122,HYBRIS,,CLS,H0249001_S_2186,活花爽身粉 80克 (罐裝)（附柔軟粉撲）,,110,0,0,0,0,2025-09-09_17:40:03
243122,HYBRIS,,CLS,H0249001_S_2187,花露水爽身粉 80克 (罐裝)（附柔軟粉撲）,,110,0,0,0,0,2025-09-09_17:40:03
243122,HYBRIS,,CLS,H0249001_S_2188B,花露水濕紙巾 (20片),,110,0,0,0,0,2025-09-09_17:40:03
243122,HYBRIS,,CLS,H0249001_S_2198,花露水 (200毫升),,110,0,0,0,0,2025-09-09_17:40:03
243122,HYBRIS,,CLS,H0249001_S_2202,花露水 (100毫升),,110,0,0,0,0,2025-09-09_17:40:03
243122,HYBRIS,,CLS,H0249001_S_2204,花露水 (15毫升),,110,0,0,0,0,2025-09-09_17:40:03
243122,HYBRIS,,CLS,H0249001_S_2208,花露水 (10毫升),,110,0,0,0,0,2025-09-09_17:40:03
243122,HYBRIS,,CLS,H0249001_S_2209,花露水膏,,110,0,0,0,0,2025-09-09_17:40:03
243122,HYBRIS,,CLS,H0249001_S_4261,雙妹嚜復古記事簿,,110,0,0,0,0,2025-09-09_17:40:03
243122,HYBRIS,,CLS,H0249001_S_4281,雙妹嚜復古記事簿,,110,0,0,0,0,2025-09-09_17:40:03
243122,HYBRIS,,CLS,H0249001_S_4284,雙妹嚜復古拼圖,,110,0,0,0,0,2025-09-09_17:40:04
243122,HYBRIS,,CLS,H0249001_S_4286,雙妹嚜復古拼圖,,110,0,0,0,0,2025-09-09_17:40:04
243122,HYBRIS,,CLS,H0249001_S_4287,雙妹嚜復古拼圖,,110,0,0,0,0,2025-09-09_17:40:04
243122,HYBRIS,,CLS,H0249001_S_4290,懷舊2R相簿,,110,0,0,0,0,2025-09-09_17:40:04
243122,HYBRIS,,CLS,H0249001_S_4291,懷舊2R相簿,,110,0,0,0,0,2025-09-09_17:40:04
243122,HYBRIS,,CLS,H0249001_S_4292,懷舊2R相簿,,110,0,0,0,0,2025-09-09_17:40:04
243122,HYBRIS,,CLS,H0249001_S_4293,懷舊2R相簿,,110,0,0,0,0,2025-09-09_17:40:04
243122,HYBRIS,,CLS,H0249001_S_4315,雙妹嚜黑色環保袋,,110,0,0,0,0,2025-09-09_17:40:04
243122,HYBRIS,,CLS,H0249001_S_8808,馬賽皂 (檸檬),,110,0,0,0,0,2025-09-09_17:40:04
243122,HYBRIS,,CLS,H0249001_S_8809,馬賽皂 (蜜糖),,110,0,0,0,0,2025-09-09_17:40:04
243122,HYBRIS,,CLS,H0249001_S_8810,馬賽皂 (白檀),,110,0,0,0,0,2025-09-09_17:40:04
243122,HYBRIS,,CLS,H0249001_S_KC1100,指甲水,,110,0,0,0,0,2025-09-09_17:40:04
243122,HYBRIS,,CLS,H0249001_S_KC1101,指甲油 (藍紫色系),,110,0,0,0,0,2025-09-09_17:40:04
243122,HYBRIS,,CLS,H0249001_S_KC1102,指甲油 (藍紫色系),,110,0,0,0,0,2025-09-09_17:40:04
243122,HYBRIS,,CLS,H0249001_S_KC1103,指甲油 (藍紫色系),,110,0,0,0,0,2025-09-09_17:40:04
243122,HYBRIS,,CLS,H0249001_S_KC1105,指甲油 (藍紫色系),,110,0,0,0,0,2025-09-09_17:40:04
243122,HYBRIS,,CLS,H0249001_S_KC1106,指甲油 (紅色系),,110,0,0,0,0,2025-09-09_17:40:05
243122,HYBRIS,,CLS,H0249001_S_KC1107,指甲油 (紅色系),,110,0,0,0,0,2025-09-09_17:40:05
243122,HYBRIS,,CLS,H0249001_S_KC1108,指甲油 (紅色系),,110,0,0,0,0,2025-09-09_17:40:05
243122,HYBRIS,,CLS,H0249001_S_KC1112,指甲油 (藍紫色系),,110,0,0,0,0,2025-09-09_17:40:05
243122,HYBRIS,,CLS,H0249001_S_KC1113,指甲油 (紅色系),,110,0,0,0,0,2025-09-09_17:40:05
243122,HYBRIS,,CLS,H0249001_S_KC1116,指甲油 (彩色系),,110,0,0,0,0,2025-09-09_17:40:05
243122,HYBRIS,,CLS,H0249001_S_KC1121,指甲油 (紅色系),,110,0,0,0,0,2025-09-09_17:40:05
243122,HYBRIS,,CLS,H0249001_S_KC1123,指甲油 (紅色系),,110,0,0,0,0,2025-09-09_17:40:05
243122,HYBRIS,,CLS,H0249001_S_KC1124,指甲油 (紅色系),,110,0,0,0,0,2025-09-09_17:40:06
243122,HYBRIS,,CLS,H0249001_S_KC1127,指甲油 (彩色系),,110,0,0,0,0,2025-09-09_17:40:06
243122,HYBRIS,,CLS,H0249001_S_KC1129,指甲油 (彩色系),,110,0,0,0,0,2025-09-09_17:40:06
243122,HYBRIS,,CLS,H0249001_S_KC1130,指甲油 (彩色系),,110,0,0,0,0,2025-09-09_17:40:06
243122,HYBRIS,,CLS,H0249001_S_KC1131,指甲油 (彩色系),,110,0,0,0,0,2025-09-09_17:40:06
243122,HYBRIS,,CLS,H0249001_S_KC1134,指甲油 (紅色系),,110,0,0,0,0,2025-09-09_17:40:06
243122,HYBRIS,,CLS,H0249001_S_KC1137,指甲油 (色號 - 37透明),,110,0,0,0,0,2025-09-09_17:40:06
243122,HYBRIS,,CLS,H0249001_S_KC1139,指甲油 (彩色系),,110,0,0,0,0,2025-09-09_17:40:06
243122,HYBRIS,,CLS,H0249001_S_KC1146,指甲油 (藍紫色系),,110,0,0,0,0,2025-09-09_17:40:07
243122,HYBRIS,,CLS,H0249001_S_KC1148,指甲油 (彩色系),,110,0,0,0,0,2025-09-09_17:40:07
243122,HYBRIS,,CLS,H0249001_S_KC1152,指甲油 (紅色系),,110,0,0,0,0,2025-09-09_17:40:07
243122,HYBRIS,,CLS,H0249001_S_Q004,雙妹綿布袋 (白色),,110,0,0,0,0,2025-09-09_17:40:07
243122,HYBRIS,,CLS,H0249001_S_Q005,雙妹綿布袋 (自然色),,110,0,0,0,0,2025-09-09_17:40:07
243122,HYBRIS,,CLS,H0255001_S_21875,蒜油 250粒,,110,0,0,0,0,2025-09-09_17:40:07
243122,HYBRIS,,CLS,H0255001_S_21942,利筋諾 50粒,,110,0,0,0,0,2025-09-09_17:40:07
243122,HYBRIS,,CLS,H0255001_S_22993,乳薊果 60片,,110,0,0,0,0,2025-09-09_17:40:07
243122,HYBRIS,,CLS,H0255001_S_23452,葡萄籽加強配方 30片,,110,0,0,0,0,2025-09-09_17:40:07
243122,HYBRIS,,CLS,H0255001_S_24008,無腥味魚油1000 200粒,,110,0,0,0,0,2025-09-09_17:40:08
243122,HYBRIS,,CLS,H0255001_S_24177,葉黃素 60粒,,110,0,0,0,0,2025-09-09_17:40:08
243122,HYBRIS,,CLS,H0255001_S_24201,護眼山桑子 30片,,110,0,0,0,0,2025-09-09_17:40:08
243122,HYBRIS,,CLS,H0255001_S_24877,兒童果味魚油丸 30粒,,110,0,0,0,0,2025-09-09_17:40:08
243122,HYBRIS,,CLS,H0255001_S_25067,鋸櫚前列配方 60粒,,20,0,0,0,0,2025-09-09_17:40:08
243122,HYBRIS,,CLS,H0255001_S_25207,維他命D3 1000 30粒,,110,0,0,0,0,2025-09-09_17:40:08
243122,HYBRIS,,CLS,H0255001_S_25266,護養關節配方 60粒,,110,0,0,0,0,2025-09-09_17:40:08
243122,HYBRIS,,CLS,H0294001_S_120088,免沖洗保濕護髮乳,,110,0,0,0,0,2025-09-09_17:40:08
243122,HYBRIS,,CLS,H0294001_S_120295,潔淨控油洗髮露,,110,0,0,0,0,2025-09-09_17:40:08
243122,HYBRIS,,CLS,H0294001_S_120533,波浪捲髮精華露波浪捲髮精華露波浪捲髮精華露波浪捲髮精華露,,110,0,0,0,0,2025-09-09_17:40:08
243122,HYBRIS,,CLS,H0318002_S_812719,有機矢車菊花水 200ml,,130,0,0,0,0,2025-09-09_17:40:08
243122,HYBRIS,,CLS,H0318002_S_812724,有機大馬士革玫瑰花水 200ml,,130,0,0,0,0,2025-09-09_17:40:08
243122,HYBRIS,,CLS,H0318002_S_852974,有機3重蜂蜜潤澤身體乳霜 150ml,,10,0,0,0,0,2025-09-09_17:40:09
243122,HYBRIS,,CLS,H0318002_S_855281,有機3重蜂蜜潤澤身體磨砂 150g,,110,0,0,0,0,2025-09-09_17:40:09
243122,HYBRIS,,CLS,H0318002_S_86Z0004,有機防敏香體露 50ml,,105,0,0,0,0,2025-09-09_17:40:09
243122,HYBRIS,,CLS,H0539001_S_50159,Royal Touch 敏感肌適用產後專用衛生巾 L碼 (5片/包),,110,0,0,0,0,2025-09-09_17:40:09
243122,HYBRIS,,CLS,H0888001_S_10004619,特級魚露,,15,0,0,0,0,2025-09-09_17:40:09
243122,HYBRIS,,CLS,H0888001_S_10004625,南乳,,220,0,0,0,0,2025-09-09_17:40:09
243122,HYBRIS,,CLS,H0888001_S_10004645,爽口榨菜絲,,230,0,0,0,0,2025-09-09_17:40:09
243122,HYBRIS,,CLS,H0888001_S_10004649,辣香蘿蔔,,120,0,0,0,0,2025-09-09_17:40:09
243122,HYBRIS,,CLS,H0888001_S_10004653,陳醋蕎頭,,130,0,0,0,0,2025-09-09_17:40:09
243122,HYBRIS,,CLS,H0888001_S_10004654,甜酸蕎頭,,130,0,0,0,0,2025-09-09_17:40:09
243122,HYBRIS,,CLS,H0888001_S_10004666,鮑汁靈芝菇片,,220,0,0,0,0,2025-09-09_17:40:09
243122,HYBRIS,,CLS,H0888001_S_10005984,豬骨火鍋上湯,,270,0,0,0,0,2025-09-09_17:40:09
243122,HYBRIS,,CLS,H0888001_S_10005986,醉雞火鍋上湯,,270,0,0,0,0,2025-09-09_17:40:09
243122,HYBRIS,,CLS,H0888001_S_10007891,洋蔥南瓜馬鈴薯片,,10,0,0,0,0,2025-09-09_17:40:09
243122,HYBRIS,,CLS,H0888001_S_10009135,藍梅寒天果凍糖,,10,0,0,0,0,2025-09-09_17:40:10
243122,HYBRIS,,CLS,H0888001_S_10009139,蜂蜜檸檬寒天果凍糖,,10,0,0,0,0,2025-09-09_17:40:10
243122,HYBRIS,,CLS,H0888001_S_10009151,什錦軟糖,,220,0,0,0,0,2025-09-09_17:40:10
243122,HYBRIS,,CLS,H0888001_S_10009386,北海道扇貝味薯片,,10,0,0,0,0,2025-09-09_17:40:10
243122,HYBRIS,,CLS,H0888001_S_10009388,酥餅 (黑朱古力),,15,0,0,0,0,2025-09-09_17:40:10
243122,HYBRIS,,CLS,H0888001_S_10011987,好ｅ食 - 白汁煙肉磨菇意粉 (急凍),,210,0,0,0,0,2025-09-09_17:40:10
243122,HYBRIS,,CLS,H0888001_S_10007313,滋潤保濕乳霜,,12,0,0,0,0,2025-09-09_17:40:10
243122,HYBRIS,,CLS,H0888001_S_10022686,猴頭菇雪耳百合潤肺湯,,192,0,0,0,0,2025-09-09_17:40:10
243122,HYBRIS,,CLS,H0888001_S_10018925,白風船米餅-牛奶忌廉味,,500,0,0,0,0,2025-09-09_17:40:10
243128,IMAX_KERRY,,STS,H0888001_S_10012725,日式浦燒鰻魚 (急凍),IM00071784,150,150,150,0,0,2025-09-09_18:19:00
243128,IMAX_KERRY,,STS,H0888001_S_10012783,巴西牛胸腩粒 (急凍),IM00071784,1285,0,0,0,0,2025-09-09_18:19:00
243131,IMAX_KERRY,,WFS,H0888001_S_10012783,巴西牛胸腩粒 (急凍),IM00071785,50,0,0,0,0,2025-09-09_18:49:00
243134,HYBRIS,,RRS,H0888001_S_10012783,巴西牛胸腩粒 (急凍),,600,0,0,0,0,2025-09-09_19:19:00
243138,IMAX_KERRY,,RRS,H0888001_S_10012783,巴西牛胸腩粒 (急凍),IM00071787,700,0,0,0,0,2025-09-09_19:59:00
243140,HYBRIS,,HHS,H0249001_S_1272,AAA薰衣草沐浴露,,20,0,0,0,0,2025-09-09_20:09:01
243140,HYBRIS,,HHS,H0249001_S_1272s-74s,BBB薰衣草身體潔淨旅行套裝,,20,0,0,0,0,2025-09-09_20:09:01
243140,HYBRIS,,HHS,H0249001_S_1274,DDD薰衣草護髮素,,20,0,0,0,0,2025-09-09_20:09:01
243140,HYBRIS,,HHS,H0249001_S_1282s-84s,活花身體潔淨旅行套裝,,20,0,0,0,0,2025-09-09_20:09:01
243140,HYBRIS,,HHS,H0249001_S_1284,活花護髮素,,20,0,0,0,0,2025-09-09_20:09:01
243140,HYBRIS,,HHS,H0249001_S_1292,花露水沐浴露,,20,0,0,0,0,2025-09-09_20:09:01
243140,HYBRIS,,HHS,H0249001_S_1292s-94s,花露水身體潔淨旅行套裝一二三四五六,,20,0,0,0,0,2025-09-09_20:09:01
243140,HYBRIS,,HHS,H0249001_S_1293,花露水洗髮水,,20,0,0,0,0,2025-09-09_20:09:01
243140,HYBRIS,,HHS,H0249001_S_1294,花露水護髮素,,20,0,0,0,0,2025-09-09_20:09:01
243140,HYBRIS,,HHS,H0249001_S_2151,雪花膏,,20,0,0,0,0,2025-09-09_20:09:02
243140,HYBRIS,,HHS,H0249001_S_2152,活花潤手霜,,20,0,0,0,0,2025-09-09_20:09:02
243140,HYBRIS,,HHS,H0249001_S_2157,花露水香皂,,20,0,0,0,0,2025-09-09_20:09:02
243140,HYBRIS,,HHS,H0249001_S_2163,活花爽身粉 (玫瑰花香),,20,0,0,0,0,2025-09-09_20:09:02
243140,HYBRIS,,HHS,H0249001_S_2166,活花香皂,,20,0,0,0,0,2025-09-09_20:09:02
243140,HYBRIS,,HHS,H0249001_S_2167,活花止汗液,,20,0,0,0,0,2025-09-09_20:09:02
243140,HYBRIS,,HHS,H0249001_S_2177,迷你雪花膏,,20,0,0,0,0,2025-09-09_20:09:02
243140,HYBRIS,,HHS,H0249001_S_2181,EEE薰衣草味護髮油,,20,0,0,0,0,2025-09-09_20:09:02
243140,HYBRIS,,HHS,H0249001_S_2182,活花味護髮油  (玫瑰花香),,20,0,0,0,0,2025-09-09_20:09:02
243140,HYBRIS,,HHS,H0249001_S_2186,活花爽身粉 80克 (罐裝)（附柔軟粉撲）,,20,0,0,0,0,2025-09-09_20:09:02
243140,HYBRIS,,HHS,H0249001_S_2187,花露水爽身粉 80克 (罐裝)（附柔軟粉撲）,,20,0,0,0,0,2025-09-09_20:09:02
243140,HYBRIS,,HHS,H0249001_S_2188B,花露水濕紙巾 (20片),,20,0,0,0,0,2025-09-09_20:09:02
243140,HYBRIS,,HHS,H0249001_S_2198,花露水 (200毫升),,20,0,0,0,0,2025-09-09_20:09:02
243140,HYBRIS,,HHS,H0249001_S_2202,花露水 (100毫升),,20,0,0,0,0,2025-09-09_20:09:02
243140,HYBRIS,,HHS,H0249001_S_2204,花露水 (15毫升),,20,0,0,0,0,2025-09-09_20:09:02
243140,HYBRIS,,HHS,H0249001_S_2208,花露水 (10毫升),,20,0,0,0,0,2025-09-09_20:09:02
243140,HYBRIS,,HHS,H0249001_S_2209,花露水膏,,20,0,0,0,0,2025-09-09_20:09:02
243140,HYBRIS,,HHS,H0249001_S_4261,雙妹嚜復古記事簿,,20,0,0,0,0,2025-09-09_20:09:03
243140,HYBRIS,,HHS,H0249001_S_4281,雙妹嚜復古記事簿,,20,0,0,0,0,2025-09-09_20:09:03
243140,HYBRIS,,HHS,H0249001_S_4284,雙妹嚜復古拼圖,,20,0,0,0,0,2025-09-09_20:09:03
243140,HYBRIS,,HHS,H0249001_S_4286,雙妹嚜復古拼圖,,20,0,0,0,0,2025-09-09_20:09:03
243140,HYBRIS,,HHS,H0249001_S_4287,雙妹嚜復古拼圖,,20,0,0,0,0,2025-09-09_20:09:03
243140,HYBRIS,,HHS,H0249001_S_4290,懷舊2R相簿,,20,0,0,0,0,2025-09-09_20:09:03
243140,HYBRIS,,HHS,H0249001_S_4291,懷舊2R相簿,,20,0,0,0,0,2025-09-09_20:09:03
243140,HYBRIS,,HHS,H0249001_S_4292,懷舊2R相簿,,20,0,0,0,0,2025-09-09_20:09:03
243140,HYBRIS,,HHS,H0249001_S_4293,懷舊2R相簿,,20,0,0,0,0,2025-09-09_20:09:03
243140,HYBRIS,,HHS,H0249001_S_8808,馬賽皂 (檸檬),,20,0,0,0,0,2025-09-09_20:09:03
243140,HYBRIS,,HHS,H0249001_S_8809,馬賽皂 (蜜糖),,20,0,0,0,0,2025-09-09_20:09:03
243140,HYBRIS,,HHS,H0249001_S_8810,馬賽皂 (白檀),,20,0,0,0,0,2025-09-09_20:09:03
243140,HYBRIS,,HHS,H0249001_S_KC1100,指甲水,,20,0,0,0,0,2025-09-09_20:09:03
243140,HYBRIS,,HHS,H0249001_S_KC1101,指甲油 (藍紫色系),,20,0,0,0,0,2025-09-09_20:09:03
243140,HYBRIS,,HHS,H0249001_S_KC1102,指甲油 (藍紫色系),,20,0,0,0,0,2025-09-09_20:09:03
243140,HYBRIS,,HHS,H0249001_S_KC1103,指甲油 (藍紫色系),,20,0,0,0,0,2025-09-09_20:09:04
243140,HYBRIS,,HHS,H0249001_S_KC1105,指甲油 (藍紫色系),,20,0,0,0,0,2025-09-09_20:09:04
243140,HYBRIS,,HHS,H0249001_S_KC1106,指甲油 (紅色系),,20,0,0,0,0,2025-09-09_20:09:04
243140,HYBRIS,,HHS,H0249001_S_KC1107,指甲油 (紅色系),,20,0,0,0,0,2025-09-09_20:09:04
243140,HYBRIS,,HHS,H0249001_S_KC1108,指甲油 (紅色系),,20,0,0,0,0,2025-09-09_20:09:04
243140,HYBRIS,,HHS,H0249001_S_KC1112,指甲油 (藍紫色系),,20,0,0,0,0,2025-09-09_20:09:04
243140,HYBRIS,,HHS,H0249001_S_KC1113,指甲油 (紅色系),,20,0,0,0,0,2025-09-09_20:09:04
243140,HYBRIS,,HHS,H0249001_S_KC1116,指甲油 (彩色系),,20,0,0,0,0,2025-09-09_20:09:04
243140,HYBRIS,,HHS,H0249001_S_KC1121,指甲油 (紅色系),,20,0,0,0,0,2025-09-09_20:09:04
243140,HYBRIS,,HHS,H0249001_S_KC1123,指甲油 (紅色系),,20,0,0,0,0,2025-09-09_20:09:04
243140,HYBRIS,,HHS,H0249001_S_KC1124,指甲油 (紅色系),,20,0,0,0,0,2025-09-09_20:09:05
243140,HYBRIS,,HHS,H0249001_S_KC1127,指甲油 (彩色系),,20,0,0,0,0,2025-09-09_20:09:05
243140,HYBRIS,,HHS,H0249001_S_KC1129,指甲油 (彩色系),,20,0,0,0,0,2025-09-09_20:09:05
243140,HYBRIS,,HHS,H0249001_S_KC1130,指甲油 (彩色系),,20,0,0,0,0,2025-09-09_20:09:05
243140,HYBRIS,,HHS,H0249001_S_KC1131,指甲油 (彩色系),,20,0,0,0,0,2025-09-09_20:09:05
243140,HYBRIS,,HHS,H0249001_S_KC1134,指甲油 (紅色系),,20,0,0,0,0,2025-09-09_20:09:05
243140,HYBRIS,,HHS,H0249001_S_KC1137,指甲油 (色號 - 37透明),,20,0,0,0,0,2025-09-09_20:09:05
243140,HYBRIS,,HHS,H0249001_S_KC1139,指甲油 (彩色系),,20,0,0,0,0,2025-09-09_20:09:05
243140,HYBRIS,,HHS,H0249001_S_KC1146,指甲油 (藍紫色系),,20,0,0,0,0,2025-09-09_20:09:06
243140,HYBRIS,,HHS,H0249001_S_KC1148,指甲油 (彩色系),,20,0,0,0,0,2025-09-09_20:09:06
243140,HYBRIS,,HHS,H0249001_S_KC1152,指甲油 (紅色系),,20,0,0,0,0,2025-09-09_20:09:06
243140,HYBRIS,,HHS,H0249001_S_Q004,雙妹綿布袋 (白色),,20,0,0,0,0,2025-09-09_20:09:06
243140,HYBRIS,,HHS,H0249001_S_Q005,雙妹綿布袋 (自然色),,20,0,0,0,0,2025-09-09_20:09:06
243140,HYBRIS,,HHS,H0255001_S_21875,蒜油 250粒,,20,0,0,0,0,2025-09-09_20:09:06
243140,HYBRIS,,HHS,H0255001_S_21942,利筋諾 50粒,,20,0,0,0,0,2025-09-09_20:09:06
243140,HYBRIS,,HHS,H0255001_S_22993,乳薊果 60片,,20,0,0,0,0,2025-09-09_20:09:06
243140,HYBRIS,,HHS,H0255001_S_23452,葡萄籽加強配方 30片,,20,0,0,0,0,2025-09-09_20:09:06
243140,HYBRIS,,HHS,H0255001_S_24008,無腥味魚油1000 200粒,,20,0,0,0,0,2025-09-09_20:09:07
243140,HYBRIS,,HHS,H0255001_S_24177,葉黃素 60粒,,20,0,0,0,0,2025-09-09_20:09:07
243140,HYBRIS,,HHS,H0255001_S_24201,護眼山桑子 30片,,20,0,0,0,0,2025-09-09_20:09:07
243140,HYBRIS,,HHS,H0255001_S_24877,兒童果味魚油丸 30粒,,20,0,0,0,0,2025-09-09_20:09:07
243140,HYBRIS,,HHS,H0255001_S_25067,鋸櫚前列配方 60粒,,20,0,0,0,0,2025-09-09_20:09:07
243140,HYBRIS,,HHS,H0255001_S_25110,亞麻籽油植物奧米加369 100粒,,20,0,0,0,0,2025-09-09_20:09:07
243140,HYBRIS,,HHS,H0255001_S_25207,維他命D3 1000 30粒,,20,0,0,0,0,2025-09-09_20:09:07
243140,HYBRIS,,HHS,H0255001_S_25266,護養關節配方 60粒,,20,0,0,0,0,2025-09-09_20:09:07
243140,HYBRIS,,HHS,H0294001_S_120088,免沖洗保濕護髮乳,,20,0,0,0,0,2025-09-09_20:09:07
243140,HYBRIS,,HHS,H0294001_S_120295,潔淨控油洗髮露,,20,0,0,0,0,2025-09-09_20:09:07
243140,HYBRIS,,HHS,H0294001_S_120533,波浪捲髮精華露波浪捲髮精華露波浪捲髮精華露波浪捲髮精華露,,20,0,0,0,0,2025-09-09_20:09:07
243140,HYBRIS,,HHS,H0318002_S_812719,有機矢車菊花水 200ml,,20,0,0,0,0,2025-09-09_20:09:07
243140,HYBRIS,,HHS,H0318002_S_812724,有機大馬士革玫瑰花水 200ml,,20,0,0,0,0,2025-09-09_20:09:07
243140,HYBRIS,,HHS,H0318002_S_852974,有機3重蜂蜜潤澤身體乳霜 150ml,,20,0,0,0,0,2025-09-09_20:09:08
243140,HYBRIS,,HHS,H0318002_S_855281,有機3重蜂蜜潤澤身體磨砂 150g,,20,0,0,0,0,2025-09-09_20:09:08
243140,HYBRIS,,HHS,H0318002_S_861153,有機日用洗髮水 500ml,,20,0,0,0,0,2025-09-09_20:09:08
243140,HYBRIS,,HHS,H0318002_S_86Z0004,有機防敏香體露 50ml,,20,0,0,0,0,2025-09-09_20:09:08
243140,HYBRIS,,HHS,H0318002_S_86Z0005,有機乳木果油護髮素 150ml,,20,0,0,0,0,2025-09-09_20:09:08
243140,HYBRIS,,HHS,H0539001_S_50159,Royal Touch 敏感肌適用產後專用衛生巾 L碼 (5片/包),,20,0,0,0,0,2025-09-09_20:09:08
243151,HYBRIS,,WFS,H0249001_S_1274,DDD薰衣草護髮素,,15,15,0,0,0,2025-09-09_23:40:02
243151,HYBRIS,,WFS,H0249001_S_2151,雪花膏,,5,5,0,0,0,2025-09-09_23:40:02
243151,HYBRIS,,WFS,H0249001_S_4290,懷舊2R相簿,,5,5,0,0,0,2025-09-09_23:40:03
243151,HYBRIS,,WFS,H0249001_S_KC1139,指甲油 (彩色系),,5,5,0,0,0,2025-09-09_23:40:06
243151,HYBRIS,,WFS,H0318002_S_812724,有機大馬士革玫瑰花水 200ml,,10,10,0,0,0,2025-09-09_23:40:09
243151,HYBRIS,,WFS,H0318002_S_855281,有機3重蜂蜜潤澤身體磨砂 150g,,10,10,0,0,0,2025-09-09_23:40:09
243151,HYBRIS,,WFS,H0318002_S_86Z0005,有機乳木果油護髮素 150ml,,5,5,0,0,0,2025-09-09_23:40:10
243151,HYBRIS,,WFS,H0888001_S_10005984,豬骨火鍋上湯,,105,105,0,0,0,2025-09-09_23:40:10
243151,HYBRIS,,WFS,H0888001_S_10005985,黑胡椒豬骨火鍋上湯,,15,15,0,0,0,2025-09-09_23:40:10
243164,HYBRIS,,TWS,H0859001_S_OS-620,uPure 2 潔淨濾水器2,,440,440,0,0,0,2025-09-10_00:00:01
243168,IMAX_STACKING,FROZEN,COB,H0888001_S_10022875,美國特選牛肩胛肥牛片 (急凍),IS00071792,520,520,0,0,0,2025-09-10_00:00:01
243168,IMAX_STACKING,FROZEN,COB,H0888001_S_10012511,西班牙咸豬手,IS00071792,1610,1610,0,0,0,2025-09-10_00:00:01
243168,IMAX_STACKING,FROZEN,COB,H0888001_S_10011849,美國大西洋野生響螺頭 M (急凍),IS00071792,3000,3000,0,0,0,2025-09-10_00:00:01
243170,IMAX_STACKING,DRY,COB,H0888001_S_10009610,湖池屋激辣魔薯香辣芝士味薯片,IS00071793,120,120,0,0,0,2025-09-10_00:00:01
243168,IMAX_STACKING,FROZEN,COB,H0888001_S_10011848,日本煮食用帶子急凍急凍,IS00071792,990,990,0,0,0,2025-09-10_00:00:01
243170,IMAX_STACKING,DRY,COB,H0859001_S_OS-620,uPure 2 潔淨濾水器2,IS00071793,65,65,0,0,0,2025-09-10_00:00:01
243170,IMAX_STACKING,DRY,COB,H0888001_S_10002195,大樽生啤 (日本版),IS00071793,72,72,0,0,0,2025-09-10_00:00:02
243170,IMAX_STACKING,DRY,COB,H0888001_S_10004262,烏龍茶,IS00071793,168,168,0,0,0,2025-09-10_00:00:02
243172,HYBRIS,,COB,H0888001_S_10009135,藍梅寒天果凍糖,,1212,1212,0,0,0,2025-09-10_00:01:00
243172,HYBRIS,,COB,H0888001_S_10009139,蜂蜜檸檬寒天果凍糖,,1308,1308,0,0,0,2025-09-10_00:01:00
243172,HYBRIS,,COB,H0888001_S_10009151,什錦軟糖,,1420,1420,0,0,0,2025-09-10_00:01:00
243175,HYBRIS,,HHS,H0888001_S_10012012,Bibigo 鮮嫩雞肉迷你水餃 (急凍),,64,0,0,0,0,2025-09-10_06:45:00
243180,HYBRIS,,CLS,H0888001_S_10007313,滋潤保濕乳霜,,444,0,0,0,0,2025-09-10_10:09:00
243181,IMAX_STACKING,DRY,CLS,H0888001_S_10002195,大樽生啤 (日本版),IS00071797,12,0,0,0,0,2025-09-10_10:22:00
243182,HYBRIS,,STS,H0888001_S_10012783,巴西牛胸腩粒 (急凍),,792,0,0,0,0,2025-09-10_10:32:00
243183,HYBRIS,,CLS,H0888001_S_10133455,澳洲和牛漢堡扒 (急凍),,1020,0,0,0,0,2025-09-10_10:38:00
243183,HYBRIS,,CLS,H0888001_S_10133940,(澳洲直送!) 澳洲穀飼西冷牛扒 (2塊裝) (急凍),,1000,0,0,0,0,2025-09-10_10:38:00
243183,HYBRIS,,CLS,H0888001_S_10133453,澳洲M4+ 和牛西冷牛扒 (急凍),,330,0,0,0,0,2025-09-10_10:38:00
243183,HYBRIS,,CLS,H0888001_S_10018534,澳洲海參(禿參，又名花刺參) (急凍),,408,0,0,0,0,2025-09-10_10:38:00
243187,HYBRIS,,STS,H0249001_S_1272s-74s,BBB薰衣草身體潔淨旅行套裝,,210,0,0,0,0,2025-09-10_11:08:01
243187,HYBRIS,,STS,H0249001_S_1273,CCC薰衣草洗髮水,,140,0,0,0,0,2025-09-10_11:08:01
243187,HYBRIS,,STS,H0249001_S_1274,DDD薰衣草護髮素,,210,0,0,0,0,2025-09-10_11:08:01
243187,HYBRIS,,STS,H0249001_S_1282s-84s,活花身體潔淨旅行套裝,,210,0,0,0,0,2025-09-10_11:08:02
243187,HYBRIS,,STS,H0249001_S_1284,活花護髮素,,210,0,0,0,0,2025-09-10_11:08:02
243187,HYBRIS,,STS,H0249001_S_1292,花露水沐浴露,,210,0,0,0,0,2025-09-10_11:08:02
243187,HYBRIS,,STS,H0249001_S_1292s-94s,花露水身體潔淨旅行套裝一二三四五六,,210,0,0,0,0,2025-09-10_11:08:02
243187,HYBRIS,,STS,H0249001_S_1293,花露水洗髮水,,210,0,0,0,0,2025-09-10_11:08:02
243187,HYBRIS,,STS,H0249001_S_1294,花露水護髮素,,210,0,0,0,0,2025-09-10_11:08:02
243187,HYBRIS,,STS,H0249001_S_2151,雪花膏,,210,0,0,0,0,2025-09-10_11:08:02
243187,HYBRIS,,STS,H0249001_S_2152,活花潤手霜,,210,0,0,0,0,2025-09-10_11:08:02
243187,HYBRIS,,STS,H0249001_S_2157,花露水香皂,,210,0,0,0,0,2025-09-10_11:08:02
243187,HYBRIS,,STS,H0249001_S_2163,活花爽身粉 (玫瑰花香),,210,0,0,0,0,2025-09-10_11:08:02
243187,HYBRIS,,STS,H0249001_S_2166,活花香皂,,210,0,0,0,0,2025-09-10_11:08:02
243187,HYBRIS,,STS,H0249001_S_2167,活花止汗液,,210,0,0,0,0,2025-09-10_11:08:02
243187,HYBRIS,,STS,H0249001_S_2177,迷你雪花膏,,210,0,0,0,0,2025-09-10_11:08:02
243187,HYBRIS,,STS,H0249001_S_2181,EEE薰衣草味護髮油,,210,0,0,0,0,2025-09-10_11:08:02
243187,HYBRIS,,STS,H0249001_S_2182,活花味護髮油  (玫瑰花香),,210,0,0,0,0,2025-09-10_11:08:02
243187,HYBRIS,,STS,H0249001_S_2186,活花爽身粉 80克 (罐裝)（附柔軟粉撲）,,210,0,0,0,0,2025-09-10_11:08:02
243187,HYBRIS,,STS,H0249001_S_2187,花露水爽身粉 80克 (罐裝)（附柔軟粉撲）,,210,0,0,0,0,2025-09-10_11:08:03
243187,HYBRIS,,STS,H0249001_S_2188B,花露水濕紙巾 (20片),,210,0,0,0,0,2025-09-10_11:08:03
243187,HYBRIS,,STS,H0249001_S_2198,花露水 (200毫升),,210,0,0,0,0,2025-09-10_11:08:03
243187,HYBRIS,,STS,H0249001_S_2202,花露水 (100毫升),,210,0,0,0,0,2025-09-10_11:08:03
243187,HYBRIS,,STS,H0249001_S_2204,花露水 (15毫升),,210,0,0,0,0,2025-09-10_11:08:03
243187,HYBRIS,,STS,H0249001_S_2208,花露水 (10毫升),,210,0,0,0,0,2025-09-10_11:08:03
243187,HYBRIS,,STS,H0249001_S_2209,花露水膏,,210,0,0,0,0,2025-09-10_11:08:03
243187,HYBRIS,,STS,H0249001_S_4261,雙妹嚜復古記事簿,,210,0,0,0,0,2025-09-10_11:08:03
243187,HYBRIS,,STS,H0249001_S_4281,雙妹嚜復古記事簿,,210,0,0,0,0,2025-09-10_11:08:03
243187,HYBRIS,,STS,H0249001_S_4284,雙妹嚜復古拼圖,,210,0,0,0,0,2025-09-10_11:08:03
243187,HYBRIS,,STS,H0249001_S_4286,雙妹嚜復古拼圖,,210,0,0,0,0,2025-09-10_11:08:03
243187,HYBRIS,,STS,H0249001_S_4287,雙妹嚜復古拼圖,,210,0,0,0,0,2025-09-10_11:08:03
243187,HYBRIS,,STS,H0249001_S_4290,懷舊2R相簿,,210,0,0,0,0,2025-09-10_11:08:04
243187,HYBRIS,,STS,H0249001_S_4291,懷舊2R相簿,,210,0,0,0,0,2025-09-10_11:08:04
243187,HYBRIS,,STS,H0249001_S_4292,懷舊2R相簿,,210,0,0,0,0,2025-09-10_11:08:04
243187,HYBRIS,,STS,H0249001_S_4293,懷舊2R相簿,,210,0,0,0,0,2025-09-10_11:08:04
243187,HYBRIS,,STS,H0249001_S_4315,雙妹嚜黑色環保袋,,210,0,0,0,0,2025-09-10_11:08:04
243187,HYBRIS,,STS,H0249001_S_8808,馬賽皂 (檸檬),,210,0,0,0,0,2025-09-10_11:08:04
243187,HYBRIS,,STS,H0249001_S_8809,馬賽皂 (蜜糖),,210,0,0,0,0,2025-09-10_11:08:04
243187,HYBRIS,,STS,H0249001_S_8810,馬賽皂 (白檀),,210,0,0,0,0,2025-09-10_11:08:04
243187,HYBRIS,,STS,H0249001_S_KC1100,指甲水,,210,0,0,0,0,2025-09-10_11:08:04
243187,HYBRIS,,STS,H0249001_S_KC1101,指甲油 (藍紫色系),,210,0,0,0,0,2025-09-10_11:08:05
243187,HYBRIS,,STS,H0249001_S_KC1102,指甲油 (藍紫色系),,210,0,0,0,0,2025-09-10_11:08:05
243187,HYBRIS,,STS,H0249001_S_KC1103,指甲油 (藍紫色系),,210,0,0,0,0,2025-09-10_11:08:05
243187,HYBRIS,,STS,H0249001_S_KC1105,指甲油 (藍紫色系),,210,0,0,0,0,2025-09-10_11:08:05
243187,HYBRIS,,STS,H0249001_S_KC1106,指甲油 (紅色系),,210,0,0,0,0,2025-09-10_11:08:05
243187,HYBRIS,,STS,H0249001_S_KC1107,指甲油 (紅色系),,210,0,0,0,0,2025-09-10_11:08:05
243187,HYBRIS,,STS,H0249001_S_KC1108,指甲油 (紅色系),,210,0,0,0,0,2025-09-10_11:08:05
243187,HYBRIS,,STS,H0249001_S_KC1112,指甲油 (藍紫色系),,210,0,0,0,0,2025-09-10_11:08:05
243187,HYBRIS,,STS,H0249001_S_KC1113,指甲油 (紅色系),,210,0,0,0,0,2025-09-10_11:08:05
243187,HYBRIS,,STS,H0249001_S_KC1116,指甲油 (彩色系),,210,0,0,0,0,2025-09-10_11:08:06
243187,HYBRIS,,STS,H0249001_S_KC1121,指甲油 (紅色系),,210,0,0,0,0,2025-09-10_11:08:06
243187,HYBRIS,,STS,H0249001_S_KC1123,指甲油 (紅色系),,210,0,0,0,0,2025-09-10_11:08:06
243187,HYBRIS,,STS,H0249001_S_KC1124,指甲油 (紅色系),,210,0,0,0,0,2025-09-10_11:08:07
243187,HYBRIS,,STS,H0249001_S_KC1127,指甲油 (彩色系),,210,0,0,0,0,2025-09-10_11:08:07
243187,HYBRIS,,STS,H0249001_S_KC1129,指甲油 (彩色系),,210,0,0,0,0,2025-09-10_11:08:07
243187,HYBRIS,,STS,H0249001_S_KC1130,指甲油 (彩色系),,210,0,0,0,0,2025-09-10_11:08:07
243187,HYBRIS,,STS,H0249001_S_KC1131,指甲油 (彩色系),,210,0,0,0,0,2025-09-10_11:08:07
243187,HYBRIS,,STS,H0249001_S_KC1134,指甲油 (紅色系),,210,0,0,0,0,2025-09-10_11:08:07
243187,HYBRIS,,STS,H0249001_S_KC1137,指甲油 (色號 - 37透明),,210,0,0,0,0,2025-09-10_11:08:08
243187,HYBRIS,,STS,H0249001_S_KC1139,指甲油 (彩色系),,210,0,0,0,0,2025-09-10_11:08:08
243187,HYBRIS,,STS,H0249001_S_KC1146,指甲油 (藍紫色系),,210,0,0,0,0,2025-09-10_11:08:08
243187,HYBRIS,,STS,H0249001_S_KC1148,指甲油 (彩色系),,210,0,0,0,0,2025-09-10_11:08:08
243187,HYBRIS,,STS,H0249001_S_KC1152,指甲油 (紅色系),,210,0,0,0,0,2025-09-10_11:08:08
243187,HYBRIS,,STS,H0249001_S_Q004,雙妹綿布袋 (白色),,210,0,0,0,0,2025-09-10_11:08:08
243187,HYBRIS,,STS,H0249001_S_Q005,雙妹綿布袋 (自然色),,210,0,0,0,0,2025-09-10_11:08:08
243187,HYBRIS,,STS,H0255001_S_21875,蒜油 250粒,,210,0,0,0,0,2025-09-10_11:08:08
243187,HYBRIS,,STS,H0255001_S_21942,利筋諾 50粒,,210,0,0,0,0,2025-09-10_11:08:08
243187,HYBRIS,,STS,H0255001_S_22993,乳薊果 60片,,210,0,0,0,0,2025-09-10_11:08:08
243187,HYBRIS,,STS,H0255001_S_23452,葡萄籽加強配方 30片,,210,0,0,0,0,2025-09-10_11:08:09
243187,HYBRIS,,STS,H0255001_S_24008,無腥味魚油1000 200粒,,210,0,0,0,0,2025-09-10_11:08:09
243187,HYBRIS,,STS,H0255001_S_24177,葉黃素 60粒,,210,0,0,0,0,2025-09-10_11:08:09
243187,HYBRIS,,STS,H0255001_S_24201,護眼山桑子 30片,,210,0,0,0,0,2025-09-10_11:08:09
243187,HYBRIS,,STS,H0255001_S_24877,兒童果味魚油丸 30粒,,210,0,0,0,0,2025-09-10_11:08:09
243187,HYBRIS,,STS,H0255001_S_25067,鋸櫚前列配方 60粒,,210,0,0,0,0,2025-09-10_11:08:09
243187,HYBRIS,,STS,H0255001_S_25110,亞麻籽油植物奧米加369 100粒,,210,0,0,0,0,2025-09-10_11:08:09
243187,HYBRIS,,STS,H0255001_S_25207,維他命D3 1000 30粒,,210,0,0,0,0,2025-09-10_11:08:09
243187,HYBRIS,,STS,H0255001_S_25266,護養關節配方 60粒,,210,0,0,0,0,2025-09-10_11:08:09
243187,HYBRIS,,STS,H0294001_S_120088,免沖洗保濕護髮乳,,210,0,0,0,0,2025-09-10_11:08:09
243187,HYBRIS,,STS,H0294001_S_120295,潔淨控油洗髮露,,210,0,0,0,0,2025-09-10_11:08:09
243187,HYBRIS,,STS,H0294001_S_120533,波浪捲髮精華露波浪捲髮精華露波浪捲髮精華露波浪捲髮精華露,,210,0,0,0,0,2025-09-10_11:08:09
243187,HYBRIS,,STS,H0318002_S_812719,有機矢車菊花水 200ml,,210,0,0,0,0,2025-09-10_11:08:09
243187,HYBRIS,,STS,H0318002_S_812724,有機大馬士革玫瑰花水 200ml,,210,0,0,0,0,2025-09-10_11:08:10
243187,HYBRIS,,STS,H0318002_S_852974,有機3重蜂蜜潤澤身體乳霜 150ml,,210,0,0,0,0,2025-09-10_11:08:10
243187,HYBRIS,,STS,H0318002_S_855281,有機3重蜂蜜潤澤身體磨砂 150g,,210,0,0,0,0,2025-09-10_11:08:10
243187,HYBRIS,,STS,H0318002_S_861153,有機日用洗髮水 500ml,,210,0,0,0,0,2025-09-10_11:08:10
243187,HYBRIS,,STS,H0318002_S_86Z0004,有機防敏香體露 50ml,,210,0,0,0,0,2025-09-10_11:08:10
243187,HYBRIS,,STS,H0318002_S_86Z0005,有機乳木果油護髮素 150ml,,210,0,0,0,0,2025-09-10_11:08:10
243187,HYBRIS,,STS,H0539001_S_50159,Royal Touch 敏感肌適用產後專用衛生巾 L碼 (5片/包),,210,0,0,0,0,2025-09-10_11:08:10
243187,HYBRIS,,STS,H0888001_S_10004619,特級魚露,,125,0,0,0,0,2025-09-10_11:08:10
243187,HYBRIS,,STS,H0888001_S_10004625,南乳,,120,0,0,0,0,2025-09-10_11:08:10
243187,HYBRIS,,STS,H0888001_S_10004645,爽口榨菜絲,,130,0,0,0,0,2025-09-10_11:08:10
243187,HYBRIS,,STS,H0888001_S_10004653,陳醋蕎頭,,30,0,0,0,0,2025-09-10_11:08:10
243187,HYBRIS,,STS,H0888001_S_10004654,甜酸蕎頭,,30,0,0,0,0,2025-09-10_11:08:10
243187,HYBRIS,,STS,H0888001_S_10004666,鮑汁靈芝菇片,,120,0,0,0,0,2025-09-10_11:08:10
243187,HYBRIS,,STS,H0888001_S_10005984,豬骨火鍋上湯,,170,0,0,0,0,2025-09-10_11:08:11
243187,HYBRIS,,STS,H0888001_S_10005986,醉雞火鍋上湯,,170,0,0,0,0,2025-09-10_11:08:11
243187,HYBRIS,,STS,H0888001_S_10007891,洋蔥南瓜馬鈴薯片,,125,0,0,0,0,2025-09-10_11:08:11
243187,HYBRIS,,STS,H0888001_S_10009135,藍梅寒天果凍糖,,125,0,0,0,0,2025-09-10_11:08:11
243187,HYBRIS,,STS,H0888001_S_10009139,蜂蜜檸檬寒天果凍糖,,125,0,0,0,0,2025-09-10_11:08:11
243187,HYBRIS,,STS,H0888001_S_10009151,什錦軟糖,,140,0,0,0,0,2025-09-10_11:08:11
243187,HYBRIS,,STS,H0888001_S_10009386,北海道扇貝味薯片,,125,0,0,0,0,2025-09-10_11:08:11
243187,HYBRIS,,STS,H0888001_S_10009388,酥餅 (黑朱古力),,130,0,0,0,0,2025-09-10_11:08:11
243187,HYBRIS,,STS,H0888001_S_10009609,星球大戰系列珍寶珠 (隨機派送),,125,0,0,0,0,2025-09-10_11:08:11
243187,HYBRIS,,STS,H0888001_S_10009610,湖池屋激辣魔薯香辣芝士味薯片,,135,0,0,0,0,2025-09-10_11:08:11
243187,HYBRIS,,STS,H0888001_S_10011987,好ｅ食 - 白汁煙肉磨菇意粉 (急凍),,125,0,0,0,0,2025-09-10_11:08:12
243187,HYBRIS,,STS,H0888001_S_10018925,白風船米餅-牛奶忌廉味,,125,0,0,0,0,2025-09-10_11:08:12
243187,HYBRIS,,STS,H0888001_S_10022686,猴頭菇雪耳百合潤肺湯,,120,0,0,0,0,2025-09-10_11:08:12
243189,HYBRIS,,WFS,H0888001_S_10012013,Bibigo 韓式傳統脆皮煎餃 (急凍),,150,150,0,0,0,2025-09-10_11:25:00
243193,HYBRIS,,CLS,H0888001_S_10007313,滋潤保濕乳霜,,12,0,0,0,0,2025-09-10_11:42:00
243194,IMAX_KERRY,,CLS,H0888001_S_10012777,紐西蘭帶骨羊仔腩 (急凍),IM00071804,40,40,40,0,0,2025-09-10_11:44:00
243202,HYBRIS,,TWS,H0888001_S_10008283,燕麥脆條 - 蜜糖★燕麥,,36,36,0,0,0,2025-09-10_13:00:00
243208,IMAX_KERRY,,CLS,H0888001_S_10012783,巴西牛胸腩粒 (急凍),IM00071806,784,0,0,0,0,2025-09-10_13:32:00
243209,IMAX_KERRY,,MCS,H0888001_S_10012783,巴西牛胸腩粒 (急凍),IM00071807,24,0,0,0,0,2025-09-10_13:37:00
243210,HYBRIS,,LPS,H0888001_S_10012783,巴西牛胸腩粒 (急凍),,8,8,0,0,0,2025-09-10_13:49:00
243214,IMAX_KERRY,,SHS,H0888001_S_10012783,巴西牛胸腩粒 (急凍),IM00071809,786,0,0,0,0,2025-09-10_14:09:00
243215,HYBRIS,,CLS,H0888001_S_10004649,辣香蘿蔔,,2900,0,0,0,0,2025-09-10_14:19:00
243215,HYBRIS,,CLS,H0888001_S_10007313,滋潤保濕乳霜,,27,0,0,0,0,2025-09-10_14:19:00
243228,IMAX_KERRY,FROZEN,HHS,H0888001_S_10012023,韓式蜜檸脆雞 (急凍),IM00071811,5000,5000,5000,0,0,2025-09-10_15:17:00
243235,IMAX_KERRY,,RRS,H0888001_S_10015773,廣東鮮蝦雲吞皇10粒裝一二三四五六七八九十一二三四五六七八九十一二三四五六七八九十,IM00071812,10,12,12,0,0,2025-09-10_16:39:00
243236,HYBRIS,,CLS,H0888001_S_10007313,滋潤保濕乳霜,,108,0,0,0,0,2025-09-10_16:41:00
243239,HYBRIS,,RRS,H0888001_S_10018534,澳洲海參(禿參，又名花刺參) (急凍),,96,0,0,0,0,2025-09-10_16:50:00
243240,IMAX_KERRY,,WSH,H0888001_S_10012777,紐西蘭帶骨羊仔腩 (急凍),IM00071815,520,520,520,0,0,2025-09-10_16:54:00
243240,IMAX_KERRY,,WSH,H0888001_S_10012783,巴西牛胸腩粒 (急凍),IM00071815,786,0,0,0,0,2025-09-10_16:54:00
243245,IMAX_STACKING,CHILLED,CLS,H0888001_S_10012783,巴西牛胸腩粒 (急凍),IS00071816,5000,0,0,0,0,2025-09-10_17:10:00
243246,IMAX_STACKING,DRY,CLS,H0255001_S_25116,健腦高濃度深海魚油 60粒,IS00071817,290,0,0,0,0,2025-09-10_17:10:00
243247,IMAX_KERRY,,RRS,H0888001_S_10015773,廣東鮮蝦雲吞皇10粒裝一二三四五六七八九十一二三四五六七八九十一二三四五六七八九十,IM00071818,1500,1500,1500,0,0,2025-09-10_17:19:00
243248,IMAX_KERRY,DRY,SHS,H0888001_S_10020549,殺菌濕紙巾,IM00071819,890,900,900,0,0,2025-09-10_17:30:00
243248,IMAX_KERRY,DRY,SHS,H0888001_S_10015773,廣東鮮蝦雲吞皇10粒裝一二三四五六七八九十一二三四五六七八九十一二三四五六七八九十,IM00071819,888,888,888,0,0,2025-09-10_17:30:00
243248,IMAX_KERRY,DRY,SHS,H0888001_S_10009357,味付御海苔 - 泡菜味,IM00071819,456,456,456,0,0,2025-09-10_17:30:00
243249,HYBRIS,,CLS,H0249001_S_1272s-74s,BBB薰衣草身體潔淨旅行套裝,,110,0,0,0,0,2025-09-10_17:40:01
243249,HYBRIS,,CLS,H0249001_S_1274,DDD薰衣草護髮素,,10,0,0,0,0,2025-09-10_17:40:02
243249,HYBRIS,,CLS,H0249001_S_1282s-84s,活花身體潔淨旅行套裝,,110,0,0,0,0,2025-09-10_17:40:02
243249,HYBRIS,,CLS,H0249001_S_1284,活花護髮素,,110,0,0,0,0,2025-09-10_17:40:02
243249,HYBRIS,,CLS,H0249001_S_1292,花露水沐浴露,,110,0,0,0,0,2025-09-10_17:40:02
243249,HYBRIS,,CLS,H0249001_S_1292s-94s,花露水身體潔淨旅行套裝一二三四五六,,110,0,0,0,0,2025-09-10_17:40:02
243249,HYBRIS,,CLS,H0249001_S_1293,花露水洗髮水,,110,0,0,0,0,2025-09-10_17:40:02
243249,HYBRIS,,CLS,H0249001_S_1294,花露水護髮素,,110,0,0,0,0,2025-09-10_17:40:02
243249,HYBRIS,,CLS,H0249001_S_2151,雪花膏,,120,0,0,0,0,2025-09-10_17:40:02
243249,HYBRIS,,CLS,H0249001_S_2152,活花潤手霜,,110,0,0,0,0,2025-09-10_17:40:02
243249,HYBRIS,,CLS,H0249001_S_2157,花露水香皂,,10,0,0,0,0,2025-09-10_17:40:02
243249,HYBRIS,,CLS,H0249001_S_2163,活花爽身粉 (玫瑰花香),,120,0,0,0,0,2025-09-10_17:40:02
243249,HYBRIS,,CLS,H0249001_S_2166,活花香皂,,120,0,0,0,0,2025-09-10_17:40:03
243249,HYBRIS,,CLS,H0249001_S_2167,活花止汗液,,120,0,0,0,0,2025-09-10_17:40:03
243249,HYBRIS,,CLS,H0249001_S_2177,迷你雪花膏,,110,0,0,0,0,2025-09-10_17:40:03
243249,HYBRIS,,CLS,H0249001_S_2181,EEE薰衣草味護髮油,,110,0,0,0,0,2025-09-10_17:40:03
243249,HYBRIS,,CLS,H0249001_S_2182,活花味護髮油  (玫瑰花香),,110,0,0,0,0,2025-09-10_17:40:03
243249,HYBRIS,,CLS,H0249001_S_2186,活花爽身粉 80克 (罐裝)（附柔軟粉撲）,,110,0,0,0,0,2025-09-10_17:40:03
243249,HYBRIS,,CLS,H0249001_S_2187,花露水爽身粉 80克 (罐裝)（附柔軟粉撲）,,110,0,0,0,0,2025-09-10_17:40:03
243249,HYBRIS,,CLS,H0249001_S_2188B,花露水濕紙巾 (20片),,110,0,0,0,0,2025-09-10_17:40:03
243249,HYBRIS,,CLS,H0249001_S_2198,花露水 (200毫升),,110,0,0,0,0,2025-09-10_17:40:03
243249,HYBRIS,,CLS,H0249001_S_2202,花露水 (100毫升),,110,0,0,0,0,2025-09-10_17:40:03
243249,HYBRIS,,CLS,H0249001_S_2204,花露水 (15毫升),,110,0,0,0,0,2025-09-10_17:40:03
243249,HYBRIS,,CLS,H0249001_S_2208,花露水 (10毫升),,110,0,0,0,0,2025-09-10_17:40:03
243249,HYBRIS,,CLS,H0249001_S_2209,花露水膏,,110,0,0,0,0,2025-09-10_17:40:03
243249,HYBRIS,,CLS,H0249001_S_4261,雙妹嚜復古記事簿,,110,0,0,0,0,2025-09-10_17:40:03
243249,HYBRIS,,CLS,H0249001_S_4281,雙妹嚜復古記事簿,,110,0,0,0,0,2025-09-10_17:40:03
243249,HYBRIS,,CLS,H0249001_S_4284,雙妹嚜復古拼圖,,110,0,0,0,0,2025-09-10_17:40:04
243249,HYBRIS,,CLS,H0249001_S_4286,雙妹嚜復古拼圖,,110,0,0,0,0,2025-09-10_17:40:04
243249,HYBRIS,,CLS,H0249001_S_4287,雙妹嚜復古拼圖,,110,0,0,0,0,2025-09-10_17:40:04
243249,HYBRIS,,CLS,H0249001_S_4290,懷舊2R相簿,,110,0,0,0,0,2025-09-10_17:40:04
243249,HYBRIS,,CLS,H0249001_S_4291,懷舊2R相簿,,110,0,0,0,0,2025-09-10_17:40:04
243249,HYBRIS,,CLS,H0249001_S_4292,懷舊2R相簿,,110,0,0,0,0,2025-09-10_17:40:04
243249,HYBRIS,,CLS,H0249001_S_4293,懷舊2R相簿,,110,0,0,0,0,2025-09-10_17:40:04
243249,HYBRIS,,CLS,H0249001_S_4315,雙妹嚜黑色環保袋,,110,0,0,0,0,2025-09-10_17:40:04
243249,HYBRIS,,CLS,H0249001_S_8808,馬賽皂 (檸檬),,110,0,0,0,0,2025-09-10_17:40:04
243249,HYBRIS,,CLS,H0249001_S_8809,馬賽皂 (蜜糖),,110,0,0,0,0,2025-09-10_17:40:04
243249,HYBRIS,,CLS,H0249001_S_8810,馬賽皂 (白檀),,110,0,0,0,0,2025-09-10_17:40:04
243249,HYBRIS,,CLS,H0249001_S_KC1100,指甲水,,110,0,0,0,0,2025-09-10_17:40:04
243249,HYBRIS,,CLS,H0249001_S_KC1101,指甲油 (藍紫色系),,110,0,0,0,0,2025-09-10_17:40:05
243249,HYBRIS,,CLS,H0249001_S_KC1102,指甲油 (藍紫色系),,110,0,0,0,0,2025-09-10_17:40:05
243249,HYBRIS,,CLS,H0249001_S_KC1103,指甲油 (藍紫色系),,110,0,0,0,0,2025-09-10_17:40:05
243249,HYBRIS,,CLS,H0249001_S_KC1105,指甲油 (藍紫色系),,110,0,0,0,0,2025-09-10_17:40:05
243249,HYBRIS,,CLS,H0249001_S_KC1106,指甲油 (紅色系),,110,0,0,0,0,2025-09-10_17:40:05
243249,HYBRIS,,CLS,H0249001_S_KC1107,指甲油 (紅色系),,110,0,0,0,0,2025-09-10_17:40:05
243249,HYBRIS,,CLS,H0249001_S_KC1108,指甲油 (紅色系),,110,0,0,0,0,2025-09-10_17:40:05
243249,HYBRIS,,CLS,H0249001_S_KC1112,指甲油 (藍紫色系),,110,0,0,0,0,2025-09-10_17:40:05
243249,HYBRIS,,CLS,H0249001_S_KC1113,指甲油 (紅色系),,110,0,0,0,0,2025-09-10_17:40:05
243249,HYBRIS,,CLS,H0249001_S_KC1116,指甲油 (彩色系),,110,0,0,0,0,2025-09-10_17:40:05
243249,HYBRIS,,CLS,H0249001_S_KC1121,指甲油 (紅色系),,110,0,0,0,0,2025-09-10_17:40:05
243249,HYBRIS,,CLS,H0249001_S_KC1123,指甲油 (紅色系),,110,0,0,0,0,2025-09-10_17:40:06
243249,HYBRIS,,CLS,H0249001_S_KC1124,指甲油 (紅色系),,110,0,0,0,0,2025-09-10_17:40:06
243249,HYBRIS,,CLS,H0249001_S_KC1127,指甲油 (彩色系),,110,0,0,0,0,2025-09-10_17:40:06
243249,HYBRIS,,CLS,H0249001_S_KC1129,指甲油 (彩色系),,110,0,0,0,0,2025-09-10_17:40:06
243249,HYBRIS,,CLS,H0249001_S_KC1130,指甲油 (彩色系),,110,0,0,0,0,2025-09-10_17:40:06
243249,HYBRIS,,CLS,H0249001_S_KC1131,指甲油 (彩色系),,110,0,0,0,0,2025-09-10_17:40:06
243249,HYBRIS,,CLS,H0249001_S_KC1134,指甲油 (紅色系),,110,0,0,0,0,2025-09-10_17:40:06
243249,HYBRIS,,CLS,H0249001_S_KC1137,指甲油 (色號 - 37透明),,110,0,0,0,0,2025-09-10_17:40:06
243249,HYBRIS,,CLS,H0249001_S_KC1139,指甲油 (彩色系),,110,0,0,0,0,2025-09-10_17:40:06
243249,HYBRIS,,CLS,H0249001_S_KC1146,指甲油 (藍紫色系),,110,0,0,0,0,2025-09-10_17:40:06
243249,HYBRIS,,CLS,H0249001_S_KC1148,指甲油 (彩色系),,110,0,0,0,0,2025-09-10_17:40:07
243249,HYBRIS,,CLS,H0249001_S_KC1152,指甲油 (紅色系),,110,0,0,0,0,2025-09-10_17:40:07
243249,HYBRIS,,CLS,H0249001_S_Q004,雙妹綿布袋 (白色),,110,0,0,0,0,2025-09-10_17:40:07
243249,HYBRIS,,CLS,H0249001_S_Q005,雙妹綿布袋 (自然色),,110,0,0,0,0,2025-09-10_17:40:07
243249,HYBRIS,,CLS,H0255001_S_21875,蒜油 250粒,,110,0,0,0,0,2025-09-10_17:40:07
243249,HYBRIS,,CLS,H0255001_S_21942,利筋諾 50粒,,110,0,0,0,0,2025-09-10_17:40:07
243249,HYBRIS,,CLS,H0255001_S_22993,乳薊果 60片,,110,0,0,0,0,2025-09-10_17:40:07
243249,HYBRIS,,CLS,H0255001_S_23452,葡萄籽加強配方 30片,,110,0,0,0,0,2025-09-10_17:40:07
243249,HYBRIS,,CLS,H0255001_S_24008,無腥味魚油1000 200粒,,110,0,0,0,0,2025-09-10_17:40:07
243249,HYBRIS,,CLS,H0255001_S_24177,葉黃素 60粒,,110,0,0,0,0,2025-09-10_17:40:07
243249,HYBRIS,,CLS,H0255001_S_24201,護眼山桑子 30片,,110,0,0,0,0,2025-09-10_17:40:07
243249,HYBRIS,,CLS,H0255001_S_24877,兒童果味魚油丸 30粒,,110,0,0,0,0,2025-09-10_17:40:08
243249,HYBRIS,,CLS,H0255001_S_25067,鋸櫚前列配方 60粒,,20,0,0,0,0,2025-09-10_17:40:08
243249,HYBRIS,,CLS,H0255001_S_25207,維他命D3 1000 30粒,,110,0,0,0,0,2025-09-10_17:40:08
243249,HYBRIS,,CLS,H0255001_S_25266,護養關節配方 60粒,,110,0,0,0,0,2025-09-10_17:40:08
243249,HYBRIS,,CLS,H0294001_S_120088,免沖洗保濕護髮乳,,110,0,0,0,0,2025-09-10_17:40:08
243249,HYBRIS,,CLS,H0294001_S_120295,潔淨控油洗髮露,,110,0,0,0,0,2025-09-10_17:40:08
243249,HYBRIS,,CLS,H0294001_S_120533,波浪捲髮精華露波浪捲髮精華露波浪捲髮精華露波浪捲髮精華露,,110,0,0,0,0,2025-09-10_17:40:09
243249,HYBRIS,,CLS,H0318002_S_812719,有機矢車菊花水 200ml,,130,0,0,0,0,2025-09-10_17:40:09
243249,HYBRIS,,CLS,H0318002_S_812724,有機大馬士革玫瑰花水 200ml,,130,0,0,0,0,2025-09-10_17:40:09
243249,HYBRIS,,CLS,H0318002_S_852974,有機3重蜂蜜潤澤身體乳霜 150ml,,10,0,0,0,0,2025-09-10_17:40:09
243249,HYBRIS,,CLS,H0318002_S_855281,有機3重蜂蜜潤澤身體磨砂 150g,,110,0,0,0,0,2025-09-10_17:40:09
243249,HYBRIS,,CLS,H0318002_S_86Z0004,有機防敏香體露 50ml,,105,0,0,0,0,2025-09-10_17:40:09
243249,HYBRIS,,CLS,H0539001_S_50159,Royal Touch 敏感肌適用產後專用衛生巾 L碼 (5片/包),,110,0,0,0,0,2025-09-10_17:40:09
243249,HYBRIS,,CLS,H0888001_S_10004619,特級魚露,,15,0,0,0,0,2025-09-10_17:40:09
243249,HYBRIS,,CLS,H0888001_S_10004625,南乳,,220,0,0,0,0,2025-09-10_17:40:09
243249,HYBRIS,,CLS,H0888001_S_10004645,爽口榨菜絲,,230,0,0,0,0,2025-09-10_17:40:09
243249,HYBRIS,,CLS,H0888001_S_10004649,辣香蘿蔔,,120,0,0,0,0,2025-09-10_17:40:10
243249,HYBRIS,,CLS,H0888001_S_10004653,陳醋蕎頭,,130,0,0,0,0,2025-09-10_17:40:10
243249,HYBRIS,,CLS,H0888001_S_10004654,甜酸蕎頭,,130,0,0,0,0,2025-09-10_17:40:10
243249,HYBRIS,,CLS,H0888001_S_10004666,鮑汁靈芝菇片,,220,0,0,0,0,2025-09-10_17:40:10
243249,HYBRIS,,CLS,H0888001_S_10005984,豬骨火鍋上湯,,270,0,0,0,0,2025-09-10_17:40:10
243249,HYBRIS,,CLS,H0888001_S_10005986,醉雞火鍋上湯,,270,0,0,0,0,2025-09-10_17:40:10
243249,HYBRIS,,CLS,H0888001_S_10007891,洋蔥南瓜馬鈴薯片,,10,0,0,0,0,2025-09-10_17:40:10
243249,HYBRIS,,CLS,H0888001_S_10009135,藍梅寒天果凍糖,,10,0,0,0,0,2025-09-10_17:40:10
243249,HYBRIS,,CLS,H0888001_S_10009139,蜂蜜檸檬寒天果凍糖,,10,0,0,0,0,2025-09-10_17:40:10
243249,HYBRIS,,CLS,H0888001_S_10009151,什錦軟糖,,220,0,0,0,0,2025-09-10_17:40:10
243249,HYBRIS,,CLS,H0888001_S_10009386,北海道扇貝味薯片,,10,0,0,0,0,2025-09-10_17:40:11
243249,HYBRIS,,CLS,H0888001_S_10009388,酥餅 (黑朱古力),,15,0,0,0,0,2025-09-10_17:40:11
243249,HYBRIS,,CLS,H0888001_S_10011987,好ｅ食 - 白汁煙肉磨菇意粉 (急凍),,210,0,0,0,0,2025-09-10_17:40:11
243249,HYBRIS,,CLS,H0888001_S_10007313,滋潤保濕乳霜,,12,0,0,0,0,2025-09-10_17:40:11
243249,HYBRIS,,CLS,H0888001_S_10022686,猴頭菇雪耳百合潤肺湯,,192,0,0,0,0,2025-09-10_17:40:11
243249,HYBRIS,,CLS,H0888001_S_10018925,白風船米餅-牛奶忌廉味,,500,0,0,0,0,2025-09-10_17:40:11
243255,IMAX_KERRY,,STS,H0888001_S_10012783,巴西牛胸腩粒 (急凍),IM00071822,1285,0,0,0,0,2025-09-10_18:19:00
243258,IMAX_KERRY,,WFS,H0888001_S_10012783,巴西牛胸腩粒 (急凍),IM00071823,50,0,0,0,0,2025-09-10_18:49:00
243261,HYBRIS,,RRS,H0888001_S_10012783,巴西牛胸腩粒 (急凍),,600,0,0,0,0,2025-09-10_19:19:00
243265,IMAX_KERRY,,RRS,H0888001_S_10015773,廣東鮮蝦雲吞皇10粒裝一二三四五六七八九十一二三四五六七八九十一二三四五六七八九十,IM00071825,264,264,264,0,0,2025-09-10_19:59:00
243265,IMAX_KERRY,,RRS,H0888001_S_10012783,巴西牛胸腩粒 (急凍),IM00071825,700,0,0,0,0,2025-09-10_19:59:00
243267,HYBRIS,,HHS,H0249001_S_1272,AAA薰衣草沐浴露,,20,0,0,0,0,2025-09-10_20:09:01
243267,HYBRIS,,HHS,H0249001_S_1272s-74s,BBB薰衣草身體潔淨旅行套裝,,20,0,0,0,0,2025-09-10_20:09:01
243267,HYBRIS,,HHS,H0249001_S_1274,DDD薰衣草護髮素,,20,0,0,0,0,2025-09-10_20:09:01
243267,HYBRIS,,HHS,H0249001_S_1282s-84s,活花身體潔淨旅行套裝,,20,0,0,0,0,2025-09-10_20:09:01
243267,HYBRIS,,HHS,H0249001_S_1284,活花護髮素,,20,0,0,0,0,2025-09-10_20:09:01
243267,HYBRIS,,HHS,H0249001_S_1292,花露水沐浴露,,20,0,0,0,0,2025-09-10_20:09:01
243267,HYBRIS,,HHS,H0249001_S_1292s-94s,花露水身體潔淨旅行套裝一二三四五六,,20,0,0,0,0,2025-09-10_20:09:01
243267,HYBRIS,,HHS,H0249001_S_1293,花露水洗髮水,,20,0,0,0,0,2025-09-10_20:09:02
243267,HYBRIS,,HHS,H0249001_S_1294,花露水護髮素,,20,0,0,0,0,2025-09-10_20:09:02
243267,HYBRIS,,HHS,H0249001_S_2151,雪花膏,,20,0,0,0,0,2025-09-10_20:09:02
243267,HYBRIS,,HHS,H0249001_S_2152,活花潤手霜,,20,0,0,0,0,2025-09-10_20:09:02
243267,HYBRIS,,HHS,H0249001_S_2157,花露水香皂,,20,0,0,0,0,2025-09-10_20:09:02
243267,HYBRIS,,HHS,H0249001_S_2163,活花爽身粉 (玫瑰花香),,20,0,0,0,0,2025-09-10_20:09:02
243267,HYBRIS,,HHS,H0249001_S_2166,活花香皂,,20,0,0,0,0,2025-09-10_20:09:02
243267,HYBRIS,,HHS,H0249001_S_2167,活花止汗液,,20,0,0,0,0,2025-09-10_20:09:02
243267,HYBRIS,,HHS,H0249001_S_2177,迷你雪花膏,,20,0,0,0,0,2025-09-10_20:09:02
243267,HYBRIS,,HHS,H0249001_S_2181,EEE薰衣草味護髮油,,20,0,0,0,0,2025-09-10_20:09:02
243267,HYBRIS,,HHS,H0249001_S_2182,活花味護髮油  (玫瑰花香),,20,0,0,0,0,2025-09-10_20:09:02
243267,HYBRIS,,HHS,H0249001_S_2186,活花爽身粉 80克 (罐裝)（附柔軟粉撲）,,20,0,0,0,0,2025-09-10_20:09:02
243267,HYBRIS,,HHS,H0249001_S_2187,花露水爽身粉 80克 (罐裝)（附柔軟粉撲）,,20,0,0,0,0,2025-09-10_20:09:02
243267,HYBRIS,,HHS,H0249001_S_2188B,花露水濕紙巾 (20片),,20,0,0,0,0,2025-09-10_20:09:02
243267,HYBRIS,,HHS,H0249001_S_2198,花露水 (200毫升),,20,0,0,0,0,2025-09-10_20:09:02
243267,HYBRIS,,HHS,H0249001_S_2202,花露水 (100毫升),,20,0,0,0,0,2025-09-10_20:09:03
243267,HYBRIS,,HHS,H0249001_S_2204,花露水 (15毫升),,20,0,0,0,0,2025-09-10_20:09:03
243267,HYBRIS,,HHS,H0249001_S_2208,花露水 (10毫升),,20,0,0,0,0,2025-09-10_20:09:03
243267,HYBRIS,,HHS,H0249001_S_2209,花露水膏,,20,0,0,0,0,2025-09-10_20:09:03
243267,HYBRIS,,HHS,H0249001_S_4261,雙妹嚜復古記事簿,,20,0,0,0,0,2025-09-10_20:09:03
243267,HYBRIS,,HHS,H0249001_S_4281,雙妹嚜復古記事簿,,20,0,0,0,0,2025-09-10_20:09:03
243267,HYBRIS,,HHS,H0249001_S_4284,雙妹嚜復古拼圖,,20,0,0,0,0,2025-09-10_20:09:03
243267,HYBRIS,,HHS,H0249001_S_4286,雙妹嚜復古拼圖,,20,0,0,0,0,2025-09-10_20:09:03
243267,HYBRIS,,HHS,H0249001_S_4287,雙妹嚜復古拼圖,,20,0,0,0,0,2025-09-10_20:09:03
243267,HYBRIS,,HHS,H0249001_S_4290,懷舊2R相簿,,20,0,0,0,0,2025-09-10_20:09:03
243267,HYBRIS,,HHS,H0249001_S_4291,懷舊2R相簿,,20,0,0,0,0,2025-09-10_20:09:03
243267,HYBRIS,,HHS,H0249001_S_4292,懷舊2R相簿,,20,0,0,0,0,2025-09-10_20:09:03
243267,HYBRIS,,HHS,H0249001_S_4293,懷舊2R相簿,,20,0,0,0,0,2025-09-10_20:09:03
243267,HYBRIS,,HHS,H0249001_S_8808,馬賽皂 (檸檬),,20,0,0,0,0,2025-09-10_20:09:03
243267,HYBRIS,,HHS,H0249001_S_8809,馬賽皂 (蜜糖),,20,0,0,0,0,2025-09-10_20:09:03
243267,HYBRIS,,HHS,H0249001_S_8810,馬賽皂 (白檀),,20,0,0,0,0,2025-09-10_20:09:04
243267,HYBRIS,,HHS,H0249001_S_KC1100,指甲水,,20,0,0,0,0,2025-09-10_20:09:04
243267,HYBRIS,,HHS,H0249001_S_KC1101,指甲油 (藍紫色系),,20,0,0,0,0,2025-09-10_20:09:04
243267,HYBRIS,,HHS,H0249001_S_KC1102,指甲油 (藍紫色系),,20,0,0,0,0,2025-09-10_20:09:04
243267,HYBRIS,,HHS,H0249001_S_KC1103,指甲油 (藍紫色系),,20,0,0,0,0,2025-09-10_20:09:04
243267,HYBRIS,,HHS,H0249001_S_KC1105,指甲油 (藍紫色系),,20,0,0,0,0,2025-09-10_20:09:04
243267,HYBRIS,,HHS,H0249001_S_KC1106,指甲油 (紅色系),,20,0,0,0,0,2025-09-10_20:09:04
243267,HYBRIS,,HHS,H0249001_S_KC1107,指甲油 (紅色系),,20,0,0,0,0,2025-09-10_20:09:04
243267,HYBRIS,,HHS,H0249001_S_KC1108,指甲油 (紅色系),,20,0,0,0,0,2025-09-10_20:09:04
243267,HYBRIS,,HHS,H0249001_S_KC1112,指甲油 (藍紫色系),,20,0,0,0,0,2025-09-10_20:09:04
243267,HYBRIS,,HHS,H0249001_S_KC1113,指甲油 (紅色系),,20,0,0,0,0,2025-09-10_20:09:04
243267,HYBRIS,,HHS,H0249001_S_KC1116,指甲油 (彩色系),,20,0,0,0,0,2025-09-10_20:09:04
243267,HYBRIS,,HHS,H0249001_S_KC1121,指甲油 (紅色系),,20,0,0,0,0,2025-09-10_20:09:05
243267,HYBRIS,,HHS,H0249001_S_KC1123,指甲油 (紅色系),,20,0,0,0,0,2025-09-10_20:09:05
243267,HYBRIS,,HHS,H0249001_S_KC1124,指甲油 (紅色系),,20,0,0,0,0,2025-09-10_20:09:05
243267,HYBRIS,,HHS,H0249001_S_KC1127,指甲油 (彩色系),,20,0,0,0,0,2025-09-10_20:09:05
243267,HYBRIS,,HHS,H0249001_S_KC1129,指甲油 (彩色系),,20,0,0,0,0,2025-09-10_20:09:05
243267,HYBRIS,,HHS,H0249001_S_KC1130,指甲油 (彩色系),,20,0,0,0,0,2025-09-10_20:09:05
243267,HYBRIS,,HHS,H0249001_S_KC1131,指甲油 (彩色系),,20,0,0,0,0,2025-09-10_20:09:05
243267,HYBRIS,,HHS,H0249001_S_KC1134,指甲油 (紅色系),,20,0,0,0,0,2025-09-10_20:09:05
243267,HYBRIS,,HHS,H0249001_S_KC1137,指甲油 (色號 - 37透明),,20,0,0,0,0,2025-09-10_20:09:06
243267,HYBRIS,,HHS,H0249001_S_KC1139,指甲油 (彩色系),,20,0,0,0,0,2025-09-10_20:09:06
243267,HYBRIS,,HHS,H0249001_S_KC1146,指甲油 (藍紫色系),,20,0,0,0,0,2025-09-10_20:09:06
243267,HYBRIS,,HHS,H0249001_S_KC1148,指甲油 (彩色系),,20,0,0,0,0,2025-09-10_20:09:06
243267,HYBRIS,,HHS,H0249001_S_KC1152,指甲油 (紅色系),,20,0,0,0,0,2025-09-10_20:09:06
243267,HYBRIS,,HHS,H0249001_S_Q004,雙妹綿布袋 (白色),,20,0,0,0,0,2025-09-10_20:09:06
243267,HYBRIS,,HHS,H0249001_S_Q005,雙妹綿布袋 (自然色),,20,0,0,0,0,2025-09-10_20:09:07
243267,HYBRIS,,HHS,H0255001_S_21875,蒜油 250粒,,20,0,0,0,0,2025-09-10_20:09:07
243267,HYBRIS,,HHS,H0255001_S_21942,利筋諾 50粒,,20,0,0,0,0,2025-09-10_20:09:07
243267,HYBRIS,,HHS,H0255001_S_22993,乳薊果 60片,,20,0,0,0,0,2025-09-10_20:09:07
243267,HYBRIS,,HHS,H0255001_S_23452,葡萄籽加強配方 30片,,20,0,0,0,0,2025-09-10_20:09:07
243267,HYBRIS,,HHS,H0255001_S_24008,無腥味魚油1000 200粒,,20,0,0,0,0,2025-09-10_20:09:07
243267,HYBRIS,,HHS,H0255001_S_24177,葉黃素 60粒,,20,0,0,0,0,2025-09-10_20:09:07
243267,HYBRIS,,HHS,H0255001_S_24201,護眼山桑子 30片,,20,0,0,0,0,2025-09-10_20:09:07
243267,HYBRIS,,HHS,H0255001_S_24877,兒童果味魚油丸 30粒,,20,0,0,0,0,2025-09-10_20:09:07
243267,HYBRIS,,HHS,H0255001_S_25067,鋸櫚前列配方 60粒,,20,0,0,0,0,2025-09-10_20:09:07
243267,HYBRIS,,HHS,H0255001_S_25110,亞麻籽油植物奧米加369 100粒,,20,0,0,0,0,2025-09-10_20:09:07
243267,HYBRIS,,HHS,H0255001_S_25207,維他命D3 1000 30粒,,20,0,0,0,0,2025-09-10_20:09:07
243267,HYBRIS,,HHS,H0255001_S_25266,護養關節配方 60粒,,20,0,0,0,0,2025-09-10_20:09:08
243267,HYBRIS,,HHS,H0294001_S_120088,免沖洗保濕護髮乳,,20,0,0,0,0,2025-09-10_20:09:08
243267,HYBRIS,,HHS,H0294001_S_120295,潔淨控油洗髮露,,20,0,0,0,0,2025-09-10_20:09:08
243267,HYBRIS,,HHS,H0294001_S_120533,波浪捲髮精華露波浪捲髮精華露波浪捲髮精華露波浪捲髮精華露,,20,0,0,0,0,2025-09-10_20:09:08
243267,HYBRIS,,HHS,H0318002_S_812719,有機矢車菊花水 200ml,,20,0,0,0,0,2025-09-10_20:09:08
243267,HYBRIS,,HHS,H0318002_S_812724,有機大馬士革玫瑰花水 200ml,,20,0,0,0,0,2025-09-10_20:09:08
243267,HYBRIS,,HHS,H0318002_S_852974,有機3重蜂蜜潤澤身體乳霜 150ml,,20,0,0,0,0,2025-09-10_20:09:08
243267,HYBRIS,,HHS,H0318002_S_855281,有機3重蜂蜜潤澤身體磨砂 150g,,20,0,0,0,0,2025-09-10_20:09:08
243267,HYBRIS,,HHS,H0318002_S_861153,有機日用洗髮水 500ml,,20,0,0,0,0,2025-09-10_20:09:08
243267,HYBRIS,,HHS,H0318002_S_86Z0004,有機防敏香體露 50ml,,20,0,0,0,0,2025-09-10_20:09:08
243267,HYBRIS,,HHS,H0318002_S_86Z0005,有機乳木果油護髮素 150ml,,20,0,0,0,0,2025-09-10_20:09:08
243267,HYBRIS,,HHS,H0539001_S_50159,Royal Touch 敏感肌適用產後專用衛生巾 L碼 (5片/包),,20,0,0,0,0,2025-09-10_20:09:08
243278,HYBRIS,,WFS,H0249001_S_1274,DDD薰衣草護髮素,,15,15,0,0,0,2025-09-10_23:40:02
243278,HYBRIS,,WFS,H0249001_S_2151,雪花膏,,5,5,0,0,0,2025-09-10_23:40:02
243278,HYBRIS,,WFS,H0249001_S_4290,懷舊2R相簿,,5,5,0,0,0,2025-09-10_23:40:04
243278,HYBRIS,,WFS,H0249001_S_KC1139,指甲油 (彩色系),,5,5,0,0,0,2025-09-10_23:40:07
243278,HYBRIS,,WFS,H0318002_S_812724,有機大馬士革玫瑰花水 200ml,,10,10,0,0,0,2025-09-10_23:40:10
243278,HYBRIS,,WFS,H0318002_S_855281,有機3重蜂蜜潤澤身體磨砂 150g,,10,10,0,0,0,2025-09-10_23:40:11
243278,HYBRIS,,WFS,H0318002_S_86Z0005,有機乳木果油護髮素 150ml,,5,5,0,0,0,2025-09-10_23:40:11
243278,HYBRIS,,WFS,H0888001_S_10005984,豬骨火鍋上湯,,105,105,0,0,0,2025-09-10_23:40:12
243278,HYBRIS,,WFS,H0888001_S_10005985,黑胡椒豬骨火鍋上湯,,15,15,0,0,0,2025-09-10_23:40:12
243293,IMAX_STACKING,DRY,COB,H0888001_S_10009610,湖池屋激辣魔薯香辣芝士味薯片,IS00071830,120,120,0,0,0,2025-09-11_00:00:01
243293,IMAX_STACKING,DRY,COB,H0859001_S_OS-620,uPure 2 潔淨濾水器2,IS00071830,65,65,0,0,0,2025-09-11_00:00:01
243294,HYBRIS,,TWS,H0859001_S_OS-620,uPure 2 潔淨濾水器2,,440,440,0,0,0,2025-09-11_00:00:01
243293,IMAX_STACKING,DRY,COB,H0888001_S_10002195,大樽生啤 (日本版),IS00071830,72,72,0,0,0,2025-09-11_00:00:01
243293,IMAX_STACKING,DRY,COB,H0888001_S_10004262,烏龍茶,IS00071830,168,168,0,0,0,2025-09-11_00:00:01
243297,IMAX_STACKING,FROZEN,COB,H0888001_S_10022875,美國特選牛肩胛肥牛片 (急凍),IS00071831,520,520,0,0,0,2025-09-11_00:00:01
243297,IMAX_STACKING,FROZEN,COB,H0888001_S_10012511,西班牙咸豬手,IS00071831,1610,1610,0,0,0,2025-09-11_00:00:01
243297,IMAX_STACKING,FROZEN,COB,H0888001_S_10011849,美國大西洋野生響螺頭 M (急凍),IS00071831,3000,3000,0,0,0,2025-09-11_00:00:01
243297,IMAX_STACKING,FROZEN,COB,H0888001_S_10011848,日本煮食用帶子急凍急凍,IS00071831,990,990,0,0,0,2025-09-11_00:00:01
243299,HYBRIS,,COB,H0888001_S_10009135,藍梅寒天果凍糖,,1212,1212,0,0,0,2025-09-11_00:01:00
243299,HYBRIS,,COB,H0888001_S_10009139,蜂蜜檸檬寒天果凍糖,,1308,1308,0,0,0,2025-09-11_00:01:00
243299,HYBRIS,,COB,H0888001_S_10009151,什錦軟糖,,1420,1420,0,0,0,2025-09-11_00:01:00
243306,HYBRIS,,CLS,H0888001_S_10007313,滋潤保濕乳霜,,444,444,0,0,0,2025-09-11_10:09:00
243307,IMAX_STACKING,DRY,CLS,H0888001_S_10002195,大樽生啤 (日本版),IS00071834,12,0,0,0,0,2025-09-11_10:22:00
243308,HYBRIS,,STS,H0888001_S_10012783,巴西牛胸腩粒 (急凍),,792,0,0,0,0,2025-09-11_10:32:00
243309,HYBRIS,,CLS,H0888001_S_10133455,澳洲和牛漢堡扒 (急凍),,1020,0,0,0,0,2025-09-11_10:38:00
243309,HYBRIS,,CLS,H0888001_S_10133940,(澳洲直送!) 澳洲穀飼西冷牛扒 (2塊裝) (急凍),,1000,0,0,0,0,2025-09-11_10:38:00
243309,HYBRIS,,CLS,H0888001_S_10133453,澳洲M4+ 和牛西冷牛扒 (急凍),,330,0,0,0,0,2025-09-11_10:38:00
243309,HYBRIS,,CLS,H0888001_S_10018534,澳洲海參(禿參，又名花刺參) (急凍),,408,0,0,0,0,2025-09-11_10:38:00
243313,HYBRIS,,STS,H0249001_S_1272s-74s,BBB薰衣草身體潔淨旅行套裝,,210,0,0,0,0,2025-09-11_11:08:01
243313,HYBRIS,,STS,H0249001_S_1273,CCC薰衣草洗髮水,,140,0,0,0,0,2025-09-11_11:08:01
243313,HYBRIS,,STS,H0249001_S_1274,DDD薰衣草護髮素,,210,0,0,0,0,2025-09-11_11:08:01
243313,HYBRIS,,STS,H0249001_S_1282s-84s,活花身體潔淨旅行套裝,,210,0,0,0,0,2025-09-11_11:08:01
243313,HYBRIS,,STS,H0249001_S_1284,活花護髮素,,210,0,0,0,0,2025-09-11_11:08:01
243313,HYBRIS,,STS,H0249001_S_1292,花露水沐浴露,,210,0,0,0,0,2025-09-11_11:08:01
243313,HYBRIS,,STS,H0249001_S_1292s-94s,花露水身體潔淨旅行套裝一二三四五六,,210,0,0,0,0,2025-09-11_11:08:01
243313,HYBRIS,,STS,H0249001_S_1293,花露水洗髮水,,210,0,0,0,0,2025-09-11_11:08:02
243313,HYBRIS,,STS,H0249001_S_1294,花露水護髮素,,210,0,0,0,0,2025-09-11_11:08:02
243313,HYBRIS,,STS,H0249001_S_2151,雪花膏,,210,0,0,0,0,2025-09-11_11:08:02
243313,HYBRIS,,STS,H0249001_S_2152,活花潤手霜,,210,0,0,0,0,2025-09-11_11:08:02
243313,HYBRIS,,STS,H0249001_S_2157,花露水香皂,,210,0,0,0,0,2025-09-11_11:08:02
243313,HYBRIS,,STS,H0249001_S_2163,活花爽身粉 (玫瑰花香),,210,0,0,0,0,2025-09-11_11:08:02
243313,HYBRIS,,STS,H0249001_S_2166,活花香皂,,210,0,0,0,0,2025-09-11_11:08:02
243313,HYBRIS,,STS,H0249001_S_2167,活花止汗液,,210,0,0,0,0,2025-09-11_11:08:02
243313,HYBRIS,,STS,H0249001_S_2177,迷你雪花膏,,210,0,0,0,0,2025-09-11_11:08:02
243313,HYBRIS,,STS,H0249001_S_2181,EEE薰衣草味護髮油,,210,0,0,0,0,2025-09-11_11:08:02
243313,HYBRIS,,STS,H0249001_S_2182,活花味護髮油  (玫瑰花香),,210,0,0,0,0,2025-09-11_11:08:02
243313,HYBRIS,,STS,H0249001_S_2186,活花爽身粉 80克 (罐裝)（附柔軟粉撲）,,210,0,0,0,0,2025-09-11_11:08:02
243313,HYBRIS,,STS,H0249001_S_2187,花露水爽身粉 80克 (罐裝)（附柔軟粉撲）,,210,0,0,0,0,2025-09-11_11:08:02
243313,HYBRIS,,STS,H0249001_S_2188B,花露水濕紙巾 (20片),,210,0,0,0,0,2025-09-11_11:08:02
243313,HYBRIS,,STS,H0249001_S_2198,花露水 (200毫升),,210,0,0,0,0,2025-09-11_11:08:03
243313,HYBRIS,,STS,H0249001_S_2202,花露水 (100毫升),,210,0,0,0,0,2025-09-11_11:08:03
243313,HYBRIS,,STS,H0249001_S_2204,花露水 (15毫升),,210,0,0,0,0,2025-09-11_11:08:03
243313,HYBRIS,,STS,H0249001_S_2208,花露水 (10毫升),,210,0,0,0,0,2025-09-11_11:08:03
243313,HYBRIS,,STS,H0249001_S_2209,花露水膏,,210,0,0,0,0,2025-09-11_11:08:03
243313,HYBRIS,,STS,H0249001_S_4261,雙妹嚜復古記事簿,,210,0,0,0,0,2025-09-11_11:08:03
243313,HYBRIS,,STS,H0249001_S_4281,雙妹嚜復古記事簿,,210,0,0,0,0,2025-09-11_11:08:03
243313,HYBRIS,,STS,H0249001_S_4284,雙妹嚜復古拼圖,,210,0,0,0,0,2025-09-11_11:08:03
243313,HYBRIS,,STS,H0249001_S_4286,雙妹嚜復古拼圖,,210,0,0,0,0,2025-09-11_11:08:03
243313,HYBRIS,,STS,H0249001_S_4287,雙妹嚜復古拼圖,,210,0,0,0,0,2025-09-11_11:08:03
243313,HYBRIS,,STS,H0249001_S_4290,懷舊2R相簿,,210,0,0,0,0,2025-09-11_11:08:03
243313,HYBRIS,,STS,H0249001_S_4291,懷舊2R相簿,,210,0,0,0,0,2025-09-11_11:08:03
243313,HYBRIS,,STS,H0249001_S_4292,懷舊2R相簿,,210,0,0,0,0,2025-09-11_11:08:03
243313,HYBRIS,,STS,H0249001_S_4293,懷舊2R相簿,,210,0,0,0,0,2025-09-11_11:08:03
243313,HYBRIS,,STS,H0249001_S_4315,雙妹嚜黑色環保袋,,210,0,0,0,0,2025-09-11_11:08:03
243313,HYBRIS,,STS,H0249001_S_8808,馬賽皂 (檸檬),,210,0,0,0,0,2025-09-11_11:08:04
243313,HYBRIS,,STS,H0249001_S_8809,馬賽皂 (蜜糖),,210,0,0,0,0,2025-09-11_11:08:04
243313,HYBRIS,,STS,H0249001_S_8810,馬賽皂 (白檀),,210,0,0,0,0,2025-09-11_11:08:04
243313,HYBRIS,,STS,H0249001_S_KC1100,指甲水,,210,0,0,0,0,2025-09-11_11:08:04
243313,HYBRIS,,STS,H0249001_S_KC1101,指甲油 (藍紫色系),,210,0,0,0,0,2025-09-11_11:08:04
243313,HYBRIS,,STS,H0249001_S_KC1102,指甲油 (藍紫色系),,210,0,0,0,0,2025-09-11_11:08:04
243313,HYBRIS,,STS,H0249001_S_KC1103,指甲油 (藍紫色系),,210,0,0,0,0,2025-09-11_11:08:04
243313,HYBRIS,,STS,H0249001_S_KC1105,指甲油 (藍紫色系),,210,0,0,0,0,2025-09-11_11:08:04
243313,HYBRIS,,STS,H0249001_S_KC1106,指甲油 (紅色系),,210,0,0,0,0,2025-09-11_11:08:04
243313,HYBRIS,,STS,H0249001_S_KC1107,指甲油 (紅色系),,210,0,0,0,0,2025-09-11_11:08:04
243313,HYBRIS,,STS,H0249001_S_KC1108,指甲油 (紅色系),,210,0,0,0,0,2025-09-11_11:08:04
243313,HYBRIS,,STS,H0249001_S_KC1112,指甲油 (藍紫色系),,210,0,0,0,0,2025-09-11_11:08:04
243313,HYBRIS,,STS,H0249001_S_KC1113,指甲油 (紅色系),,210,0,0,0,0,2025-09-11_11:08:04
243313,HYBRIS,,STS,H0249001_S_KC1116,指甲油 (彩色系),,210,0,0,0,0,2025-09-11_11:08:05
243313,HYBRIS,,STS,H0249001_S_KC1121,指甲油 (紅色系),,210,0,0,0,0,2025-09-11_11:08:05
243313,HYBRIS,,STS,H0249001_S_KC1123,指甲油 (紅色系),,210,0,0,0,0,2025-09-11_11:08:05
243313,HYBRIS,,STS,H0249001_S_KC1124,指甲油 (紅色系),,210,0,0,0,0,2025-09-11_11:08:05
243313,HYBRIS,,STS,H0249001_S_KC1127,指甲油 (彩色系),,210,0,0,0,0,2025-09-11_11:08:05
243313,HYBRIS,,STS,H0249001_S_KC1129,指甲油 (彩色系),,210,0,0,0,0,2025-09-11_11:08:05
243313,HYBRIS,,STS,H0249001_S_KC1130,指甲油 (彩色系),,210,0,0,0,0,2025-09-11_11:08:05
243313,HYBRIS,,STS,H0249001_S_KC1131,指甲油 (彩色系),,210,0,0,0,0,2025-09-11_11:08:05
243313,HYBRIS,,STS,H0249001_S_KC1134,指甲油 (紅色系),,210,0,0,0,0,2025-09-11_11:08:06
243313,HYBRIS,,STS,H0249001_S_KC1137,指甲油 (色號 - 37透明),,210,0,0,0,0,2025-09-11_11:08:06
243313,HYBRIS,,STS,H0249001_S_KC1139,指甲油 (彩色系),,210,0,0,0,0,2025-09-11_11:08:06
243313,HYBRIS,,STS,H0249001_S_KC1146,指甲油 (藍紫色系),,210,0,0,0,0,2025-09-11_11:08:06
243313,HYBRIS,,STS,H0249001_S_KC1148,指甲油 (彩色系),,210,0,0,0,0,2025-09-11_11:08:06
243313,HYBRIS,,STS,H0249001_S_KC1152,指甲油 (紅色系),,210,0,0,0,0,2025-09-11_11:08:07
243313,HYBRIS,,STS,H0249001_S_Q004,雙妹綿布袋 (白色),,210,0,0,0,0,2025-09-11_11:08:07
243313,HYBRIS,,STS,H0249001_S_Q005,雙妹綿布袋 (自然色),,210,0,0,0,0,2025-09-11_11:08:07
243313,HYBRIS,,STS,H0255001_S_21875,蒜油 250粒,,210,0,0,0,0,2025-09-11_11:08:07
243313,HYBRIS,,STS,H0255001_S_21942,利筋諾 50粒,,210,0,0,0,0,2025-09-11_11:08:07
243313,HYBRIS,,STS,H0255001_S_22993,乳薊果 60片,,210,0,0,0,0,2025-09-11_11:08:07
243313,HYBRIS,,STS,H0255001_S_23452,葡萄籽加強配方 30片,,210,0,0,0,0,2025-09-11_11:08:07
243313,HYBRIS,,STS,H0255001_S_24008,無腥味魚油1000 200粒,,210,0,0,0,0,2025-09-11_11:08:07
243313,HYBRIS,,STS,H0255001_S_24177,葉黃素 60粒,,210,0,0,0,0,2025-09-11_11:08:07
243313,HYBRIS,,STS,H0255001_S_24201,護眼山桑子 30片,,210,0,0,0,0,2025-09-11_11:08:07
243313,HYBRIS,,STS,H0255001_S_24877,兒童果味魚油丸 30粒,,210,0,0,0,0,2025-09-11_11:08:07
243313,HYBRIS,,STS,H0255001_S_25067,鋸櫚前列配方 60粒,,210,0,0,0,0,2025-09-11_11:08:08
243313,HYBRIS,,STS,H0255001_S_25110,亞麻籽油植物奧米加369 100粒,,210,0,0,0,0,2025-09-11_11:08:08
243313,HYBRIS,,STS,H0255001_S_25207,維他命D3 1000 30粒,,210,0,0,0,0,2025-09-11_11:08:08
243313,HYBRIS,,STS,H0255001_S_25266,護養關節配方 60粒,,210,0,0,0,0,2025-09-11_11:08:08
243313,HYBRIS,,STS,H0294001_S_120088,免沖洗保濕護髮乳,,210,0,0,0,0,2025-09-11_11:08:08
243313,HYBRIS,,STS,H0294001_S_120295,潔淨控油洗髮露,,210,0,0,0,0,2025-09-11_11:08:08
243313,HYBRIS,,STS,H0294001_S_120533,波浪捲髮精華露波浪捲髮精華露波浪捲髮精華露波浪捲髮精華露,,210,0,0,0,0,2025-09-11_11:08:08
243313,HYBRIS,,STS,H0318002_S_812719,有機矢車菊花水 200ml,,210,0,0,0,0,2025-09-11_11:08:08
243313,HYBRIS,,STS,H0318002_S_812724,有機大馬士革玫瑰花水 200ml,,210,0,0,0,0,2025-09-11_11:08:08
243313,HYBRIS,,STS,H0318002_S_852974,有機3重蜂蜜潤澤身體乳霜 150ml,,210,0,0,0,0,2025-09-11_11:08:08
243313,HYBRIS,,STS,H0318002_S_855281,有機3重蜂蜜潤澤身體磨砂 150g,,210,0,0,0,0,2025-09-11_11:08:08
243313,HYBRIS,,STS,H0318002_S_861153,有機日用洗髮水 500ml,,210,0,0,0,0,2025-09-11_11:08:08
243313,HYBRIS,,STS,H0318002_S_86Z0004,有機防敏香體露 50ml,,210,0,0,0,0,2025-09-11_11:08:08
243313,HYBRIS,,STS,H0318002_S_86Z0005,有機乳木果油護髮素 150ml,,210,0,0,0,0,2025-09-11_11:08:08
243313,HYBRIS,,STS,H0539001_S_50159,Royal Touch 敏感肌適用產後專用衛生巾 L碼 (5片/包),,210,0,0,0,0,2025-09-11_11:08:08
243313,HYBRIS,,STS,H0888001_S_10004619,特級魚露,,125,0,0,0,0,2025-09-11_11:08:09
243313,HYBRIS,,STS,H0888001_S_10004625,南乳,,120,0,0,0,0,2025-09-11_11:08:09
243313,HYBRIS,,STS,H0888001_S_10004645,爽口榨菜絲,,130,0,0,0,0,2025-09-11_11:08:09
243313,HYBRIS,,STS,H0888001_S_10004653,陳醋蕎頭,,30,0,0,0,0,2025-09-11_11:08:09
243313,HYBRIS,,STS,H0888001_S_10004654,甜酸蕎頭,,30,0,0,0,0,2025-09-11_11:08:09
243313,HYBRIS,,STS,H0888001_S_10004666,鮑汁靈芝菇片,,120,0,0,0,0,2025-09-11_11:08:09
243313,HYBRIS,,STS,H0888001_S_10005984,豬骨火鍋上湯,,170,0,0,0,0,2025-09-11_11:08:09
243313,HYBRIS,,STS,H0888001_S_10005986,醉雞火鍋上湯,,170,0,0,0,0,2025-09-11_11:08:09
243313,HYBRIS,,STS,H0888001_S_10007891,洋蔥南瓜馬鈴薯片,,125,0,0,0,0,2025-09-11_11:08:09
243313,HYBRIS,,STS,H0888001_S_10009135,藍梅寒天果凍糖,,125,0,0,0,0,2025-09-11_11:08:09
243313,HYBRIS,,STS,H0888001_S_10009139,蜂蜜檸檬寒天果凍糖,,125,0,0,0,0,2025-09-11_11:08:09
243313,HYBRIS,,STS,H0888001_S_10009151,什錦軟糖,,140,0,0,0,0,2025-09-11_11:08:09
243313,HYBRIS,,STS,H0888001_S_10009386,北海道扇貝味薯片,,125,0,0,0,0,2025-09-11_11:08:09
243313,HYBRIS,,STS,H0888001_S_10009388,酥餅 (黑朱古力),,130,0,0,0,0,2025-09-11_11:08:09
243313,HYBRIS,,STS,H0888001_S_10009609,星球大戰系列珍寶珠 (隨機派送),,125,0,0,0,0,2025-09-11_11:08:10
243313,HYBRIS,,STS,H0888001_S_10009610,湖池屋激辣魔薯香辣芝士味薯片,,135,0,0,0,0,2025-09-11_11:08:10
243313,HYBRIS,,STS,H0888001_S_10011987,好ｅ食 - 白汁煙肉磨菇意粉 (急凍),,125,0,0,0,0,2025-09-11_11:08:10
243313,HYBRIS,,STS,H0888001_S_10018925,白風船米餅-牛奶忌廉味,,125,0,0,0,0,2025-09-11_11:08:10
243313,HYBRIS,,STS,H0888001_S_10022686,猴頭菇雪耳百合潤肺湯,,120,0,0,0,0,2025-09-11_11:08:10
243315,HYBRIS,,WFS,H0888001_S_10012013,Bibigo 韓式傳統脆皮煎餃 (急凍),,150,150,0,0,0,2025-09-11_11:25:00
243319,HYBRIS,,CLS,H0888001_S_10007313,滋潤保濕乳霜,,12,0,0,0,0,2025-09-11_11:42:00
243320,IMAX_KERRY,,CLS,H0888001_S_10012777,紐西蘭帶骨羊仔腩 (急凍),IM00071841,40,40,40,0,0,2025-09-11_11:44:00
243328,HYBRIS,,TWS,H0888001_S_10008283,燕麥脆條 - 蜜糖★燕麥,,36,36,0,0,0,2025-09-11_13:00:00
243334,IMAX_KERRY,,CLS,H0888001_S_10012783,巴西牛胸腩粒 (急凍),IM00071843,784,0,0,0,0,2025-09-11_13:32:00
243335,HYBRIS,,LPS,H0888001_S_10012783,巴西牛胸腩粒 (急凍),,8,8,0,0,0,2025-09-11_13:49:00
243339,IMAX_KERRY,,SHS,H0888001_S_10012783,巴西牛胸腩粒 (急凍),IM00071845,786,0,0,0,0,2025-09-11_14:09:00
243340,HYBRIS,,CLS,H0888001_S_10004649,辣香蘿蔔,,2900,0,0,0,0,2025-09-11_14:19:00
243340,HYBRIS,,CLS,H0888001_S_10007313,滋潤保濕乳霜,,27,0,0,0,0,2025-09-11_14:19:00
243362,HYBRIS,,CLS,H0888001_S_10007313,滋潤保濕乳霜,,108,0,0,0,0,2025-09-11_16:41:00
243365,HYBRIS,,RRS,H0888001_S_10018534,澳洲海參(禿參，又名花刺參) (急凍),,96,0,0,0,0,2025-09-11_16:50:00
243366,IMAX_KERRY,,WSH,H0888001_S_10012777,紐西蘭帶骨羊仔腩 (急凍),IM00071849,320,320,320,0,0,2025-09-11_16:54:00
243366,IMAX_KERRY,,WSH,H0888001_S_10012783,巴西牛胸腩粒 (急凍),IM00071849,786,0,0,0,0,2025-09-11_16:54:00
243371,IMAX_STACKING,CHILLED,CLS,H0888001_S_10012783,巴西牛胸腩粒 (急凍),IS00071851,5000,0,0,0,0,2025-09-11_17:10:00
243372,IMAX_STACKING,DRY,CLS,H0255001_S_25116,健腦高濃度深海魚油 60粒,IS00071850,290,0,0,0,0,2025-09-11_17:10:00
243375,HYBRIS,,CLS,H0249001_S_1272s-74s,BBB薰衣草身體潔淨旅行套裝,,110,0,0,0,0,2025-09-11_17:40:02
243375,HYBRIS,,CLS,H0249001_S_1274,DDD薰衣草護髮素,,10,0,0,0,0,2025-09-11_17:40:02
243375,HYBRIS,,CLS,H0249001_S_1282s-84s,活花身體潔淨旅行套裝,,110,0,0,0,0,2025-09-11_17:40:02
243375,HYBRIS,,CLS,H0249001_S_1284,活花護髮素,,110,0,0,0,0,2025-09-11_17:40:02
243375,HYBRIS,,CLS,H0249001_S_1292,花露水沐浴露,,110,0,0,0,0,2025-09-11_17:40:02
243375,HYBRIS,,CLS,H0249001_S_1292s-94s,花露水身體潔淨旅行套裝一二三四五六,,110,0,0,0,0,2025-09-11_17:40:02
243375,HYBRIS,,CLS,H0249001_S_1293,花露水洗髮水,,110,0,0,0,0,2025-09-11_17:40:02
243375,HYBRIS,,CLS,H0249001_S_1294,花露水護髮素,,110,0,0,0,0,2025-09-11_17:40:03
243375,HYBRIS,,CLS,H0249001_S_2151,雪花膏,,120,0,0,0,0,2025-09-11_17:40:03
243375,HYBRIS,,CLS,H0249001_S_2152,活花潤手霜,,110,0,0,0,0,2025-09-11_17:40:03
243375,HYBRIS,,CLS,H0249001_S_2157,花露水香皂,,10,0,0,0,0,2025-09-11_17:40:03
243375,HYBRIS,,CLS,H0249001_S_2163,活花爽身粉 (玫瑰花香),,120,0,0,0,0,2025-09-11_17:40:03
243375,HYBRIS,,CLS,H0249001_S_2166,活花香皂,,120,0,0,0,0,2025-09-11_17:40:03
243375,HYBRIS,,CLS,H0249001_S_2167,活花止汗液,,120,0,0,0,0,2025-09-11_17:40:03
243375,HYBRIS,,CLS,H0249001_S_2177,迷你雪花膏,,110,0,0,0,0,2025-09-11_17:40:03
243375,HYBRIS,,CLS,H0249001_S_2181,EEE薰衣草味護髮油,,110,0,0,0,0,2025-09-11_17:40:04
243375,HYBRIS,,CLS,H0249001_S_2182,活花味護髮油  (玫瑰花香),,110,0,0,0,0,2025-09-11_17:40:04
243375,HYBRIS,,CLS,H0249001_S_2186,活花爽身粉 80克 (罐裝)（附柔軟粉撲）,,110,0,0,0,0,2025-09-11_17:40:04
243375,HYBRIS,,CLS,H0249001_S_2187,花露水爽身粉 80克 (罐裝)（附柔軟粉撲）,,110,0,0,0,0,2025-09-11_17:40:04
243375,HYBRIS,,CLS,H0249001_S_2188B,花露水濕紙巾 (20片),,110,0,0,0,0,2025-09-11_17:40:04
243375,HYBRIS,,CLS,H0249001_S_2198,花露水 (200毫升),,110,0,0,0,0,2025-09-11_17:40:04
243375,HYBRIS,,CLS,H0249001_S_2202,花露水 (100毫升),,110,0,0,0,0,2025-09-11_17:40:04
243375,HYBRIS,,CLS,H0249001_S_2204,花露水 (15毫升),,110,0,0,0,0,2025-09-11_17:40:04
243375,HYBRIS,,CLS,H0249001_S_2208,花露水 (10毫升),,110,0,0,0,0,2025-09-11_17:40:04
243375,HYBRIS,,CLS,H0249001_S_2209,花露水膏,,110,0,0,0,0,2025-09-11_17:40:04
243375,HYBRIS,,CLS,H0249001_S_4261,雙妹嚜復古記事簿,,110,0,0,0,0,2025-09-11_17:40:04
243375,HYBRIS,,CLS,H0249001_S_4281,雙妹嚜復古記事簿,,110,0,0,0,0,2025-09-11_17:40:04
243375,HYBRIS,,CLS,H0249001_S_4284,雙妹嚜復古拼圖,,110,0,0,0,0,2025-09-11_17:40:05
243375,HYBRIS,,CLS,H0249001_S_4286,雙妹嚜復古拼圖,,110,0,0,0,0,2025-09-11_17:40:05
243375,HYBRIS,,CLS,H0249001_S_4287,雙妹嚜復古拼圖,,110,0,0,0,0,2025-09-11_17:40:05
243375,HYBRIS,,CLS,H0249001_S_4290,懷舊2R相簿,,110,0,0,0,0,2025-09-11_17:40:05
243375,HYBRIS,,CLS,H0249001_S_4291,懷舊2R相簿,,110,0,0,0,0,2025-09-11_17:40:05
243375,HYBRIS,,CLS,H0249001_S_4292,懷舊2R相簿,,110,0,0,0,0,2025-09-11_17:40:05
243375,HYBRIS,,CLS,H0249001_S_4293,懷舊2R相簿,,110,0,0,0,0,2025-09-11_17:40:05
243375,HYBRIS,,CLS,H0249001_S_4315,雙妹嚜黑色環保袋,,110,0,0,0,0,2025-09-11_17:40:05
243375,HYBRIS,,CLS,H0249001_S_8808,馬賽皂 (檸檬),,110,0,0,0,0,2025-09-11_17:40:05
243375,HYBRIS,,CLS,H0249001_S_8809,馬賽皂 (蜜糖),,110,0,0,0,0,2025-09-11_17:40:05
243375,HYBRIS,,CLS,H0249001_S_8810,馬賽皂 (白檀),,110,0,0,0,0,2025-09-11_17:40:05
243375,HYBRIS,,CLS,H0249001_S_KC1100,指甲水,,110,0,0,0,0,2025-09-11_17:40:05
243375,HYBRIS,,CLS,H0249001_S_KC1101,指甲油 (藍紫色系),,110,0,0,0,0,2025-09-11_17:40:05
243375,HYBRIS,,CLS,H0249001_S_KC1102,指甲油 (藍紫色系),,110,0,0,0,0,2025-09-11_17:40:05
243375,HYBRIS,,CLS,H0249001_S_KC1103,指甲油 (藍紫色系),,110,0,0,0,0,2025-09-11_17:40:05
243375,HYBRIS,,CLS,H0249001_S_KC1105,指甲油 (藍紫色系),,110,0,0,0,0,2025-09-11_17:40:05
243375,HYBRIS,,CLS,H0249001_S_KC1106,指甲油 (紅色系),,110,0,0,0,0,2025-09-11_17:40:05
243375,HYBRIS,,CLS,H0249001_S_KC1107,指甲油 (紅色系),,110,0,0,0,0,2025-09-11_17:40:05
243375,HYBRIS,,CLS,H0249001_S_KC1108,指甲油 (紅色系),,110,0,0,0,0,2025-09-11_17:40:05
243375,HYBRIS,,CLS,H0249001_S_KC1112,指甲油 (藍紫色系),,110,0,0,0,0,2025-09-11_17:40:06
243375,HYBRIS,,CLS,H0249001_S_KC1113,指甲油 (紅色系),,110,0,0,0,0,2025-09-11_17:40:06
243375,HYBRIS,,CLS,H0249001_S_KC1116,指甲油 (彩色系),,110,0,0,0,0,2025-09-11_17:40:06
243375,HYBRIS,,CLS,H0249001_S_KC1121,指甲油 (紅色系),,110,0,0,0,0,2025-09-11_17:40:06
243375,HYBRIS,,CLS,H0249001_S_KC1123,指甲油 (紅色系),,110,0,0,0,0,2025-09-11_17:40:06
243375,HYBRIS,,CLS,H0249001_S_KC1124,指甲油 (紅色系),,110,0,0,0,0,2025-09-11_17:40:06
243375,HYBRIS,,CLS,H0249001_S_KC1127,指甲油 (彩色系),,110,0,0,0,0,2025-09-11_17:40:06
243375,HYBRIS,,CLS,H0249001_S_KC1129,指甲油 (彩色系),,110,0,0,0,0,2025-09-11_17:40:07
243375,HYBRIS,,CLS,H0249001_S_KC1130,指甲油 (彩色系),,110,0,0,0,0,2025-09-11_17:40:07
243375,HYBRIS,,CLS,H0249001_S_KC1131,指甲油 (彩色系),,110,0,0,0,0,2025-09-11_17:40:07
243375,HYBRIS,,CLS,H0249001_S_KC1134,指甲油 (紅色系),,110,0,0,0,0,2025-09-11_17:40:07
243375,HYBRIS,,CLS,H0249001_S_KC1137,指甲油 (色號 - 37透明),,110,0,0,0,0,2025-09-11_17:40:07
243375,HYBRIS,,CLS,H0249001_S_KC1139,指甲油 (彩色系),,110,0,0,0,0,2025-09-11_17:40:07
243375,HYBRIS,,CLS,H0249001_S_KC1146,指甲油 (藍紫色系),,110,0,0,0,0,2025-09-11_17:40:08
243375,HYBRIS,,CLS,H0249001_S_KC1148,指甲油 (彩色系),,110,0,0,0,0,2025-09-11_17:40:08
243375,HYBRIS,,CLS,H0249001_S_KC1152,指甲油 (紅色系),,110,0,0,0,0,2025-09-11_17:40:09
243375,HYBRIS,,CLS,H0249001_S_Q004,雙妹綿布袋 (白色),,110,0,0,0,0,2025-09-11_17:40:09
243375,HYBRIS,,CLS,H0249001_S_Q005,雙妹綿布袋 (自然色),,110,0,0,0,0,2025-09-11_17:40:09
243375,HYBRIS,,CLS,H0255001_S_21875,蒜油 250粒,,110,0,0,0,0,2025-09-11_17:40:09
243375,HYBRIS,,CLS,H0255001_S_21942,利筋諾 50粒,,110,0,0,0,0,2025-09-11_17:40:09
243375,HYBRIS,,CLS,H0255001_S_22993,乳薊果 60片,,110,0,0,0,0,2025-09-11_17:40:09
243375,HYBRIS,,CLS,H0255001_S_23452,葡萄籽加強配方 30片,,110,0,0,0,0,2025-09-11_17:40:10
243375,HYBRIS,,CLS,H0255001_S_24008,無腥味魚油1000 200粒,,110,0,0,0,0,2025-09-11_17:40:10
243375,HYBRIS,,CLS,H0255001_S_24177,葉黃素 60粒,,110,0,0,0,0,2025-09-11_17:40:10
243375,HYBRIS,,CLS,H0255001_S_24201,護眼山桑子 30片,,110,0,0,0,0,2025-09-11_17:40:10
243375,HYBRIS,,CLS,H0255001_S_24877,兒童果味魚油丸 30粒,,110,0,0,0,0,2025-09-11_17:40:10
243375,HYBRIS,,CLS,H0255001_S_25067,鋸櫚前列配方 60粒,,20,0,0,0,0,2025-09-11_17:40:10
243375,HYBRIS,,CLS,H0255001_S_25207,維他命D3 1000 30粒,,110,0,0,0,0,2025-09-11_17:40:11
243375,HYBRIS,,CLS,H0255001_S_25266,護養關節配方 60粒,,110,0,0,0,0,2025-09-11_17:40:11
243375,HYBRIS,,CLS,H0294001_S_120088,免沖洗保濕護髮乳,,110,0,0,0,0,2025-09-11_17:40:11
243375,HYBRIS,,CLS,H0294001_S_120295,潔淨控油洗髮露,,110,0,0,0,0,2025-09-11_17:40:11
243375,HYBRIS,,CLS,H0294001_S_120533,波浪捲髮精華露波浪捲髮精華露波浪捲髮精華露波浪捲髮精華露,,110,0,0,0,0,2025-09-11_17:40:11
243375,HYBRIS,,CLS,H0318002_S_812719,有機矢車菊花水 200ml,,130,0,0,0,0,2025-09-11_17:40:11
243375,HYBRIS,,CLS,H0318002_S_812724,有機大馬士革玫瑰花水 200ml,,130,0,0,0,0,2025-09-11_17:40:11
243375,HYBRIS,,CLS,H0318002_S_852974,有機3重蜂蜜潤澤身體乳霜 150ml,,10,0,0,0,0,2025-09-11_17:40:11
243375,HYBRIS,,CLS,H0318002_S_855281,有機3重蜂蜜潤澤身體磨砂 150g,,110,0,0,0,0,2025-09-11_17:40:11
243375,HYBRIS,,CLS,H0318002_S_86Z0004,有機防敏香體露 50ml,,105,0,0,0,0,2025-09-11_17:40:12
243375,HYBRIS,,CLS,H0539001_S_50159,Royal Touch 敏感肌適用產後專用衛生巾 L碼 (5片/包),,110,0,0,0,0,2025-09-11_17:40:12
243375,HYBRIS,,CLS,H0888001_S_10004619,特級魚露,,15,0,0,0,0,2025-09-11_17:40:12
243375,HYBRIS,,CLS,H0888001_S_10004625,南乳,,220,0,0,0,0,2025-09-11_17:40:12
243375,HYBRIS,,CLS,H0888001_S_10004645,爽口榨菜絲,,230,0,0,0,0,2025-09-11_17:40:12
243375,HYBRIS,,CLS,H0888001_S_10004649,辣香蘿蔔,,120,0,0,0,0,2025-09-11_17:40:12
243375,HYBRIS,,CLS,H0888001_S_10004653,陳醋蕎頭,,130,0,0,0,0,2025-09-11_17:40:12
243375,HYBRIS,,CLS,H0888001_S_10004654,甜酸蕎頭,,130,0,0,0,0,2025-09-11_17:40:12
243375,HYBRIS,,CLS,H0888001_S_10004666,鮑汁靈芝菇片,,220,0,0,0,0,2025-09-11_17:40:12
243375,HYBRIS,,CLS,H0888001_S_10005984,豬骨火鍋上湯,,270,0,0,0,0,2025-09-11_17:40:13
243375,HYBRIS,,CLS,H0888001_S_10005986,醉雞火鍋上湯,,270,0,0,0,0,2025-09-11_17:40:13
243375,HYBRIS,,CLS,H0888001_S_10007891,洋蔥南瓜馬鈴薯片,,10,0,0,0,0,2025-09-11_17:40:13
243375,HYBRIS,,CLS,H0888001_S_10009135,藍梅寒天果凍糖,,10,0,0,0,0,2025-09-11_17:40:13
243375,HYBRIS,,CLS,H0888001_S_10009139,蜂蜜檸檬寒天果凍糖,,10,0,0,0,0,2025-09-11_17:40:13
243375,HYBRIS,,CLS,H0888001_S_10009151,什錦軟糖,,220,0,0,0,0,2025-09-11_17:40:13
243375,HYBRIS,,CLS,H0888001_S_10009386,北海道扇貝味薯片,,10,0,0,0,0,2025-09-11_17:40:13
243375,HYBRIS,,CLS,H0888001_S_10009388,酥餅 (黑朱古力),,15,0,0,0,0,2025-09-11_17:40:13
243375,HYBRIS,,CLS,H0888001_S_10011987,好ｅ食 - 白汁煙肉磨菇意粉 (急凍),,210,0,0,0,0,2025-09-11_17:40:14
243375,HYBRIS,,CLS,H0888001_S_10007313,滋潤保濕乳霜,,12,0,0,0,0,2025-09-11_17:40:14
243375,HYBRIS,,CLS,H0888001_S_10022686,猴頭菇雪耳百合潤肺湯,,192,0,0,0,0,2025-09-11_17:40:14
243375,HYBRIS,,CLS,H0888001_S_10018925,白風船米餅-牛奶忌廉味,,500,0,0,0,0,2025-09-11_17:40:14
243381,IMAX_KERRY,,STS,H0888001_S_10012783,巴西牛胸腩粒 (急凍),IM00071854,1285,0,0,0,0,2025-09-11_18:19:00
243384,IMAX_KERRY,,WFS,H0888001_S_10012783,巴西牛胸腩粒 (急凍),IM00071855,50,0,0,0,0,2025-09-11_18:49:00
243387,HYBRIS,,RRS,H0888001_S_10012783,巴西牛胸腩粒 (急凍),,600,0,0,0,0,2025-09-11_19:19:00
243391,IMAX_KERRY,,RRS,H0888001_S_10012783,巴西牛胸腩粒 (急凍),IM00071857,700,0,0,0,0,2025-09-11_19:59:00
243393,HYBRIS,,HHS,H0249001_S_1272,AAA薰衣草沐浴露,,20,0,0,0,0,2025-09-11_20:09:01
243393,HYBRIS,,HHS,H0249001_S_1272s-74s,BBB薰衣草身體潔淨旅行套裝,,20,0,0,0,0,2025-09-11_20:09:01
243393,HYBRIS,,HHS,H0249001_S_1274,DDD薰衣草護髮素,,20,0,0,0,0,2025-09-11_20:09:01
243393,HYBRIS,,HHS,H0249001_S_1282s-84s,活花身體潔淨旅行套裝,,20,0,0,0,0,2025-09-11_20:09:01
243393,HYBRIS,,HHS,H0249001_S_1284,活花護髮素,,20,0,0,0,0,2025-09-11_20:09:01
243393,HYBRIS,,HHS,H0249001_S_1292,花露水沐浴露,,20,0,0,0,0,2025-09-11_20:09:01
243393,HYBRIS,,HHS,H0249001_S_1292s-94s,花露水身體潔淨旅行套裝一二三四五六,,20,0,0,0,0,2025-09-11_20:09:01
243393,HYBRIS,,HHS,H0249001_S_1293,花露水洗髮水,,20,0,0,0,0,2025-09-11_20:09:01
243393,HYBRIS,,HHS,H0249001_S_1294,花露水護髮素,,20,0,0,0,0,2025-09-11_20:09:02
243393,HYBRIS,,HHS,H0249001_S_2151,雪花膏,,20,0,0,0,0,2025-09-11_20:09:02
243393,HYBRIS,,HHS,H0249001_S_2152,活花潤手霜,,20,0,0,0,0,2025-09-11_20:09:02
243393,HYBRIS,,HHS,H0249001_S_2157,花露水香皂,,20,0,0,0,0,2025-09-11_20:09:02
243393,HYBRIS,,HHS,H0249001_S_2163,活花爽身粉 (玫瑰花香),,20,0,0,0,0,2025-09-11_20:09:02
243393,HYBRIS,,HHS,H0249001_S_2166,活花香皂,,20,0,0,0,0,2025-09-11_20:09:02
243393,HYBRIS,,HHS,H0249001_S_2167,活花止汗液,,20,0,0,0,0,2025-09-11_20:09:02
243393,HYBRIS,,HHS,H0249001_S_2177,迷你雪花膏,,20,0,0,0,0,2025-09-11_20:09:02
243393,HYBRIS,,HHS,H0249001_S_2181,EEE薰衣草味護髮油,,20,0,0,0,0,2025-09-11_20:09:02
243393,HYBRIS,,HHS,H0249001_S_2182,活花味護髮油  (玫瑰花香),,20,0,0,0,0,2025-09-11_20:09:02
243393,HYBRIS,,HHS,H0249001_S_2186,活花爽身粉 80克 (罐裝)（附柔軟粉撲）,,20,0,0,0,0,2025-09-11_20:09:02
243393,HYBRIS,,HHS,H0249001_S_2187,花露水爽身粉 80克 (罐裝)（附柔軟粉撲）,,20,0,0,0,0,2025-09-11_20:09:02
243393,HYBRIS,,HHS,H0249001_S_2188B,花露水濕紙巾 (20片),,20,0,0,0,0,2025-09-11_20:09:02
243393,HYBRIS,,HHS,H0249001_S_2198,花露水 (200毫升),,20,0,0,0,0,2025-09-11_20:09:02
243393,HYBRIS,,HHS,H0249001_S_2202,花露水 (100毫升),,20,0,0,0,0,2025-09-11_20:09:02
243393,HYBRIS,,HHS,H0249001_S_2204,花露水 (15毫升),,20,0,0,0,0,2025-09-11_20:09:03
243393,HYBRIS,,HHS,H0249001_S_2208,花露水 (10毫升),,20,0,0,0,0,2025-09-11_20:09:03
243393,HYBRIS,,HHS,H0249001_S_2209,花露水膏,,20,0,0,0,0,2025-09-11_20:09:03
243393,HYBRIS,,HHS,H0249001_S_4261,雙妹嚜復古記事簿,,20,0,0,0,0,2025-09-11_20:09:03
243393,HYBRIS,,HHS,H0249001_S_4281,雙妹嚜復古記事簿,,20,0,0,0,0,2025-09-11_20:09:03
243393,HYBRIS,,HHS,H0249001_S_4284,雙妹嚜復古拼圖,,20,0,0,0,0,2025-09-11_20:09:03
243393,HYBRIS,,HHS,H0249001_S_4286,雙妹嚜復古拼圖,,20,0,0,0,0,2025-09-11_20:09:03
243393,HYBRIS,,HHS,H0249001_S_4287,雙妹嚜復古拼圖,,20,0,0,0,0,2025-09-11_20:09:03
243393,HYBRIS,,HHS,H0249001_S_4290,懷舊2R相簿,,20,0,0,0,0,2025-09-11_20:09:03
243393,HYBRIS,,HHS,H0249001_S_4291,懷舊2R相簿,,20,0,0,0,0,2025-09-11_20:09:03
243393,HYBRIS,,HHS,H0249001_S_4292,懷舊2R相簿,,20,0,0,0,0,2025-09-11_20:09:03
243393,HYBRIS,,HHS,H0249001_S_4293,懷舊2R相簿,,20,0,0,0,0,2025-09-11_20:09:03
243393,HYBRIS,,HHS,H0249001_S_8808,馬賽皂 (檸檬),,20,0,0,0,0,2025-09-11_20:09:03
243393,HYBRIS,,HHS,H0249001_S_8809,馬賽皂 (蜜糖),,20,0,0,0,0,2025-09-11_20:09:03
243393,HYBRIS,,HHS,H0249001_S_8810,馬賽皂 (白檀),,20,0,0,0,0,2025-09-11_20:09:04
243393,HYBRIS,,HHS,H0249001_S_KC1100,指甲水,,20,0,0,0,0,2025-09-11_20:09:04
243393,HYBRIS,,HHS,H0249001_S_KC1101,指甲油 (藍紫色系),,20,0,0,0,0,2025-09-11_20:09:04
243393,HYBRIS,,HHS,H0249001_S_KC1102,指甲油 (藍紫色系),,20,0,0,0,0,2025-09-11_20:09:04
243393,HYBRIS,,HHS,H0249001_S_KC1103,指甲油 (藍紫色系),,20,0,0,0,0,2025-09-11_20:09:04
243393,HYBRIS,,HHS,H0249001_S_KC1105,指甲油 (藍紫色系),,20,0,0,0,0,2025-09-11_20:09:04
243393,HYBRIS,,HHS,H0249001_S_KC1106,指甲油 (紅色系),,20,0,0,0,0,2025-09-11_20:09:04
243393,HYBRIS,,HHS,H0249001_S_KC1107,指甲油 (紅色系),,20,0,0,0,0,2025-09-11_20:09:04
243393,HYBRIS,,HHS,H0249001_S_KC1108,指甲油 (紅色系),,20,0,0,0,0,2025-09-11_20:09:04
243393,HYBRIS,,HHS,H0249001_S_KC1112,指甲油 (藍紫色系),,20,0,0,0,0,2025-09-11_20:09:04
243393,HYBRIS,,HHS,H0249001_S_KC1113,指甲油 (紅色系),,20,0,0,0,0,2025-09-11_20:09:04
243393,HYBRIS,,HHS,H0249001_S_KC1116,指甲油 (彩色系),,20,0,0,0,0,2025-09-11_20:09:04
243393,HYBRIS,,HHS,H0249001_S_KC1121,指甲油 (紅色系),,20,0,0,0,0,2025-09-11_20:09:05
243393,HYBRIS,,HHS,H0249001_S_KC1123,指甲油 (紅色系),,20,0,0,0,0,2025-09-11_20:09:05
243393,HYBRIS,,HHS,H0249001_S_KC1124,指甲油 (紅色系),,20,0,0,0,0,2025-09-11_20:09:05
243393,HYBRIS,,HHS,H0249001_S_KC1127,指甲油 (彩色系),,20,0,0,0,0,2025-09-11_20:09:05
243393,HYBRIS,,HHS,H0249001_S_KC1129,指甲油 (彩色系),,20,0,0,0,0,2025-09-11_20:09:05
243393,HYBRIS,,HHS,H0249001_S_KC1130,指甲油 (彩色系),,20,0,0,0,0,2025-09-11_20:09:05
243393,HYBRIS,,HHS,H0249001_S_KC1131,指甲油 (彩色系),,20,0,0,0,0,2025-09-11_20:09:05
243393,HYBRIS,,HHS,H0249001_S_KC1134,指甲油 (紅色系),,20,0,0,0,0,2025-09-11_20:09:05
243393,HYBRIS,,HHS,H0249001_S_KC1137,指甲油 (色號 - 37透明),,20,0,0,0,0,2025-09-11_20:09:05
243393,HYBRIS,,HHS,H0249001_S_KC1139,指甲油 (彩色系),,20,0,0,0,0,2025-09-11_20:09:05
243393,HYBRIS,,HHS,H0249001_S_KC1146,指甲油 (藍紫色系),,20,0,0,0,0,2025-09-11_20:09:06
243393,HYBRIS,,HHS,H0249001_S_KC1148,指甲油 (彩色系),,20,0,0,0,0,2025-09-11_20:09:06
243393,HYBRIS,,HHS,H0249001_S_KC1152,指甲油 (紅色系),,20,0,0,0,0,2025-09-11_20:09:06
243393,HYBRIS,,HHS,H0249001_S_Q004,雙妹綿布袋 (白色),,20,0,0,0,0,2025-09-11_20:09:06
243393,HYBRIS,,HHS,H0249001_S_Q005,雙妹綿布袋 (自然色),,20,0,0,0,0,2025-09-11_20:09:06
243393,HYBRIS,,HHS,H0255001_S_21875,蒜油 250粒,,20,0,0,0,0,2025-09-11_20:09:06
243393,HYBRIS,,HHS,H0255001_S_21942,利筋諾 50粒,,20,0,0,0,0,2025-09-11_20:09:06
243393,HYBRIS,,HHS,H0255001_S_22993,乳薊果 60片,,20,0,0,0,0,2025-09-11_20:09:07
243393,HYBRIS,,HHS,H0255001_S_23452,葡萄籽加強配方 30片,,20,0,0,0,0,2025-09-11_20:09:07
243393,HYBRIS,,HHS,H0255001_S_24008,無腥味魚油1000 200粒,,20,0,0,0,0,2025-09-11_20:09:07
243393,HYBRIS,,HHS,H0255001_S_24177,葉黃素 60粒,,20,0,0,0,0,2025-09-11_20:09:07
243393,HYBRIS,,HHS,H0255001_S_24201,護眼山桑子 30片,,20,0,0,0,0,2025-09-11_20:09:07
243393,HYBRIS,,HHS,H0255001_S_24877,兒童果味魚油丸 30粒,,20,0,0,0,0,2025-09-11_20:09:07
243393,HYBRIS,,HHS,H0255001_S_25067,鋸櫚前列配方 60粒,,20,0,0,0,0,2025-09-11_20:09:07
243393,HYBRIS,,HHS,H0255001_S_25110,亞麻籽油植物奧米加369 100粒,,20,0,0,0,0,2025-09-11_20:09:07
243393,HYBRIS,,HHS,H0255001_S_25207,維他命D3 1000 30粒,,20,0,0,0,0,2025-09-11_20:09:07
243393,HYBRIS,,HHS,H0255001_S_25266,護養關節配方 60粒,,20,0,0,0,0,2025-09-11_20:09:07
243393,HYBRIS,,HHS,H0294001_S_120088,免沖洗保濕護髮乳,,20,0,0,0,0,2025-09-11_20:09:07
243393,HYBRIS,,HHS,H0294001_S_120295,潔淨控油洗髮露,,20,0,0,0,0,2025-09-11_20:09:07
243393,HYBRIS,,HHS,H0294001_S_120533,波浪捲髮精華露波浪捲髮精華露波浪捲髮精華露波浪捲髮精華露,,20,0,0,0,0,2025-09-11_20:09:07
243393,HYBRIS,,HHS,H0318002_S_812719,有機矢車菊花水 200ml,,20,0,0,0,0,2025-09-11_20:09:08
243393,HYBRIS,,HHS,H0318002_S_812724,有機大馬士革玫瑰花水 200ml,,20,0,0,0,0,2025-09-11_20:09:08
243393,HYBRIS,,HHS,H0318002_S_852974,有機3重蜂蜜潤澤身體乳霜 150ml,,20,0,0,0,0,2025-09-11_20:09:08
243393,HYBRIS,,HHS,H0318002_S_855281,有機3重蜂蜜潤澤身體磨砂 150g,,20,0,0,0,0,2025-09-11_20:09:08
243393,HYBRIS,,HHS,H0318002_S_861153,有機日用洗髮水 500ml,,20,0,0,0,0,2025-09-11_20:09:08
243393,HYBRIS,,HHS,H0318002_S_86Z0004,有機防敏香體露 50ml,,20,0,0,0,0,2025-09-11_20:09:08
243393,HYBRIS,,HHS,H0318002_S_86Z0005,有機乳木果油護髮素 150ml,,20,0,0,0,0,2025-09-11_20:09:08
243393,HYBRIS,,HHS,H0539001_S_50159,Royal Touch 敏感肌適用產後專用衛生巾 L碼 (5片/包),,20,0,0,0,0,2025-09-11_20:09:08
243399,HYBRIS,,CLS,H0888001_S_10011834,炸魚手指 (急凍),H250911005006,16,16,0,0,16,2025-09-11_22:09:00
243404,HYBRIS,,WFS,H0249001_S_1274,DDD薰衣草護髮素,,15,15,0,0,0,2025-09-11_23:40:03
243404,HYBRIS,,WFS,H0249001_S_2151,雪花膏,,5,5,0,0,0,2025-09-11_23:40:04
243404,HYBRIS,,WFS,H0249001_S_4290,懷舊2R相簿,,5,5,0,0,0,2025-09-11_23:40:06
243404,HYBRIS,,WFS,H0249001_S_KC1139,指甲油 (彩色系),,5,5,0,0,0,2025-09-11_23:40:10
243404,HYBRIS,,WFS,H0318002_S_812724,有機大馬士革玫瑰花水 200ml,,10,10,0,0,0,2025-09-11_23:40:13
243404,HYBRIS,,WFS,H0318002_S_855281,有機3重蜂蜜潤澤身體磨砂 150g,,10,10,0,0,0,2025-09-11_23:40:13
243404,HYBRIS,,WFS,H0318002_S_86Z0005,有機乳木果油護髮素 150ml,,5,5,0,0,0,2025-09-11_23:40:14
243404,HYBRIS,,WFS,H0888001_S_10005984,豬骨火鍋上湯,,105,105,0,0,0,2025-09-11_23:40:15
243404,HYBRIS,,WFS,H0888001_S_10005985,黑胡椒豬骨火鍋上湯,,15,15,0,0,0,2025-09-11_23:40:15
243417,HYBRIS,,TWS,H0859001_S_OS-620,uPure 2 潔淨濾水器2,,440,440,0,0,0,2025-09-12_00:00:00
243421,IMAX_STACKING,FROZEN,COB,H0888001_S_10022875,美國特選牛肩胛肥牛片 (急凍),IS00071863,520,520,0,0,0,2025-09-12_00:00:01
243421,IMAX_STACKING,FROZEN,COB,H0888001_S_10012511,西班牙咸豬手,IS00071863,1610,1610,0,0,0,2025-09-12_00:00:01
243422,IMAX_STACKING,DRY,COB,H0888001_S_10009610,湖池屋激辣魔薯香辣芝士味薯片,IS00071864,120,120,0,0,0,2025-09-12_00:00:01
243422,IMAX_STACKING,DRY,COB,H0859001_S_OS-620,uPure 2 潔淨濾水器2,IS00071864,65,65,0,0,0,2025-09-12_00:00:01
243421,IMAX_STACKING,FROZEN,COB,H0888001_S_10011849,美國大西洋野生響螺頭 M (急凍),IS00071863,3000,3000,0,0,0,2025-09-12_00:00:01
243421,IMAX_STACKING,FROZEN,COB,H0888001_S_10011848,日本煮食用帶子急凍急凍,IS00071863,990,990,0,0,0,2025-09-12_00:00:01
243422,IMAX_STACKING,DRY,COB,H0888001_S_10002195,大樽生啤 (日本版),IS00071864,72,72,0,0,0,2025-09-12_00:00:01
243422,IMAX_STACKING,DRY,COB,H0888001_S_10004262,烏龍茶,IS00071864,168,168,0,0,0,2025-09-12_00:00:02
243425,HYBRIS,,COB,H0888001_S_10009135,藍梅寒天果凍糖,,1212,1212,0,0,0,2025-09-12_00:01:00
243425,HYBRIS,,COB,H0888001_S_10009139,蜂蜜檸檬寒天果凍糖,,1308,1308,0,0,0,2025-09-12_00:01:00
243425,HYBRIS,,COB,H0888001_S_10009151,什錦軟糖,,1420,1420,0,0,0,2025-09-12_00:01:00
243427,IMAX_KERRY,FROZEN,CLS,H0888001_S_10012023,韓式蜜檸脆雞 (急凍),IM00071866,4940,0,0,0,0,2025-09-12_04:00:00
243432,HYBRIS,,CLS,H0888001_S_10007313,滋潤保濕乳霜,,444,0,0,0,0,2025-09-12_10:09:00
243433,IMAX_STACKING,DRY,CLS,H0888001_S_10002195,大樽生啤 (日本版),IS00071868,12,0,0,0,0,2025-09-12_10:22:00
243434,HYBRIS,,STS,H0888001_S_10012783,巴西牛胸腩粒 (急凍),,792,0,0,0,0,2025-09-12_10:32:00
243435,HYBRIS,,CLS,H0888001_S_10133455,澳洲和牛漢堡扒 (急凍),,1020,0,0,0,0,2025-09-12_10:38:00
243435,HYBRIS,,CLS,H0888001_S_10133940,(澳洲直送!) 澳洲穀飼西冷牛扒 (2塊裝) (急凍),,1000,0,0,0,0,2025-09-12_10:38:00
243435,HYBRIS,,CLS,H0888001_S_10133453,澳洲M4+ 和牛西冷牛扒 (急凍),,330,0,0,0,0,2025-09-12_10:38:00
243435,HYBRIS,,CLS,H0888001_S_10018534,澳洲海參(禿參，又名花刺參) (急凍),,408,0,0,0,0,2025-09-12_10:38:00
243439,HYBRIS,,STS,H0249001_S_1272s-74s,BBB薰衣草身體潔淨旅行套裝,,210,0,0,0,0,2025-09-12_11:08:01
243439,HYBRIS,,STS,H0249001_S_1273,CCC薰衣草洗髮水,,140,0,0,0,0,2025-09-12_11:08:01
243439,HYBRIS,,STS,H0249001_S_1274,DDD薰衣草護髮素,,210,0,0,0,0,2025-09-12_11:08:01
243439,HYBRIS,,STS,H0249001_S_1282s-84s,活花身體潔淨旅行套裝,,210,0,0,0,0,2025-09-12_11:08:01
243439,HYBRIS,,STS,H0249001_S_1284,活花護髮素,,210,0,0,0,0,2025-09-12_11:08:01
243439,HYBRIS,,STS,H0249001_S_1292,花露水沐浴露,,210,0,0,0,0,2025-09-12_11:08:01
243439,HYBRIS,,STS,H0249001_S_1292s-94s,花露水身體潔淨旅行套裝一二三四五六,,210,0,0,0,0,2025-09-12_11:08:01
243439,HYBRIS,,STS,H0249001_S_1293,花露水洗髮水,,210,0,0,0,0,2025-09-12_11:08:01
243439,HYBRIS,,STS,H0249001_S_1294,花露水護髮素,,210,0,0,0,0,2025-09-12_11:08:01
243439,HYBRIS,,STS,H0249001_S_2151,雪花膏,,210,0,0,0,0,2025-09-12_11:08:01
243439,HYBRIS,,STS,H0249001_S_2152,活花潤手霜,,210,0,0,0,0,2025-09-12_11:08:02
243439,HYBRIS,,STS,H0249001_S_2157,花露水香皂,,210,0,0,0,0,2025-09-12_11:08:02
243439,HYBRIS,,STS,H0249001_S_2163,活花爽身粉 (玫瑰花香),,210,0,0,0,0,2025-09-12_11:08:02
243439,HYBRIS,,STS,H0249001_S_2166,活花香皂,,210,0,0,0,0,2025-09-12_11:08:02
243439,HYBRIS,,STS,H0249001_S_2167,活花止汗液,,210,0,0,0,0,2025-09-12_11:08:02
243439,HYBRIS,,STS,H0249001_S_2177,迷你雪花膏,,210,0,0,0,0,2025-09-12_11:08:02
243439,HYBRIS,,STS,H0249001_S_2181,EEE薰衣草味護髮油,,210,0,0,0,0,2025-09-12_11:08:02
243439,HYBRIS,,STS,H0249001_S_2182,活花味護髮油  (玫瑰花香),,210,0,0,0,0,2025-09-12_11:08:02
243439,HYBRIS,,STS,H0249001_S_2186,活花爽身粉 80克 (罐裝)（附柔軟粉撲）,,210,0,0,0,0,2025-09-12_11:08:02
243439,HYBRIS,,STS,H0249001_S_2187,花露水爽身粉 80克 (罐裝)（附柔軟粉撲）,,210,0,0,0,0,2025-09-12_11:08:02
243439,HYBRIS,,STS,H0249001_S_2188B,花露水濕紙巾 (20片),,210,0,0,0,0,2025-09-12_11:08:02
243439,HYBRIS,,STS,H0249001_S_2198,花露水 (200毫升),,210,0,0,0,0,2025-09-12_11:08:02
243439,HYBRIS,,STS,H0249001_S_2202,花露水 (100毫升),,210,0,0,0,0,2025-09-12_11:08:02
243439,HYBRIS,,STS,H0249001_S_2204,花露水 (15毫升),,210,0,0,0,0,2025-09-12_11:08:02
243439,HYBRIS,,STS,H0249001_S_2208,花露水 (10毫升),,210,0,0,0,0,2025-09-12_11:08:02
243439,HYBRIS,,STS,H0249001_S_2209,花露水膏,,210,0,0,0,0,2025-09-12_11:08:03
243439,HYBRIS,,STS,H0249001_S_4261,雙妹嚜復古記事簿,,210,0,0,0,0,2025-09-12_11:08:03
243439,HYBRIS,,STS,H0249001_S_4281,雙妹嚜復古記事簿,,210,0,0,0,0,2025-09-12_11:08:03
243439,HYBRIS,,STS,H0249001_S_4284,雙妹嚜復古拼圖,,210,0,0,0,0,2025-09-12_11:08:03
243439,HYBRIS,,STS,H0249001_S_4286,雙妹嚜復古拼圖,,210,0,0,0,0,2025-09-12_11:08:03
243439,HYBRIS,,STS,H0249001_S_4287,雙妹嚜復古拼圖,,210,0,0,0,0,2025-09-12_11:08:03
243439,HYBRIS,,STS,H0249001_S_4290,懷舊2R相簿,,210,0,0,0,0,2025-09-12_11:08:03
243439,HYBRIS,,STS,H0249001_S_4291,懷舊2R相簿,,210,0,0,0,0,2025-09-12_11:08:03
243439,HYBRIS,,STS,H0249001_S_4292,懷舊2R相簿,,210,0,0,0,0,2025-09-12_11:08:03
243439,HYBRIS,,STS,H0249001_S_4293,懷舊2R相簿,,210,0,0,0,0,2025-09-12_11:08:03
243439,HYBRIS,,STS,H0249001_S_4315,雙妹嚜黑色環保袋,,210,0,0,0,0,2025-09-12_11:08:03
243439,HYBRIS,,STS,H0249001_S_8808,馬賽皂 (檸檬),,210,0,0,0,0,2025-09-12_11:08:03
243439,HYBRIS,,STS,H0249001_S_8809,馬賽皂 (蜜糖),,210,0,0,0,0,2025-09-12_11:08:03
243439,HYBRIS,,STS,H0249001_S_8810,馬賽皂 (白檀),,210,0,0,0,0,2025-09-12_11:08:03
243439,HYBRIS,,STS,H0249001_S_KC1100,指甲水,,210,0,0,0,0,2025-09-12_11:08:03
243439,HYBRIS,,STS,H0249001_S_KC1101,指甲油 (藍紫色系),,210,0,0,0,0,2025-09-12_11:08:03
243439,HYBRIS,,STS,H0249001_S_KC1102,指甲油 (藍紫色系),,210,0,0,0,0,2025-09-12_11:08:03
243439,HYBRIS,,STS,H0249001_S_KC1103,指甲油 (藍紫色系),,210,0,0,0,0,2025-09-12_11:08:03
243439,HYBRIS,,STS,H0249001_S_KC1105,指甲油 (藍紫色系),,210,0,0,0,0,2025-09-12_11:08:03
243439,HYBRIS,,STS,H0249001_S_KC1106,指甲油 (紅色系),,210,0,0,0,0,2025-09-12_11:08:04
243439,HYBRIS,,STS,H0249001_S_KC1107,指甲油 (紅色系),,210,0,0,0,0,2025-09-12_11:08:04
243439,HYBRIS,,STS,H0249001_S_KC1108,指甲油 (紅色系),,210,0,0,0,0,2025-09-12_11:08:04
243439,HYBRIS,,STS,H0249001_S_KC1112,指甲油 (藍紫色系),,210,0,0,0,0,2025-09-12_11:08:04
243439,HYBRIS,,STS,H0249001_S_KC1113,指甲油 (紅色系),,210,0,0,0,0,2025-09-12_11:08:04
243439,HYBRIS,,STS,H0249001_S_KC1116,指甲油 (彩色系),,210,0,0,0,0,2025-09-12_11:08:04
243439,HYBRIS,,STS,H0249001_S_KC1121,指甲油 (紅色系),,210,0,0,0,0,2025-09-12_11:08:04
243439,HYBRIS,,STS,H0249001_S_KC1123,指甲油 (紅色系),,210,0,0,0,0,2025-09-12_11:08:05
243439,HYBRIS,,STS,H0249001_S_KC1124,指甲油 (紅色系),,210,0,0,0,0,2025-09-12_11:08:05
243439,HYBRIS,,STS,H0249001_S_KC1127,指甲油 (彩色系),,210,0,0,0,0,2025-09-12_11:08:05
243439,HYBRIS,,STS,H0249001_S_KC1129,指甲油 (彩色系),,210,0,0,0,0,2025-09-12_11:08:05
243439,HYBRIS,,STS,H0249001_S_KC1130,指甲油 (彩色系),,210,0,0,0,0,2025-09-12_11:08:05
243439,HYBRIS,,STS,H0249001_S_KC1131,指甲油 (彩色系),,210,0,0,0,0,2025-09-12_11:08:05
243439,HYBRIS,,STS,H0249001_S_KC1134,指甲油 (紅色系),,210,0,0,0,0,2025-09-12_11:08:05
243439,HYBRIS,,STS,H0249001_S_KC1137,指甲油 (色號 - 37透明),,210,0,0,0,0,2025-09-12_11:08:05
243439,HYBRIS,,STS,H0249001_S_KC1139,指甲油 (彩色系),,210,0,0,0,0,2025-09-12_11:08:05
243439,HYBRIS,,STS,H0249001_S_KC1146,指甲油 (藍紫色系),,210,0,0,0,0,2025-09-12_11:08:06
243439,HYBRIS,,STS,H0249001_S_KC1148,指甲油 (彩色系),,210,0,0,0,0,2025-09-12_11:08:06
243439,HYBRIS,,STS,H0249001_S_KC1152,指甲油 (紅色系),,210,0,0,0,0,2025-09-12_11:08:06
243439,HYBRIS,,STS,H0249001_S_Q004,雙妹綿布袋 (白色),,210,0,0,0,0,2025-09-12_11:08:06
243439,HYBRIS,,STS,H0249001_S_Q005,雙妹綿布袋 (自然色),,210,0,0,0,0,2025-09-12_11:08:06
243439,HYBRIS,,STS,H0255001_S_21875,蒜油 250粒,,210,0,0,0,0,2025-09-12_11:08:06
243439,HYBRIS,,STS,H0255001_S_21942,利筋諾 50粒,,210,0,0,0,0,2025-09-12_11:08:06
243439,HYBRIS,,STS,H0255001_S_22993,乳薊果 60片,,210,0,0,0,0,2025-09-12_11:08:06
243439,HYBRIS,,STS,H0255001_S_23452,葡萄籽加強配方 30片,,210,0,0,0,0,2025-09-12_11:08:06
243439,HYBRIS,,STS,H0255001_S_24008,無腥味魚油1000 200粒,,210,0,0,0,0,2025-09-12_11:08:06
243439,HYBRIS,,STS,H0255001_S_24177,葉黃素 60粒,,210,0,0,0,0,2025-09-12_11:08:07
243439,HYBRIS,,STS,H0255001_S_24201,護眼山桑子 30片,,210,0,0,0,0,2025-09-12_11:08:07
243439,HYBRIS,,STS,H0255001_S_24877,兒童果味魚油丸 30粒,,210,0,0,0,0,2025-09-12_11:08:07
243439,HYBRIS,,STS,H0255001_S_25067,鋸櫚前列配方 60粒,,210,0,0,0,0,2025-09-12_11:08:07
243439,HYBRIS,,STS,H0255001_S_25110,亞麻籽油植物奧米加369 100粒,,210,0,0,0,0,2025-09-12_11:08:07
243439,HYBRIS,,STS,H0255001_S_25207,維他命D3 1000 30粒,,210,0,0,0,0,2025-09-12_11:08:07
243439,HYBRIS,,STS,H0255001_S_25266,護養關節配方 60粒,,210,0,0,0,0,2025-09-12_11:08:07
243439,HYBRIS,,STS,H0294001_S_120088,免沖洗保濕護髮乳,,210,0,0,0,0,2025-09-12_11:08:07
243439,HYBRIS,,STS,H0294001_S_120295,潔淨控油洗髮露,,210,0,0,0,0,2025-09-12_11:08:07
243439,HYBRIS,,STS,H0294001_S_120533,波浪捲髮精華露波浪捲髮精華露波浪捲髮精華露波浪捲髮精華露,,210,0,0,0,0,2025-09-12_11:08:07
243439,HYBRIS,,STS,H0318002_S_812719,有機矢車菊花水 200ml,,210,0,0,0,0,2025-09-12_11:08:07
243439,HYBRIS,,STS,H0318002_S_812724,有機大馬士革玫瑰花水 200ml,,210,0,0,0,0,2025-09-12_11:08:07
243439,HYBRIS,,STS,H0318002_S_852974,有機3重蜂蜜潤澤身體乳霜 150ml,,210,0,0,0,0,2025-09-12_11:08:07
243439,HYBRIS,,STS,H0318002_S_855281,有機3重蜂蜜潤澤身體磨砂 150g,,210,0,0,0,0,2025-09-12_11:08:08
243439,HYBRIS,,STS,H0318002_S_861153,有機日用洗髮水 500ml,,210,0,0,0,0,2025-09-12_11:08:08
243439,HYBRIS,,STS,H0318002_S_86Z0004,有機防敏香體露 50ml,,210,0,0,0,0,2025-09-12_11:08:08
243439,HYBRIS,,STS,H0318002_S_86Z0005,有機乳木果油護髮素 150ml,,210,0,0,0,0,2025-09-12_11:08:08
243439,HYBRIS,,STS,H0539001_S_50159,Royal Touch 敏感肌適用產後專用衛生巾 L碼 (5片/包),,210,0,0,0,0,2025-09-12_11:08:08
243439,HYBRIS,,STS,H0888001_S_10004619,特級魚露,,125,0,0,0,0,2025-09-12_11:08:08
243439,HYBRIS,,STS,H0888001_S_10004625,南乳,,120,0,0,0,0,2025-09-12_11:08:08
243439,HYBRIS,,STS,H0888001_S_10004645,爽口榨菜絲,,130,0,0,0,0,2025-09-12_11:08:08
243439,HYBRIS,,STS,H0888001_S_10004653,陳醋蕎頭,,30,0,0,0,0,2025-09-12_11:08:09
243439,HYBRIS,,STS,H0888001_S_10004654,甜酸蕎頭,,30,0,0,0,0,2025-09-12_11:08:09
243439,HYBRIS,,STS,H0888001_S_10004666,鮑汁靈芝菇片,,120,0,0,0,0,2025-09-12_11:08:09
243439,HYBRIS,,STS,H0888001_S_10005984,豬骨火鍋上湯,,170,0,0,0,0,2025-09-12_11:08:09
243439,HYBRIS,,STS,H0888001_S_10005986,醉雞火鍋上湯,,170,0,0,0,0,2025-09-12_11:08:09
243439,HYBRIS,,STS,H0888001_S_10007891,洋蔥南瓜馬鈴薯片,,125,0,0,0,0,2025-09-12_11:08:09
243439,HYBRIS,,STS,H0888001_S_10009135,藍梅寒天果凍糖,,125,0,0,0,0,2025-09-12_11:08:09
243439,HYBRIS,,STS,H0888001_S_10009139,蜂蜜檸檬寒天果凍糖,,125,0,0,0,0,2025-09-12_11:08:09
243439,HYBRIS,,STS,H0888001_S_10009151,什錦軟糖,,140,0,0,0,0,2025-09-12_11:08:10
243439,HYBRIS,,STS,H0888001_S_10009386,北海道扇貝味薯片,,125,0,0,0,0,2025-09-12_11:08:10
243439,HYBRIS,,STS,H0888001_S_10009388,酥餅 (黑朱古力),,130,0,0,0,0,2025-09-12_11:08:10
243439,HYBRIS,,STS,H0888001_S_10009609,星球大戰系列珍寶珠 (隨機派送),,125,0,0,0,0,2025-09-12_11:08:10
243439,HYBRIS,,STS,H0888001_S_10009610,湖池屋激辣魔薯香辣芝士味薯片,,135,0,0,0,0,2025-09-12_11:08:10
243439,HYBRIS,,STS,H0888001_S_10011987,好ｅ食 - 白汁煙肉磨菇意粉 (急凍),,125,0,0,0,0,2025-09-12_11:08:10
243439,HYBRIS,,STS,H0888001_S_10018925,白風船米餅-牛奶忌廉味,,125,0,0,0,0,2025-09-12_11:08:10
243439,HYBRIS,,STS,H0888001_S_10022686,猴頭菇雪耳百合潤肺湯,,120,0,0,0,0,2025-09-12_11:08:10
243441,HYBRIS,,WFS,H0888001_S_10012013,Bibigo 韓式傳統脆皮煎餃 (急凍),,150,150,0,0,0,2025-09-12_11:25:00
243444,HYBRIS,,CLS,H0888001_S_10007313,滋潤保濕乳霜,,12,0,0,0,0,2025-09-12_11:42:00
243445,IMAX_KERRY,,CLS,H0888001_S_10012777,紐西蘭帶骨羊仔腩 (急凍),IM00071875,40,40,40,0,0,2025-09-12_11:44:00
243453,HYBRIS,,TWS,H0888001_S_10008283,燕麥脆條 - 蜜糖★燕麥,,36,36,0,0,0,2025-09-12_13:00:00
243457,IMAX_KERRY,,CLS,H0888001_S_10012783,巴西牛胸腩粒 (急凍),IM00071877,784,0,0,0,0,2025-09-12_13:32:00
243458,HYBRIS,,LPS,H0888001_S_10012783,巴西牛胸腩粒 (急凍),,8,8,0,0,0,2025-09-12_13:49:00
243462,IMAX_KERRY,,SHS,H0888001_S_10012783,巴西牛胸腩粒 (急凍),IM00071879,786,0,0,0,0,2025-09-12_14:09:00
243463,HYBRIS,,CLS,H0888001_S_10004649,辣香蘿蔔,,2900,0,0,0,0,2025-09-12_14:19:00
243463,HYBRIS,,CLS,H0888001_S_10007313,滋潤保濕乳霜,,27,0,0,0,0,2025-09-12_14:19:00
243485,HYBRIS,,CLS,H0888001_S_10007313,滋潤保濕乳霜,,108,0,0,0,0,2025-09-12_16:41:00
243488,HYBRIS,,RRS,H0888001_S_10018534,澳洲海參(禿參，又名花刺參) (急凍),,96,0,0,0,0,2025-09-12_16:50:00
243489,IMAX_KERRY,,WSH,H0888001_S_10012783,巴西牛胸腩粒 (急凍),IM00071883,786,0,0,0,0,2025-09-12_16:54:00
243494,IMAX_STACKING,CHILLED,CLS,H0888001_S_10012783,巴西牛胸腩粒 (急凍),IS00071885,5000,0,0,0,0,2025-09-12_17:10:00
243495,IMAX_STACKING,DRY,CLS,H0255001_S_25116,健腦高濃度深海魚油 60粒,IS00071884,290,0,0,0,0,2025-09-12_17:10:00
243498,HYBRIS,,CLS,H0249001_S_1272s-74s,BBB薰衣草身體潔淨旅行套裝,,110,0,0,0,0,2025-09-12_17:40:01
243498,HYBRIS,,CLS,H0249001_S_1274,DDD薰衣草護髮素,,10,0,0,0,0,2025-09-12_17:40:01
243498,HYBRIS,,CLS,H0249001_S_1282s-84s,活花身體潔淨旅行套裝,,110,0,0,0,0,2025-09-12_17:40:01
243498,HYBRIS,,CLS,H0249001_S_1284,活花護髮素,,110,0,0,0,0,2025-09-12_17:40:02
243498,HYBRIS,,CLS,H0249001_S_1292,花露水沐浴露,,110,0,0,0,0,2025-09-12_17:40:02
243498,HYBRIS,,CLS,H0249001_S_1292s-94s,花露水身體潔淨旅行套裝一二三四五六,,110,0,0,0,0,2025-09-12_17:40:02
243498,HYBRIS,,CLS,H0249001_S_1293,花露水洗髮水,,110,0,0,0,0,2025-09-12_17:40:02
243498,HYBRIS,,CLS,H0249001_S_1294,花露水護髮素,,110,0,0,0,0,2025-09-12_17:40:02
243498,HYBRIS,,CLS,H0249001_S_2151,雪花膏,,120,0,0,0,0,2025-09-12_17:40:02
243498,HYBRIS,,CLS,H0249001_S_2152,活花潤手霜,,110,0,0,0,0,2025-09-12_17:40:02
243498,HYBRIS,,CLS,H0249001_S_2157,花露水香皂,,10,0,0,0,0,2025-09-12_17:40:02
243498,HYBRIS,,CLS,H0249001_S_2163,活花爽身粉 (玫瑰花香),,120,0,0,0,0,2025-09-12_17:40:02
243498,HYBRIS,,CLS,H0249001_S_2166,活花香皂,,120,0,0,0,0,2025-09-12_17:40:02
243498,HYBRIS,,CLS,H0249001_S_2167,活花止汗液,,120,0,0,0,0,2025-09-12_17:40:02
243498,HYBRIS,,CLS,H0249001_S_2177,迷你雪花膏,,110,0,0,0,0,2025-09-12_17:40:02
243498,HYBRIS,,CLS,H0249001_S_2181,EEE薰衣草味護髮油,,110,0,0,0,0,2025-09-12_17:40:02
243498,HYBRIS,,CLS,H0249001_S_2182,活花味護髮油  (玫瑰花香),,110,0,0,0,0,2025-09-12_17:40:03
243498,HYBRIS,,CLS,H0249001_S_2186,活花爽身粉 80克 (罐裝)（附柔軟粉撲）,,110,0,0,0,0,2025-09-12_17:40:03
243498,HYBRIS,,CLS,H0249001_S_2187,花露水爽身粉 80克 (罐裝)（附柔軟粉撲）,,110,0,0,0,0,2025-09-12_17:40:03
243498,HYBRIS,,CLS,H0249001_S_2188B,花露水濕紙巾 (20片),,110,0,0,0,0,2025-09-12_17:40:03
243498,HYBRIS,,CLS,H0249001_S_2198,花露水 (200毫升),,110,0,0,0,0,2025-09-12_17:40:03
243498,HYBRIS,,CLS,H0249001_S_2202,花露水 (100毫升),,110,0,0,0,0,2025-09-12_17:40:03
243498,HYBRIS,,CLS,H0249001_S_2204,花露水 (15毫升),,110,0,0,0,0,2025-09-12_17:40:03
243498,HYBRIS,,CLS,H0249001_S_2208,花露水 (10毫升),,110,0,0,0,0,2025-09-12_17:40:03
243498,HYBRIS,,CLS,H0249001_S_2209,花露水膏,,110,0,0,0,0,2025-09-12_17:40:03
243498,HYBRIS,,CLS,H0249001_S_4261,雙妹嚜復古記事簿,,110,0,0,0,0,2025-09-12_17:40:03
243498,HYBRIS,,CLS,H0249001_S_4281,雙妹嚜復古記事簿,,110,0,0,0,0,2025-09-12_17:40:03
243498,HYBRIS,,CLS,H0249001_S_4284,雙妹嚜復古拼圖,,110,0,0,0,0,2025-09-12_17:40:03
243498,HYBRIS,,CLS,H0249001_S_4286,雙妹嚜復古拼圖,,110,0,0,0,0,2025-09-12_17:40:03
243498,HYBRIS,,CLS,H0249001_S_4287,雙妹嚜復古拼圖,,110,0,0,0,0,2025-09-12_17:40:03
243498,HYBRIS,,CLS,H0249001_S_4290,懷舊2R相簿,,110,0,0,0,0,2025-09-12_17:40:03
243498,HYBRIS,,CLS,H0249001_S_4291,懷舊2R相簿,,110,0,0,0,0,2025-09-12_17:40:04
243498,HYBRIS,,CLS,H0249001_S_4292,懷舊2R相簿,,110,0,0,0,0,2025-09-12_17:40:04
243498,HYBRIS,,CLS,H0249001_S_4293,懷舊2R相簿,,110,0,0,0,0,2025-09-12_17:40:04
243498,HYBRIS,,CLS,H0249001_S_4315,雙妹嚜黑色環保袋,,110,0,0,0,0,2025-09-12_17:40:04
243498,HYBRIS,,CLS,H0249001_S_8808,馬賽皂 (檸檬),,110,0,0,0,0,2025-09-12_17:40:04
243498,HYBRIS,,CLS,H0249001_S_8809,馬賽皂 (蜜糖),,110,0,0,0,0,2025-09-12_17:40:04
243498,HYBRIS,,CLS,H0249001_S_8810,馬賽皂 (白檀),,110,0,0,0,0,2025-09-12_17:40:04
243498,HYBRIS,,CLS,H0249001_S_KC1100,指甲水,,110,0,0,0,0,2025-09-12_17:40:04
243498,HYBRIS,,CLS,H0249001_S_KC1101,指甲油 (藍紫色系),,110,0,0,0,0,2025-09-12_17:40:04
243498,HYBRIS,,CLS,H0249001_S_KC1102,指甲油 (藍紫色系),,110,0,0,0,0,2025-09-12_17:40:04
243498,HYBRIS,,CLS,H0249001_S_KC1103,指甲油 (藍紫色系),,110,0,0,0,0,2025-09-12_17:40:04
243498,HYBRIS,,CLS,H0249001_S_KC1105,指甲油 (藍紫色系),,110,0,0,0,0,2025-09-12_17:40:04
243498,HYBRIS,,CLS,H0249001_S_KC1106,指甲油 (紅色系),,110,0,0,0,0,2025-09-12_17:40:04
243498,HYBRIS,,CLS,H0249001_S_KC1107,指甲油 (紅色系),,110,0,0,0,0,2025-09-12_17:40:04
243498,HYBRIS,,CLS,H0249001_S_KC1108,指甲油 (紅色系),,110,0,0,0,0,2025-09-12_17:40:04
243498,HYBRIS,,CLS,H0249001_S_KC1112,指甲油 (藍紫色系),,110,0,0,0,0,2025-09-12_17:40:05
243498,HYBRIS,,CLS,H0249001_S_KC1113,指甲油 (紅色系),,110,0,0,0,0,2025-09-12_17:40:05
243498,HYBRIS,,CLS,H0249001_S_KC1116,指甲油 (彩色系),,110,0,0,0,0,2025-09-12_17:40:05
243498,HYBRIS,,CLS,H0249001_S_KC1121,指甲油 (紅色系),,110,0,0,0,0,2025-09-12_17:40:05
243498,HYBRIS,,CLS,H0249001_S_KC1123,指甲油 (紅色系),,110,0,0,0,0,2025-09-12_17:40:05
243498,HYBRIS,,CLS,H0249001_S_KC1124,指甲油 (紅色系),,110,0,0,0,0,2025-09-12_17:40:05
243498,HYBRIS,,CLS,H0249001_S_KC1127,指甲油 (彩色系),,110,0,0,0,0,2025-09-12_17:40:05
243498,HYBRIS,,CLS,H0249001_S_KC1129,指甲油 (彩色系),,110,0,0,0,0,2025-09-12_17:40:06
243498,HYBRIS,,CLS,H0249001_S_KC1130,指甲油 (彩色系),,110,0,0,0,0,2025-09-12_17:40:06
243498,HYBRIS,,CLS,H0249001_S_KC1131,指甲油 (彩色系),,110,0,0,0,0,2025-09-12_17:40:06
243498,HYBRIS,,CLS,H0249001_S_KC1134,指甲油 (紅色系),,110,0,0,0,0,2025-09-12_17:40:06
243498,HYBRIS,,CLS,H0249001_S_KC1137,指甲油 (色號 - 37透明),,110,0,0,0,0,2025-09-12_17:40:06
243498,HYBRIS,,CLS,H0249001_S_KC1139,指甲油 (彩色系),,110,0,0,0,0,2025-09-12_17:40:06
243498,HYBRIS,,CLS,H0249001_S_KC1146,指甲油 (藍紫色系),,110,0,0,0,0,2025-09-12_17:40:06
243498,HYBRIS,,CLS,H0249001_S_KC1148,指甲油 (彩色系),,110,0,0,0,0,2025-09-12_17:40:06
243498,HYBRIS,,CLS,H0249001_S_KC1152,指甲油 (紅色系),,110,0,0,0,0,2025-09-12_17:40:07
243498,HYBRIS,,CLS,H0249001_S_Q004,雙妹綿布袋 (白色),,110,0,0,0,0,2025-09-12_17:40:07
243498,HYBRIS,,CLS,H0249001_S_Q005,雙妹綿布袋 (自然色),,110,0,0,0,0,2025-09-12_17:40:07
243498,HYBRIS,,CLS,H0255001_S_21875,蒜油 250粒,,110,0,0,0,0,2025-09-12_17:40:07
243498,HYBRIS,,CLS,H0255001_S_21942,利筋諾 50粒,,110,0,0,0,0,2025-09-12_17:40:07
243498,HYBRIS,,CLS,H0255001_S_22993,乳薊果 60片,,110,0,0,0,0,2025-09-12_17:40:07
243498,HYBRIS,,CLS,H0255001_S_23452,葡萄籽加強配方 30片,,110,0,0,0,0,2025-09-12_17:40:07
243498,HYBRIS,,CLS,H0255001_S_24008,無腥味魚油1000 200粒,,110,0,0,0,0,2025-09-12_17:40:07
243498,HYBRIS,,CLS,H0255001_S_24177,葉黃素 60粒,,110,0,0,0,0,2025-09-12_17:40:07
243498,HYBRIS,,CLS,H0255001_S_24201,護眼山桑子 30片,,110,0,0,0,0,2025-09-12_17:40:07
243498,HYBRIS,,CLS,H0255001_S_24877,兒童果味魚油丸 30粒,,110,0,0,0,0,2025-09-12_17:40:08
243498,HYBRIS,,CLS,H0255001_S_25067,鋸櫚前列配方 60粒,,20,0,0,0,0,2025-09-12_17:40:08
243498,HYBRIS,,CLS,H0255001_S_25207,維他命D3 1000 30粒,,110,0,0,0,0,2025-09-12_17:40:08
243498,HYBRIS,,CLS,H0255001_S_25266,護養關節配方 60粒,,110,0,0,0,0,2025-09-12_17:40:08
243498,HYBRIS,,CLS,H0294001_S_120088,免沖洗保濕護髮乳,,110,0,0,0,0,2025-09-12_17:40:08
243498,HYBRIS,,CLS,H0294001_S_120295,潔淨控油洗髮露,,110,0,0,0,0,2025-09-12_17:40:08
243498,HYBRIS,,CLS,H0294001_S_120533,波浪捲髮精華露波浪捲髮精華露波浪捲髮精華露波浪捲髮精華露,,110,0,0,0,0,2025-09-12_17:40:08
243498,HYBRIS,,CLS,H0318002_S_812719,有機矢車菊花水 200ml,,130,0,0,0,0,2025-09-12_17:40:08
243498,HYBRIS,,CLS,H0318002_S_812724,有機大馬士革玫瑰花水 200ml,,130,0,0,0,0,2025-09-12_17:40:08
243498,HYBRIS,,CLS,H0318002_S_852974,有機3重蜂蜜潤澤身體乳霜 150ml,,10,0,0,0,0,2025-09-12_17:40:08
243498,HYBRIS,,CLS,H0318002_S_855281,有機3重蜂蜜潤澤身體磨砂 150g,,110,0,0,0,0,2025-09-12_17:40:08
243498,HYBRIS,,CLS,H0318002_S_86Z0004,有機防敏香體露 50ml,,105,0,0,0,0,2025-09-12_17:40:08
243498,HYBRIS,,CLS,H0539001_S_50159,Royal Touch 敏感肌適用產後專用衛生巾 L碼 (5片/包),,110,0,0,0,0,2025-09-12_17:40:09
243498,HYBRIS,,CLS,H0888001_S_10004619,特級魚露,,15,0,0,0,0,2025-09-12_17:40:09
243498,HYBRIS,,CLS,H0888001_S_10004625,南乳,,220,0,0,0,0,2025-09-12_17:40:09
243498,HYBRIS,,CLS,H0888001_S_10004645,爽口榨菜絲,,230,0,0,0,0,2025-09-12_17:40:09
243498,HYBRIS,,CLS,H0888001_S_10004649,辣香蘿蔔,,120,0,0,0,0,2025-09-12_17:40:09
243498,HYBRIS,,CLS,H0888001_S_10004653,陳醋蕎頭,,130,0,0,0,0,2025-09-12_17:40:09
243498,HYBRIS,,CLS,H0888001_S_10004654,甜酸蕎頭,,130,0,0,0,0,2025-09-12_17:40:09
243498,HYBRIS,,CLS,H0888001_S_10004666,鮑汁靈芝菇片,,220,0,0,0,0,2025-09-12_17:40:09
243498,HYBRIS,,CLS,H0888001_S_10005984,豬骨火鍋上湯,,270,0,0,0,0,2025-09-12_17:40:09
243498,HYBRIS,,CLS,H0888001_S_10005986,醉雞火鍋上湯,,270,0,0,0,0,2025-09-12_17:40:09
243498,HYBRIS,,CLS,H0888001_S_10007891,洋蔥南瓜馬鈴薯片,,10,0,0,0,0,2025-09-12_17:40:09
243498,HYBRIS,,CLS,H0888001_S_10009135,藍梅寒天果凍糖,,10,0,0,0,0,2025-09-12_17:40:09
243498,HYBRIS,,CLS,H0888001_S_10009139,蜂蜜檸檬寒天果凍糖,,10,0,0,0,0,2025-09-12_17:40:09
243498,HYBRIS,,CLS,H0888001_S_10009151,什錦軟糖,,220,0,0,0,0,2025-09-12_17:40:09
243498,HYBRIS,,CLS,H0888001_S_10009386,北海道扇貝味薯片,,10,0,0,0,0,2025-09-12_17:40:10
243498,HYBRIS,,CLS,H0888001_S_10009388,酥餅 (黑朱古力),,15,0,0,0,0,2025-09-12_17:40:10
243498,HYBRIS,,CLS,H0888001_S_10011987,好ｅ食 - 白汁煙肉磨菇意粉 (急凍),,210,0,0,0,0,2025-09-12_17:40:10
243498,HYBRIS,,CLS,H0888001_S_10007313,滋潤保濕乳霜,,12,0,0,0,0,2025-09-12_17:40:10
243498,HYBRIS,,CLS,H0888001_S_10022686,猴頭菇雪耳百合潤肺湯,,192,0,0,0,0,2025-09-12_17:40:10
243498,HYBRIS,,CLS,H0888001_S_10018925,白風船米餅-牛奶忌廉味,,500,0,0,0,0,2025-09-12_17:40:10
243504,IMAX_KERRY,,STS,H0888001_S_10012783,巴西牛胸腩粒 (急凍),IM00071888,1285,0,0,0,0,2025-09-12_18:19:00
243507,IMAX_KERRY,,WFS,H0888001_S_10012783,巴西牛胸腩粒 (急凍),IM00071889,50,0,0,0,0,2025-09-12_18:49:00
243510,HYBRIS,,RRS,H0888001_S_10012783,巴西牛胸腩粒 (急凍),,600,0,0,0,0,2025-09-12_19:19:00
243514,IMAX_KERRY,,RRS,H0888001_S_10012783,巴西牛胸腩粒 (急凍),IM00071891,700,0,0,0,0,2025-09-12_19:59:00
243516,HYBRIS,,HHS,H0249001_S_1272,AAA薰衣草沐浴露,,20,0,0,0,0,2025-09-12_20:09:02
243516,HYBRIS,,HHS,H0249001_S_1272s-74s,BBB薰衣草身體潔淨旅行套裝,,20,0,0,0,0,2025-09-12_20:09:02
243516,HYBRIS,,HHS,H0249001_S_1274,DDD薰衣草護髮素,,20,0,0,0,0,2025-09-12_20:09:02
243516,HYBRIS,,HHS,H0249001_S_1282s-84s,活花身體潔淨旅行套裝,,20,0,0,0,0,2025-09-12_20:09:02
243516,HYBRIS,,HHS,H0249001_S_1284,活花護髮素,,20,0,0,0,0,2025-09-12_20:09:02
243516,HYBRIS,,HHS,H0249001_S_1292,花露水沐浴露,,20,0,0,0,0,2025-09-12_20:09:02
243516,HYBRIS,,HHS,H0249001_S_1292s-94s,花露水身體潔淨旅行套裝一二三四五六,,20,0,0,0,0,2025-09-12_20:09:02
243516,HYBRIS,,HHS,H0249001_S_1293,花露水洗髮水,,20,0,0,0,0,2025-09-12_20:09:02
243516,HYBRIS,,HHS,H0249001_S_1294,花露水護髮素,,20,0,0,0,0,2025-09-12_20:09:02
243516,HYBRIS,,HHS,H0249001_S_2151,雪花膏,,20,0,0,0,0,2025-09-12_20:09:02
243516,HYBRIS,,HHS,H0249001_S_2152,活花潤手霜,,20,0,0,0,0,2025-09-12_20:09:02
243516,HYBRIS,,HHS,H0249001_S_2157,花露水香皂,,20,0,0,0,0,2025-09-12_20:09:02
243516,HYBRIS,,HHS,H0249001_S_2163,活花爽身粉 (玫瑰花香),,20,0,0,0,0,2025-09-12_20:09:02
243516,HYBRIS,,HHS,H0249001_S_2166,活花香皂,,20,0,0,0,0,2025-09-12_20:09:03
243516,HYBRIS,,HHS,H0249001_S_2167,活花止汗液,,20,0,0,0,0,2025-09-12_20:09:03
243516,HYBRIS,,HHS,H0249001_S_2177,迷你雪花膏,,20,0,0,0,0,2025-09-12_20:09:03
243516,HYBRIS,,HHS,H0249001_S_2181,EEE薰衣草味護髮油,,20,0,0,0,0,2025-09-12_20:09:03
243516,HYBRIS,,HHS,H0249001_S_2182,活花味護髮油  (玫瑰花香),,20,0,0,0,0,2025-09-12_20:09:03
243516,HYBRIS,,HHS,H0249001_S_2186,活花爽身粉 80克 (罐裝)（附柔軟粉撲）,,20,0,0,0,0,2025-09-12_20:09:03
243516,HYBRIS,,HHS,H0249001_S_2187,花露水爽身粉 80克 (罐裝)（附柔軟粉撲）,,20,0,0,0,0,2025-09-12_20:09:03
243516,HYBRIS,,HHS,H0249001_S_2188B,花露水濕紙巾 (20片),,20,0,0,0,0,2025-09-12_20:09:03
243516,HYBRIS,,HHS,H0249001_S_2198,花露水 (200毫升),,20,0,0,0,0,2025-09-12_20:09:03
243516,HYBRIS,,HHS,H0249001_S_2202,花露水 (100毫升),,20,0,0,0,0,2025-09-12_20:09:03
243516,HYBRIS,,HHS,H0249001_S_2204,花露水 (15毫升),,20,0,0,0,0,2025-09-12_20:09:03
243516,HYBRIS,,HHS,H0249001_S_2208,花露水 (10毫升),,20,0,0,0,0,2025-09-12_20:09:03
243516,HYBRIS,,HHS,H0249001_S_2209,花露水膏,,20,0,0,0,0,2025-09-12_20:09:03
243516,HYBRIS,,HHS,H0249001_S_4261,雙妹嚜復古記事簿,,20,0,0,0,0,2025-09-12_20:09:03
243516,HYBRIS,,HHS,H0249001_S_4281,雙妹嚜復古記事簿,,20,0,0,0,0,2025-09-12_20:09:03
243516,HYBRIS,,HHS,H0249001_S_4284,雙妹嚜復古拼圖,,20,0,0,0,0,2025-09-12_20:09:03
243516,HYBRIS,,HHS,H0249001_S_4286,雙妹嚜復古拼圖,,20,0,0,0,0,2025-09-12_20:09:03
243516,HYBRIS,,HHS,H0249001_S_4287,雙妹嚜復古拼圖,,20,0,0,0,0,2025-09-12_20:09:03
243516,HYBRIS,,HHS,H0249001_S_4290,懷舊2R相簿,,20,0,0,0,0,2025-09-12_20:09:03
243516,HYBRIS,,HHS,H0249001_S_4291,懷舊2R相簿,,20,0,0,0,0,2025-09-12_20:09:03
243516,HYBRIS,,HHS,H0249001_S_4292,懷舊2R相簿,,20,0,0,0,0,2025-09-12_20:09:04
243516,HYBRIS,,HHS,H0249001_S_4293,懷舊2R相簿,,20,0,0,0,0,2025-09-12_20:09:04
243516,HYBRIS,,HHS,H0249001_S_8808,馬賽皂 (檸檬),,20,0,0,0,0,2025-09-12_20:09:04
243516,HYBRIS,,HHS,H0249001_S_8809,馬賽皂 (蜜糖),,20,0,0,0,0,2025-09-12_20:09:04
243516,HYBRIS,,HHS,H0249001_S_8810,馬賽皂 (白檀),,20,0,0,0,0,2025-09-12_20:09:04
243516,HYBRIS,,HHS,H0249001_S_KC1100,指甲水,,20,0,0,0,0,2025-09-12_20:09:04
243516,HYBRIS,,HHS,H0249001_S_KC1101,指甲油 (藍紫色系),,20,0,0,0,0,2025-09-12_20:09:04
243516,HYBRIS,,HHS,H0249001_S_KC1102,指甲油 (藍紫色系),,20,0,0,0,0,2025-09-12_20:09:04
243516,HYBRIS,,HHS,H0249001_S_KC1103,指甲油 (藍紫色系),,20,0,0,0,0,2025-09-12_20:09:04
243516,HYBRIS,,HHS,H0249001_S_KC1105,指甲油 (藍紫色系),,20,0,0,0,0,2025-09-12_20:09:04
243516,HYBRIS,,HHS,H0249001_S_KC1106,指甲油 (紅色系),,20,0,0,0,0,2025-09-12_20:09:04
243516,HYBRIS,,HHS,H0249001_S_KC1107,指甲油 (紅色系),,20,0,0,0,0,2025-09-12_20:09:04
243516,HYBRIS,,HHS,H0249001_S_KC1108,指甲油 (紅色系),,20,0,0,0,0,2025-09-12_20:09:04
243516,HYBRIS,,HHS,H0249001_S_KC1112,指甲油 (藍紫色系),,20,0,0,0,0,2025-09-12_20:09:05
243516,HYBRIS,,HHS,H0249001_S_KC1113,指甲油 (紅色系),,20,0,0,0,0,2025-09-12_20:09:05
243516,HYBRIS,,HHS,H0249001_S_KC1116,指甲油 (彩色系),,20,0,0,0,0,2025-09-12_20:09:05
243516,HYBRIS,,HHS,H0249001_S_KC1121,指甲油 (紅色系),,20,0,0,0,0,2025-09-12_20:09:05
243516,HYBRIS,,HHS,H0249001_S_KC1123,指甲油 (紅色系),,20,0,0,0,0,2025-09-12_20:09:05
243516,HYBRIS,,HHS,H0249001_S_KC1124,指甲油 (紅色系),,20,0,0,0,0,2025-09-12_20:09:05
243516,HYBRIS,,HHS,H0249001_S_KC1127,指甲油 (彩色系),,20,0,0,0,0,2025-09-12_20:09:05
243516,HYBRIS,,HHS,H0249001_S_KC1129,指甲油 (彩色系),,20,0,0,0,0,2025-09-12_20:09:05
243516,HYBRIS,,HHS,H0249001_S_KC1130,指甲油 (彩色系),,20,0,0,0,0,2025-09-12_20:09:06
243516,HYBRIS,,HHS,H0249001_S_KC1131,指甲油 (彩色系),,20,0,0,0,0,2025-09-12_20:09:06
243516,HYBRIS,,HHS,H0249001_S_KC1134,指甲油 (紅色系),,20,0,0,0,0,2025-09-12_20:09:06
243516,HYBRIS,,HHS,H0249001_S_KC1137,指甲油 (色號 - 37透明),,20,0,0,0,0,2025-09-12_20:09:06
243516,HYBRIS,,HHS,H0249001_S_KC1139,指甲油 (彩色系),,20,0,0,0,0,2025-09-12_20:09:06
243516,HYBRIS,,HHS,H0249001_S_KC1146,指甲油 (藍紫色系),,20,0,0,0,0,2025-09-12_20:09:06
243516,HYBRIS,,HHS,H0249001_S_KC1148,指甲油 (彩色系),,20,0,0,0,0,2025-09-12_20:09:06
243516,HYBRIS,,HHS,H0249001_S_KC1152,指甲油 (紅色系),,20,0,0,0,0,2025-09-12_20:09:06
243516,HYBRIS,,HHS,H0249001_S_Q004,雙妹綿布袋 (白色),,20,0,0,0,0,2025-09-12_20:09:07
243516,HYBRIS,,HHS,H0249001_S_Q005,雙妹綿布袋 (自然色),,20,0,0,0,0,2025-09-12_20:09:07
243516,HYBRIS,,HHS,H0255001_S_21875,蒜油 250粒,,20,0,0,0,0,2025-09-12_20:09:07
243516,HYBRIS,,HHS,H0255001_S_21942,利筋諾 50粒,,20,0,0,0,0,2025-09-12_20:09:07
243516,HYBRIS,,HHS,H0255001_S_22993,乳薊果 60片,,20,0,0,0,0,2025-09-12_20:09:07
243516,HYBRIS,,HHS,H0255001_S_23452,葡萄籽加強配方 30片,,20,0,0,0,0,2025-09-12_20:09:07
243516,HYBRIS,,HHS,H0255001_S_24008,無腥味魚油1000 200粒,,20,0,0,0,0,2025-09-12_20:09:07
243516,HYBRIS,,HHS,H0255001_S_24177,葉黃素 60粒,,20,0,0,0,0,2025-09-12_20:09:08
243516,HYBRIS,,HHS,H0255001_S_24201,護眼山桑子 30片,,20,0,0,0,0,2025-09-12_20:09:08
243516,HYBRIS,,HHS,H0255001_S_24877,兒童果味魚油丸 30粒,,20,0,0,0,0,2025-09-12_20:09:08
243516,HYBRIS,,HHS,H0255001_S_25067,鋸櫚前列配方 60粒,,20,0,0,0,0,2025-09-12_20:09:08
243516,HYBRIS,,HHS,H0255001_S_25110,亞麻籽油植物奧米加369 100粒,,20,0,0,0,0,2025-09-12_20:09:08
243516,HYBRIS,,HHS,H0255001_S_25207,維他命D3 1000 30粒,,20,0,0,0,0,2025-09-12_20:09:08
243516,HYBRIS,,HHS,H0255001_S_25266,護養關節配方 60粒,,20,0,0,0,0,2025-09-12_20:09:08
243516,HYBRIS,,HHS,H0294001_S_120088,免沖洗保濕護髮乳,,20,0,0,0,0,2025-09-12_20:09:09
243516,HYBRIS,,HHS,H0294001_S_120295,潔淨控油洗髮露,,20,0,0,0,0,2025-09-12_20:09:09
243516,HYBRIS,,HHS,H0294001_S_120533,波浪捲髮精華露波浪捲髮精華露波浪捲髮精華露波浪捲髮精華露,,20,0,0,0,0,2025-09-12_20:09:09
243516,HYBRIS,,HHS,H0318002_S_812719,有機矢車菊花水 200ml,,20,0,0,0,0,2025-09-12_20:09:09
243516,HYBRIS,,HHS,H0318002_S_812724,有機大馬士革玫瑰花水 200ml,,20,0,0,0,0,2025-09-12_20:09:09
243516,HYBRIS,,HHS,H0318002_S_852974,有機3重蜂蜜潤澤身體乳霜 150ml,,20,0,0,0,0,2025-09-12_20:09:09
243516,HYBRIS,,HHS,H0318002_S_855281,有機3重蜂蜜潤澤身體磨砂 150g,,20,0,0,0,0,2025-09-12_20:09:09
243516,HYBRIS,,HHS,H0318002_S_861153,有機日用洗髮水 500ml,,20,0,0,0,0,2025-09-12_20:09:09
243516,HYBRIS,,HHS,H0318002_S_86Z0004,有機防敏香體露 50ml,,20,0,0,0,0,2025-09-12_20:09:09
243516,HYBRIS,,HHS,H0318002_S_86Z0005,有機乳木果油護髮素 150ml,,20,0,0,0,0,2025-09-12_20:09:09
243516,HYBRIS,,HHS,H0539001_S_50159,Royal Touch 敏感肌適用產後專用衛生巾 L碼 (5片/包),,20,0,0,0,0,2025-09-12_20:09:10
243527,HYBRIS,,WFS,H0249001_S_1274,DDD薰衣草護髮素,,15,15,0,0,0,2025-09-12_23:40:02
243527,HYBRIS,,WFS,H0249001_S_2151,雪花膏,,5,5,0,0,0,2025-09-12_23:40:02
243527,HYBRIS,,WFS,H0249001_S_4290,懷舊2R相簿,,5,5,0,0,0,2025-09-12_23:40:04
243527,HYBRIS,,WFS,H0249001_S_KC1139,指甲油 (彩色系),,5,5,0,0,0,2025-09-12_23:40:06
243527,HYBRIS,,WFS,H0318002_S_812724,有機大馬士革玫瑰花水 200ml,,10,10,0,0,0,2025-09-12_23:40:08
243527,HYBRIS,,WFS,H0318002_S_855281,有機3重蜂蜜潤澤身體磨砂 150g,,10,10,0,0,0,2025-09-12_23:40:09
243527,HYBRIS,,WFS,H0318002_S_86Z0005,有機乳木果油護髮素 150ml,,5,5,0,0,0,2025-09-12_23:40:09
243527,HYBRIS,,WFS,H0888001_S_10005984,豬骨火鍋上湯,,105,105,0,0,0,2025-09-12_23:40:09
243527,HYBRIS,,WFS,H0888001_S_10005985,黑胡椒豬骨火鍋上湯,,15,15,0,0,0,2025-09-12_23:40:09
243541,HYBRIS,,TWS,H0859001_S_OS-620,uPure 2 潔淨濾水器2,,440,440,0,0,0,2025-09-13_00:00:01
243544,IMAX_STACKING,FROZEN,COB,H0888001_S_10022875,美國特選牛肩胛肥牛片 (急凍),IS00071896,520,520,0,0,0,2025-09-13_00:00:01
243544,IMAX_STACKING,FROZEN,COB,H0888001_S_10012511,西班牙咸豬手,IS00071896,1610,1610,0,0,0,2025-09-13_00:00:01
243544,IMAX_STACKING,FROZEN,COB,H0888001_S_10011849,美國大西洋野生響螺頭 M (急凍),IS00071896,3000,3000,0,0,0,2025-09-13_00:00:01
243544,IMAX_STACKING,FROZEN,COB,H0888001_S_10011848,日本煮食用帶子急凍急凍,IS00071896,990,990,0,0,0,2025-09-13_00:00:01
243546,HYBRIS,,COB,H0888001_S_10009135,藍梅寒天果凍糖,,1212,1212,0,0,0,2025-09-13_00:01:00
243546,HYBRIS,,COB,H0888001_S_10009139,蜂蜜檸檬寒天果凍糖,,1308,1308,0,0,0,2025-09-13_00:01:00
243546,HYBRIS,,COB,H0888001_S_10009151,什錦軟糖,,1420,1420,0,0,0,2025-09-13_00:01:00
243549,IMAX_KERRY,FROZEN,CLS,H0888001_S_10012023,韓式蜜檸脆雞 (急凍),IM00071898,4940,4940,4940,0,0,2025-09-13_04:00:00
243554,HYBRIS,,CLS,H0888001_S_10007313,滋潤保濕乳霜,,444,0,0,0,0,2025-09-13_10:09:00
243555,IMAX_STACKING,DRY,CLS,H0888001_S_10002195,大樽生啤 (日本版),IS00071900,12,0,0,0,0,2025-09-13_10:22:00
243556,HYBRIS,,STS,H0888001_S_10012783,巴西牛胸腩粒 (急凍),,792,0,0,0,0,2025-09-13_10:32:00
243557,HYBRIS,,CLS,H0888001_S_10133455,澳洲和牛漢堡扒 (急凍),,1020,0,0,0,0,2025-09-13_10:38:00
243557,HYBRIS,,CLS,H0888001_S_10133940,(澳洲直送!) 澳洲穀飼西冷牛扒 (2塊裝) (急凍),,1000,0,0,0,0,2025-09-13_10:38:00
243557,HYBRIS,,CLS,H0888001_S_10133453,澳洲M4+ 和牛西冷牛扒 (急凍),,330,0,0,0,0,2025-09-13_10:38:00
243557,HYBRIS,,CLS,H0888001_S_10018534,澳洲海參(禿參，又名花刺參) (急凍),,408,0,0,0,0,2025-09-13_10:38:00
243561,HYBRIS,,STS,H0249001_S_1272s-74s,BBB薰衣草身體潔淨旅行套裝,,210,0,0,0,0,2025-09-13_11:08:01
243561,HYBRIS,,STS,H0249001_S_1273,CCC薰衣草洗髮水,,140,0,0,0,0,2025-09-13_11:08:01
243561,HYBRIS,,STS,H0249001_S_1274,DDD薰衣草護髮素,,210,0,0,0,0,2025-09-13_11:08:01
243561,HYBRIS,,STS,H0249001_S_1282s-84s,活花身體潔淨旅行套裝,,210,0,0,0,0,2025-09-13_11:08:01
243561,HYBRIS,,STS,H0249001_S_1284,活花護髮素,,210,0,0,0,0,2025-09-13_11:08:01
243561,HYBRIS,,STS,H0249001_S_1292,花露水沐浴露,,210,0,0,0,0,2025-09-13_11:08:01
243561,HYBRIS,,STS,H0249001_S_1292s-94s,花露水身體潔淨旅行套裝一二三四五六,,210,0,0,0,0,2025-09-13_11:08:01
243561,HYBRIS,,STS,H0249001_S_1293,花露水洗髮水,,210,0,0,0,0,2025-09-13_11:08:01
243561,HYBRIS,,STS,H0249001_S_1294,花露水護髮素,,210,0,0,0,0,2025-09-13_11:08:01
243561,HYBRIS,,STS,H0249001_S_2151,雪花膏,,210,0,0,0,0,2025-09-13_11:08:02
243561,HYBRIS,,STS,H0249001_S_2152,活花潤手霜,,210,0,0,0,0,2025-09-13_11:08:02
243561,HYBRIS,,STS,H0249001_S_2157,花露水香皂,,210,0,0,0,0,2025-09-13_11:08:02
243561,HYBRIS,,STS,H0249001_S_2163,活花爽身粉 (玫瑰花香),,210,0,0,0,0,2025-09-13_11:08:02
243561,HYBRIS,,STS,H0249001_S_2166,活花香皂,,210,0,0,0,0,2025-09-13_11:08:02
243561,HYBRIS,,STS,H0249001_S_2167,活花止汗液,,210,0,0,0,0,2025-09-13_11:08:02
243561,HYBRIS,,STS,H0249001_S_2177,迷你雪花膏,,210,0,0,0,0,2025-09-13_11:08:02
243561,HYBRIS,,STS,H0249001_S_2181,EEE薰衣草味護髮油,,210,0,0,0,0,2025-09-13_11:08:02
243561,HYBRIS,,STS,H0249001_S_2182,活花味護髮油  (玫瑰花香),,210,0,0,0,0,2025-09-13_11:08:02
243561,HYBRIS,,STS,H0249001_S_2186,活花爽身粉 80克 (罐裝)（附柔軟粉撲）,,210,0,0,0,0,2025-09-13_11:08:02
243561,HYBRIS,,STS,H0249001_S_2187,花露水爽身粉 80克 (罐裝)（附柔軟粉撲）,,210,0,0,0,0,2025-09-13_11:08:02
243561,HYBRIS,,STS,H0249001_S_2188B,花露水濕紙巾 (20片),,210,0,0,0,0,2025-09-13_11:08:02
243561,HYBRIS,,STS,H0249001_S_2198,花露水 (200毫升),,210,0,0,0,0,2025-09-13_11:08:02
243561,HYBRIS,,STS,H0249001_S_2202,花露水 (100毫升),,210,0,0,0,0,2025-09-13_11:08:02
243561,HYBRIS,,STS,H0249001_S_2204,花露水 (15毫升),,210,0,0,0,0,2025-09-13_11:08:02
243561,HYBRIS,,STS,H0249001_S_2208,花露水 (10毫升),,210,0,0,0,0,2025-09-13_11:08:03
243561,HYBRIS,,STS,H0249001_S_2209,花露水膏,,210,0,0,0,0,2025-09-13_11:08:03
243561,HYBRIS,,STS,H0249001_S_4261,雙妹嚜復古記事簿,,210,0,0,0,0,2025-09-13_11:08:03
243561,HYBRIS,,STS,H0249001_S_4281,雙妹嚜復古記事簿,,210,0,0,0,0,2025-09-13_11:08:03
243561,HYBRIS,,STS,H0249001_S_4284,雙妹嚜復古拼圖,,210,0,0,0,0,2025-09-13_11:08:03
243561,HYBRIS,,STS,H0249001_S_4286,雙妹嚜復古拼圖,,210,0,0,0,0,2025-09-13_11:08:03
243561,HYBRIS,,STS,H0249001_S_4287,雙妹嚜復古拼圖,,210,0,0,0,0,2025-09-13_11:08:03
243561,HYBRIS,,STS,H0249001_S_4290,懷舊2R相簿,,210,0,0,0,0,2025-09-13_11:08:03
243561,HYBRIS,,STS,H0249001_S_4291,懷舊2R相簿,,210,0,0,0,0,2025-09-13_11:08:03
243561,HYBRIS,,STS,H0249001_S_4292,懷舊2R相簿,,210,0,0,0,0,2025-09-13_11:08:03
243561,HYBRIS,,STS,H0249001_S_4293,懷舊2R相簿,,210,0,0,0,0,2025-09-13_11:08:03
243561,HYBRIS,,STS,H0249001_S_4315,雙妹嚜黑色環保袋,,210,0,0,0,0,2025-09-13_11:08:03
243561,HYBRIS,,STS,H0249001_S_8808,馬賽皂 (檸檬),,210,0,0,0,0,2025-09-13_11:08:03
243561,HYBRIS,,STS,H0249001_S_8809,馬賽皂 (蜜糖),,210,0,0,0,0,2025-09-13_11:08:03
243561,HYBRIS,,STS,H0249001_S_8810,馬賽皂 (白檀),,210,0,0,0,0,2025-09-13_11:08:03
243561,HYBRIS,,STS,H0249001_S_KC1100,指甲水,,210,0,0,0,0,2025-09-13_11:08:03
243561,HYBRIS,,STS,H0249001_S_KC1101,指甲油 (藍紫色系),,210,0,0,0,0,2025-09-13_11:08:04
243561,HYBRIS,,STS,H0249001_S_KC1102,指甲油 (藍紫色系),,210,0,0,0,0,2025-09-13_11:08:04
243561,HYBRIS,,STS,H0249001_S_KC1103,指甲油 (藍紫色系),,210,0,0,0,0,2025-09-13_11:08:04
243561,HYBRIS,,STS,H0249001_S_KC1105,指甲油 (藍紫色系),,210,0,0,0,0,2025-09-13_11:08:04
243561,HYBRIS,,STS,H0249001_S_KC1106,指甲油 (紅色系),,210,0,0,0,0,2025-09-13_11:08:04
243561,HYBRIS,,STS,H0249001_S_KC1107,指甲油 (紅色系),,210,0,0,0,0,2025-09-13_11:08:04
243561,HYBRIS,,STS,H0249001_S_KC1108,指甲油 (紅色系),,210,0,0,0,0,2025-09-13_11:08:04
243561,HYBRIS,,STS,H0249001_S_KC1112,指甲油 (藍紫色系),,210,0,0,0,0,2025-09-13_11:08:04
243561,HYBRIS,,STS,H0249001_S_KC1113,指甲油 (紅色系),,210,0,0,0,0,2025-09-13_11:08:04
243561,HYBRIS,,STS,H0249001_S_KC1116,指甲油 (彩色系),,210,0,0,0,0,2025-09-13_11:08:04
243561,HYBRIS,,STS,H0249001_S_KC1121,指甲油 (紅色系),,210,0,0,0,0,2025-09-13_11:08:05
243561,HYBRIS,,STS,H0249001_S_KC1123,指甲油 (紅色系),,210,0,0,0,0,2025-09-13_11:08:05
243561,HYBRIS,,STS,H0249001_S_KC1124,指甲油 (紅色系),,210,0,0,0,0,2025-09-13_11:08:05
243561,HYBRIS,,STS,H0249001_S_KC1127,指甲油 (彩色系),,210,0,0,0,0,2025-09-13_11:08:05
243561,HYBRIS,,STS,H0249001_S_KC1129,指甲油 (彩色系),,210,0,0,0,0,2025-09-13_11:08:05
243561,HYBRIS,,STS,H0249001_S_KC1130,指甲油 (彩色系),,210,0,0,0,0,2025-09-13_11:08:05
243561,HYBRIS,,STS,H0249001_S_KC1131,指甲油 (彩色系),,210,0,0,0,0,2025-09-13_11:08:05
243561,HYBRIS,,STS,H0249001_S_KC1134,指甲油 (紅色系),,210,0,0,0,0,2025-09-13_11:08:05
243561,HYBRIS,,STS,H0249001_S_KC1137,指甲油 (色號 - 37透明),,210,0,0,0,0,2025-09-13_11:08:05
243561,HYBRIS,,STS,H0249001_S_KC1139,指甲油 (彩色系),,210,0,0,0,0,2025-09-13_11:08:05
243561,HYBRIS,,STS,H0249001_S_KC1146,指甲油 (藍紫色系),,210,0,0,0,0,2025-09-13_11:08:06
243561,HYBRIS,,STS,H0249001_S_KC1148,指甲油 (彩色系),,210,0,0,0,0,2025-09-13_11:08:06
243561,HYBRIS,,STS,H0249001_S_KC1152,指甲油 (紅色系),,210,0,0,0,0,2025-09-13_11:08:06
243561,HYBRIS,,STS,H0249001_S_Q004,雙妹綿布袋 (白色),,210,0,0,0,0,2025-09-13_11:08:06
243561,HYBRIS,,STS,H0249001_S_Q005,雙妹綿布袋 (自然色),,210,0,0,0,0,2025-09-13_11:08:06
243561,HYBRIS,,STS,H0255001_S_21875,蒜油 250粒,,210,0,0,0,0,2025-09-13_11:08:06
243561,HYBRIS,,STS,H0255001_S_21942,利筋諾 50粒,,210,0,0,0,0,2025-09-13_11:08:06
243561,HYBRIS,,STS,H0255001_S_22993,乳薊果 60片,,210,0,0,0,0,2025-09-13_11:08:07
243561,HYBRIS,,STS,H0255001_S_23452,葡萄籽加強配方 30片,,210,0,0,0,0,2025-09-13_11:08:07
243561,HYBRIS,,STS,H0255001_S_24008,無腥味魚油1000 200粒,,210,0,0,0,0,2025-09-13_11:08:07
243561,HYBRIS,,STS,H0255001_S_24177,葉黃素 60粒,,210,0,0,0,0,2025-09-13_11:08:07
243561,HYBRIS,,STS,H0255001_S_24201,護眼山桑子 30片,,210,0,0,0,0,2025-09-13_11:08:07
243561,HYBRIS,,STS,H0255001_S_24877,兒童果味魚油丸 30粒,,210,0,0,0,0,2025-09-13_11:08:07
243561,HYBRIS,,STS,H0255001_S_25067,鋸櫚前列配方 60粒,,210,0,0,0,0,2025-09-13_11:08:07
243561,HYBRIS,,STS,H0255001_S_25110,亞麻籽油植物奧米加369 100粒,,210,0,0,0,0,2025-09-13_11:08:07
243561,HYBRIS,,STS,H0255001_S_25207,維他命D3 1000 30粒,,210,0,0,0,0,2025-09-13_11:08:07
243561,HYBRIS,,STS,H0255001_S_25266,護養關節配方 60粒,,210,0,0,0,0,2025-09-13_11:08:07
243561,HYBRIS,,STS,H0294001_S_120088,免沖洗保濕護髮乳,,210,0,0,0,0,2025-09-13_11:08:07
243561,HYBRIS,,STS,H0294001_S_120295,潔淨控油洗髮露,,210,0,0,0,0,2025-09-13_11:08:07
243561,HYBRIS,,STS,H0294001_S_120533,波浪捲髮精華露波浪捲髮精華露波浪捲髮精華露波浪捲髮精華露,,210,0,0,0,0,2025-09-13_11:08:07
243561,HYBRIS,,STS,H0318002_S_812719,有機矢車菊花水 200ml,,210,0,0,0,0,2025-09-13_11:08:08
243561,HYBRIS,,STS,H0318002_S_812724,有機大馬士革玫瑰花水 200ml,,210,0,0,0,0,2025-09-13_11:08:08
243561,HYBRIS,,STS,H0318002_S_852974,有機3重蜂蜜潤澤身體乳霜 150ml,,210,0,0,0,0,2025-09-13_11:08:08
243561,HYBRIS,,STS,H0318002_S_855281,有機3重蜂蜜潤澤身體磨砂 150g,,210,0,0,0,0,2025-09-13_11:08:08
243561,HYBRIS,,STS,H0318002_S_861153,有機日用洗髮水 500ml,,210,0,0,0,0,2025-09-13_11:08:08
243561,HYBRIS,,STS,H0318002_S_86Z0004,有機防敏香體露 50ml,,210,0,0,0,0,2025-09-13_11:08:08
243561,HYBRIS,,STS,H0318002_S_86Z0005,有機乳木果油護髮素 150ml,,210,0,0,0,0,2025-09-13_11:08:08
243561,HYBRIS,,STS,H0539001_S_50159,Royal Touch 敏感肌適用產後專用衛生巾 L碼 (5片/包),,210,0,0,0,0,2025-09-13_11:08:08
243561,HYBRIS,,STS,H0888001_S_10004619,特級魚露,,125,0,0,0,0,2025-09-13_11:08:08
243561,HYBRIS,,STS,H0888001_S_10004625,南乳,,120,0,0,0,0,2025-09-13_11:08:08
243561,HYBRIS,,STS,H0888001_S_10004645,爽口榨菜絲,,130,0,0,0,0,2025-09-13_11:08:08
243561,HYBRIS,,STS,H0888001_S_10004653,陳醋蕎頭,,30,0,0,0,0,2025-09-13_11:08:08
243561,HYBRIS,,STS,H0888001_S_10004654,甜酸蕎頭,,30,0,0,0,0,2025-09-13_11:08:08
243561,HYBRIS,,STS,H0888001_S_10004666,鮑汁靈芝菇片,,120,0,0,0,0,2025-09-13_11:08:08
243561,HYBRIS,,STS,H0888001_S_10005984,豬骨火鍋上湯,,170,0,0,0,0,2025-09-13_11:08:08
243561,HYBRIS,,STS,H0888001_S_10005986,醉雞火鍋上湯,,170,0,0,0,0,2025-09-13_11:08:09
243561,HYBRIS,,STS,H0888001_S_10007891,洋蔥南瓜馬鈴薯片,,125,0,0,0,0,2025-09-13_11:08:09
243561,HYBRIS,,STS,H0888001_S_10009135,藍梅寒天果凍糖,,125,0,0,0,0,2025-09-13_11:08:09
243561,HYBRIS,,STS,H0888001_S_10009139,蜂蜜檸檬寒天果凍糖,,125,0,0,0,0,2025-09-13_11:08:09
243561,HYBRIS,,STS,H0888001_S_10009151,什錦軟糖,,140,0,0,0,0,2025-09-13_11:08:09
243561,HYBRIS,,STS,H0888001_S_10009386,北海道扇貝味薯片,,125,0,0,0,0,2025-09-13_11:08:09
243561,HYBRIS,,STS,H0888001_S_10009388,酥餅 (黑朱古力),,130,0,0,0,0,2025-09-13_11:08:09
243561,HYBRIS,,STS,H0888001_S_10009609,星球大戰系列珍寶珠 (隨機派送),,125,0,0,0,0,2025-09-13_11:08:09
243561,HYBRIS,,STS,H0888001_S_10009610,湖池屋激辣魔薯香辣芝士味薯片,,135,0,0,0,0,2025-09-13_11:08:09
243561,HYBRIS,,STS,H0888001_S_10011987,好ｅ食 - 白汁煙肉磨菇意粉 (急凍),,125,0,0,0,0,2025-09-13_11:08:09
243561,HYBRIS,,STS,H0888001_S_10018925,白風船米餅-牛奶忌廉味,,125,0,0,0,0,2025-09-13_11:08:09
243561,HYBRIS,,STS,H0888001_S_10022686,猴頭菇雪耳百合潤肺湯,,120,0,0,0,0,2025-09-13_11:08:09
243563,HYBRIS,,WFS,H0888001_S_10012013,Bibigo 韓式傳統脆皮煎餃 (急凍),,150,150,0,0,0,2025-09-13_11:25:00
243567,HYBRIS,,CLS,H0888001_S_10007313,滋潤保濕乳霜,,12,0,0,0,0,2025-09-13_11:42:00
243568,IMAX_KERRY,,CLS,H0888001_S_10012777,紐西蘭帶骨羊仔腩 (急凍),IM00071907,40,40,40,0,0,2025-09-13_11:44:00
243575,HYBRIS,,TWS,H0888001_S_10008283,燕麥脆條 - 蜜糖★燕麥,,36,36,0,0,0,2025-09-13_13:00:00
243579,IMAX_KERRY,,CLS,H0888001_S_10012783,巴西牛胸腩粒 (急凍),IM00071909,784,0,0,0,0,2025-09-13_13:32:00
243580,HYBRIS,,LPS,H0888001_S_10012783,巴西牛胸腩粒 (急凍),,8,8,0,0,0,2025-09-13_13:49:00
243584,IMAX_KERRY,,SHS,H0888001_S_10012783,巴西牛胸腩粒 (急凍),IM00071911,786,0,0,0,0,2025-09-13_14:09:00
243585,HYBRIS,,CLS,H0888001_S_10004649,辣香蘿蔔,,2900,0,0,0,0,2025-09-13_14:19:00
243585,HYBRIS,,CLS,H0888001_S_10007313,滋潤保濕乳霜,,27,0,0,0,0,2025-09-13_14:19:00
243607,HYBRIS,,CLS,H0888001_S_10007313,滋潤保濕乳霜,,108,0,0,0,0,2025-09-13_16:41:00
243610,HYBRIS,,RRS,H0888001_S_10018534,澳洲海參(禿參，又名花刺參) (急凍),,96,0,0,0,0,2025-09-13_16:50:00
243611,IMAX_KERRY,,WSH,H0888001_S_10012783,巴西牛胸腩粒 (急凍),IM00071915,786,0,0,0,0,2025-09-13_16:54:00
243616,IMAX_STACKING,DRY,CLS,H0255001_S_25116,健腦高濃度深海魚油 60粒,IS00071916,290,0,0,0,0,2025-09-13_17:10:00
243617,IMAX_STACKING,CHILLED,CLS,H0888001_S_10012783,巴西牛胸腩粒 (急凍),IS00071917,5000,0,0,0,0,2025-09-13_17:10:00
243620,HYBRIS,,CLS,H0249001_S_1272s-74s,BBB薰衣草身體潔淨旅行套裝,,110,0,0,0,0,2025-09-13_17:40:01
243620,HYBRIS,,CLS,H0249001_S_1274,DDD薰衣草護髮素,,10,0,0,0,0,2025-09-13_17:40:01
243620,HYBRIS,,CLS,H0249001_S_1282s-84s,活花身體潔淨旅行套裝,,110,0,0,0,0,2025-09-13_17:40:01
243620,HYBRIS,,CLS,H0249001_S_1284,活花護髮素,,110,0,0,0,0,2025-09-13_17:40:01
243620,HYBRIS,,CLS,H0249001_S_1292,花露水沐浴露,,110,0,0,0,0,2025-09-13_17:40:01
243620,HYBRIS,,CLS,H0249001_S_1292s-94s,花露水身體潔淨旅行套裝一二三四五六,,110,0,0,0,0,2025-09-13_17:40:01
243620,HYBRIS,,CLS,H0249001_S_1293,花露水洗髮水,,110,0,0,0,0,2025-09-13_17:40:01
243620,HYBRIS,,CLS,H0249001_S_1294,花露水護髮素,,110,0,0,0,0,2025-09-13_17:40:01
243620,HYBRIS,,CLS,H0249001_S_2151,雪花膏,,120,0,0,0,0,2025-09-13_17:40:01
243620,HYBRIS,,CLS,H0249001_S_2152,活花潤手霜,,110,0,0,0,0,2025-09-13_17:40:02
243620,HYBRIS,,CLS,H0249001_S_2157,花露水香皂,,10,0,0,0,0,2025-09-13_17:40:02
243620,HYBRIS,,CLS,H0249001_S_2163,活花爽身粉 (玫瑰花香),,120,0,0,0,0,2025-09-13_17:40:02
243620,HYBRIS,,CLS,H0249001_S_2166,活花香皂,,120,0,0,0,0,2025-09-13_17:40:02
243620,HYBRIS,,CLS,H0249001_S_2167,活花止汗液,,120,0,0,0,0,2025-09-13_17:40:02
243620,HYBRIS,,CLS,H0249001_S_2177,迷你雪花膏,,110,0,0,0,0,2025-09-13_17:40:02
243620,HYBRIS,,CLS,H0249001_S_2181,EEE薰衣草味護髮油,,110,0,0,0,0,2025-09-13_17:40:02
243620,HYBRIS,,CLS,H0249001_S_2182,活花味護髮油  (玫瑰花香),,110,0,0,0,0,2025-09-13_17:40:02
243620,HYBRIS,,CLS,H0249001_S_2186,活花爽身粉 80克 (罐裝)（附柔軟粉撲）,,110,0,0,0,0,2025-09-13_17:40:02
243620,HYBRIS,,CLS,H0249001_S_2187,花露水爽身粉 80克 (罐裝)（附柔軟粉撲）,,110,0,0,0,0,2025-09-13_17:40:02
243620,HYBRIS,,CLS,H0249001_S_2188B,花露水濕紙巾 (20片),,110,0,0,0,0,2025-09-13_17:40:02
243620,HYBRIS,,CLS,H0249001_S_2198,花露水 (200毫升),,110,0,0,0,0,2025-09-13_17:40:02
243620,HYBRIS,,CLS,H0249001_S_2202,花露水 (100毫升),,110,0,0,0,0,2025-09-13_17:40:02
243620,HYBRIS,,CLS,H0249001_S_2204,花露水 (15毫升),,110,0,0,0,0,2025-09-13_17:40:02
243620,HYBRIS,,CLS,H0249001_S_2208,花露水 (10毫升),,110,0,0,0,0,2025-09-13_17:40:02
243620,HYBRIS,,CLS,H0249001_S_2209,花露水膏,,110,0,0,0,0,2025-09-13_17:40:02
243620,HYBRIS,,CLS,H0249001_S_4261,雙妹嚜復古記事簿,,110,0,0,0,0,2025-09-13_17:40:03
243620,HYBRIS,,CLS,H0249001_S_4281,雙妹嚜復古記事簿,,110,0,0,0,0,2025-09-13_17:40:03
243620,HYBRIS,,CLS,H0249001_S_4284,雙妹嚜復古拼圖,,110,0,0,0,0,2025-09-13_17:40:03
243620,HYBRIS,,CLS,H0249001_S_4286,雙妹嚜復古拼圖,,110,0,0,0,0,2025-09-13_17:40:03
243620,HYBRIS,,CLS,H0249001_S_4287,雙妹嚜復古拼圖,,110,0,0,0,0,2025-09-13_17:40:03
243620,HYBRIS,,CLS,H0249001_S_4290,懷舊2R相簿,,110,0,0,0,0,2025-09-13_17:40:03
243620,HYBRIS,,CLS,H0249001_S_4291,懷舊2R相簿,,110,0,0,0,0,2025-09-13_17:40:03
243620,HYBRIS,,CLS,H0249001_S_4292,懷舊2R相簿,,110,0,0,0,0,2025-09-13_17:40:03
243620,HYBRIS,,CLS,H0249001_S_4293,懷舊2R相簿,,110,0,0,0,0,2025-09-13_17:40:03
243620,HYBRIS,,CLS,H0249001_S_4315,雙妹嚜黑色環保袋,,110,0,0,0,0,2025-09-13_17:40:03
243620,HYBRIS,,CLS,H0249001_S_8808,馬賽皂 (檸檬),,110,0,0,0,0,2025-09-13_17:40:03
243620,HYBRIS,,CLS,H0249001_S_8809,馬賽皂 (蜜糖),,110,0,0,0,0,2025-09-13_17:40:03
243620,HYBRIS,,CLS,H0249001_S_8810,馬賽皂 (白檀),,110,0,0,0,0,2025-09-13_17:40:03
243620,HYBRIS,,CLS,H0249001_S_KC1100,指甲水,,110,0,0,0,0,2025-09-13_17:40:03
243620,HYBRIS,,CLS,H0249001_S_KC1101,指甲油 (藍紫色系),,110,0,0,0,0,2025-09-13_17:40:03
243620,HYBRIS,,CLS,H0249001_S_KC1102,指甲油 (藍紫色系),,110,0,0,0,0,2025-09-13_17:40:03
243620,HYBRIS,,CLS,H0249001_S_KC1103,指甲油 (藍紫色系),,110,0,0,0,0,2025-09-13_17:40:04
243620,HYBRIS,,CLS,H0249001_S_KC1105,指甲油 (藍紫色系),,110,0,0,0,0,2025-09-13_17:40:04
243620,HYBRIS,,CLS,H0249001_S_KC1106,指甲油 (紅色系),,110,0,0,0,0,2025-09-13_17:40:04
243620,HYBRIS,,CLS,H0249001_S_KC1107,指甲油 (紅色系),,110,0,0,0,0,2025-09-13_17:40:04
243620,HYBRIS,,CLS,H0249001_S_KC1108,指甲油 (紅色系),,110,0,0,0,0,2025-09-13_17:40:04
243620,HYBRIS,,CLS,H0249001_S_KC1112,指甲油 (藍紫色系),,110,0,0,0,0,2025-09-13_17:40:04
243620,HYBRIS,,CLS,H0249001_S_KC1113,指甲油 (紅色系),,110,0,0,0,0,2025-09-13_17:40:04
243620,HYBRIS,,CLS,H0249001_S_KC1116,指甲油 (彩色系),,110,0,0,0,0,2025-09-13_17:40:04
243620,HYBRIS,,CLS,H0249001_S_KC1121,指甲油 (紅色系),,110,0,0,0,0,2025-09-13_17:40:04
243620,HYBRIS,,CLS,H0249001_S_KC1123,指甲油 (紅色系),,110,0,0,0,0,2025-09-13_17:40:05
243620,HYBRIS,,CLS,H0249001_S_KC1124,指甲油 (紅色系),,110,0,0,0,0,2025-09-13_17:40:05
243620,HYBRIS,,CLS,H0249001_S_KC1127,指甲油 (彩色系),,110,0,0,0,0,2025-09-13_17:40:05
243620,HYBRIS,,CLS,H0249001_S_KC1129,指甲油 (彩色系),,110,0,0,0,0,2025-09-13_17:40:05
243620,HYBRIS,,CLS,H0249001_S_KC1130,指甲油 (彩色系),,110,0,0,0,0,2025-09-13_17:40:05
243620,HYBRIS,,CLS,H0249001_S_KC1131,指甲油 (彩色系),,110,0,0,0,0,2025-09-13_17:40:05
243620,HYBRIS,,CLS,H0249001_S_KC1134,指甲油 (紅色系),,110,0,0,0,0,2025-09-13_17:40:05
243620,HYBRIS,,CLS,H0249001_S_KC1137,指甲油 (色號 - 37透明),,110,0,0,0,0,2025-09-13_17:40:05
243620,HYBRIS,,CLS,H0249001_S_KC1139,指甲油 (彩色系),,110,0,0,0,0,2025-09-13_17:40:05
243620,HYBRIS,,CLS,H0249001_S_KC1146,指甲油 (藍紫色系),,110,0,0,0,0,2025-09-13_17:40:06
243620,HYBRIS,,CLS,H0249001_S_KC1148,指甲油 (彩色系),,110,0,0,0,0,2025-09-13_17:40:06
243620,HYBRIS,,CLS,H0249001_S_KC1152,指甲油 (紅色系),,110,0,0,0,0,2025-09-13_17:40:06
243620,HYBRIS,,CLS,H0249001_S_Q004,雙妹綿布袋 (白色),,110,0,0,0,0,2025-09-13_17:40:06
243620,HYBRIS,,CLS,H0249001_S_Q005,雙妹綿布袋 (自然色),,110,0,0,0,0,2025-09-13_17:40:06
243620,HYBRIS,,CLS,H0255001_S_21875,蒜油 250粒,,110,0,0,0,0,2025-09-13_17:40:06
243620,HYBRIS,,CLS,H0255001_S_21942,利筋諾 50粒,,110,0,0,0,0,2025-09-13_17:40:06
243620,HYBRIS,,CLS,H0255001_S_22993,乳薊果 60片,,110,0,0,0,0,2025-09-13_17:40:06
243620,HYBRIS,,CLS,H0255001_S_23452,葡萄籽加強配方 30片,,110,0,0,0,0,2025-09-13_17:40:07
243620,HYBRIS,,CLS,H0255001_S_24008,無腥味魚油1000 200粒,,110,0,0,0,0,2025-09-13_17:40:07
243620,HYBRIS,,CLS,H0255001_S_24177,葉黃素 60粒,,110,0,0,0,0,2025-09-13_17:40:07
243620,HYBRIS,,CLS,H0255001_S_24201,護眼山桑子 30片,,110,0,0,0,0,2025-09-13_17:40:07
243620,HYBRIS,,CLS,H0255001_S_24877,兒童果味魚油丸 30粒,,110,0,0,0,0,2025-09-13_17:40:07
243620,HYBRIS,,CLS,H0255001_S_25067,鋸櫚前列配方 60粒,,20,0,0,0,0,2025-09-13_17:40:07
243620,HYBRIS,,CLS,H0255001_S_25207,維他命D3 1000 30粒,,110,0,0,0,0,2025-09-13_17:40:07
243620,HYBRIS,,CLS,H0255001_S_25266,護養關節配方 60粒,,110,0,0,0,0,2025-09-13_17:40:07
243620,HYBRIS,,CLS,H0294001_S_120088,免沖洗保濕護髮乳,,110,0,0,0,0,2025-09-13_17:40:07
243620,HYBRIS,,CLS,H0294001_S_120295,潔淨控油洗髮露,,110,0,0,0,0,2025-09-13_17:40:07
243620,HYBRIS,,CLS,H0294001_S_120533,波浪捲髮精華露波浪捲髮精華露波浪捲髮精華露波浪捲髮精華露,,110,0,0,0,0,2025-09-13_17:40:07
243620,HYBRIS,,CLS,H0318002_S_812719,有機矢車菊花水 200ml,,130,0,0,0,0,2025-09-13_17:40:07
243620,HYBRIS,,CLS,H0318002_S_812724,有機大馬士革玫瑰花水 200ml,,130,0,0,0,0,2025-09-13_17:40:07
243620,HYBRIS,,CLS,H0318002_S_852974,有機3重蜂蜜潤澤身體乳霜 150ml,,10,0,0,0,0,2025-09-13_17:40:08
243620,HYBRIS,,CLS,H0318002_S_855281,有機3重蜂蜜潤澤身體磨砂 150g,,110,0,0,0,0,2025-09-13_17:40:08
243620,HYBRIS,,CLS,H0318002_S_86Z0004,有機防敏香體露 50ml,,105,0,0,0,0,2025-09-13_17:40:08
243620,HYBRIS,,CLS,H0539001_S_50159,Royal Touch 敏感肌適用產後專用衛生巾 L碼 (5片/包),,110,0,0,0,0,2025-09-13_17:40:08
243620,HYBRIS,,CLS,H0888001_S_10004619,特級魚露,,15,0,0,0,0,2025-09-13_17:40:08
243620,HYBRIS,,CLS,H0888001_S_10004625,南乳,,220,0,0,0,0,2025-09-13_17:40:08
243620,HYBRIS,,CLS,H0888001_S_10004645,爽口榨菜絲,,230,0,0,0,0,2025-09-13_17:40:08
243620,HYBRIS,,CLS,H0888001_S_10004649,辣香蘿蔔,,120,0,0,0,0,2025-09-13_17:40:08
243620,HYBRIS,,CLS,H0888001_S_10004653,陳醋蕎頭,,130,0,0,0,0,2025-09-13_17:40:08
243620,HYBRIS,,CLS,H0888001_S_10004654,甜酸蕎頭,,130,0,0,0,0,2025-09-13_17:40:08
243620,HYBRIS,,CLS,H0888001_S_10004666,鮑汁靈芝菇片,,220,0,0,0,0,2025-09-13_17:40:08
243620,HYBRIS,,CLS,H0888001_S_10005984,豬骨火鍋上湯,,270,0,0,0,0,2025-09-13_17:40:08
243620,HYBRIS,,CLS,H0888001_S_10005986,醉雞火鍋上湯,,270,0,0,0,0,2025-09-13_17:40:08
243620,HYBRIS,,CLS,H0888001_S_10007891,洋蔥南瓜馬鈴薯片,,10,0,0,0,0,2025-09-13_17:40:08
243620,HYBRIS,,CLS,H0888001_S_10009135,藍梅寒天果凍糖,,10,0,0,0,0,2025-09-13_17:40:09
243620,HYBRIS,,CLS,H0888001_S_10009139,蜂蜜檸檬寒天果凍糖,,10,0,0,0,0,2025-09-13_17:40:09
243620,HYBRIS,,CLS,H0888001_S_10009151,什錦軟糖,,220,0,0,0,0,2025-09-13_17:40:09
243620,HYBRIS,,CLS,H0888001_S_10009386,北海道扇貝味薯片,,10,0,0,0,0,2025-09-13_17:40:09
243620,HYBRIS,,CLS,H0888001_S_10009388,酥餅 (黑朱古力),,15,0,0,0,0,2025-09-13_17:40:09
243620,HYBRIS,,CLS,H0888001_S_10011987,好ｅ食 - 白汁煙肉磨菇意粉 (急凍),,210,0,0,0,0,2025-09-13_17:40:09
243620,HYBRIS,,CLS,H0888001_S_10007313,滋潤保濕乳霜,,12,0,0,0,0,2025-09-13_17:40:09
243620,HYBRIS,,CLS,H0888001_S_10022686,猴頭菇雪耳百合潤肺湯,,192,0,0,0,0,2025-09-13_17:40:09
243620,HYBRIS,,CLS,H0888001_S_10018925,白風船米餅-牛奶忌廉味,,500,0,0,0,0,2025-09-13_17:40:09
243626,IMAX_KERRY,,STS,H0888001_S_10012783,巴西牛胸腩粒 (急凍),IM00071920,1285,0,0,0,0,2025-09-13_18:19:00
243629,IMAX_KERRY,,WFS,H0888001_S_10012783,巴西牛胸腩粒 (急凍),IM00071921,50,0,0,0,0,2025-09-13_18:49:00
243632,HYBRIS,,RRS,H0888001_S_10012783,巴西牛胸腩粒 (急凍),,600,0,0,0,0,2025-09-13_19:19:00
243636,IMAX_KERRY,,RRS,H0888001_S_10012783,巴西牛胸腩粒 (急凍),IM00071923,700,0,0,0,0,2025-09-13_19:59:00
243638,HYBRIS,,HHS,H0249001_S_1272,AAA薰衣草沐浴露,,20,0,0,0,0,2025-09-13_20:09:02
243638,HYBRIS,,HHS,H0249001_S_1272s-74s,BBB薰衣草身體潔淨旅行套裝,,20,0,0,0,0,2025-09-13_20:09:02
243638,HYBRIS,,HHS,H0249001_S_1274,DDD薰衣草護髮素,,20,0,0,0,0,2025-09-13_20:09:02
243638,HYBRIS,,HHS,H0249001_S_1282s-84s,活花身體潔淨旅行套裝,,20,0,0,0,0,2025-09-13_20:09:02
243638,HYBRIS,,HHS,H0249001_S_1284,活花護髮素,,20,0,0,0,0,2025-09-13_20:09:03
243638,HYBRIS,,HHS,H0249001_S_1292,花露水沐浴露,,20,0,0,0,0,2025-09-13_20:09:03
243638,HYBRIS,,HHS,H0249001_S_1292s-94s,花露水身體潔淨旅行套裝一二三四五六,,20,0,0,0,0,2025-09-13_20:09:03
243638,HYBRIS,,HHS,H0249001_S_1293,花露水洗髮水,,20,0,0,0,0,2025-09-13_20:09:03
243638,HYBRIS,,HHS,H0249001_S_1294,花露水護髮素,,20,0,0,0,0,2025-09-13_20:09:03
243638,HYBRIS,,HHS,H0249001_S_2151,雪花膏,,20,0,0,0,0,2025-09-13_20:09:03
243638,HYBRIS,,HHS,H0249001_S_2152,活花潤手霜,,20,0,0,0,0,2025-09-13_20:09:03
243638,HYBRIS,,HHS,H0249001_S_2157,花露水香皂,,20,0,0,0,0,2025-09-13_20:09:03
243638,HYBRIS,,HHS,H0249001_S_2163,活花爽身粉 (玫瑰花香),,20,0,0,0,0,2025-09-13_20:09:03
243638,HYBRIS,,HHS,H0249001_S_2166,活花香皂,,20,0,0,0,0,2025-09-13_20:09:03
243638,HYBRIS,,HHS,H0249001_S_2167,活花止汗液,,20,0,0,0,0,2025-09-13_20:09:03
243638,HYBRIS,,HHS,H0249001_S_2177,迷你雪花膏,,20,0,0,0,0,2025-09-13_20:09:03
243638,HYBRIS,,HHS,H0249001_S_2181,EEE薰衣草味護髮油,,20,0,0,0,0,2025-09-13_20:09:03
243638,HYBRIS,,HHS,H0249001_S_2182,活花味護髮油  (玫瑰花香),,20,0,0,0,0,2025-09-13_20:09:03
243638,HYBRIS,,HHS,H0249001_S_2186,活花爽身粉 80克 (罐裝)（附柔軟粉撲）,,20,0,0,0,0,2025-09-13_20:09:04
243638,HYBRIS,,HHS,H0249001_S_2187,花露水爽身粉 80克 (罐裝)（附柔軟粉撲）,,20,0,0,0,0,2025-09-13_20:09:04
243638,HYBRIS,,HHS,H0249001_S_2188B,花露水濕紙巾 (20片),,20,0,0,0,0,2025-09-13_20:09:04
243638,HYBRIS,,HHS,H0249001_S_2198,花露水 (200毫升),,20,0,0,0,0,2025-09-13_20:09:04
243638,HYBRIS,,HHS,H0249001_S_2202,花露水 (100毫升),,20,0,0,0,0,2025-09-13_20:09:04
243638,HYBRIS,,HHS,H0249001_S_2204,花露水 (15毫升),,20,0,0,0,0,2025-09-13_20:09:04
243638,HYBRIS,,HHS,H0249001_S_2208,花露水 (10毫升),,20,0,0,0,0,2025-09-13_20:09:04
243638,HYBRIS,,HHS,H0249001_S_2209,花露水膏,,20,0,0,0,0,2025-09-13_20:09:04
243638,HYBRIS,,HHS,H0249001_S_4261,雙妹嚜復古記事簿,,20,0,0,0,0,2025-09-13_20:09:04
243638,HYBRIS,,HHS,H0249001_S_4281,雙妹嚜復古記事簿,,20,0,0,0,0,2025-09-13_20:09:04
243638,HYBRIS,,HHS,H0249001_S_4284,雙妹嚜復古拼圖,,20,0,0,0,0,2025-09-13_20:09:04
243638,HYBRIS,,HHS,H0249001_S_4286,雙妹嚜復古拼圖,,20,0,0,0,0,2025-09-13_20:09:04
243638,HYBRIS,,HHS,H0249001_S_4287,雙妹嚜復古拼圖,,20,0,0,0,0,2025-09-13_20:09:04
243638,HYBRIS,,HHS,H0249001_S_4290,懷舊2R相簿,,20,0,0,0,0,2025-09-13_20:09:04
243638,HYBRIS,,HHS,H0249001_S_4291,懷舊2R相簿,,20,0,0,0,0,2025-09-13_20:09:04
243638,HYBRIS,,HHS,H0249001_S_4292,懷舊2R相簿,,20,0,0,0,0,2025-09-13_20:09:05
243638,HYBRIS,,HHS,H0249001_S_4293,懷舊2R相簿,,20,0,0,0,0,2025-09-13_20:09:05
243638,HYBRIS,,HHS,H0249001_S_8808,馬賽皂 (檸檬),,20,0,0,0,0,2025-09-13_20:09:05
243638,HYBRIS,,HHS,H0249001_S_8809,馬賽皂 (蜜糖),,20,0,0,0,0,2025-09-13_20:09:05
243638,HYBRIS,,HHS,H0249001_S_8810,馬賽皂 (白檀),,20,0,0,0,0,2025-09-13_20:09:05
243638,HYBRIS,,HHS,H0249001_S_KC1100,指甲水,,20,0,0,0,0,2025-09-13_20:09:05
243638,HYBRIS,,HHS,H0249001_S_KC1101,指甲油 (藍紫色系),,20,0,0,0,0,2025-09-13_20:09:05
243638,HYBRIS,,HHS,H0249001_S_KC1102,指甲油 (藍紫色系),,20,0,0,0,0,2025-09-13_20:09:05
243638,HYBRIS,,HHS,H0249001_S_KC1103,指甲油 (藍紫色系),,20,0,0,0,0,2025-09-13_20:09:05
243638,HYBRIS,,HHS,H0249001_S_KC1105,指甲油 (藍紫色系),,20,0,0,0,0,2025-09-13_20:09:05
243638,HYBRIS,,HHS,H0249001_S_KC1106,指甲油 (紅色系),,20,0,0,0,0,2025-09-13_20:09:05
243638,HYBRIS,,HHS,H0249001_S_KC1107,指甲油 (紅色系),,20,0,0,0,0,2025-09-13_20:09:05
243638,HYBRIS,,HHS,H0249001_S_KC1108,指甲油 (紅色系),,20,0,0,0,0,2025-09-13_20:09:05
243638,HYBRIS,,HHS,H0249001_S_KC1112,指甲油 (藍紫色系),,20,0,0,0,0,2025-09-13_20:09:05
243638,HYBRIS,,HHS,H0249001_S_KC1113,指甲油 (紅色系),,20,0,0,0,0,2025-09-13_20:09:05
243638,HYBRIS,,HHS,H0249001_S_KC1116,指甲油 (彩色系),,20,0,0,0,0,2025-09-13_20:09:05
243638,HYBRIS,,HHS,H0249001_S_KC1121,指甲油 (紅色系),,20,0,0,0,0,2025-09-13_20:09:06
243638,HYBRIS,,HHS,H0249001_S_KC1123,指甲油 (紅色系),,20,0,0,0,0,2025-09-13_20:09:06
243638,HYBRIS,,HHS,H0249001_S_KC1124,指甲油 (紅色系),,20,0,0,0,0,2025-09-13_20:09:06
243638,HYBRIS,,HHS,H0249001_S_KC1127,指甲油 (彩色系),,20,0,0,0,0,2025-09-13_20:09:07
243638,HYBRIS,,HHS,H0249001_S_KC1129,指甲油 (彩色系),,20,0,0,0,0,2025-09-13_20:09:07
243638,HYBRIS,,HHS,H0249001_S_KC1130,指甲油 (彩色系),,20,0,0,0,0,2025-09-13_20:09:07
243638,HYBRIS,,HHS,H0249001_S_KC1131,指甲油 (彩色系),,20,0,0,0,0,2025-09-13_20:09:07
243638,HYBRIS,,HHS,H0249001_S_KC1134,指甲油 (紅色系),,20,0,0,0,0,2025-09-13_20:09:07
243638,HYBRIS,,HHS,H0249001_S_KC1137,指甲油 (色號 - 37透明),,20,0,0,0,0,2025-09-13_20:09:07
243638,HYBRIS,,HHS,H0249001_S_KC1139,指甲油 (彩色系),,20,0,0,0,0,2025-09-13_20:09:07
243638,HYBRIS,,HHS,H0249001_S_KC1146,指甲油 (藍紫色系),,20,0,0,0,0,2025-09-13_20:09:08
243638,HYBRIS,,HHS,H0249001_S_KC1148,指甲油 (彩色系),,20,0,0,0,0,2025-09-13_20:09:08
243638,HYBRIS,,HHS,H0249001_S_KC1152,指甲油 (紅色系),,20,0,0,0,0,2025-09-13_20:09:08
243638,HYBRIS,,HHS,H0249001_S_Q004,雙妹綿布袋 (白色),,20,0,0,0,0,2025-09-13_20:09:08
243638,HYBRIS,,HHS,H0249001_S_Q005,雙妹綿布袋 (自然色),,20,0,0,0,0,2025-09-13_20:09:08
243638,HYBRIS,,HHS,H0255001_S_21875,蒜油 250粒,,20,0,0,0,0,2025-09-13_20:09:08
243638,HYBRIS,,HHS,H0255001_S_21942,利筋諾 50粒,,20,0,0,0,0,2025-09-13_20:09:08
243638,HYBRIS,,HHS,H0255001_S_22993,乳薊果 60片,,20,0,0,0,0,2025-09-13_20:09:08
243638,HYBRIS,,HHS,H0255001_S_23452,葡萄籽加強配方 30片,,20,0,0,0,0,2025-09-13_20:09:08
243638,HYBRIS,,HHS,H0255001_S_24008,無腥味魚油1000 200粒,,20,0,0,0,0,2025-09-13_20:09:09
243638,HYBRIS,,HHS,H0255001_S_24177,葉黃素 60粒,,20,0,0,0,0,2025-09-13_20:09:09
243638,HYBRIS,,HHS,H0255001_S_24201,護眼山桑子 30片,,20,0,0,0,0,2025-09-13_20:09:09
243638,HYBRIS,,HHS,H0255001_S_24877,兒童果味魚油丸 30粒,,20,0,0,0,0,2025-09-13_20:09:09
243638,HYBRIS,,HHS,H0255001_S_25067,鋸櫚前列配方 60粒,,20,0,0,0,0,2025-09-13_20:09:09
243638,HYBRIS,,HHS,H0255001_S_25110,亞麻籽油植物奧米加369 100粒,,20,0,0,0,0,2025-09-13_20:09:09
243638,HYBRIS,,HHS,H0255001_S_25207,維他命D3 1000 30粒,,20,0,0,0,0,2025-09-13_20:09:10
243638,HYBRIS,,HHS,H0255001_S_25266,護養關節配方 60粒,,20,0,0,0,0,2025-09-13_20:09:10
243638,HYBRIS,,HHS,H0294001_S_120088,免沖洗保濕護髮乳,,20,0,0,0,0,2025-09-13_20:09:10
243638,HYBRIS,,HHS,H0294001_S_120295,潔淨控油洗髮露,,20,0,0,0,0,2025-09-13_20:09:10
243638,HYBRIS,,HHS,H0294001_S_120533,波浪捲髮精華露波浪捲髮精華露波浪捲髮精華露波浪捲髮精華露,,20,0,0,0,0,2025-09-13_20:09:10
243638,HYBRIS,,HHS,H0318002_S_812719,有機矢車菊花水 200ml,,20,0,0,0,0,2025-09-13_20:09:10
243638,HYBRIS,,HHS,H0318002_S_812724,有機大馬士革玫瑰花水 200ml,,20,0,0,0,0,2025-09-13_20:09:10
243638,HYBRIS,,HHS,H0318002_S_852974,有機3重蜂蜜潤澤身體乳霜 150ml,,20,0,0,0,0,2025-09-13_20:09:10
243638,HYBRIS,,HHS,H0318002_S_855281,有機3重蜂蜜潤澤身體磨砂 150g,,20,0,0,0,0,2025-09-13_20:09:10
243638,HYBRIS,,HHS,H0318002_S_861153,有機日用洗髮水 500ml,,20,0,0,0,0,2025-09-13_20:09:10
243638,HYBRIS,,HHS,H0318002_S_86Z0004,有機防敏香體露 50ml,,20,0,0,0,0,2025-09-13_20:09:10
243638,HYBRIS,,HHS,H0318002_S_86Z0005,有機乳木果油護髮素 150ml,,20,0,0,0,0,2025-09-13_20:09:11
243638,HYBRIS,,HHS,H0539001_S_50159,Royal Touch 敏感肌適用產後專用衛生巾 L碼 (5片/包),,20,0,0,0,0,2025-09-13_20:09:11
243649,HYBRIS,,WFS,H0249001_S_1274,DDD薰衣草護髮素,,15,15,0,0,0,2025-09-13_23:40:02
243649,HYBRIS,,WFS,H0249001_S_2151,雪花膏,,5,5,0,0,0,2025-09-13_23:40:02
243649,HYBRIS,,WFS,H0249001_S_4290,懷舊2R相簿,,5,5,0,0,0,2025-09-13_23:40:04
243649,HYBRIS,,WFS,H0249001_S_KC1139,指甲油 (彩色系),,5,5,0,0,0,2025-09-13_23:40:08
243649,HYBRIS,,WFS,H0318002_S_812724,有機大馬士革玫瑰花水 200ml,,10,10,0,0,0,2025-09-13_23:40:12
243649,HYBRIS,,WFS,H0318002_S_855281,有機3重蜂蜜潤澤身體磨砂 150g,,10,10,0,0,0,2025-09-13_23:40:13
243649,HYBRIS,,WFS,H0318002_S_86Z0005,有機乳木果油護髮素 150ml,,5,5,0,0,0,2025-09-13_23:40:13
243649,HYBRIS,,WFS,H0888001_S_10005984,豬骨火鍋上湯,,105,105,0,0,0,2025-09-13_23:40:14
243649,HYBRIS,,WFS,H0888001_S_10005985,黑胡椒豬骨火鍋上湯,,15,15,0,0,0,2025-09-13_23:40:14
243663,HYBRIS,,TWS,H0859001_S_OS-620,uPure 2 潔淨濾水器2,,440,440,0,0,0,2025-09-14_00:00:00
243667,IMAX_STACKING,FROZEN,COB,H0888001_S_10022875,美國特選牛肩胛肥牛片 (急凍),IS00071928,520,520,0,0,0,2025-09-14_00:00:01
243667,IMAX_STACKING,FROZEN,COB,H0888001_S_10012511,西班牙咸豬手,IS00071928,1610,1610,0,0,0,2025-09-14_00:00:01
243667,IMAX_STACKING,FROZEN,COB,H0888001_S_10011849,美國大西洋野生響螺頭 M (急凍),IS00071928,3000,3000,0,0,0,2025-09-14_00:00:01
243667,IMAX_STACKING,FROZEN,COB,H0888001_S_10011848,日本煮食用帶子急凍急凍,IS00071928,990,990,0,0,0,2025-09-14_00:00:02
243669,HYBRIS,,COB,H0888001_S_10009135,藍梅寒天果凍糖,,1212,1212,0,0,0,2025-09-14_00:01:00
243669,HYBRIS,,COB,H0888001_S_10009139,蜂蜜檸檬寒天果凍糖,,1308,1308,0,0,0,2025-09-14_00:01:00
243669,HYBRIS,,COB,H0888001_S_10009151,什錦軟糖,,1420,1420,0,0,0,2025-09-14_00:01:00
243675,HYBRIS,,CLS,H0888001_S_10007313,滋潤保濕乳霜,,444,0,0,0,0,2025-09-14_10:09:00
243676,IMAX_STACKING,DRY,CLS,H0888001_S_10002195,大樽生啤 (日本版),IS00071931,12,0,0,0,0,2025-09-14_10:22:00
243678,HYBRIS,,CLS,H0888001_S_10133455,澳洲和牛漢堡扒 (急凍),,1020,0,0,0,0,2025-09-14_10:38:00
243678,HYBRIS,,CLS,H0888001_S_10133940,(澳洲直送!) 澳洲穀飼西冷牛扒 (2塊裝) (急凍),,1000,0,0,0,0,2025-09-14_10:38:00
243678,HYBRIS,,CLS,H0888001_S_10133453,澳洲M4+ 和牛西冷牛扒 (急凍),,330,0,0,0,0,2025-09-14_10:38:00
243678,HYBRIS,,CLS,H0888001_S_10018534,澳洲海參(禿參，又名花刺參) (急凍),,408,0,0,0,0,2025-09-14_10:38:00
243682,HYBRIS,,STS,H0249001_S_1272s-74s,BBB薰衣草身體潔淨旅行套裝,,210,0,0,0,0,2025-09-14_11:08:01
243682,HYBRIS,,STS,H0249001_S_1273,CCC薰衣草洗髮水,,140,0,0,0,0,2025-09-14_11:08:01
243682,HYBRIS,,STS,H0249001_S_1274,DDD薰衣草護髮素,,210,0,0,0,0,2025-09-14_11:08:01
243682,HYBRIS,,STS,H0249001_S_1282s-84s,活花身體潔淨旅行套裝,,210,0,0,0,0,2025-09-14_11:08:01
243682,HYBRIS,,STS,H0249001_S_1284,活花護髮素,,210,0,0,0,0,2025-09-14_11:08:02
243682,HYBRIS,,STS,H0249001_S_1292,花露水沐浴露,,210,0,0,0,0,2025-09-14_11:08:02
243682,HYBRIS,,STS,H0249001_S_1292s-94s,花露水身體潔淨旅行套裝一二三四五六,,210,0,0,0,0,2025-09-14_11:08:02
243682,HYBRIS,,STS,H0249001_S_1293,花露水洗髮水,,210,0,0,0,0,2025-09-14_11:08:02
243682,HYBRIS,,STS,H0249001_S_1294,花露水護髮素,,210,0,0,0,0,2025-09-14_11:08:02
243682,HYBRIS,,STS,H0249001_S_2151,雪花膏,,210,0,0,0,0,2025-09-14_11:08:02
243682,HYBRIS,,STS,H0249001_S_2152,活花潤手霜,,210,0,0,0,0,2025-09-14_11:08:02
243682,HYBRIS,,STS,H0249001_S_2157,花露水香皂,,210,0,0,0,0,2025-09-14_11:08:02
243682,HYBRIS,,STS,H0249001_S_2163,活花爽身粉 (玫瑰花香),,210,0,0,0,0,2025-09-14_11:08:02
243682,HYBRIS,,STS,H0249001_S_2166,活花香皂,,210,0,0,0,0,2025-09-14_11:08:02
243682,HYBRIS,,STS,H0249001_S_2167,活花止汗液,,210,0,0,0,0,2025-09-14_11:08:02
243682,HYBRIS,,STS,H0249001_S_2177,迷你雪花膏,,210,0,0,0,0,2025-09-14_11:08:02
243682,HYBRIS,,STS,H0249001_S_2181,EEE薰衣草味護髮油,,210,0,0,0,0,2025-09-14_11:08:02
243682,HYBRIS,,STS,H0249001_S_2182,活花味護髮油  (玫瑰花香),,210,0,0,0,0,2025-09-14_11:08:03
243682,HYBRIS,,STS,H0249001_S_2186,活花爽身粉 80克 (罐裝)（附柔軟粉撲）,,210,0,0,0,0,2025-09-14_11:08:03
243682,HYBRIS,,STS,H0249001_S_2187,花露水爽身粉 80克 (罐裝)（附柔軟粉撲）,,210,0,0,0,0,2025-09-14_11:08:03
243682,HYBRIS,,STS,H0249001_S_2188B,花露水濕紙巾 (20片),,210,0,0,0,0,2025-09-14_11:08:03
243682,HYBRIS,,STS,H0249001_S_2198,花露水 (200毫升),,210,0,0,0,0,2025-09-14_11:08:03
243682,HYBRIS,,STS,H0249001_S_2202,花露水 (100毫升),,210,0,0,0,0,2025-09-14_11:08:03
243682,HYBRIS,,STS,H0249001_S_2204,花露水 (15毫升),,210,0,0,0,0,2025-09-14_11:08:03
243682,HYBRIS,,STS,H0249001_S_2208,花露水 (10毫升),,210,0,0,0,0,2025-09-14_11:08:03
243682,HYBRIS,,STS,H0249001_S_2209,花露水膏,,210,0,0,0,0,2025-09-14_11:08:03
243682,HYBRIS,,STS,H0249001_S_4261,雙妹嚜復古記事簿,,210,0,0,0,0,2025-09-14_11:08:03
243682,HYBRIS,,STS,H0249001_S_4281,雙妹嚜復古記事簿,,210,0,0,0,0,2025-09-14_11:08:03
243682,HYBRIS,,STS,H0249001_S_4284,雙妹嚜復古拼圖,,210,0,0,0,0,2025-09-14_11:08:03
243682,HYBRIS,,STS,H0249001_S_4286,雙妹嚜復古拼圖,,210,0,0,0,0,2025-09-14_11:08:03
243682,HYBRIS,,STS,H0249001_S_4287,雙妹嚜復古拼圖,,210,0,0,0,0,2025-09-14_11:08:03
243682,HYBRIS,,STS,H0249001_S_4290,懷舊2R相簿,,210,0,0,0,0,2025-09-14_11:08:03
243682,HYBRIS,,STS,H0249001_S_4291,懷舊2R相簿,,210,0,0,0,0,2025-09-14_11:08:03
243682,HYBRIS,,STS,H0249001_S_4292,懷舊2R相簿,,210,0,0,0,0,2025-09-14_11:08:04
243682,HYBRIS,,STS,H0249001_S_4293,懷舊2R相簿,,210,0,0,0,0,2025-09-14_11:08:04
243682,HYBRIS,,STS,H0249001_S_4315,雙妹嚜黑色環保袋,,210,0,0,0,0,2025-09-14_11:08:04
243682,HYBRIS,,STS,H0249001_S_8808,馬賽皂 (檸檬),,210,0,0,0,0,2025-09-14_11:08:04
243682,HYBRIS,,STS,H0249001_S_8809,馬賽皂 (蜜糖),,210,0,0,0,0,2025-09-14_11:08:04
243682,HYBRIS,,STS,H0249001_S_8810,馬賽皂 (白檀),,210,0,0,0,0,2025-09-14_11:08:04
243682,HYBRIS,,STS,H0249001_S_KC1100,指甲水,,210,0,0,0,0,2025-09-14_11:08:04
243682,HYBRIS,,STS,H0249001_S_KC1101,指甲油 (藍紫色系),,210,0,0,0,0,2025-09-14_11:08:04
243682,HYBRIS,,STS,H0249001_S_KC1102,指甲油 (藍紫色系),,210,0,0,0,0,2025-09-14_11:08:04
243682,HYBRIS,,STS,H0249001_S_KC1103,指甲油 (藍紫色系),,210,0,0,0,0,2025-09-14_11:08:04
243682,HYBRIS,,STS,H0249001_S_KC1105,指甲油 (藍紫色系),,210,0,0,0,0,2025-09-14_11:08:04
243682,HYBRIS,,STS,H0249001_S_KC1106,指甲油 (紅色系),,210,0,0,0,0,2025-09-14_11:08:04
243682,HYBRIS,,STS,H0249001_S_KC1107,指甲油 (紅色系),,210,0,0,0,0,2025-09-14_11:08:04
243682,HYBRIS,,STS,H0249001_S_KC1108,指甲油 (紅色系),,210,0,0,0,0,2025-09-14_11:08:04
243682,HYBRIS,,STS,H0249001_S_KC1112,指甲油 (藍紫色系),,210,0,0,0,0,2025-09-14_11:08:04
243682,HYBRIS,,STS,H0249001_S_KC1113,指甲油 (紅色系),,210,0,0,0,0,2025-09-14_11:08:04
243682,HYBRIS,,STS,H0249001_S_KC1116,指甲油 (彩色系),,210,0,0,0,0,2025-09-14_11:08:05
243682,HYBRIS,,STS,H0249001_S_KC1121,指甲油 (紅色系),,210,0,0,0,0,2025-09-14_11:08:05
243682,HYBRIS,,STS,H0249001_S_KC1123,指甲油 (紅色系),,210,0,0,0,0,2025-09-14_11:08:05
243682,HYBRIS,,STS,H0249001_S_KC1124,指甲油 (紅色系),,210,0,0,0,0,2025-09-14_11:08:05
243682,HYBRIS,,STS,H0249001_S_KC1127,指甲油 (彩色系),,210,0,0,0,0,2025-09-14_11:08:05
243682,HYBRIS,,STS,H0249001_S_KC1129,指甲油 (彩色系),,210,0,0,0,0,2025-09-14_11:08:06
243682,HYBRIS,,STS,H0249001_S_KC1130,指甲油 (彩色系),,210,0,0,0,0,2025-09-14_11:08:06
243682,HYBRIS,,STS,H0249001_S_KC1131,指甲油 (彩色系),,210,0,0,0,0,2025-09-14_11:08:06
243682,HYBRIS,,STS,H0249001_S_KC1134,指甲油 (紅色系),,210,0,0,0,0,2025-09-14_11:08:06
243682,HYBRIS,,STS,H0249001_S_KC1137,指甲油 (色號 - 37透明),,210,0,0,0,0,2025-09-14_11:08:06
243682,HYBRIS,,STS,H0249001_S_KC1139,指甲油 (彩色系),,210,0,0,0,0,2025-09-14_11:08:06
243682,HYBRIS,,STS,H0249001_S_KC1146,指甲油 (藍紫色系),,210,0,0,0,0,2025-09-14_11:08:07
243682,HYBRIS,,STS,H0249001_S_KC1148,指甲油 (彩色系),,210,0,0,0,0,2025-09-14_11:08:07
243682,HYBRIS,,STS,H0249001_S_KC1152,指甲油 (紅色系),,210,0,0,0,0,2025-09-14_11:08:07
243682,HYBRIS,,STS,H0249001_S_Q004,雙妹綿布袋 (白色),,210,0,0,0,0,2025-09-14_11:08:07
243682,HYBRIS,,STS,H0249001_S_Q005,雙妹綿布袋 (自然色),,210,0,0,0,0,2025-09-14_11:08:07
243682,HYBRIS,,STS,H0255001_S_21875,蒜油 250粒,,210,0,0,0,0,2025-09-14_11:08:07
243682,HYBRIS,,STS,H0255001_S_21942,利筋諾 50粒,,210,0,0,0,0,2025-09-14_11:08:07
243682,HYBRIS,,STS,H0255001_S_22993,乳薊果 60片,,210,0,0,0,0,2025-09-14_11:08:07
243682,HYBRIS,,STS,H0255001_S_23452,葡萄籽加強配方 30片,,210,0,0,0,0,2025-09-14_11:08:07
243682,HYBRIS,,STS,H0255001_S_24008,無腥味魚油1000 200粒,,210,0,0,0,0,2025-09-14_11:08:07
243682,HYBRIS,,STS,H0255001_S_24177,葉黃素 60粒,,210,0,0,0,0,2025-09-14_11:08:07
243682,HYBRIS,,STS,H0255001_S_24201,護眼山桑子 30片,,210,0,0,0,0,2025-09-14_11:08:07
243682,HYBRIS,,STS,H0255001_S_24877,兒童果味魚油丸 30粒,,210,0,0,0,0,2025-09-14_11:08:07
243682,HYBRIS,,STS,H0255001_S_25067,鋸櫚前列配方 60粒,,210,0,0,0,0,2025-09-14_11:08:08
243682,HYBRIS,,STS,H0255001_S_25110,亞麻籽油植物奧米加369 100粒,,210,0,0,0,0,2025-09-14_11:08:08
243682,HYBRIS,,STS,H0255001_S_25207,維他命D3 1000 30粒,,210,0,0,0,0,2025-09-14_11:08:08
243682,HYBRIS,,STS,H0255001_S_25266,護養關節配方 60粒,,210,0,0,0,0,2025-09-14_11:08:08
243682,HYBRIS,,STS,H0294001_S_120088,免沖洗保濕護髮乳,,210,0,0,0,0,2025-09-14_11:08:08
243682,HYBRIS,,STS,H0294001_S_120295,潔淨控油洗髮露,,210,0,0,0,0,2025-09-14_11:08:08
243682,HYBRIS,,STS,H0294001_S_120533,波浪捲髮精華露波浪捲髮精華露波浪捲髮精華露波浪捲髮精華露,,210,0,0,0,0,2025-09-14_11:08:08
243682,HYBRIS,,STS,H0318002_S_812719,有機矢車菊花水 200ml,,210,0,0,0,0,2025-09-14_11:08:08
243682,HYBRIS,,STS,H0318002_S_812724,有機大馬士革玫瑰花水 200ml,,210,0,0,0,0,2025-09-14_11:08:08
243682,HYBRIS,,STS,H0318002_S_852974,有機3重蜂蜜潤澤身體乳霜 150ml,,210,0,0,0,0,2025-09-14_11:08:08
243682,HYBRIS,,STS,H0318002_S_855281,有機3重蜂蜜潤澤身體磨砂 150g,,210,0,0,0,0,2025-09-14_11:08:09
243682,HYBRIS,,STS,H0318002_S_861153,有機日用洗髮水 500ml,,210,0,0,0,0,2025-09-14_11:08:09
243682,HYBRIS,,STS,H0318002_S_86Z0004,有機防敏香體露 50ml,,210,0,0,0,0,2025-09-14_11:08:09
243682,HYBRIS,,STS,H0318002_S_86Z0005,有機乳木果油護髮素 150ml,,210,0,0,0,0,2025-09-14_11:08:09
243682,HYBRIS,,STS,H0539001_S_50159,Royal Touch 敏感肌適用產後專用衛生巾 L碼 (5片/包),,210,0,0,0,0,2025-09-14_11:08:09
243682,HYBRIS,,STS,H0888001_S_10004619,特級魚露,,125,0,0,0,0,2025-09-14_11:08:09
243682,HYBRIS,,STS,H0888001_S_10004625,南乳,,120,0,0,0,0,2025-09-14_11:08:09
243682,HYBRIS,,STS,H0888001_S_10004645,爽口榨菜絲,,130,0,0,0,0,2025-09-14_11:08:09
243682,HYBRIS,,STS,H0888001_S_10004653,陳醋蕎頭,,30,0,0,0,0,2025-09-14_11:08:10
243682,HYBRIS,,STS,H0888001_S_10004654,甜酸蕎頭,,30,0,0,0,0,2025-09-14_11:08:10
243682,HYBRIS,,STS,H0888001_S_10004666,鮑汁靈芝菇片,,120,0,0,0,0,2025-09-14_11:08:10
243682,HYBRIS,,STS,H0888001_S_10005984,豬骨火鍋上湯,,170,0,0,0,0,2025-09-14_11:08:10
243682,HYBRIS,,STS,H0888001_S_10005986,醉雞火鍋上湯,,170,0,0,0,0,2025-09-14_11:08:10
243682,HYBRIS,,STS,H0888001_S_10007891,洋蔥南瓜馬鈴薯片,,125,0,0,0,0,2025-09-14_11:08:10
243682,HYBRIS,,STS,H0888001_S_10009135,藍梅寒天果凍糖,,125,0,0,0,0,2025-09-14_11:08:10
243682,HYBRIS,,STS,H0888001_S_10009139,蜂蜜檸檬寒天果凍糖,,125,0,0,0,0,2025-09-14_11:08:10
243682,HYBRIS,,STS,H0888001_S_10009151,什錦軟糖,,140,0,0,0,0,2025-09-14_11:08:10
243682,HYBRIS,,STS,H0888001_S_10009386,北海道扇貝味薯片,,125,0,0,0,0,2025-09-14_11:08:11
243682,HYBRIS,,STS,H0888001_S_10009388,酥餅 (黑朱古力),,130,0,0,0,0,2025-09-14_11:08:11
243682,HYBRIS,,STS,H0888001_S_10009609,星球大戰系列珍寶珠 (隨機派送),,125,0,0,0,0,2025-09-14_11:08:11
243682,HYBRIS,,STS,H0888001_S_10009610,湖池屋激辣魔薯香辣芝士味薯片,,135,0,0,0,0,2025-09-14_11:08:11
243682,HYBRIS,,STS,H0888001_S_10011987,好ｅ食 - 白汁煙肉磨菇意粉 (急凍),,125,0,0,0,0,2025-09-14_11:08:11
243682,HYBRIS,,STS,H0888001_S_10018925,白風船米餅-牛奶忌廉味,,125,0,0,0,0,2025-09-14_11:08:11
243682,HYBRIS,,STS,H0888001_S_10022686,猴頭菇雪耳百合潤肺湯,,120,0,0,0,0,2025-09-14_11:08:11
243684,HYBRIS,,WFS,H0888001_S_10012013,Bibigo 韓式傳統脆皮煎餃 (急凍),,150,150,0,0,0,2025-09-14_11:25:00
243687,HYBRIS,,CLS,H0888001_S_10007313,滋潤保濕乳霜,,12,0,0,0,0,2025-09-14_11:42:00
243688,IMAX_KERRY,,CLS,H0888001_S_10012777,紐西蘭帶骨羊仔腩 (急凍),IM00071937,40,40,40,0,0,2025-09-14_11:44:00
243695,HYBRIS,,TWS,H0888001_S_10008283,燕麥脆條 - 蜜糖★燕麥,,36,36,0,0,0,2025-09-14_13:00:00
243699,IMAX_KERRY,,CLS,H0888001_S_10012783,巴西牛胸腩粒 (急凍),IM00071939,784,0,0,0,0,2025-09-14_13:32:00
243700,HYBRIS,,LPS,H0888001_S_10012783,巴西牛胸腩粒 (急凍),,8,8,0,0,0,2025-09-14_13:49:00
243705,HYBRIS,,CLS,H0888001_S_10004649,辣香蘿蔔,,2900,0,0,0,0,2025-09-14_14:19:00
243705,HYBRIS,,CLS,H0888001_S_10007313,滋潤保濕乳霜,,27,0,0,0,0,2025-09-14_14:19:00
243727,HYBRIS,,CLS,H0888001_S_10007313,滋潤保濕乳霜,,108,0,0,0,0,2025-09-14_16:41:00
243730,HYBRIS,,RRS,H0888001_S_10018534,澳洲海參(禿參，又名花刺參) (急凍),,96,0,0,0,0,2025-09-14_16:50:00
243736,IMAX_STACKING,CHILLED,CLS,H0888001_S_10012783,巴西牛胸腩粒 (急凍),IS00071945,5000,0,0,0,0,2025-09-14_17:10:00
243737,IMAX_STACKING,DRY,CLS,H0255001_S_25116,健腦高濃度深海魚油 60粒,IS00071944,290,0,0,0,0,2025-09-14_17:10:00
243740,HYBRIS,,CLS,H0249001_S_1272s-74s,BBB薰衣草身體潔淨旅行套裝,,110,0,0,0,0,2025-09-14_17:40:01
243740,HYBRIS,,CLS,H0249001_S_1274,DDD薰衣草護髮素,,10,0,0,0,0,2025-09-14_17:40:01
243740,HYBRIS,,CLS,H0249001_S_1282s-84s,活花身體潔淨旅行套裝,,110,0,0,0,0,2025-09-14_17:40:01
243740,HYBRIS,,CLS,H0249001_S_1284,活花護髮素,,110,0,0,0,0,2025-09-14_17:40:01
243740,HYBRIS,,CLS,H0249001_S_1292,花露水沐浴露,,110,0,0,0,0,2025-09-14_17:40:01
243740,HYBRIS,,CLS,H0249001_S_1292s-94s,花露水身體潔淨旅行套裝一二三四五六,,110,0,0,0,0,2025-09-14_17:40:01
243740,HYBRIS,,CLS,H0249001_S_1293,花露水洗髮水,,110,0,0,0,0,2025-09-14_17:40:02
243740,HYBRIS,,CLS,H0249001_S_1294,花露水護髮素,,110,0,0,0,0,2025-09-14_17:40:02
243740,HYBRIS,,CLS,H0249001_S_2151,雪花膏,,120,0,0,0,0,2025-09-14_17:40:02
243740,HYBRIS,,CLS,H0249001_S_2152,活花潤手霜,,110,0,0,0,0,2025-09-14_17:40:02
243740,HYBRIS,,CLS,H0249001_S_2157,花露水香皂,,10,0,0,0,0,2025-09-14_17:40:02
243740,HYBRIS,,CLS,H0249001_S_2163,活花爽身粉 (玫瑰花香),,120,0,0,0,0,2025-09-14_17:40:02
243740,HYBRIS,,CLS,H0249001_S_2166,活花香皂,,120,0,0,0,0,2025-09-14_17:40:02
243740,HYBRIS,,CLS,H0249001_S_2167,活花止汗液,,120,0,0,0,0,2025-09-14_17:40:02
243740,HYBRIS,,CLS,H0249001_S_2177,迷你雪花膏,,110,0,0,0,0,2025-09-14_17:40:02
243740,HYBRIS,,CLS,H0249001_S_2181,EEE薰衣草味護髮油,,110,0,0,0,0,2025-09-14_17:40:02
243740,HYBRIS,,CLS,H0249001_S_2182,活花味護髮油  (玫瑰花香),,110,0,0,0,0,2025-09-14_17:40:02
243740,HYBRIS,,CLS,H0249001_S_2186,活花爽身粉 80克 (罐裝)（附柔軟粉撲）,,110,0,0,0,0,2025-09-14_17:40:02
243740,HYBRIS,,CLS,H0249001_S_2187,花露水爽身粉 80克 (罐裝)（附柔軟粉撲）,,110,0,0,0,0,2025-09-14_17:40:02
243740,HYBRIS,,CLS,H0249001_S_2188B,花露水濕紙巾 (20片),,110,0,0,0,0,2025-09-14_17:40:03
243740,HYBRIS,,CLS,H0249001_S_2198,花露水 (200毫升),,110,0,0,0,0,2025-09-14_17:40:03
243740,HYBRIS,,CLS,H0249001_S_2202,花露水 (100毫升),,110,0,0,0,0,2025-09-14_17:40:03
243740,HYBRIS,,CLS,H0249001_S_2204,花露水 (15毫升),,110,0,0,0,0,2025-09-14_17:40:03
243740,HYBRIS,,CLS,H0249001_S_2208,花露水 (10毫升),,110,0,0,0,0,2025-09-14_17:40:03
243740,HYBRIS,,CLS,H0249001_S_2209,花露水膏,,110,0,0,0,0,2025-09-14_17:40:03
243740,HYBRIS,,CLS,H0249001_S_4261,雙妹嚜復古記事簿,,110,0,0,0,0,2025-09-14_17:40:03
243740,HYBRIS,,CLS,H0249001_S_4281,雙妹嚜復古記事簿,,110,0,0,0,0,2025-09-14_17:40:03
243740,HYBRIS,,CLS,H0249001_S_4284,雙妹嚜復古拼圖,,110,0,0,0,0,2025-09-14_17:40:03
243740,HYBRIS,,CLS,H0249001_S_4286,雙妹嚜復古拼圖,,110,0,0,0,0,2025-09-14_17:40:03
243740,HYBRIS,,CLS,H0249001_S_4287,雙妹嚜復古拼圖,,110,0,0,0,0,2025-09-14_17:40:03
243740,HYBRIS,,CLS,H0249001_S_4290,懷舊2R相簿,,110,0,0,0,0,2025-09-14_17:40:03
243740,HYBRIS,,CLS,H0249001_S_4291,懷舊2R相簿,,110,0,0,0,0,2025-09-14_17:40:03
243740,HYBRIS,,CLS,H0249001_S_4292,懷舊2R相簿,,110,0,0,0,0,2025-09-14_17:40:03
243740,HYBRIS,,CLS,H0249001_S_4293,懷舊2R相簿,,110,0,0,0,0,2025-09-14_17:40:03
243740,HYBRIS,,CLS,H0249001_S_4315,雙妹嚜黑色環保袋,,110,0,0,0,0,2025-09-14_17:40:03
243740,HYBRIS,,CLS,H0249001_S_8808,馬賽皂 (檸檬),,110,0,0,0,0,2025-09-14_17:40:04
243740,HYBRIS,,CLS,H0249001_S_8809,馬賽皂 (蜜糖),,110,0,0,0,0,2025-09-14_17:40:04
243740,HYBRIS,,CLS,H0249001_S_8810,馬賽皂 (白檀),,110,0,0,0,0,2025-09-14_17:40:04
243740,HYBRIS,,CLS,H0249001_S_KC1100,指甲水,,110,0,0,0,0,2025-09-14_17:40:04
243740,HYBRIS,,CLS,H0249001_S_KC1101,指甲油 (藍紫色系),,110,0,0,0,0,2025-09-14_17:40:04
243740,HYBRIS,,CLS,H0249001_S_KC1102,指甲油 (藍紫色系),,110,0,0,0,0,2025-09-14_17:40:04
243740,HYBRIS,,CLS,H0249001_S_KC1103,指甲油 (藍紫色系),,110,0,0,0,0,2025-09-14_17:40:04
243740,HYBRIS,,CLS,H0249001_S_KC1105,指甲油 (藍紫色系),,110,0,0,0,0,2025-09-14_17:40:04
243740,HYBRIS,,CLS,H0249001_S_KC1106,指甲油 (紅色系),,110,0,0,0,0,2025-09-14_17:40:04
243740,HYBRIS,,CLS,H0249001_S_KC1107,指甲油 (紅色系),,110,0,0,0,0,2025-09-14_17:40:04
243740,HYBRIS,,CLS,H0249001_S_KC1108,指甲油 (紅色系),,110,0,0,0,0,2025-09-14_17:40:04
243740,HYBRIS,,CLS,H0249001_S_KC1112,指甲油 (藍紫色系),,110,0,0,0,0,2025-09-14_17:40:04
243740,HYBRIS,,CLS,H0249001_S_KC1113,指甲油 (紅色系),,110,0,0,0,0,2025-09-14_17:40:04
243740,HYBRIS,,CLS,H0249001_S_KC1116,指甲油 (彩色系),,110,0,0,0,0,2025-09-14_17:40:05
243740,HYBRIS,,CLS,H0249001_S_KC1121,指甲油 (紅色系),,110,0,0,0,0,2025-09-14_17:40:05
243740,HYBRIS,,CLS,H0249001_S_KC1123,指甲油 (紅色系),,110,0,0,0,0,2025-09-14_17:40:05
243740,HYBRIS,,CLS,H0249001_S_KC1124,指甲油 (紅色系),,110,0,0,0,0,2025-09-14_17:40:05
243740,HYBRIS,,CLS,H0249001_S_KC1127,指甲油 (彩色系),,110,0,0,0,0,2025-09-14_17:40:05
243740,HYBRIS,,CLS,H0249001_S_KC1129,指甲油 (彩色系),,110,0,0,0,0,2025-09-14_17:40:05
243740,HYBRIS,,CLS,H0249001_S_KC1130,指甲油 (彩色系),,110,0,0,0,0,2025-09-14_17:40:05
243740,HYBRIS,,CLS,H0249001_S_KC1131,指甲油 (彩色系),,110,0,0,0,0,2025-09-14_17:40:05
243740,HYBRIS,,CLS,H0249001_S_KC1134,指甲油 (紅色系),,110,0,0,0,0,2025-09-14_17:40:06
243740,HYBRIS,,CLS,H0249001_S_KC1137,指甲油 (色號 - 37透明),,110,0,0,0,0,2025-09-14_17:40:06
243740,HYBRIS,,CLS,H0249001_S_KC1139,指甲油 (彩色系),,110,0,0,0,0,2025-09-14_17:40:06
243740,HYBRIS,,CLS,H0249001_S_KC1146,指甲油 (藍紫色系),,110,0,0,0,0,2025-09-14_17:40:06
243740,HYBRIS,,CLS,H0249001_S_KC1148,指甲油 (彩色系),,110,0,0,0,0,2025-09-14_17:40:06
243740,HYBRIS,,CLS,H0249001_S_KC1152,指甲油 (紅色系),,110,0,0,0,0,2025-09-14_17:40:06
243740,HYBRIS,,CLS,H0249001_S_Q004,雙妹綿布袋 (白色),,110,0,0,0,0,2025-09-14_17:40:07
243740,HYBRIS,,CLS,H0249001_S_Q005,雙妹綿布袋 (自然色),,110,0,0,0,0,2025-09-14_17:40:07
243740,HYBRIS,,CLS,H0255001_S_21875,蒜油 250粒,,110,0,0,0,0,2025-09-14_17:40:07
243740,HYBRIS,,CLS,H0255001_S_21942,利筋諾 50粒,,110,0,0,0,0,2025-09-14_17:40:07
243740,HYBRIS,,CLS,H0255001_S_22993,乳薊果 60片,,110,0,0,0,0,2025-09-14_17:40:07
243740,HYBRIS,,CLS,H0255001_S_23452,葡萄籽加強配方 30片,,110,0,0,0,0,2025-09-14_17:40:07
243740,HYBRIS,,CLS,H0255001_S_24008,無腥味魚油1000 200粒,,110,0,0,0,0,2025-09-14_17:40:07
243740,HYBRIS,,CLS,H0255001_S_24177,葉黃素 60粒,,110,0,0,0,0,2025-09-14_17:40:07
243740,HYBRIS,,CLS,H0255001_S_24201,護眼山桑子 30片,,110,0,0,0,0,2025-09-14_17:40:07
243740,HYBRIS,,CLS,H0255001_S_24877,兒童果味魚油丸 30粒,,110,0,0,0,0,2025-09-14_17:40:07
243740,HYBRIS,,CLS,H0255001_S_25067,鋸櫚前列配方 60粒,,20,0,0,0,0,2025-09-14_17:40:07
243740,HYBRIS,,CLS,H0255001_S_25207,維他命D3 1000 30粒,,110,0,0,0,0,2025-09-14_17:40:08
243740,HYBRIS,,CLS,H0255001_S_25266,護養關節配方 60粒,,110,0,0,0,0,2025-09-14_17:40:08
243740,HYBRIS,,CLS,H0294001_S_120088,免沖洗保濕護髮乳,,110,0,0,0,0,2025-09-14_17:40:08
243740,HYBRIS,,CLS,H0294001_S_120295,潔淨控油洗髮露,,110,0,0,0,0,2025-09-14_17:40:08
243740,HYBRIS,,CLS,H0294001_S_120533,波浪捲髮精華露波浪捲髮精華露波浪捲髮精華露波浪捲髮精華露,,110,0,0,0,0,2025-09-14_17:40:08
243740,HYBRIS,,CLS,H0318002_S_812719,有機矢車菊花水 200ml,,130,0,0,0,0,2025-09-14_17:40:08
243740,HYBRIS,,CLS,H0318002_S_812724,有機大馬士革玫瑰花水 200ml,,130,0,0,0,0,2025-09-14_17:40:08
243740,HYBRIS,,CLS,H0318002_S_852974,有機3重蜂蜜潤澤身體乳霜 150ml,,10,0,0,0,0,2025-09-14_17:40:08
243740,HYBRIS,,CLS,H0318002_S_855281,有機3重蜂蜜潤澤身體磨砂 150g,,110,0,0,0,0,2025-09-14_17:40:08
243740,HYBRIS,,CLS,H0318002_S_86Z0004,有機防敏香體露 50ml,,105,0,0,0,0,2025-09-14_17:40:08
243740,HYBRIS,,CLS,H0539001_S_50159,Royal Touch 敏感肌適用產後專用衛生巾 L碼 (5片/包),,110,0,0,0,0,2025-09-14_17:40:08
243740,HYBRIS,,CLS,H0888001_S_10004619,特級魚露,,15,0,0,0,0,2025-09-14_17:40:08
243740,HYBRIS,,CLS,H0888001_S_10004625,南乳,,220,0,0,0,0,2025-09-14_17:40:09
243740,HYBRIS,,CLS,H0888001_S_10004645,爽口榨菜絲,,230,0,0,0,0,2025-09-14_17:40:09
243740,HYBRIS,,CLS,H0888001_S_10004649,辣香蘿蔔,,120,0,0,0,0,2025-09-14_17:40:09
243740,HYBRIS,,CLS,H0888001_S_10004653,陳醋蕎頭,,130,0,0,0,0,2025-09-14_17:40:09
243740,HYBRIS,,CLS,H0888001_S_10004654,甜酸蕎頭,,130,0,0,0,0,2025-09-14_17:40:09
243740,HYBRIS,,CLS,H0888001_S_10004666,鮑汁靈芝菇片,,220,0,0,0,0,2025-09-14_17:40:09
243740,HYBRIS,,CLS,H0888001_S_10005984,豬骨火鍋上湯,,270,0,0,0,0,2025-09-14_17:40:09
243740,HYBRIS,,CLS,H0888001_S_10005986,醉雞火鍋上湯,,270,0,0,0,0,2025-09-14_17:40:09
243740,HYBRIS,,CLS,H0888001_S_10007891,洋蔥南瓜馬鈴薯片,,10,0,0,0,0,2025-09-14_17:40:09
243740,HYBRIS,,CLS,H0888001_S_10009135,藍梅寒天果凍糖,,10,0,0,0,0,2025-09-14_17:40:09
243740,HYBRIS,,CLS,H0888001_S_10009139,蜂蜜檸檬寒天果凍糖,,10,0,0,0,0,2025-09-14_17:40:09
243740,HYBRIS,,CLS,H0888001_S_10009151,什錦軟糖,,220,0,0,0,0,2025-09-14_17:40:09
243740,HYBRIS,,CLS,H0888001_S_10009386,北海道扇貝味薯片,,10,0,0,0,0,2025-09-14_17:40:09
243740,HYBRIS,,CLS,H0888001_S_10009388,酥餅 (黑朱古力),,15,0,0,0,0,2025-09-14_17:40:09
243740,HYBRIS,,CLS,H0888001_S_10011987,好ｅ食 - 白汁煙肉磨菇意粉 (急凍),,210,0,0,0,0,2025-09-14_17:40:09
243740,HYBRIS,,CLS,H0888001_S_10007313,滋潤保濕乳霜,,12,0,0,0,0,2025-09-14_17:40:10
243740,HYBRIS,,CLS,H0888001_S_10022686,猴頭菇雪耳百合潤肺湯,,192,0,0,0,0,2025-09-14_17:40:10
243740,HYBRIS,,CLS,H0888001_S_10018925,白風船米餅-牛奶忌廉味,,500,0,0,0,0,2025-09-14_17:40:10
243758,HYBRIS,,HHS,H0249001_S_1272,AAA薰衣草沐浴露,,20,0,0,0,0,2025-09-14_20:09:01
243758,HYBRIS,,HHS,H0249001_S_1272s-74s,BBB薰衣草身體潔淨旅行套裝,,20,0,0,0,0,2025-09-14_20:09:01
243758,HYBRIS,,HHS,H0249001_S_1274,DDD薰衣草護髮素,,20,0,0,0,0,2025-09-14_20:09:01
243758,HYBRIS,,HHS,H0249001_S_1282s-84s,活花身體潔淨旅行套裝,,20,0,0,0,0,2025-09-14_20:09:01
243758,HYBRIS,,HHS,H0249001_S_1284,活花護髮素,,20,0,0,0,0,2025-09-14_20:09:01
243758,HYBRIS,,HHS,H0249001_S_1292,花露水沐浴露,,20,0,0,0,0,2025-09-14_20:09:01
243758,HYBRIS,,HHS,H0249001_S_1292s-94s,花露水身體潔淨旅行套裝一二三四五六,,20,0,0,0,0,2025-09-14_20:09:01
243758,HYBRIS,,HHS,H0249001_S_1293,花露水洗髮水,,20,0,0,0,0,2025-09-14_20:09:01
243758,HYBRIS,,HHS,H0249001_S_1294,花露水護髮素,,20,0,0,0,0,2025-09-14_20:09:01
243758,HYBRIS,,HHS,H0249001_S_2151,雪花膏,,20,0,0,0,0,2025-09-14_20:09:01
243758,HYBRIS,,HHS,H0249001_S_2152,活花潤手霜,,20,0,0,0,0,2025-09-14_20:09:01
243758,HYBRIS,,HHS,H0249001_S_2157,花露水香皂,,20,0,0,0,0,2025-09-14_20:09:02
243758,HYBRIS,,HHS,H0249001_S_2163,活花爽身粉 (玫瑰花香),,20,0,0,0,0,2025-09-14_20:09:02
243758,HYBRIS,,HHS,H0249001_S_2166,活花香皂,,20,0,0,0,0,2025-09-14_20:09:02
243758,HYBRIS,,HHS,H0249001_S_2167,活花止汗液,,20,0,0,0,0,2025-09-14_20:09:02
243758,HYBRIS,,HHS,H0249001_S_2177,迷你雪花膏,,20,0,0,0,0,2025-09-14_20:09:02
243758,HYBRIS,,HHS,H0249001_S_2181,EEE薰衣草味護髮油,,20,0,0,0,0,2025-09-14_20:09:02
243758,HYBRIS,,HHS,H0249001_S_2182,活花味護髮油  (玫瑰花香),,20,0,0,0,0,2025-09-14_20:09:02
243758,HYBRIS,,HHS,H0249001_S_2186,活花爽身粉 80克 (罐裝)（附柔軟粉撲）,,20,0,0,0,0,2025-09-14_20:09:02
243758,HYBRIS,,HHS,H0249001_S_2187,花露水爽身粉 80克 (罐裝)（附柔軟粉撲）,,20,0,0,0,0,2025-09-14_20:09:02
243758,HYBRIS,,HHS,H0249001_S_2188B,花露水濕紙巾 (20片),,20,0,0,0,0,2025-09-14_20:09:02
243758,HYBRIS,,HHS,H0249001_S_2198,花露水 (200毫升),,20,0,0,0,0,2025-09-14_20:09:02
243758,HYBRIS,,HHS,H0249001_S_2202,花露水 (100毫升),,20,0,0,0,0,2025-09-14_20:09:02
243758,HYBRIS,,HHS,H0249001_S_2204,花露水 (15毫升),,20,0,0,0,0,2025-09-14_20:09:02
243758,HYBRIS,,HHS,H0249001_S_2208,花露水 (10毫升),,20,0,0,0,0,2025-09-14_20:09:02
243758,HYBRIS,,HHS,H0249001_S_2209,花露水膏,,20,0,0,0,0,2025-09-14_20:09:02
243758,HYBRIS,,HHS,H0249001_S_4261,雙妹嚜復古記事簿,,20,0,0,0,0,2025-09-14_20:09:02
243758,HYBRIS,,HHS,H0249001_S_4281,雙妹嚜復古記事簿,,20,0,0,0,0,2025-09-14_20:09:03
243758,HYBRIS,,HHS,H0249001_S_4284,雙妹嚜復古拼圖,,20,0,0,0,0,2025-09-14_20:09:03
243758,HYBRIS,,HHS,H0249001_S_4286,雙妹嚜復古拼圖,,20,0,0,0,0,2025-09-14_20:09:03
243758,HYBRIS,,HHS,H0249001_S_4287,雙妹嚜復古拼圖,,20,0,0,0,0,2025-09-14_20:09:03
243758,HYBRIS,,HHS,H0249001_S_4290,懷舊2R相簿,,20,0,0,0,0,2025-09-14_20:09:03
243758,HYBRIS,,HHS,H0249001_S_4291,懷舊2R相簿,,20,0,0,0,0,2025-09-14_20:09:03
243758,HYBRIS,,HHS,H0249001_S_4292,懷舊2R相簿,,20,0,0,0,0,2025-09-14_20:09:03
243758,HYBRIS,,HHS,H0249001_S_4293,懷舊2R相簿,,20,0,0,0,0,2025-09-14_20:09:03
243758,HYBRIS,,HHS,H0249001_S_8808,馬賽皂 (檸檬),,20,0,0,0,0,2025-09-14_20:09:03
243758,HYBRIS,,HHS,H0249001_S_8809,馬賽皂 (蜜糖),,20,0,0,0,0,2025-09-14_20:09:03
243758,HYBRIS,,HHS,H0249001_S_8810,馬賽皂 (白檀),,20,0,0,0,0,2025-09-14_20:09:03
243758,HYBRIS,,HHS,H0249001_S_KC1100,指甲水,,20,0,0,0,0,2025-09-14_20:09:03
243758,HYBRIS,,HHS,H0249001_S_KC1101,指甲油 (藍紫色系),,20,0,0,0,0,2025-09-14_20:09:03
243758,HYBRIS,,HHS,H0249001_S_KC1102,指甲油 (藍紫色系),,20,0,0,0,0,2025-09-14_20:09:03
243758,HYBRIS,,HHS,H0249001_S_KC1103,指甲油 (藍紫色系),,20,0,0,0,0,2025-09-14_20:09:03
243758,HYBRIS,,HHS,H0249001_S_KC1105,指甲油 (藍紫色系),,20,0,0,0,0,2025-09-14_20:09:03
243758,HYBRIS,,HHS,H0249001_S_KC1106,指甲油 (紅色系),,20,0,0,0,0,2025-09-14_20:09:04
243758,HYBRIS,,HHS,H0249001_S_KC1107,指甲油 (紅色系),,20,0,0,0,0,2025-09-14_20:09:04
243758,HYBRIS,,HHS,H0249001_S_KC1108,指甲油 (紅色系),,20,0,0,0,0,2025-09-14_20:09:04
243758,HYBRIS,,HHS,H0249001_S_KC1112,指甲油 (藍紫色系),,20,0,0,0,0,2025-09-14_20:09:04
243758,HYBRIS,,HHS,H0249001_S_KC1113,指甲油 (紅色系),,20,0,0,0,0,2025-09-14_20:09:04
243758,HYBRIS,,HHS,H0249001_S_KC1116,指甲油 (彩色系),,20,0,0,0,0,2025-09-14_20:09:04
243758,HYBRIS,,HHS,H0249001_S_KC1121,指甲油 (紅色系),,20,0,0,0,0,2025-09-14_20:09:04
243758,HYBRIS,,HHS,H0249001_S_KC1123,指甲油 (紅色系),,20,0,0,0,0,2025-09-14_20:09:04
243758,HYBRIS,,HHS,H0249001_S_KC1124,指甲油 (紅色系),,20,0,0,0,0,2025-09-14_20:09:04
243758,HYBRIS,,HHS,H0249001_S_KC1127,指甲油 (彩色系),,20,0,0,0,0,2025-09-14_20:09:05
243758,HYBRIS,,HHS,H0249001_S_KC1129,指甲油 (彩色系),,20,0,0,0,0,2025-09-14_20:09:05
243758,HYBRIS,,HHS,H0249001_S_KC1130,指甲油 (彩色系),,20,0,0,0,0,2025-09-14_20:09:05
243758,HYBRIS,,HHS,H0249001_S_KC1131,指甲油 (彩色系),,20,0,0,0,0,2025-09-14_20:09:05
243758,HYBRIS,,HHS,H0249001_S_KC1134,指甲油 (紅色系),,20,0,0,0,0,2025-09-14_20:09:05
243758,HYBRIS,,HHS,H0249001_S_KC1137,指甲油 (色號 - 37透明),,20,0,0,0,0,2025-09-14_20:09:05
243758,HYBRIS,,HHS,H0249001_S_KC1139,指甲油 (彩色系),,20,0,0,0,0,2025-09-14_20:09:05
243758,HYBRIS,,HHS,H0249001_S_KC1146,指甲油 (藍紫色系),,20,0,0,0,0,2025-09-14_20:09:06
243758,HYBRIS,,HHS,H0249001_S_KC1148,指甲油 (彩色系),,20,0,0,0,0,2025-09-14_20:09:06
243758,HYBRIS,,HHS,H0249001_S_KC1152,指甲油 (紅色系),,20,0,0,0,0,2025-09-14_20:09:06
243758,HYBRIS,,HHS,H0249001_S_Q004,雙妹綿布袋 (白色),,20,0,0,0,0,2025-09-14_20:09:06
243758,HYBRIS,,HHS,H0249001_S_Q005,雙妹綿布袋 (自然色),,20,0,0,0,0,2025-09-14_20:09:06
243758,HYBRIS,,HHS,H0255001_S_21875,蒜油 250粒,,20,0,0,0,0,2025-09-14_20:09:06
243758,HYBRIS,,HHS,H0255001_S_21942,利筋諾 50粒,,20,0,0,0,0,2025-09-14_20:09:06
243758,HYBRIS,,HHS,H0255001_S_22993,乳薊果 60片,,20,0,0,0,0,2025-09-14_20:09:06
243758,HYBRIS,,HHS,H0255001_S_23452,葡萄籽加強配方 30片,,20,0,0,0,0,2025-09-14_20:09:06
243758,HYBRIS,,HHS,H0255001_S_24008,無腥味魚油1000 200粒,,20,0,0,0,0,2025-09-14_20:09:06
243758,HYBRIS,,HHS,H0255001_S_24177,葉黃素 60粒,,20,0,0,0,0,2025-09-14_20:09:07
243758,HYBRIS,,HHS,H0255001_S_24201,護眼山桑子 30片,,20,0,0,0,0,2025-09-14_20:09:07
243758,HYBRIS,,HHS,H0255001_S_24877,兒童果味魚油丸 30粒,,20,0,0,0,0,2025-09-14_20:09:07
243758,HYBRIS,,HHS,H0255001_S_25067,鋸櫚前列配方 60粒,,20,0,0,0,0,2025-09-14_20:09:07
243758,HYBRIS,,HHS,H0255001_S_25110,亞麻籽油植物奧米加369 100粒,,20,0,0,0,0,2025-09-14_20:09:07
243758,HYBRIS,,HHS,H0255001_S_25207,維他命D3 1000 30粒,,20,0,0,0,0,2025-09-14_20:09:07
243758,HYBRIS,,HHS,H0255001_S_25266,護養關節配方 60粒,,20,0,0,0,0,2025-09-14_20:09:07
243758,HYBRIS,,HHS,H0294001_S_120088,免沖洗保濕護髮乳,,20,0,0,0,0,2025-09-14_20:09:07
243758,HYBRIS,,HHS,H0294001_S_120295,潔淨控油洗髮露,,20,0,0,0,0,2025-09-14_20:09:07
243758,HYBRIS,,HHS,H0294001_S_120533,波浪捲髮精華露波浪捲髮精華露波浪捲髮精華露波浪捲髮精華露,,20,0,0,0,0,2025-09-14_20:09:07
243758,HYBRIS,,HHS,H0318002_S_812719,有機矢車菊花水 200ml,,20,0,0,0,0,2025-09-14_20:09:07
243758,HYBRIS,,HHS,H0318002_S_812724,有機大馬士革玫瑰花水 200ml,,20,0,0,0,0,2025-09-14_20:09:07
243758,HYBRIS,,HHS,H0318002_S_852974,有機3重蜂蜜潤澤身體乳霜 150ml,,20,0,0,0,0,2025-09-14_20:09:07
243758,HYBRIS,,HHS,H0318002_S_855281,有機3重蜂蜜潤澤身體磨砂 150g,,20,0,0,0,0,2025-09-14_20:09:07
243758,HYBRIS,,HHS,H0318002_S_861153,有機日用洗髮水 500ml,,20,0,0,0,0,2025-09-14_20:09:08
243758,HYBRIS,,HHS,H0318002_S_86Z0004,有機防敏香體露 50ml,,20,0,0,0,0,2025-09-14_20:09:08
243758,HYBRIS,,HHS,H0318002_S_86Z0005,有機乳木果油護髮素 150ml,,20,0,0,0,0,2025-09-14_20:09:08
243758,HYBRIS,,HHS,H0539001_S_50159,Royal Touch 敏感肌適用產後專用衛生巾 L碼 (5片/包),,20,0,0,0,0,2025-09-14_20:09:08
243764,HYBRIS,,CLS,H0888001_S_10011834,炸魚手指 (急凍),H250914001001,16,16,0,0,16,2025-09-14_22:09:00
243769,HYBRIS,,WFS,H0249001_S_1274,DDD薰衣草護髮素,,15,15,0,0,0,2025-09-14_23:40:01
243769,HYBRIS,,WFS,H0249001_S_2151,雪花膏,,5,5,0,0,0,2025-09-14_23:40:02
243769,HYBRIS,,WFS,H0249001_S_4290,懷舊2R相簿,,5,5,0,0,0,2025-09-14_23:40:03
243769,HYBRIS,,WFS,H0249001_S_KC1139,指甲油 (彩色系),,5,5,0,0,0,2025-09-14_23:40:06
243769,HYBRIS,,WFS,H0318002_S_812724,有機大馬士革玫瑰花水 200ml,,10,10,0,0,0,2025-09-14_23:40:08
243769,HYBRIS,,WFS,H0318002_S_855281,有機3重蜂蜜潤澤身體磨砂 150g,,10,10,0,0,0,2025-09-14_23:40:08
243769,HYBRIS,,WFS,H0318002_S_86Z0005,有機乳木果油護髮素 150ml,,5,5,0,0,0,2025-09-14_23:40:08
243769,HYBRIS,,WFS,H0888001_S_10005984,豬骨火鍋上湯,,105,105,0,0,0,2025-09-14_23:40:09
243769,HYBRIS,,WFS,H0888001_S_10005985,黑胡椒豬骨火鍋上湯,,15,15,0,0,0,2025-09-14_23:40:09
243783,HYBRIS,,TWS,H0859001_S_OS-620,uPure 2 潔淨濾水器2,,440,440,0,0,0,2025-09-15_00:00:01
243786,IMAX_STACKING,FROZEN,COB,H0888001_S_10022875,美國特選牛肩胛肥牛片 (急凍),IS00071953,520,520,0,0,0,2025-09-15_00:00:01
243786,IMAX_STACKING,FROZEN,COB,H0888001_S_10012511,西班牙咸豬手,IS00071953,1610,1610,0,0,0,2025-09-15_00:00:01
243786,IMAX_STACKING,FROZEN,COB,H0888001_S_10011849,美國大西洋野生響螺頭 M (急凍),IS00071953,3000,3000,0,0,0,2025-09-15_00:00:01
243786,IMAX_STACKING,FROZEN,COB,H0888001_S_10011848,日本煮食用帶子急凍急凍,IS00071953,990,990,0,0,0,2025-09-15_00:00:01
243790,HYBRIS,,COB,H0888001_S_10009135,藍梅寒天果凍糖,,1212,1212,0,0,0,2025-09-15_00:01:00
243790,HYBRIS,,COB,H0888001_S_10009139,蜂蜜檸檬寒天果凍糖,,1308,1308,0,0,0,2025-09-15_00:01:00
243790,HYBRIS,,COB,H0888001_S_10009151,什錦軟糖,,1420,1420,0,0,0,2025-09-15_00:01:00
243796,HYBRIS,,CLS,H0888001_S_10007313,滋潤保濕乳霜,,444,0,0,0,0,2025-09-15_10:09:00
243797,IMAX_STACKING,DRY,CLS,H0888001_S_10002195,大樽生啤 (日本版),IS00071956,12,0,0,0,0,2025-09-15_10:22:00
243798,HYBRIS,,STS,H0888001_S_10012783,巴西牛胸腩粒 (急凍),,792,0,0,0,0,2025-09-15_10:32:00
243799,HYBRIS,,CLS,H0888001_S_10133455,澳洲和牛漢堡扒 (急凍),,1020,0,0,0,0,2025-09-15_10:38:00
243799,HYBRIS,,CLS,H0888001_S_10133940,(澳洲直送!) 澳洲穀飼西冷牛扒 (2塊裝) (急凍),,1000,0,0,0,0,2025-09-15_10:38:00
243799,HYBRIS,,CLS,H0888001_S_10133453,澳洲M4+ 和牛西冷牛扒 (急凍),,330,0,0,0,0,2025-09-15_10:38:00
243799,HYBRIS,,CLS,H0888001_S_10018534,澳洲海參(禿參，又名花刺參) (急凍),,408,0,0,0,0,2025-09-15_10:38:00
243803,HYBRIS,,STS,H0249001_S_1272s-74s,BBB薰衣草身體潔淨旅行套裝,,210,0,0,0,0,2025-09-15_11:08:01
243803,HYBRIS,,STS,H0249001_S_1273,CCC薰衣草洗髮水,,140,0,0,0,0,2025-09-15_11:08:01
243803,HYBRIS,,STS,H0249001_S_1274,DDD薰衣草護髮素,,210,0,0,0,0,2025-09-15_11:08:01
243803,HYBRIS,,STS,H0249001_S_1282s-84s,活花身體潔淨旅行套裝,,210,0,0,0,0,2025-09-15_11:08:01
243803,HYBRIS,,STS,H0249001_S_1284,活花護髮素,,210,0,0,0,0,2025-09-15_11:08:01
243803,HYBRIS,,STS,H0249001_S_1292,花露水沐浴露,,210,0,0,0,0,2025-09-15_11:08:01
243803,HYBRIS,,STS,H0249001_S_1292s-94s,花露水身體潔淨旅行套裝一二三四五六,,210,0,0,0,0,2025-09-15_11:08:01
243803,HYBRIS,,STS,H0249001_S_1293,花露水洗髮水,,210,0,0,0,0,2025-09-15_11:08:01
243803,HYBRIS,,STS,H0249001_S_1294,花露水護髮素,,210,0,0,0,0,2025-09-15_11:08:02
243803,HYBRIS,,STS,H0249001_S_2151,雪花膏,,210,0,0,0,0,2025-09-15_11:08:02
243803,HYBRIS,,STS,H0249001_S_2152,活花潤手霜,,210,0,0,0,0,2025-09-15_11:08:02
243803,HYBRIS,,STS,H0249001_S_2157,花露水香皂,,210,0,0,0,0,2025-09-15_11:08:02
243803,HYBRIS,,STS,H0249001_S_2163,活花爽身粉 (玫瑰花香),,210,0,0,0,0,2025-09-15_11:08:02
243803,HYBRIS,,STS,H0249001_S_2166,活花香皂,,210,0,0,0,0,2025-09-15_11:08:02
243803,HYBRIS,,STS,H0249001_S_2167,活花止汗液,,210,0,0,0,0,2025-09-15_11:08:02
243803,HYBRIS,,STS,H0249001_S_2177,迷你雪花膏,,210,0,0,0,0,2025-09-15_11:08:02
243803,HYBRIS,,STS,H0249001_S_2181,EEE薰衣草味護髮油,,210,0,0,0,0,2025-09-15_11:08:02
243803,HYBRIS,,STS,H0249001_S_2182,活花味護髮油  (玫瑰花香),,210,0,0,0,0,2025-09-15_11:08:02
243803,HYBRIS,,STS,H0249001_S_2186,活花爽身粉 80克 (罐裝)（附柔軟粉撲）,,210,0,0,0,0,2025-09-15_11:08:02
243803,HYBRIS,,STS,H0249001_S_2187,花露水爽身粉 80克 (罐裝)（附柔軟粉撲）,,210,0,0,0,0,2025-09-15_11:08:02
243803,HYBRIS,,STS,H0249001_S_2188B,花露水濕紙巾 (20片),,210,0,0,0,0,2025-09-15_11:08:02
243803,HYBRIS,,STS,H0249001_S_2198,花露水 (200毫升),,210,0,0,0,0,2025-09-15_11:08:02
243803,HYBRIS,,STS,H0249001_S_2202,花露水 (100毫升),,210,0,0,0,0,2025-09-15_11:08:02
243803,HYBRIS,,STS,H0249001_S_2204,花露水 (15毫升),,210,0,0,0,0,2025-09-15_11:08:03
243803,HYBRIS,,STS,H0249001_S_2208,花露水 (10毫升),,210,0,0,0,0,2025-09-15_11:08:03
243803,HYBRIS,,STS,H0249001_S_2209,花露水膏,,210,0,0,0,0,2025-09-15_11:08:03
243803,HYBRIS,,STS,H0249001_S_4261,雙妹嚜復古記事簿,,210,0,0,0,0,2025-09-15_11:08:03
243803,HYBRIS,,STS,H0249001_S_4281,雙妹嚜復古記事簿,,210,0,0,0,0,2025-09-15_11:08:03
243803,HYBRIS,,STS,H0249001_S_4284,雙妹嚜復古拼圖,,210,0,0,0,0,2025-09-15_11:08:03
243803,HYBRIS,,STS,H0249001_S_4286,雙妹嚜復古拼圖,,210,0,0,0,0,2025-09-15_11:08:03
243803,HYBRIS,,STS,H0249001_S_4287,雙妹嚜復古拼圖,,210,0,0,0,0,2025-09-15_11:08:03
243803,HYBRIS,,STS,H0249001_S_4290,懷舊2R相簿,,210,0,0,0,0,2025-09-15_11:08:03
243803,HYBRIS,,STS,H0249001_S_4291,懷舊2R相簿,,210,0,0,0,0,2025-09-15_11:08:03
243803,HYBRIS,,STS,H0249001_S_4292,懷舊2R相簿,,210,0,0,0,0,2025-09-15_11:08:03
243803,HYBRIS,,STS,H0249001_S_4293,懷舊2R相簿,,210,0,0,0,0,2025-09-15_11:08:03
243803,HYBRIS,,STS,H0249001_S_4315,雙妹嚜黑色環保袋,,210,0,0,0,0,2025-09-15_11:08:03
243803,HYBRIS,,STS,H0249001_S_8808,馬賽皂 (檸檬),,210,0,0,0,0,2025-09-15_11:08:03
243803,HYBRIS,,STS,H0249001_S_8809,馬賽皂 (蜜糖),,210,0,0,0,0,2025-09-15_11:08:03
243803,HYBRIS,,STS,H0249001_S_8810,馬賽皂 (白檀),,210,0,0,0,0,2025-09-15_11:08:03
243803,HYBRIS,,STS,H0249001_S_KC1100,指甲水,,210,0,0,0,0,2025-09-15_11:08:04
243803,HYBRIS,,STS,H0249001_S_KC1101,指甲油 (藍紫色系),,210,0,0,0,0,2025-09-15_11:08:04
243803,HYBRIS,,STS,H0249001_S_KC1102,指甲油 (藍紫色系),,210,0,0,0,0,2025-09-15_11:08:04
243803,HYBRIS,,STS,H0249001_S_KC1103,指甲油 (藍紫色系),,210,0,0,0,0,2025-09-15_11:08:04
243803,HYBRIS,,STS,H0249001_S_KC1105,指甲油 (藍紫色系),,210,0,0,0,0,2025-09-15_11:08:04
243803,HYBRIS,,STS,H0249001_S_KC1106,指甲油 (紅色系),,210,0,0,0,0,2025-09-15_11:08:04
243803,HYBRIS,,STS,H0249001_S_KC1107,指甲油 (紅色系),,210,0,0,0,0,2025-09-15_11:08:04
243803,HYBRIS,,STS,H0249001_S_KC1108,指甲油 (紅色系),,210,0,0,0,0,2025-09-15_11:08:04
243803,HYBRIS,,STS,H0249001_S_KC1112,指甲油 (藍紫色系),,210,0,0,0,0,2025-09-15_11:08:04
243803,HYBRIS,,STS,H0249001_S_KC1113,指甲油 (紅色系),,210,0,0,0,0,2025-09-15_11:08:04
243803,HYBRIS,,STS,H0249001_S_KC1116,指甲油 (彩色系),,210,0,0,0,0,2025-09-15_11:08:04
243803,HYBRIS,,STS,H0249001_S_KC1121,指甲油 (紅色系),,210,0,0,0,0,2025-09-15_11:08:05
243803,HYBRIS,,STS,H0249001_S_KC1123,指甲油 (紅色系),,210,0,0,0,0,2025-09-15_11:08:05
243803,HYBRIS,,STS,H0249001_S_KC1124,指甲油 (紅色系),,210,0,0,0,0,2025-09-15_11:08:05
243803,HYBRIS,,STS,H0249001_S_KC1127,指甲油 (彩色系),,210,0,0,0,0,2025-09-15_11:08:05
243803,HYBRIS,,STS,H0249001_S_KC1129,指甲油 (彩色系),,210,0,0,0,0,2025-09-15_11:08:05
243803,HYBRIS,,STS,H0249001_S_KC1130,指甲油 (彩色系),,210,0,0,0,0,2025-09-15_11:08:05
243803,HYBRIS,,STS,H0249001_S_KC1131,指甲油 (彩色系),,210,0,0,0,0,2025-09-15_11:08:05
243803,HYBRIS,,STS,H0249001_S_KC1134,指甲油 (紅色系),,210,0,0,0,0,2025-09-15_11:08:05
243803,HYBRIS,,STS,H0249001_S_KC1137,指甲油 (色號 - 37透明),,210,0,0,0,0,2025-09-15_11:08:05
243803,HYBRIS,,STS,H0249001_S_KC1139,指甲油 (彩色系),,210,0,0,0,0,2025-09-15_11:08:05
243803,HYBRIS,,STS,H0249001_S_KC1146,指甲油 (藍紫色系),,210,0,0,0,0,2025-09-15_11:08:06
243803,HYBRIS,,STS,H0249001_S_KC1148,指甲油 (彩色系),,210,0,0,0,0,2025-09-15_11:08:06
243803,HYBRIS,,STS,H0249001_S_KC1152,指甲油 (紅色系),,210,0,0,0,0,2025-09-15_11:08:06
243803,HYBRIS,,STS,H0249001_S_Q004,雙妹綿布袋 (白色),,210,0,0,0,0,2025-09-15_11:08:06
243803,HYBRIS,,STS,H0249001_S_Q005,雙妹綿布袋 (自然色),,210,0,0,0,0,2025-09-15_11:08:06
243803,HYBRIS,,STS,H0255001_S_21875,蒜油 250粒,,210,0,0,0,0,2025-09-15_11:08:07
243803,HYBRIS,,STS,H0255001_S_21942,利筋諾 50粒,,210,0,0,0,0,2025-09-15_11:08:07
243803,HYBRIS,,STS,H0255001_S_22993,乳薊果 60片,,210,0,0,0,0,2025-09-15_11:08:07
243803,HYBRIS,,STS,H0255001_S_23452,葡萄籽加強配方 30片,,210,0,0,0,0,2025-09-15_11:08:07
243803,HYBRIS,,STS,H0255001_S_24008,無腥味魚油1000 200粒,,210,0,0,0,0,2025-09-15_11:08:07
243803,HYBRIS,,STS,H0255001_S_24177,葉黃素 60粒,,210,0,0,0,0,2025-09-15_11:08:07
243803,HYBRIS,,STS,H0255001_S_24201,護眼山桑子 30片,,210,0,0,0,0,2025-09-15_11:08:07
243803,HYBRIS,,STS,H0255001_S_24877,兒童果味魚油丸 30粒,,210,0,0,0,0,2025-09-15_11:08:07
243803,HYBRIS,,STS,H0255001_S_25067,鋸櫚前列配方 60粒,,210,0,0,0,0,2025-09-15_11:08:07
243803,HYBRIS,,STS,H0255001_S_25110,亞麻籽油植物奧米加369 100粒,,210,0,0,0,0,2025-09-15_11:08:07
243803,HYBRIS,,STS,H0255001_S_25207,維他命D3 1000 30粒,,210,0,0,0,0,2025-09-15_11:08:07
243803,HYBRIS,,STS,H0255001_S_25266,護養關節配方 60粒,,210,0,0,0,0,2025-09-15_11:08:07
243803,HYBRIS,,STS,H0294001_S_120088,免沖洗保濕護髮乳,,210,0,0,0,0,2025-09-15_11:08:08
243803,HYBRIS,,STS,H0294001_S_120295,潔淨控油洗髮露,,210,0,0,0,0,2025-09-15_11:08:08
243803,HYBRIS,,STS,H0294001_S_120533,波浪捲髮精華露波浪捲髮精華露波浪捲髮精華露波浪捲髮精華露,,210,0,0,0,0,2025-09-15_11:08:08
243803,HYBRIS,,STS,H0318002_S_812719,有機矢車菊花水 200ml,,210,0,0,0,0,2025-09-15_11:08:08
243803,HYBRIS,,STS,H0318002_S_812724,有機大馬士革玫瑰花水 200ml,,210,0,0,0,0,2025-09-15_11:08:08
243803,HYBRIS,,STS,H0318002_S_852974,有機3重蜂蜜潤澤身體乳霜 150ml,,210,0,0,0,0,2025-09-15_11:08:08
243803,HYBRIS,,STS,H0318002_S_855281,有機3重蜂蜜潤澤身體磨砂 150g,,210,0,0,0,0,2025-09-15_11:08:08
243803,HYBRIS,,STS,H0318002_S_861153,有機日用洗髮水 500ml,,210,0,0,0,0,2025-09-15_11:08:08
243803,HYBRIS,,STS,H0318002_S_86Z0004,有機防敏香體露 50ml,,210,0,0,0,0,2025-09-15_11:08:08
243803,HYBRIS,,STS,H0318002_S_86Z0005,有機乳木果油護髮素 150ml,,210,0,0,0,0,2025-09-15_11:08:08
243803,HYBRIS,,STS,H0539001_S_50159,Royal Touch 敏感肌適用產後專用衛生巾 L碼 (5片/包),,210,0,0,0,0,2025-09-15_11:08:08
243803,HYBRIS,,STS,H0888001_S_10004619,特級魚露,,125,0,0,0,0,2025-09-15_11:08:08
243803,HYBRIS,,STS,H0888001_S_10004625,南乳,,120,0,0,0,0,2025-09-15_11:08:08
243803,HYBRIS,,STS,H0888001_S_10004645,爽口榨菜絲,,130,0,0,0,0,2025-09-15_11:08:08
243803,HYBRIS,,STS,H0888001_S_10004653,陳醋蕎頭,,30,0,0,0,0,2025-09-15_11:08:08
243803,HYBRIS,,STS,H0888001_S_10004654,甜酸蕎頭,,30,0,0,0,0,2025-09-15_11:08:09
243803,HYBRIS,,STS,H0888001_S_10004666,鮑汁靈芝菇片,,120,0,0,0,0,2025-09-15_11:08:09
243803,HYBRIS,,STS,H0888001_S_10005984,豬骨火鍋上湯,,170,0,0,0,0,2025-09-15_11:08:09
243803,HYBRIS,,STS,H0888001_S_10005986,醉雞火鍋上湯,,170,0,0,0,0,2025-09-15_11:08:09
243803,HYBRIS,,STS,H0888001_S_10007891,洋蔥南瓜馬鈴薯片,,125,0,0,0,0,2025-09-15_11:08:09
243803,HYBRIS,,STS,H0888001_S_10009135,藍梅寒天果凍糖,,125,0,0,0,0,2025-09-15_11:08:09
243803,HYBRIS,,STS,H0888001_S_10009139,蜂蜜檸檬寒天果凍糖,,125,0,0,0,0,2025-09-15_11:08:09
243803,HYBRIS,,STS,H0888001_S_10009151,什錦軟糖,,140,0,0,0,0,2025-09-15_11:08:09
243803,HYBRIS,,STS,H0888001_S_10009386,北海道扇貝味薯片,,125,0,0,0,0,2025-09-15_11:08:09
243803,HYBRIS,,STS,H0888001_S_10009388,酥餅 (黑朱古力),,130,0,0,0,0,2025-09-15_11:08:09
243803,HYBRIS,,STS,H0888001_S_10009609,星球大戰系列珍寶珠 (隨機派送),,125,0,0,0,0,2025-09-15_11:08:09
243803,HYBRIS,,STS,H0888001_S_10009610,湖池屋激辣魔薯香辣芝士味薯片,,135,0,0,0,0,2025-09-15_11:08:09
243803,HYBRIS,,STS,H0888001_S_10011987,好ｅ食 - 白汁煙肉磨菇意粉 (急凍),,125,0,0,0,0,2025-09-15_11:08:09
243803,HYBRIS,,STS,H0888001_S_10018925,白風船米餅-牛奶忌廉味,,125,0,0,0,0,2025-09-15_11:08:09
243803,HYBRIS,,STS,H0888001_S_10022686,猴頭菇雪耳百合潤肺湯,,120,0,0,0,0,2025-09-15_11:08:09
243805,HYBRIS,,WFS,H0888001_S_10012013,Bibigo 韓式傳統脆皮煎餃 (急凍),,150,150,0,0,0,2025-09-15_11:25:00
243809,HYBRIS,,CLS,H0888001_S_10007313,滋潤保濕乳霜,,12,0,0,0,0,2025-09-15_11:42:00
243817,HYBRIS,,TWS,H0888001_S_10008283,燕麥脆條 - 蜜糖★燕麥,,36,36,0,0,0,2025-09-15_13:00:00
243821,IMAX_KERRY,,CLS,H0888001_S_10012783,巴西牛胸腩粒 (急凍),IM00071964,784,0,0,0,0,2025-09-15_13:32:00
243822,HYBRIS,,LPS,H0888001_S_10012783,巴西牛胸腩粒 (急凍),,8,8,0,0,0,2025-09-15_13:49:00
243826,IMAX_KERRY,,SHS,H0888001_S_10012783,巴西牛胸腩粒 (急凍),IM00071966,786,0,0,0,0,2025-09-15_14:09:00
243827,HYBRIS,,CLS,H0888001_S_10004649,辣香蘿蔔,,2900,0,0,0,0,2025-09-15_14:19:00
243827,HYBRIS,,CLS,H0888001_S_10007313,滋潤保濕乳霜,,27,0,0,0,0,2025-09-15_14:19:00
243846,IMAX_KERRY,,IRS,H0888001_S_10022197,五香肉丁,IM00071968,48,0,0,0,0,2025-09-15_16:08:00
243849,HYBRIS,,CLS,H0888001_S_10007313,滋潤保濕乳霜,,108,108,0,0,0,2025-09-15_16:41:00
243852,HYBRIS,,RRS,H0888001_S_10018534,澳洲海參(禿參，又名花刺參) (急凍),,96,0,0,0,0,2025-09-15_16:50:00
243853,IMAX_KERRY,,WSH,H0888001_S_10012783,巴西牛胸腩粒 (急凍),IM00071971,786,0,0,0,0,2025-09-15_16:54:00
243858,IMAX_STACKING,DRY,CLS,H0255001_S_25116,健腦高濃度深海魚油 60粒,IS00071972,290,0,0,0,0,2025-09-15_17:10:00
243859,IMAX_STACKING,CHILLED,CLS,H0888001_S_10012783,巴西牛胸腩粒 (急凍),IS00071973,5000,0,0,0,0,2025-09-15_17:10:00
243862,HYBRIS,,CLS,H0249001_S_1272s-74s,BBB薰衣草身體潔淨旅行套裝,,110,0,0,0,0,2025-09-15_17:40:02
243862,HYBRIS,,CLS,H0249001_S_1274,DDD薰衣草護髮素,,10,0,0,0,0,2025-09-15_17:40:02
243862,HYBRIS,,CLS,H0249001_S_1282s-84s,活花身體潔淨旅行套裝,,110,0,0,0,0,2025-09-15_17:40:02
243862,HYBRIS,,CLS,H0249001_S_1284,活花護髮素,,110,0,0,0,0,2025-09-15_17:40:02
243862,HYBRIS,,CLS,H0249001_S_1292,花露水沐浴露,,110,0,0,0,0,2025-09-15_17:40:02
243862,HYBRIS,,CLS,H0249001_S_1292s-94s,花露水身體潔淨旅行套裝一二三四五六,,110,0,0,0,0,2025-09-15_17:40:03
243862,HYBRIS,,CLS,H0249001_S_1293,花露水洗髮水,,110,0,0,0,0,2025-09-15_17:40:03
243862,HYBRIS,,CLS,H0249001_S_1294,花露水護髮素,,110,0,0,0,0,2025-09-15_17:40:03
243862,HYBRIS,,CLS,H0249001_S_2151,雪花膏,,120,0,0,0,0,2025-09-15_17:40:03
243862,HYBRIS,,CLS,H0249001_S_2152,活花潤手霜,,110,0,0,0,0,2025-09-15_17:40:03
243862,HYBRIS,,CLS,H0249001_S_2157,花露水香皂,,10,0,0,0,0,2025-09-15_17:40:03
243862,HYBRIS,,CLS,H0249001_S_2163,活花爽身粉 (玫瑰花香),,120,0,0,0,0,2025-09-15_17:40:03
243862,HYBRIS,,CLS,H0249001_S_2166,活花香皂,,120,0,0,0,0,2025-09-15_17:40:03
243862,HYBRIS,,CLS,H0249001_S_2167,活花止汗液,,120,0,0,0,0,2025-09-15_17:40:04
243862,HYBRIS,,CLS,H0249001_S_2177,迷你雪花膏,,110,0,0,0,0,2025-09-15_17:40:04
243862,HYBRIS,,CLS,H0249001_S_2181,EEE薰衣草味護髮油,,110,0,0,0,0,2025-09-15_17:40:04
243862,HYBRIS,,CLS,H0249001_S_2182,活花味護髮油  (玫瑰花香),,110,0,0,0,0,2025-09-15_17:40:04
243862,HYBRIS,,CLS,H0249001_S_2186,活花爽身粉 80克 (罐裝)（附柔軟粉撲）,,110,0,0,0,0,2025-09-15_17:40:04
243862,HYBRIS,,CLS,H0249001_S_2187,花露水爽身粉 80克 (罐裝)（附柔軟粉撲）,,110,0,0,0,0,2025-09-15_17:40:04
243862,HYBRIS,,CLS,H0249001_S_2188B,花露水濕紙巾 (20片),,110,0,0,0,0,2025-09-15_17:40:04
243862,HYBRIS,,CLS,H0249001_S_2198,花露水 (200毫升),,110,0,0,0,0,2025-09-15_17:40:04
243862,HYBRIS,,CLS,H0249001_S_2202,花露水 (100毫升),,110,0,0,0,0,2025-09-15_17:40:04
243862,HYBRIS,,CLS,H0249001_S_2204,花露水 (15毫升),,110,0,0,0,0,2025-09-15_17:40:04
243862,HYBRIS,,CLS,H0249001_S_2208,花露水 (10毫升),,110,0,0,0,0,2025-09-15_17:40:04
243862,HYBRIS,,CLS,H0249001_S_2209,花露水膏,,110,0,0,0,0,2025-09-15_17:40:04
243862,HYBRIS,,CLS,H0249001_S_4261,雙妹嚜復古記事簿,,110,0,0,0,0,2025-09-15_17:40:04
243862,HYBRIS,,CLS,H0249001_S_4281,雙妹嚜復古記事簿,,110,0,0,0,0,2025-09-15_17:40:04
243862,HYBRIS,,CLS,H0249001_S_4284,雙妹嚜復古拼圖,,110,0,0,0,0,2025-09-15_17:40:04
243862,HYBRIS,,CLS,H0249001_S_4286,雙妹嚜復古拼圖,,110,0,0,0,0,2025-09-15_17:40:05
243862,HYBRIS,,CLS,H0249001_S_4287,雙妹嚜復古拼圖,,110,0,0,0,0,2025-09-15_17:40:05
243862,HYBRIS,,CLS,H0249001_S_4290,懷舊2R相簿,,110,0,0,0,0,2025-09-15_17:40:05
243862,HYBRIS,,CLS,H0249001_S_4291,懷舊2R相簿,,110,0,0,0,0,2025-09-15_17:40:05
243862,HYBRIS,,CLS,H0249001_S_4292,懷舊2R相簿,,110,0,0,0,0,2025-09-15_17:40:05
243862,HYBRIS,,CLS,H0249001_S_4293,懷舊2R相簿,,110,0,0,0,0,2025-09-15_17:40:05
243862,HYBRIS,,CLS,H0249001_S_4315,雙妹嚜黑色環保袋,,110,0,0,0,0,2025-09-15_17:40:05
243862,HYBRIS,,CLS,H0249001_S_8808,馬賽皂 (檸檬),,110,0,0,0,0,2025-09-15_17:40:05
243862,HYBRIS,,CLS,H0249001_S_8809,馬賽皂 (蜜糖),,110,0,0,0,0,2025-09-15_17:40:05
243862,HYBRIS,,CLS,H0249001_S_8810,馬賽皂 (白檀),,110,0,0,0,0,2025-09-15_17:40:05
243862,HYBRIS,,CLS,H0249001_S_KC1100,指甲水,,110,0,0,0,0,2025-09-15_17:40:05
243862,HYBRIS,,CLS,H0249001_S_KC1101,指甲油 (藍紫色系),,110,0,0,0,0,2025-09-15_17:40:06
243862,HYBRIS,,CLS,H0249001_S_KC1102,指甲油 (藍紫色系),,110,0,0,0,0,2025-09-15_17:40:06
243862,HYBRIS,,CLS,H0249001_S_KC1103,指甲油 (藍紫色系),,110,0,0,0,0,2025-09-15_17:40:06
243862,HYBRIS,,CLS,H0249001_S_KC1105,指甲油 (藍紫色系),,110,0,0,0,0,2025-09-15_17:40:06
243862,HYBRIS,,CLS,H0249001_S_KC1106,指甲油 (紅色系),,110,0,0,0,0,2025-09-15_17:40:06
243862,HYBRIS,,CLS,H0249001_S_KC1107,指甲油 (紅色系),,110,0,0,0,0,2025-09-15_17:40:06
243862,HYBRIS,,CLS,H0249001_S_KC1108,指甲油 (紅色系),,110,0,0,0,0,2025-09-15_17:40:06
243862,HYBRIS,,CLS,H0249001_S_KC1112,指甲油 (藍紫色系),,110,0,0,0,0,2025-09-15_17:40:06
243862,HYBRIS,,CLS,H0249001_S_KC1113,指甲油 (紅色系),,110,0,0,0,0,2025-09-15_17:40:06
243862,HYBRIS,,CLS,H0249001_S_KC1116,指甲油 (彩色系),,110,0,0,0,0,2025-09-15_17:40:06
243862,HYBRIS,,CLS,H0249001_S_KC1121,指甲油 (紅色系),,110,0,0,0,0,2025-09-15_17:40:07
243862,HYBRIS,,CLS,H0249001_S_KC1123,指甲油 (紅色系),,110,0,0,0,0,2025-09-15_17:40:07
243862,HYBRIS,,CLS,H0249001_S_KC1124,指甲油 (紅色系),,110,0,0,0,0,2025-09-15_17:40:07
243862,HYBRIS,,CLS,H0249001_S_KC1127,指甲油 (彩色系),,110,0,0,0,0,2025-09-15_17:40:07
243862,HYBRIS,,CLS,H0249001_S_KC1129,指甲油 (彩色系),,110,0,0,0,0,2025-09-15_17:40:07
243862,HYBRIS,,CLS,H0249001_S_KC1130,指甲油 (彩色系),,110,0,0,0,0,2025-09-15_17:40:07
243862,HYBRIS,,CLS,H0249001_S_KC1131,指甲油 (彩色系),,110,0,0,0,0,2025-09-15_17:40:08
243862,HYBRIS,,CLS,H0249001_S_KC1134,指甲油 (紅色系),,110,0,0,0,0,2025-09-15_17:40:08
243862,HYBRIS,,CLS,H0249001_S_KC1137,指甲油 (色號 - 37透明),,110,0,0,0,0,2025-09-15_17:40:08
243862,HYBRIS,,CLS,H0249001_S_KC1139,指甲油 (彩色系),,110,0,0,0,0,2025-09-15_17:40:08
243862,HYBRIS,,CLS,H0249001_S_KC1146,指甲油 (藍紫色系),,110,0,0,0,0,2025-09-15_17:40:09
243862,HYBRIS,,CLS,H0249001_S_KC1148,指甲油 (彩色系),,110,0,0,0,0,2025-09-15_17:40:09
243862,HYBRIS,,CLS,H0249001_S_KC1152,指甲油 (紅色系),,110,0,0,0,0,2025-09-15_17:40:09
243862,HYBRIS,,CLS,H0249001_S_Q004,雙妹綿布袋 (白色),,110,0,0,0,0,2025-09-15_17:40:10
243862,HYBRIS,,CLS,H0249001_S_Q005,雙妹綿布袋 (自然色),,110,0,0,0,0,2025-09-15_17:40:10
243862,HYBRIS,,CLS,H0255001_S_21875,蒜油 250粒,,110,0,0,0,0,2025-09-15_17:40:10
243862,HYBRIS,,CLS,H0255001_S_21942,利筋諾 50粒,,110,0,0,0,0,2025-09-15_17:40:10
243862,HYBRIS,,CLS,H0255001_S_22993,乳薊果 60片,,110,0,0,0,0,2025-09-15_17:40:10
243862,HYBRIS,,CLS,H0255001_S_23452,葡萄籽加強配方 30片,,110,0,0,0,0,2025-09-15_17:40:10
243862,HYBRIS,,CLS,H0255001_S_24008,無腥味魚油1000 200粒,,110,0,0,0,0,2025-09-15_17:40:10
243862,HYBRIS,,CLS,H0255001_S_24177,葉黃素 60粒,,110,0,0,0,0,2025-09-15_17:40:10
243862,HYBRIS,,CLS,H0255001_S_24201,護眼山桑子 30片,,110,0,0,0,0,2025-09-15_17:40:10
243862,HYBRIS,,CLS,H0255001_S_24877,兒童果味魚油丸 30粒,,110,0,0,0,0,2025-09-15_17:40:10
243862,HYBRIS,,CLS,H0255001_S_25067,鋸櫚前列配方 60粒,,20,0,0,0,0,2025-09-15_17:40:10
243862,HYBRIS,,CLS,H0255001_S_25207,維他命D3 1000 30粒,,110,0,0,0,0,2025-09-15_17:40:11
243862,HYBRIS,,CLS,H0255001_S_25266,護養關節配方 60粒,,110,0,0,0,0,2025-09-15_17:40:11
243862,HYBRIS,,CLS,H0294001_S_120088,免沖洗保濕護髮乳,,110,0,0,0,0,2025-09-15_17:40:11
243862,HYBRIS,,CLS,H0294001_S_120295,潔淨控油洗髮露,,110,0,0,0,0,2025-09-15_17:40:11
243862,HYBRIS,,CLS,H0294001_S_120533,波浪捲髮精華露波浪捲髮精華露波浪捲髮精華露波浪捲髮精華露,,110,0,0,0,0,2025-09-15_17:40:11
243862,HYBRIS,,CLS,H0318002_S_812719,有機矢車菊花水 200ml,,130,0,0,0,0,2025-09-15_17:40:11
243862,HYBRIS,,CLS,H0318002_S_812724,有機大馬士革玫瑰花水 200ml,,130,0,0,0,0,2025-09-15_17:40:11
243862,HYBRIS,,CLS,H0318002_S_852974,有機3重蜂蜜潤澤身體乳霜 150ml,,10,0,0,0,0,2025-09-15_17:40:11
243862,HYBRIS,,CLS,H0318002_S_855281,有機3重蜂蜜潤澤身體磨砂 150g,,110,0,0,0,0,2025-09-15_17:40:11
243862,HYBRIS,,CLS,H0318002_S_86Z0004,有機防敏香體露 50ml,,105,0,0,0,0,2025-09-15_17:40:11
243862,HYBRIS,,CLS,H0539001_S_50159,Royal Touch 敏感肌適用產後專用衛生巾 L碼 (5片/包),,110,0,0,0,0,2025-09-15_17:40:11
243862,HYBRIS,,CLS,H0888001_S_10004619,特級魚露,,15,0,0,0,0,2025-09-15_17:40:12
243862,HYBRIS,,CLS,H0888001_S_10004625,南乳,,220,0,0,0,0,2025-09-15_17:40:12
243862,HYBRIS,,CLS,H0888001_S_10004645,爽口榨菜絲,,230,0,0,0,0,2025-09-15_17:40:12
243862,HYBRIS,,CLS,H0888001_S_10004649,辣香蘿蔔,,120,0,0,0,0,2025-09-15_17:40:12
243862,HYBRIS,,CLS,H0888001_S_10004653,陳醋蕎頭,,130,0,0,0,0,2025-09-15_17:40:12
243862,HYBRIS,,CLS,H0888001_S_10004654,甜酸蕎頭,,130,0,0,0,0,2025-09-15_17:40:12
243862,HYBRIS,,CLS,H0888001_S_10004666,鮑汁靈芝菇片,,220,0,0,0,0,2025-09-15_17:40:12
243862,HYBRIS,,CLS,H0888001_S_10005984,豬骨火鍋上湯,,270,0,0,0,0,2025-09-15_17:40:12
243862,HYBRIS,,CLS,H0888001_S_10005986,醉雞火鍋上湯,,270,0,0,0,0,2025-09-15_17:40:13
243862,HYBRIS,,CLS,H0888001_S_10007891,洋蔥南瓜馬鈴薯片,,10,0,0,0,0,2025-09-15_17:40:13
243862,HYBRIS,,CLS,H0888001_S_10009135,藍梅寒天果凍糖,,10,0,0,0,0,2025-09-15_17:40:13
243862,HYBRIS,,CLS,H0888001_S_10009139,蜂蜜檸檬寒天果凍糖,,10,0,0,0,0,2025-09-15_17:40:13
243862,HYBRIS,,CLS,H0888001_S_10009151,什錦軟糖,,220,0,0,0,0,2025-09-15_17:40:13
243862,HYBRIS,,CLS,H0888001_S_10009386,北海道扇貝味薯片,,10,0,0,0,0,2025-09-15_17:40:13
243862,HYBRIS,,CLS,H0888001_S_10009388,酥餅 (黑朱古力),,15,0,0,0,0,2025-09-15_17:40:13
243862,HYBRIS,,CLS,H0888001_S_10011987,好ｅ食 - 白汁煙肉磨菇意粉 (急凍),,210,0,0,0,0,2025-09-15_17:40:13
243862,HYBRIS,,CLS,H0888001_S_10007313,滋潤保濕乳霜,,12,0,0,0,0,2025-09-15_17:40:14
243862,HYBRIS,,CLS,H0888001_S_10022686,猴頭菇雪耳百合潤肺湯,,192,0,0,0,0,2025-09-15_17:40:14
243862,HYBRIS,,CLS,H0888001_S_10018925,白風船米餅-牛奶忌廉味,,500,0,0,0,0,2025-09-15_17:40:14
243868,IMAX_KERRY,,STS,H0888001_S_10012783,巴西牛胸腩粒 (急凍),IM00071976,1285,0,0,0,0,2025-09-15_18:19:00
243871,IMAX_KERRY,,WFS,H0888001_S_10012783,巴西牛胸腩粒 (急凍),IM00071977,50,0,0,0,0,2025-09-15_18:49:00
243874,HYBRIS,,RRS,H0888001_S_10012783,巴西牛胸腩粒 (急凍),,600,0,0,0,0,2025-09-15_19:19:00
243878,IMAX_KERRY,,RRS,H0888001_S_10012783,巴西牛胸腩粒 (急凍),IM00071979,700,0,0,0,0,2025-09-15_19:59:00
243880,HYBRIS,,HHS,H0249001_S_1272,AAA薰衣草沐浴露,,20,0,0,0,0,2025-09-15_20:09:01
243880,HYBRIS,,HHS,H0249001_S_1272s-74s,BBB薰衣草身體潔淨旅行套裝,,20,0,0,0,0,2025-09-15_20:09:01
243880,HYBRIS,,HHS,H0249001_S_1274,DDD薰衣草護髮素,,20,0,0,0,0,2025-09-15_20:09:01
243880,HYBRIS,,HHS,H0249001_S_1282s-84s,活花身體潔淨旅行套裝,,20,0,0,0,0,2025-09-15_20:09:01
243880,HYBRIS,,HHS,H0249001_S_1284,活花護髮素,,20,0,0,0,0,2025-09-15_20:09:01
243880,HYBRIS,,HHS,H0249001_S_1292,花露水沐浴露,,20,0,0,0,0,2025-09-15_20:09:01
243880,HYBRIS,,HHS,H0249001_S_1292s-94s,花露水身體潔淨旅行套裝一二三四五六,,20,0,0,0,0,2025-09-15_20:09:01
243880,HYBRIS,,HHS,H0249001_S_1293,花露水洗髮水,,20,0,0,0,0,2025-09-15_20:09:01
243880,HYBRIS,,HHS,H0249001_S_1294,花露水護髮素,,20,0,0,0,0,2025-09-15_20:09:01
243880,HYBRIS,,HHS,H0249001_S_2151,雪花膏,,20,0,0,0,0,2025-09-15_20:09:02
243880,HYBRIS,,HHS,H0249001_S_2152,活花潤手霜,,20,0,0,0,0,2025-09-15_20:09:02
243880,HYBRIS,,HHS,H0249001_S_2157,花露水香皂,,20,0,0,0,0,2025-09-15_20:09:02
243880,HYBRIS,,HHS,H0249001_S_2163,活花爽身粉 (玫瑰花香),,20,0,0,0,0,2025-09-15_20:09:02
243880,HYBRIS,,HHS,H0249001_S_2166,活花香皂,,20,0,0,0,0,2025-09-15_20:09:02
243880,HYBRIS,,HHS,H0249001_S_2167,活花止汗液,,20,0,0,0,0,2025-09-15_20:09:02
243880,HYBRIS,,HHS,H0249001_S_2177,迷你雪花膏,,20,0,0,0,0,2025-09-15_20:09:03
243880,HYBRIS,,HHS,H0249001_S_2181,EEE薰衣草味護髮油,,20,0,0,0,0,2025-09-15_20:09:04
243880,HYBRIS,,HHS,H0249001_S_2182,活花味護髮油  (玫瑰花香),,20,0,0,0,0,2025-09-15_20:09:04
243880,HYBRIS,,HHS,H0249001_S_2186,活花爽身粉 80克 (罐裝)（附柔軟粉撲）,,20,0,0,0,0,2025-09-15_20:09:04
243880,HYBRIS,,HHS,H0249001_S_2187,花露水爽身粉 80克 (罐裝)（附柔軟粉撲）,,20,0,0,0,0,2025-09-15_20:09:04
243880,HYBRIS,,HHS,H0249001_S_2188B,花露水濕紙巾 (20片),,20,0,0,0,0,2025-09-15_20:09:04
243880,HYBRIS,,HHS,H0249001_S_2198,花露水 (200毫升),,20,0,0,0,0,2025-09-15_20:09:04
243880,HYBRIS,,HHS,H0249001_S_2202,花露水 (100毫升),,20,0,0,0,0,2025-09-15_20:09:04
243880,HYBRIS,,HHS,H0249001_S_2204,花露水 (15毫升),,20,0,0,0,0,2025-09-15_20:09:04
243880,HYBRIS,,HHS,H0249001_S_2208,花露水 (10毫升),,20,0,0,0,0,2025-09-15_20:09:04
243880,HYBRIS,,HHS,H0249001_S_2209,花露水膏,,20,0,0,0,0,2025-09-15_20:09:04
243880,HYBRIS,,HHS,H0249001_S_4261,雙妹嚜復古記事簿,,20,0,0,0,0,2025-09-15_20:09:04
243880,HYBRIS,,HHS,H0249001_S_4281,雙妹嚜復古記事簿,,20,0,0,0,0,2025-09-15_20:09:04
243880,HYBRIS,,HHS,H0249001_S_4284,雙妹嚜復古拼圖,,20,0,0,0,0,2025-09-15_20:09:04
243880,HYBRIS,,HHS,H0249001_S_4286,雙妹嚜復古拼圖,,20,0,0,0,0,2025-09-15_20:09:04
243880,HYBRIS,,HHS,H0249001_S_4287,雙妹嚜復古拼圖,,20,0,0,0,0,2025-09-15_20:09:04
243880,HYBRIS,,HHS,H0249001_S_4290,懷舊2R相簿,,20,0,0,0,0,2025-09-15_20:09:05
243880,HYBRIS,,HHS,H0249001_S_4291,懷舊2R相簿,,20,0,0,0,0,2025-09-15_20:09:05
243880,HYBRIS,,HHS,H0249001_S_4292,懷舊2R相簿,,20,0,0,0,0,2025-09-15_20:09:05
243880,HYBRIS,,HHS,H0249001_S_4293,懷舊2R相簿,,20,0,0,0,0,2025-09-15_20:09:05
243880,HYBRIS,,HHS,H0249001_S_8808,馬賽皂 (檸檬),,20,0,0,0,0,2025-09-15_20:09:05
243880,HYBRIS,,HHS,H0249001_S_8809,馬賽皂 (蜜糖),,20,0,0,0,0,2025-09-15_20:09:05
243880,HYBRIS,,HHS,H0249001_S_8810,馬賽皂 (白檀),,20,0,0,0,0,2025-09-15_20:09:05
243880,HYBRIS,,HHS,H0249001_S_KC1100,指甲水,,20,0,0,0,0,2025-09-15_20:09:05
243880,HYBRIS,,HHS,H0249001_S_KC1101,指甲油 (藍紫色系),,20,0,0,0,0,2025-09-15_20:09:05
243880,HYBRIS,,HHS,H0249001_S_KC1102,指甲油 (藍紫色系),,20,0,0,0,0,2025-09-15_20:09:05
243880,HYBRIS,,HHS,H0249001_S_KC1103,指甲油 (藍紫色系),,20,0,0,0,0,2025-09-15_20:09:05
243880,HYBRIS,,HHS,H0249001_S_KC1105,指甲油 (藍紫色系),,20,0,0,0,0,2025-09-15_20:09:05
243880,HYBRIS,,HHS,H0249001_S_KC1106,指甲油 (紅色系),,20,0,0,0,0,2025-09-15_20:09:05
243880,HYBRIS,,HHS,H0249001_S_KC1107,指甲油 (紅色系),,20,0,0,0,0,2025-09-15_20:09:05
243880,HYBRIS,,HHS,H0249001_S_KC1108,指甲油 (紅色系),,20,0,0,0,0,2025-09-15_20:09:06
243880,HYBRIS,,HHS,H0249001_S_KC1112,指甲油 (藍紫色系),,20,0,0,0,0,2025-09-15_20:09:06
243880,HYBRIS,,HHS,H0249001_S_KC1113,指甲油 (紅色系),,20,0,0,0,0,2025-09-15_20:09:06
243880,HYBRIS,,HHS,H0249001_S_KC1116,指甲油 (彩色系),,20,0,0,0,0,2025-09-15_20:09:06
243880,HYBRIS,,HHS,H0249001_S_KC1121,指甲油 (紅色系),,20,0,0,0,0,2025-09-15_20:09:06
243880,HYBRIS,,HHS,H0249001_S_KC1123,指甲油 (紅色系),,20,0,0,0,0,2025-09-15_20:09:06
243880,HYBRIS,,HHS,H0249001_S_KC1124,指甲油 (紅色系),,20,0,0,0,0,2025-09-15_20:09:06
243880,HYBRIS,,HHS,H0249001_S_KC1127,指甲油 (彩色系),,20,0,0,0,0,2025-09-15_20:09:07
243880,HYBRIS,,HHS,H0249001_S_KC1129,指甲油 (彩色系),,20,0,0,0,0,2025-09-15_20:09:07
243880,HYBRIS,,HHS,H0249001_S_KC1130,指甲油 (彩色系),,20,0,0,0,0,2025-09-15_20:09:07
243880,HYBRIS,,HHS,H0249001_S_KC1131,指甲油 (彩色系),,20,0,0,0,0,2025-09-15_20:09:07
243880,HYBRIS,,HHS,H0249001_S_KC1134,指甲油 (紅色系),,20,0,0,0,0,2025-09-15_20:09:07
243880,HYBRIS,,HHS,H0249001_S_KC1137,指甲油 (色號 - 37透明),,20,0,0,0,0,2025-09-15_20:09:07
243880,HYBRIS,,HHS,H0249001_S_KC1139,指甲油 (彩色系),,20,0,0,0,0,2025-09-15_20:09:07
243880,HYBRIS,,HHS,H0249001_S_KC1146,指甲油 (藍紫色系),,20,0,0,0,0,2025-09-15_20:09:08
243880,HYBRIS,,HHS,H0249001_S_KC1148,指甲油 (彩色系),,20,0,0,0,0,2025-09-15_20:09:08
243880,HYBRIS,,HHS,H0249001_S_KC1152,指甲油 (紅色系),,20,0,0,0,0,2025-09-15_20:09:08
243880,HYBRIS,,HHS,H0249001_S_Q004,雙妹綿布袋 (白色),,20,0,0,0,0,2025-09-15_20:09:08
243880,HYBRIS,,HHS,H0249001_S_Q005,雙妹綿布袋 (自然色),,20,0,0,0,0,2025-09-15_20:09:08
243880,HYBRIS,,HHS,H0255001_S_21875,蒜油 250粒,,20,0,0,0,0,2025-09-15_20:09:08
243880,HYBRIS,,HHS,H0255001_S_21942,利筋諾 50粒,,20,0,0,0,0,2025-09-15_20:09:08
243880,HYBRIS,,HHS,H0255001_S_22993,乳薊果 60片,,20,0,0,0,0,2025-09-15_20:09:09
243880,HYBRIS,,HHS,H0255001_S_23452,葡萄籽加強配方 30片,,20,0,0,0,0,2025-09-15_20:09:09
243880,HYBRIS,,HHS,H0255001_S_24008,無腥味魚油1000 200粒,,20,0,0,0,0,2025-09-15_20:09:09
243880,HYBRIS,,HHS,H0255001_S_24177,葉黃素 60粒,,20,0,0,0,0,2025-09-15_20:09:09
243880,HYBRIS,,HHS,H0255001_S_24201,護眼山桑子 30片,,20,0,0,0,0,2025-09-15_20:09:09
243880,HYBRIS,,HHS,H0255001_S_24877,兒童果味魚油丸 30粒,,20,0,0,0,0,2025-09-15_20:09:09
243880,HYBRIS,,HHS,H0255001_S_25067,鋸櫚前列配方 60粒,,20,0,0,0,0,2025-09-15_20:09:09
243880,HYBRIS,,HHS,H0255001_S_25110,亞麻籽油植物奧米加369 100粒,,20,0,0,0,0,2025-09-15_20:09:09
243880,HYBRIS,,HHS,H0255001_S_25207,維他命D3 1000 30粒,,20,0,0,0,0,2025-09-15_20:09:09
243880,HYBRIS,,HHS,H0255001_S_25266,護養關節配方 60粒,,20,0,0,0,0,2025-09-15_20:09:09
243880,HYBRIS,,HHS,H0294001_S_120088,免沖洗保濕護髮乳,,20,0,0,0,0,2025-09-15_20:09:09
243880,HYBRIS,,HHS,H0294001_S_120295,潔淨控油洗髮露,,20,0,0,0,0,2025-09-15_20:09:09
243880,HYBRIS,,HHS,H0294001_S_120533,波浪捲髮精華露波浪捲髮精華露波浪捲髮精華露波浪捲髮精華露,,20,0,0,0,0,2025-09-15_20:09:10
243880,HYBRIS,,HHS,H0318002_S_812719,有機矢車菊花水 200ml,,20,0,0,0,0,2025-09-15_20:09:10
243880,HYBRIS,,HHS,H0318002_S_812724,有機大馬士革玫瑰花水 200ml,,20,0,0,0,0,2025-09-15_20:09:10
243880,HYBRIS,,HHS,H0318002_S_852974,有機3重蜂蜜潤澤身體乳霜 150ml,,20,0,0,0,0,2025-09-15_20:09:10
243880,HYBRIS,,HHS,H0318002_S_855281,有機3重蜂蜜潤澤身體磨砂 150g,,20,0,0,0,0,2025-09-15_20:09:10
243880,HYBRIS,,HHS,H0318002_S_861153,有機日用洗髮水 500ml,,20,0,0,0,0,2025-09-15_20:09:10
243880,HYBRIS,,HHS,H0318002_S_86Z0004,有機防敏香體露 50ml,,20,0,0,0,0,2025-09-15_20:09:10
243880,HYBRIS,,HHS,H0318002_S_86Z0005,有機乳木果油護髮素 150ml,,20,0,0,0,0,2025-09-15_20:09:10
243880,HYBRIS,,HHS,H0539001_S_50159,Royal Touch 敏感肌適用產後專用衛生巾 L碼 (5片/包),,20,0,0,0,0,2025-09-15_20:09:10
243891,HYBRIS,,WFS,H0249001_S_1274,DDD薰衣草護髮素,,15,15,0,0,0,2025-09-15_23:40:02
243891,HYBRIS,,WFS,H0249001_S_2151,雪花膏,,5,5,0,0,0,2025-09-15_23:40:02
243891,HYBRIS,,WFS,H0249001_S_4290,懷舊2R相簿,,5,5,0,0,0,2025-09-15_23:40:04
243891,HYBRIS,,WFS,H0249001_S_KC1139,指甲油 (彩色系),,5,5,0,0,0,2025-09-15_23:40:06
243891,HYBRIS,,WFS,H0318002_S_812724,有機大馬士革玫瑰花水 200ml,,10,10,0,0,0,2025-09-15_23:40:09
243891,HYBRIS,,WFS,H0318002_S_855281,有機3重蜂蜜潤澤身體磨砂 150g,,10,10,0,0,0,2025-09-15_23:40:09
243891,HYBRIS,,WFS,H0318002_S_86Z0005,有機乳木果油護髮素 150ml,,5,5,0,0,0,2025-09-15_23:40:09
243891,HYBRIS,,WFS,H0888001_S_10005984,豬骨火鍋上湯,,105,105,0,0,0,2025-09-15_23:40:10
243891,HYBRIS,,WFS,H0888001_S_10005985,黑胡椒豬骨火鍋上湯,,15,15,0,0,0,2025-09-15_23:40:10
243904,HYBRIS,,TWS,H0859001_S_OS-620,uPure 2 潔淨濾水器2,,440,440,0,0,0,2025-09-16_00:00:01
243909,IMAX_STACKING,FROZEN,COB,H0888001_S_10022875,美國特選牛肩胛肥牛片 (急凍),IS00071984,520,520,0,0,0,2025-09-16_00:00:01
243909,IMAX_STACKING,FROZEN,COB,H0888001_S_10012511,西班牙咸豬手,IS00071984,1610,1610,0,0,0,2025-09-16_00:00:01
243909,IMAX_STACKING,FROZEN,COB,H0888001_S_10011849,美國大西洋野生響螺頭 M (急凍),IS00071984,3000,3000,0,0,0,2025-09-16_00:00:02
243909,IMAX_STACKING,FROZEN,COB,H0888001_S_10011848,日本煮食用帶子急凍急凍,IS00071984,990,990,0,0,0,2025-09-16_00:00:02
243911,HYBRIS,,COB,H0888001_S_10009135,藍梅寒天果凍糖,,1212,1212,0,0,0,2025-09-16_00:01:00
243911,HYBRIS,,COB,H0888001_S_10009139,蜂蜜檸檬寒天果凍糖,,1308,1308,0,0,0,2025-09-16_00:01:00
243911,HYBRIS,,COB,H0888001_S_10009151,什錦軟糖,,1420,1420,0,0,0,2025-09-16_00:01:00
243915,HYBRIS,,HHS,H0888001_S_10012012,Bibigo 鮮嫩雞肉迷你水餃 (急凍),,64,0,0,0,0,2025-09-16_06:45:00
243920,HYBRIS,,CLS,H0888001_S_10007313,滋潤保濕乳霜,,444,0,0,0,0,2025-09-16_10:09:00
243921,IMAX_STACKING,DRY,CLS,H0888001_S_10002195,大樽生啤 (日本版),IS00071988,12,0,0,0,0,2025-09-16_10:22:00
243922,HYBRIS,,STS,H0888001_S_10012783,巴西牛胸腩粒 (急凍),,792,0,0,0,0,2025-09-16_10:32:00
243923,HYBRIS,,CLS,H0888001_S_10133455,澳洲和牛漢堡扒 (急凍),,1020,0,0,0,0,2025-09-16_10:38:00
243923,HYBRIS,,CLS,H0888001_S_10133940,(澳洲直送!) 澳洲穀飼西冷牛扒 (2塊裝) (急凍),,1000,0,0,0,0,2025-09-16_10:38:00
243923,HYBRIS,,CLS,H0888001_S_10133453,澳洲M4+ 和牛西冷牛扒 (急凍),,330,0,0,0,0,2025-09-16_10:38:00
243923,HYBRIS,,CLS,H0888001_S_10018534,澳洲海參(禿參，又名花刺參) (急凍),,408,0,0,0,0,2025-09-16_10:38:01
243927,HYBRIS,,STS,H0249001_S_1272s-74s,BBB薰衣草身體潔淨旅行套裝,,210,0,0,0,0,2025-09-16_11:08:01
243927,HYBRIS,,STS,H0249001_S_1273,CCC薰衣草洗髮水,,140,0,0,0,0,2025-09-16_11:08:01
243927,HYBRIS,,STS,H0249001_S_1274,DDD薰衣草護髮素,,210,0,0,0,0,2025-09-16_11:08:01
243927,HYBRIS,,STS,H0249001_S_1282s-84s,活花身體潔淨旅行套裝,,210,0,0,0,0,2025-09-16_11:08:01
243927,HYBRIS,,STS,H0249001_S_1284,活花護髮素,,210,0,0,0,0,2025-09-16_11:08:01
243927,HYBRIS,,STS,H0249001_S_1292,花露水沐浴露,,210,0,0,0,0,2025-09-16_11:08:01
243927,HYBRIS,,STS,H0249001_S_1292s-94s,花露水身體潔淨旅行套裝一二三四五六,,210,0,0,0,0,2025-09-16_11:08:02
243927,HYBRIS,,STS,H0249001_S_1293,花露水洗髮水,,210,0,0,0,0,2025-09-16_11:08:02
243927,HYBRIS,,STS,H0249001_S_1294,花露水護髮素,,210,0,0,0,0,2025-09-16_11:08:02
243927,HYBRIS,,STS,H0249001_S_2151,雪花膏,,210,0,0,0,0,2025-09-16_11:08:02
243927,HYBRIS,,STS,H0249001_S_2152,活花潤手霜,,210,0,0,0,0,2025-09-16_11:08:02
243927,HYBRIS,,STS,H0249001_S_2157,花露水香皂,,210,0,0,0,0,2025-09-16_11:08:02
243927,HYBRIS,,STS,H0249001_S_2163,活花爽身粉 (玫瑰花香),,210,0,0,0,0,2025-09-16_11:08:02
243927,HYBRIS,,STS,H0249001_S_2166,活花香皂,,210,0,0,0,0,2025-09-16_11:08:02
243927,HYBRIS,,STS,H0249001_S_2167,活花止汗液,,210,0,0,0,0,2025-09-16_11:08:02
243927,HYBRIS,,STS,H0249001_S_2177,迷你雪花膏,,210,0,0,0,0,2025-09-16_11:08:02
243927,HYBRIS,,STS,H0249001_S_2181,EEE薰衣草味護髮油,,210,0,0,0,0,2025-09-16_11:08:02
243927,HYBRIS,,STS,H0249001_S_2182,活花味護髮油  (玫瑰花香),,210,0,0,0,0,2025-09-16_11:08:02
243927,HYBRIS,,STS,H0249001_S_2186,活花爽身粉 80克 (罐裝)（附柔軟粉撲）,,210,0,0,0,0,2025-09-16_11:08:02
243927,HYBRIS,,STS,H0249001_S_2187,花露水爽身粉 80克 (罐裝)（附柔軟粉撲）,,210,0,0,0,0,2025-09-16_11:08:02
243927,HYBRIS,,STS,H0249001_S_2188B,花露水濕紙巾 (20片),,210,0,0,0,0,2025-09-16_11:08:03
243927,HYBRIS,,STS,H0249001_S_2198,花露水 (200毫升),,210,0,0,0,0,2025-09-16_11:08:03
243927,HYBRIS,,STS,H0249001_S_2202,花露水 (100毫升),,210,0,0,0,0,2025-09-16_11:08:03
243927,HYBRIS,,STS,H0249001_S_2204,花露水 (15毫升),,210,0,0,0,0,2025-09-16_11:08:03
243927,HYBRIS,,STS,H0249001_S_2208,花露水 (10毫升),,210,0,0,0,0,2025-09-16_11:08:03
243927,HYBRIS,,STS,H0249001_S_2209,花露水膏,,210,0,0,0,0,2025-09-16_11:08:03
243927,HYBRIS,,STS,H0249001_S_4261,雙妹嚜復古記事簿,,210,0,0,0,0,2025-09-16_11:08:03
243927,HYBRIS,,STS,H0249001_S_4281,雙妹嚜復古記事簿,,210,0,0,0,0,2025-09-16_11:08:03
243927,HYBRIS,,STS,H0249001_S_4284,雙妹嚜復古拼圖,,210,0,0,0,0,2025-09-16_11:08:03
243927,HYBRIS,,STS,H0249001_S_4286,雙妹嚜復古拼圖,,210,0,0,0,0,2025-09-16_11:08:03
243927,HYBRIS,,STS,H0249001_S_4287,雙妹嚜復古拼圖,,210,0,0,0,0,2025-09-16_11:08:03
243927,HYBRIS,,STS,H0249001_S_4290,懷舊2R相簿,,210,0,0,0,0,2025-09-16_11:08:03
243927,HYBRIS,,STS,H0249001_S_4291,懷舊2R相簿,,210,0,0,0,0,2025-09-16_11:08:03
243927,HYBRIS,,STS,H0249001_S_4292,懷舊2R相簿,,210,0,0,0,0,2025-09-16_11:08:03
243927,HYBRIS,,STS,H0249001_S_4293,懷舊2R相簿,,210,0,0,0,0,2025-09-16_11:08:03
243927,HYBRIS,,STS,H0249001_S_4315,雙妹嚜黑色環保袋,,210,0,0,0,0,2025-09-16_11:08:03
243927,HYBRIS,,STS,H0249001_S_8808,馬賽皂 (檸檬),,210,0,0,0,0,2025-09-16_11:08:04
243927,HYBRIS,,STS,H0249001_S_8809,馬賽皂 (蜜糖),,210,0,0,0,0,2025-09-16_11:08:04
243927,HYBRIS,,STS,H0249001_S_8810,馬賽皂 (白檀),,210,0,0,0,0,2025-09-16_11:08:04
243927,HYBRIS,,STS,H0249001_S_KC1100,指甲水,,210,0,0,0,0,2025-09-16_11:08:04
243927,HYBRIS,,STS,H0249001_S_KC1101,指甲油 (藍紫色系),,210,0,0,0,0,2025-09-16_11:08:04
243927,HYBRIS,,STS,H0249001_S_KC1102,指甲油 (藍紫色系),,210,0,0,0,0,2025-09-16_11:08:04
243927,HYBRIS,,STS,H0249001_S_KC1103,指甲油 (藍紫色系),,210,0,0,0,0,2025-09-16_11:08:04
243927,HYBRIS,,STS,H0249001_S_KC1105,指甲油 (藍紫色系),,210,0,0,0,0,2025-09-16_11:08:04
243927,HYBRIS,,STS,H0249001_S_KC1106,指甲油 (紅色系),,210,0,0,0,0,2025-09-16_11:08:04
243927,HYBRIS,,STS,H0249001_S_KC1107,指甲油 (紅色系),,210,0,0,0,0,2025-09-16_11:08:04
243927,HYBRIS,,STS,H0249001_S_KC1108,指甲油 (紅色系),,210,0,0,0,0,2025-09-16_11:08:04
243927,HYBRIS,,STS,H0249001_S_KC1112,指甲油 (藍紫色系),,210,0,0,0,0,2025-09-16_11:08:04
243927,HYBRIS,,STS,H0249001_S_KC1113,指甲油 (紅色系),,210,0,0,0,0,2025-09-16_11:08:04
243927,HYBRIS,,STS,H0249001_S_KC1116,指甲油 (彩色系),,210,0,0,0,0,2025-09-16_11:08:05
243927,HYBRIS,,STS,H0249001_S_KC1121,指甲油 (紅色系),,210,0,0,0,0,2025-09-16_11:08:06
243927,HYBRIS,,STS,H0249001_S_KC1123,指甲油 (紅色系),,210,0,0,0,0,2025-09-16_11:08:06
243927,HYBRIS,,STS,H0249001_S_KC1124,指甲油 (紅色系),,210,0,0,0,0,2025-09-16_11:08:06
243927,HYBRIS,,STS,H0249001_S_KC1127,指甲油 (彩色系),,210,0,0,0,0,2025-09-16_11:08:06
243927,HYBRIS,,STS,H0249001_S_KC1129,指甲油 (彩色系),,210,0,0,0,0,2025-09-16_11:08:06
243927,HYBRIS,,STS,H0249001_S_KC1130,指甲油 (彩色系),,210,0,0,0,0,2025-09-16_11:08:06
243927,HYBRIS,,STS,H0249001_S_KC1131,指甲油 (彩色系),,210,0,0,0,0,2025-09-16_11:08:06
243927,HYBRIS,,STS,H0249001_S_KC1134,指甲油 (紅色系),,210,0,0,0,0,2025-09-16_11:08:06
243927,HYBRIS,,STS,H0249001_S_KC1137,指甲油 (色號 - 37透明),,210,0,0,0,0,2025-09-16_11:08:06
243927,HYBRIS,,STS,H0249001_S_KC1139,指甲油 (彩色系),,210,0,0,0,0,2025-09-16_11:08:06
243927,HYBRIS,,STS,H0249001_S_KC1146,指甲油 (藍紫色系),,210,0,0,0,0,2025-09-16_11:08:07
243927,HYBRIS,,STS,H0249001_S_KC1148,指甲油 (彩色系),,210,0,0,0,0,2025-09-16_11:08:07
243927,HYBRIS,,STS,H0249001_S_KC1152,指甲油 (紅色系),,210,0,0,0,0,2025-09-16_11:08:07
243927,HYBRIS,,STS,H0249001_S_Q004,雙妹綿布袋 (白色),,210,0,0,0,0,2025-09-16_11:08:07
243927,HYBRIS,,STS,H0249001_S_Q005,雙妹綿布袋 (自然色),,210,0,0,0,0,2025-09-16_11:08:07
243927,HYBRIS,,STS,H0255001_S_21875,蒜油 250粒,,210,0,0,0,0,2025-09-16_11:08:07
243927,HYBRIS,,STS,H0255001_S_21942,利筋諾 50粒,,210,0,0,0,0,2025-09-16_11:08:07
243927,HYBRIS,,STS,H0255001_S_22993,乳薊果 60片,,210,0,0,0,0,2025-09-16_11:08:08
243927,HYBRIS,,STS,H0255001_S_23452,葡萄籽加強配方 30片,,210,0,0,0,0,2025-09-16_11:08:08
243927,HYBRIS,,STS,H0255001_S_24008,無腥味魚油1000 200粒,,210,0,0,0,0,2025-09-16_11:08:08
243927,HYBRIS,,STS,H0255001_S_24177,葉黃素 60粒,,210,0,0,0,0,2025-09-16_11:08:08
243927,HYBRIS,,STS,H0255001_S_24201,護眼山桑子 30片,,210,0,0,0,0,2025-09-16_11:08:08
243927,HYBRIS,,STS,H0255001_S_24877,兒童果味魚油丸 30粒,,210,0,0,0,0,2025-09-16_11:08:08
243927,HYBRIS,,STS,H0255001_S_25067,鋸櫚前列配方 60粒,,210,0,0,0,0,2025-09-16_11:08:08
243927,HYBRIS,,STS,H0255001_S_25110,亞麻籽油植物奧米加369 100粒,,210,0,0,0,0,2025-09-16_11:08:08
243927,HYBRIS,,STS,H0255001_S_25207,維他命D3 1000 30粒,,210,0,0,0,0,2025-09-16_11:08:08
243927,HYBRIS,,STS,H0255001_S_25266,護養關節配方 60粒,,210,0,0,0,0,2025-09-16_11:08:08
243927,HYBRIS,,STS,H0294001_S_120088,免沖洗保濕護髮乳,,210,0,0,0,0,2025-09-16_11:08:08
243927,HYBRIS,,STS,H0294001_S_120295,潔淨控油洗髮露,,210,0,0,0,0,2025-09-16_11:08:08
243927,HYBRIS,,STS,H0294001_S_120533,波浪捲髮精華露波浪捲髮精華露波浪捲髮精華露波浪捲髮精華露,,210,0,0,0,0,2025-09-16_11:08:09
243927,HYBRIS,,STS,H0318002_S_812719,有機矢車菊花水 200ml,,210,0,0,0,0,2025-09-16_11:08:09
243927,HYBRIS,,STS,H0318002_S_812724,有機大馬士革玫瑰花水 200ml,,210,0,0,0,0,2025-09-16_11:08:09
243927,HYBRIS,,STS,H0318002_S_852974,有機3重蜂蜜潤澤身體乳霜 150ml,,210,0,0,0,0,2025-09-16_11:08:09
243927,HYBRIS,,STS,H0318002_S_855281,有機3重蜂蜜潤澤身體磨砂 150g,,210,0,0,0,0,2025-09-16_11:08:09
243927,HYBRIS,,STS,H0318002_S_861153,有機日用洗髮水 500ml,,210,0,0,0,0,2025-09-16_11:08:09
243927,HYBRIS,,STS,H0318002_S_86Z0004,有機防敏香體露 50ml,,210,0,0,0,0,2025-09-16_11:08:09
243927,HYBRIS,,STS,H0318002_S_86Z0005,有機乳木果油護髮素 150ml,,210,0,0,0,0,2025-09-16_11:08:09
243927,HYBRIS,,STS,H0539001_S_50159,Royal Touch 敏感肌適用產後專用衛生巾 L碼 (5片/包),,210,0,0,0,0,2025-09-16_11:08:09
243927,HYBRIS,,STS,H0888001_S_10004619,特級魚露,,125,0,0,0,0,2025-09-16_11:08:09
243927,HYBRIS,,STS,H0888001_S_10004625,南乳,,120,0,0,0,0,2025-09-16_11:08:09
243927,HYBRIS,,STS,H0888001_S_10004645,爽口榨菜絲,,130,0,0,0,0,2025-09-16_11:08:09
243927,HYBRIS,,STS,H0888001_S_10004653,陳醋蕎頭,,30,0,0,0,0,2025-09-16_11:08:09
243927,HYBRIS,,STS,H0888001_S_10004654,甜酸蕎頭,,30,0,0,0,0,2025-09-16_11:08:09
243927,HYBRIS,,STS,H0888001_S_10004666,鮑汁靈芝菇片,,120,0,0,0,0,2025-09-16_11:08:09
243927,HYBRIS,,STS,H0888001_S_10005984,豬骨火鍋上湯,,170,0,0,0,0,2025-09-16_11:08:10
243927,HYBRIS,,STS,H0888001_S_10005986,醉雞火鍋上湯,,170,0,0,0,0,2025-09-16_11:08:10
243927,HYBRIS,,STS,H0888001_S_10007891,洋蔥南瓜馬鈴薯片,,125,0,0,0,0,2025-09-16_11:08:10
243927,HYBRIS,,STS,H0888001_S_10009135,藍梅寒天果凍糖,,125,0,0,0,0,2025-09-16_11:08:10
243927,HYBRIS,,STS,H0888001_S_10009139,蜂蜜檸檬寒天果凍糖,,125,0,0,0,0,2025-09-16_11:08:10
243927,HYBRIS,,STS,H0888001_S_10009151,什錦軟糖,,140,0,0,0,0,2025-09-16_11:08:10
243927,HYBRIS,,STS,H0888001_S_10009386,北海道扇貝味薯片,,125,0,0,0,0,2025-09-16_11:08:10
243927,HYBRIS,,STS,H0888001_S_10009388,酥餅 (黑朱古力),,130,0,0,0,0,2025-09-16_11:08:10
243927,HYBRIS,,STS,H0888001_S_10009609,星球大戰系列珍寶珠 (隨機派送),,125,0,0,0,0,2025-09-16_11:08:10
243927,HYBRIS,,STS,H0888001_S_10009610,湖池屋激辣魔薯香辣芝士味薯片,,135,0,0,0,0,2025-09-16_11:08:10
243927,HYBRIS,,STS,H0888001_S_10011987,好ｅ食 - 白汁煙肉磨菇意粉 (急凍),,125,0,0,0,0,2025-09-16_11:08:10
243927,HYBRIS,,STS,H0888001_S_10018925,白風船米餅-牛奶忌廉味,,125,0,0,0,0,2025-09-16_11:08:10
243927,HYBRIS,,STS,H0888001_S_10022686,猴頭菇雪耳百合潤肺湯,,120,0,0,0,0,2025-09-16_11:08:10
243929,HYBRIS,,WFS,H0888001_S_10012013,Bibigo 韓式傳統脆皮煎餃 (急凍),,150,150,0,0,0,2025-09-16_11:25:00
243933,HYBRIS,,CLS,H0888001_S_10007313,滋潤保濕乳霜,,12,0,0,0,0,2025-09-16_11:42:00
243942,HYBRIS,,TWS,H0888001_S_10008283,燕麥脆條 - 蜜糖★燕麥,,36,36,0,0,0,2025-09-16_13:00:00
243948,IMAX_KERRY,,CLS,H0888001_S_10012783,巴西牛胸腩粒 (急凍),IM00071996,784,0,0,0,0,2025-09-16_13:32:00
243949,IMAX_KERRY,,MCS,H0888001_S_10012783,巴西牛胸腩粒 (急凍),IM00071997,24,0,0,0,0,2025-09-16_13:37:00
243950,HYBRIS,,LPS,H0888001_S_10012783,巴西牛胸腩粒 (急凍),,8,8,0,0,0,2025-09-16_13:49:00
243954,IMAX_KERRY,,SHS,H0888001_S_10012783,巴西牛胸腩粒 (急凍),IM00071999,786,0,0,0,0,2025-09-16_14:09:00
243955,HYBRIS,,CLS,H0888001_S_10004649,辣香蘿蔔,,2900,0,0,0,0,2025-09-16_14:19:00
243955,HYBRIS,,CLS,H0888001_S_10007313,滋潤保濕乳霜,,27,0,0,0,0,2025-09-16_14:19:00
243974,IMAX_KERRY,,IRS,H0888001_S_10022197,五香肉丁,IM00072001,48,0,0,0,0,2025-09-16_16:08:00
243977,HYBRIS,,CLS,H0888001_S_10007313,滋潤保濕乳霜,,108,0,0,0,0,2025-09-16_16:41:00
243980,HYBRIS,,RRS,H0888001_S_10018534,澳洲海參(禿參，又名花刺參) (急凍),,96,0,0,0,0,2025-09-16_16:50:00
243981,IMAX_KERRY,,WSH,H0888001_S_10012783,巴西牛胸腩粒 (急凍),IM00072004,786,0,0,0,0,2025-09-16_16:54:00
243986,IMAX_STACKING,DRY,CLS,H0255001_S_25116,健腦高濃度深海魚油 60粒,IS00072005,290,0,0,0,0,2025-09-16_17:10:00
243987,IMAX_STACKING,CHILLED,CLS,H0888001_S_10012783,巴西牛胸腩粒 (急凍),IS00072006,5000,0,0,0,0,2025-09-16_17:10:00
243990,HYBRIS,,CLS,H0249001_S_1272s-74s,BBB薰衣草身體潔淨旅行套裝,,110,0,0,0,0,2025-09-16_17:40:01
243990,HYBRIS,,CLS,H0249001_S_1274,DDD薰衣草護髮素,,10,0,0,0,0,2025-09-16_17:40:01
243990,HYBRIS,,CLS,H0249001_S_1282s-84s,活花身體潔淨旅行套裝,,110,0,0,0,0,2025-09-16_17:40:01
243990,HYBRIS,,CLS,H0249001_S_1284,活花護髮素,,110,0,0,0,0,2025-09-16_17:40:02
243990,HYBRIS,,CLS,H0249001_S_1292,花露水沐浴露,,110,0,0,0,0,2025-09-16_17:40:02
243990,HYBRIS,,CLS,H0249001_S_1292s-94s,花露水身體潔淨旅行套裝一二三四五六,,110,0,0,0,0,2025-09-16_17:40:02
243990,HYBRIS,,CLS,H0249001_S_1293,花露水洗髮水,,110,0,0,0,0,2025-09-16_17:40:02
243990,HYBRIS,,CLS,H0249001_S_1294,花露水護髮素,,110,0,0,0,0,2025-09-16_17:40:02
243990,HYBRIS,,CLS,H0249001_S_2151,雪花膏,,120,0,0,0,0,2025-09-16_17:40:02
243990,HYBRIS,,CLS,H0249001_S_2152,活花潤手霜,,110,0,0,0,0,2025-09-16_17:40:02
243990,HYBRIS,,CLS,H0249001_S_2157,花露水香皂,,10,0,0,0,0,2025-09-16_17:40:02
243990,HYBRIS,,CLS,H0249001_S_2163,活花爽身粉 (玫瑰花香),,120,0,0,0,0,2025-09-16_17:40:02
243990,HYBRIS,,CLS,H0249001_S_2166,活花香皂,,120,0,0,0,0,2025-09-16_17:40:02
243990,HYBRIS,,CLS,H0249001_S_2167,活花止汗液,,120,0,0,0,0,2025-09-16_17:40:02
243990,HYBRIS,,CLS,H0249001_S_2177,迷你雪花膏,,110,0,0,0,0,2025-09-16_17:40:02
243990,HYBRIS,,CLS,H0249001_S_2181,EEE薰衣草味護髮油,,110,0,0,0,0,2025-09-16_17:40:03
243990,HYBRIS,,CLS,H0249001_S_2182,活花味護髮油  (玫瑰花香),,110,0,0,0,0,2025-09-16_17:40:03
243990,HYBRIS,,CLS,H0249001_S_2186,活花爽身粉 80克 (罐裝)（附柔軟粉撲）,,110,0,0,0,0,2025-09-16_17:40:03
243990,HYBRIS,,CLS,H0249001_S_2187,花露水爽身粉 80克 (罐裝)（附柔軟粉撲）,,110,0,0,0,0,2025-09-16_17:40:03
243990,HYBRIS,,CLS,H0249001_S_2188B,花露水濕紙巾 (20片),,110,0,0,0,0,2025-09-16_17:40:03
243990,HYBRIS,,CLS,H0249001_S_2198,花露水 (200毫升),,110,0,0,0,0,2025-09-16_17:40:03
243990,HYBRIS,,CLS,H0249001_S_2202,花露水 (100毫升),,110,0,0,0,0,2025-09-16_17:40:03
243990,HYBRIS,,CLS,H0249001_S_2204,花露水 (15毫升),,110,0,0,0,0,2025-09-16_17:40:03
243990,HYBRIS,,CLS,H0249001_S_2208,花露水 (10毫升),,110,0,0,0,0,2025-09-16_17:40:03
243990,HYBRIS,,CLS,H0249001_S_2209,花露水膏,,110,0,0,0,0,2025-09-16_17:40:03
243990,HYBRIS,,CLS,H0249001_S_4261,雙妹嚜復古記事簿,,110,0,0,0,0,2025-09-16_17:40:04
243990,HYBRIS,,CLS,H0249001_S_4281,雙妹嚜復古記事簿,,110,0,0,0,0,2025-09-16_17:40:04
243990,HYBRIS,,CLS,H0249001_S_4284,雙妹嚜復古拼圖,,110,0,0,0,0,2025-09-16_17:40:04
243990,HYBRIS,,CLS,H0249001_S_4286,雙妹嚜復古拼圖,,110,0,0,0,0,2025-09-16_17:40:04
243990,HYBRIS,,CLS,H0249001_S_4287,雙妹嚜復古拼圖,,110,0,0,0,0,2025-09-16_17:40:04
243990,HYBRIS,,CLS,H0249001_S_4290,懷舊2R相簿,,110,0,0,0,0,2025-09-16_17:40:04
243990,HYBRIS,,CLS,H0249001_S_4291,懷舊2R相簿,,110,0,0,0,0,2025-09-16_17:40:04
243990,HYBRIS,,CLS,H0249001_S_4292,懷舊2R相簿,,110,0,0,0,0,2025-09-16_17:40:04
243990,HYBRIS,,CLS,H0249001_S_4293,懷舊2R相簿,,110,0,0,0,0,2025-09-16_17:40:04
243990,HYBRIS,,CLS,H0249001_S_4315,雙妹嚜黑色環保袋,,110,0,0,0,0,2025-09-16_17:40:04
243990,HYBRIS,,CLS,H0249001_S_8808,馬賽皂 (檸檬),,110,0,0,0,0,2025-09-16_17:40:04
243990,HYBRIS,,CLS,H0249001_S_8809,馬賽皂 (蜜糖),,110,0,0,0,0,2025-09-16_17:40:05
243990,HYBRIS,,CLS,H0249001_S_8810,馬賽皂 (白檀),,110,0,0,0,0,2025-09-16_17:40:05
243990,HYBRIS,,CLS,H0249001_S_KC1100,指甲水,,110,0,0,0,0,2025-09-16_17:40:05
243990,HYBRIS,,CLS,H0249001_S_KC1101,指甲油 (藍紫色系),,110,0,0,0,0,2025-09-16_17:40:05
243990,HYBRIS,,CLS,H0249001_S_KC1102,指甲油 (藍紫色系),,110,0,0,0,0,2025-09-16_17:40:05
243990,HYBRIS,,CLS,H0249001_S_KC1103,指甲油 (藍紫色系),,110,0,0,0,0,2025-09-16_17:40:05
243990,HYBRIS,,CLS,H0249001_S_KC1105,指甲油 (藍紫色系),,110,0,0,0,0,2025-09-16_17:40:05
243990,HYBRIS,,CLS,H0249001_S_KC1106,指甲油 (紅色系),,110,0,0,0,0,2025-09-16_17:40:05
243990,HYBRIS,,CLS,H0249001_S_KC1107,指甲油 (紅色系),,110,0,0,0,0,2025-09-16_17:40:05
243990,HYBRIS,,CLS,H0249001_S_KC1108,指甲油 (紅色系),,110,0,0,0,0,2025-09-16_17:40:05
243990,HYBRIS,,CLS,H0249001_S_KC1112,指甲油 (藍紫色系),,110,0,0,0,0,2025-09-16_17:40:06
243990,HYBRIS,,CLS,H0249001_S_KC1113,指甲油 (紅色系),,110,0,0,0,0,2025-09-16_17:40:06
243990,HYBRIS,,CLS,H0249001_S_KC1116,指甲油 (彩色系),,110,0,0,0,0,2025-09-16_17:40:06
243990,HYBRIS,,CLS,H0249001_S_KC1121,指甲油 (紅色系),,110,0,0,0,0,2025-09-16_17:40:06
243990,HYBRIS,,CLS,H0249001_S_KC1123,指甲油 (紅色系),,110,0,0,0,0,2025-09-16_17:40:06
243990,HYBRIS,,CLS,H0249001_S_KC1124,指甲油 (紅色系),,110,0,0,0,0,2025-09-16_17:40:06
243990,HYBRIS,,CLS,H0249001_S_KC1127,指甲油 (彩色系),,110,0,0,0,0,2025-09-16_17:40:07
243990,HYBRIS,,CLS,H0249001_S_KC1129,指甲油 (彩色系),,110,0,0,0,0,2025-09-16_17:40:07
243990,HYBRIS,,CLS,H0249001_S_KC1130,指甲油 (彩色系),,110,0,0,0,0,2025-09-16_17:40:07
243990,HYBRIS,,CLS,H0249001_S_KC1131,指甲油 (彩色系),,110,0,0,0,0,2025-09-16_17:40:07
243990,HYBRIS,,CLS,H0249001_S_KC1134,指甲油 (紅色系),,110,0,0,0,0,2025-09-16_17:40:07
243990,HYBRIS,,CLS,H0249001_S_KC1137,指甲油 (色號 - 37透明),,110,0,0,0,0,2025-09-16_17:40:07
243990,HYBRIS,,CLS,H0249001_S_KC1139,指甲油 (彩色系),,110,0,0,0,0,2025-09-16_17:40:07
243990,HYBRIS,,CLS,H0249001_S_KC1146,指甲油 (藍紫色系),,110,0,0,0,0,2025-09-16_17:40:07
243990,HYBRIS,,CLS,H0249001_S_KC1148,指甲油 (彩色系),,110,0,0,0,0,2025-09-16_17:40:07
243990,HYBRIS,,CLS,H0249001_S_KC1152,指甲油 (紅色系),,110,0,0,0,0,2025-09-16_17:40:08
243990,HYBRIS,,CLS,H0249001_S_Q004,雙妹綿布袋 (白色),,110,0,0,0,0,2025-09-16_17:40:08
243990,HYBRIS,,CLS,H0249001_S_Q005,雙妹綿布袋 (自然色),,110,0,0,0,0,2025-09-16_17:40:08
243990,HYBRIS,,CLS,H0255001_S_21875,蒜油 250粒,,110,0,0,0,0,2025-09-16_17:40:08
243990,HYBRIS,,CLS,H0255001_S_21942,利筋諾 50粒,,110,0,0,0,0,2025-09-16_17:40:08
243990,HYBRIS,,CLS,H0255001_S_22993,乳薊果 60片,,110,0,0,0,0,2025-09-16_17:40:08
243990,HYBRIS,,CLS,H0255001_S_23452,葡萄籽加強配方 30片,,110,0,0,0,0,2025-09-16_17:40:09
243990,HYBRIS,,CLS,H0255001_S_24008,無腥味魚油1000 200粒,,110,0,0,0,0,2025-09-16_17:40:09
243990,HYBRIS,,CLS,H0255001_S_24177,葉黃素 60粒,,110,0,0,0,0,2025-09-16_17:40:09
243990,HYBRIS,,CLS,H0255001_S_24201,護眼山桑子 30片,,110,0,0,0,0,2025-09-16_17:40:09
243990,HYBRIS,,CLS,H0255001_S_24877,兒童果味魚油丸 30粒,,110,0,0,0,0,2025-09-16_17:40:09
243990,HYBRIS,,CLS,H0255001_S_25067,鋸櫚前列配方 60粒,,20,0,0,0,0,2025-09-16_17:40:09
243990,HYBRIS,,CLS,H0255001_S_25207,維他命D3 1000 30粒,,110,0,0,0,0,2025-09-16_17:40:10
243990,HYBRIS,,CLS,H0255001_S_25266,護養關節配方 60粒,,110,0,0,0,0,2025-09-16_17:40:10
243990,HYBRIS,,CLS,H0294001_S_120088,免沖洗保濕護髮乳,,110,0,0,0,0,2025-09-16_17:40:10
243990,HYBRIS,,CLS,H0294001_S_120295,潔淨控油洗髮露,,110,0,0,0,0,2025-09-16_17:40:10
243990,HYBRIS,,CLS,H0294001_S_120533,波浪捲髮精華露波浪捲髮精華露波浪捲髮精華露波浪捲髮精華露,,110,0,0,0,0,2025-09-16_17:40:10
243990,HYBRIS,,CLS,H0318002_S_812719,有機矢車菊花水 200ml,,130,0,0,0,0,2025-09-16_17:40:10
243990,HYBRIS,,CLS,H0318002_S_812724,有機大馬士革玫瑰花水 200ml,,130,0,0,0,0,2025-09-16_17:40:10
243990,HYBRIS,,CLS,H0318002_S_852974,有機3重蜂蜜潤澤身體乳霜 150ml,,10,0,0,0,0,2025-09-16_17:40:10
243990,HYBRIS,,CLS,H0318002_S_855281,有機3重蜂蜜潤澤身體磨砂 150g,,110,0,0,0,0,2025-09-16_17:40:11
243990,HYBRIS,,CLS,H0318002_S_86Z0004,有機防敏香體露 50ml,,105,0,0,0,0,2025-09-16_17:40:11
243990,HYBRIS,,CLS,H0539001_S_50159,Royal Touch 敏感肌適用產後專用衛生巾 L碼 (5片/包),,110,0,0,0,0,2025-09-16_17:40:11
243990,HYBRIS,,CLS,H0888001_S_10004619,特級魚露,,15,0,0,0,0,2025-09-16_17:40:11
243990,HYBRIS,,CLS,H0888001_S_10004625,南乳,,220,0,0,0,0,2025-09-16_17:40:11
243990,HYBRIS,,CLS,H0888001_S_10004645,爽口榨菜絲,,230,0,0,0,0,2025-09-16_17:40:11
243990,HYBRIS,,CLS,H0888001_S_10004649,辣香蘿蔔,,120,0,0,0,0,2025-09-16_17:40:11
243990,HYBRIS,,CLS,H0888001_S_10004653,陳醋蕎頭,,130,0,0,0,0,2025-09-16_17:40:12
243990,HYBRIS,,CLS,H0888001_S_10004654,甜酸蕎頭,,130,0,0,0,0,2025-09-16_17:40:12
243990,HYBRIS,,CLS,H0888001_S_10004666,鮑汁靈芝菇片,,220,0,0,0,0,2025-09-16_17:40:12
243990,HYBRIS,,CLS,H0888001_S_10005984,豬骨火鍋上湯,,270,0,0,0,0,2025-09-16_17:40:12
243990,HYBRIS,,CLS,H0888001_S_10005986,醉雞火鍋上湯,,270,0,0,0,0,2025-09-16_17:40:12
243990,HYBRIS,,CLS,H0888001_S_10007891,洋蔥南瓜馬鈴薯片,,10,0,0,0,0,2025-09-16_17:40:12
243990,HYBRIS,,CLS,H0888001_S_10009135,藍梅寒天果凍糖,,10,0,0,0,0,2025-09-16_17:40:12
243990,HYBRIS,,CLS,H0888001_S_10009139,蜂蜜檸檬寒天果凍糖,,10,0,0,0,0,2025-09-16_17:40:12
243990,HYBRIS,,CLS,H0888001_S_10009151,什錦軟糖,,220,0,0,0,0,2025-09-16_17:40:12
243990,HYBRIS,,CLS,H0888001_S_10009386,北海道扇貝味薯片,,10,0,0,0,0,2025-09-16_17:40:13
243990,HYBRIS,,CLS,H0888001_S_10009388,酥餅 (黑朱古力),,15,0,0,0,0,2025-09-16_17:40:13
243990,HYBRIS,,CLS,H0888001_S_10011987,好ｅ食 - 白汁煙肉磨菇意粉 (急凍),,210,0,0,0,0,2025-09-16_17:40:13
243990,HYBRIS,,CLS,H0888001_S_10007313,滋潤保濕乳霜,,12,0,0,0,0,2025-09-16_17:40:13
243990,HYBRIS,,CLS,H0888001_S_10022686,猴頭菇雪耳百合潤肺湯,,192,0,0,0,0,2025-09-16_17:40:13
243990,HYBRIS,,CLS,H0888001_S_10018925,白風船米餅-牛奶忌廉味,,500,0,0,0,0,2025-09-16_17:40:13
243996,IMAX_KERRY,,STS,H0888001_S_10012783,巴西牛胸腩粒 (急凍),IM00072009,1285,0,0,0,0,2025-09-16_18:19:00
243999,IMAX_KERRY,,WFS,H0888001_S_10012783,巴西牛胸腩粒 (急凍),IM00072010,50,0,0,0,0,2025-09-16_18:49:00
244002,HYBRIS,,RRS,H0888001_S_10012783,巴西牛胸腩粒 (急凍),,600,0,0,0,0,2025-09-16_19:19:00
244006,IMAX_KERRY,,RRS,H0888001_S_10012783,巴西牛胸腩粒 (急凍),IM00072012,700,0,0,0,0,2025-09-16_19:59:00
244008,HYBRIS,,HHS,H0249001_S_1272,AAA薰衣草沐浴露,,20,0,0,0,0,2025-09-16_20:09:02
244008,HYBRIS,,HHS,H0249001_S_1272s-74s,BBB薰衣草身體潔淨旅行套裝,,20,0,0,0,0,2025-09-16_20:09:02
244008,HYBRIS,,HHS,H0249001_S_1274,DDD薰衣草護髮素,,20,0,0,0,0,2025-09-16_20:09:02
244008,HYBRIS,,HHS,H0249001_S_1282s-84s,活花身體潔淨旅行套裝,,20,0,0,0,0,2025-09-16_20:09:02
244008,HYBRIS,,HHS,H0249001_S_1284,活花護髮素,,20,0,0,0,0,2025-09-16_20:09:02
244008,HYBRIS,,HHS,H0249001_S_1292,花露水沐浴露,,20,0,0,0,0,2025-09-16_20:09:02
244008,HYBRIS,,HHS,H0249001_S_1292s-94s,花露水身體潔淨旅行套裝一二三四五六,,20,0,0,0,0,2025-09-16_20:09:02
244008,HYBRIS,,HHS,H0249001_S_1293,花露水洗髮水,,20,0,0,0,0,2025-09-16_20:09:02
244008,HYBRIS,,HHS,H0249001_S_1294,花露水護髮素,,20,0,0,0,0,2025-09-16_20:09:02
244008,HYBRIS,,HHS,H0249001_S_2151,雪花膏,,20,0,0,0,0,2025-09-16_20:09:02
244008,HYBRIS,,HHS,H0249001_S_2152,活花潤手霜,,20,0,0,0,0,2025-09-16_20:09:03
244008,HYBRIS,,HHS,H0249001_S_2157,花露水香皂,,20,0,0,0,0,2025-09-16_20:09:03
244008,HYBRIS,,HHS,H0249001_S_2163,活花爽身粉 (玫瑰花香),,20,0,0,0,0,2025-09-16_20:09:03
244008,HYBRIS,,HHS,H0249001_S_2166,活花香皂,,20,0,0,0,0,2025-09-16_20:09:03
244008,HYBRIS,,HHS,H0249001_S_2167,活花止汗液,,20,0,0,0,0,2025-09-16_20:09:03
244008,HYBRIS,,HHS,H0249001_S_2177,迷你雪花膏,,20,0,0,0,0,2025-09-16_20:09:03
244008,HYBRIS,,HHS,H0249001_S_2181,EEE薰衣草味護髮油,,20,0,0,0,0,2025-09-16_20:09:03
244008,HYBRIS,,HHS,H0249001_S_2182,活花味護髮油  (玫瑰花香),,20,0,0,0,0,2025-09-16_20:09:03
244008,HYBRIS,,HHS,H0249001_S_2186,活花爽身粉 80克 (罐裝)（附柔軟粉撲）,,20,0,0,0,0,2025-09-16_20:09:03
244008,HYBRIS,,HHS,H0249001_S_2187,花露水爽身粉 80克 (罐裝)（附柔軟粉撲）,,20,0,0,0,0,2025-09-16_20:09:04
244008,HYBRIS,,HHS,H0249001_S_2188B,花露水濕紙巾 (20片),,20,0,0,0,0,2025-09-16_20:09:04
244008,HYBRIS,,HHS,H0249001_S_2198,花露水 (200毫升),,20,0,0,0,0,2025-09-16_20:09:04
244008,HYBRIS,,HHS,H0249001_S_2202,花露水 (100毫升),,20,0,0,0,0,2025-09-16_20:09:04
244008,HYBRIS,,HHS,H0249001_S_2204,花露水 (15毫升),,20,0,0,0,0,2025-09-16_20:09:04
244008,HYBRIS,,HHS,H0249001_S_2208,花露水 (10毫升),,20,0,0,0,0,2025-09-16_20:09:04
244008,HYBRIS,,HHS,H0249001_S_2209,花露水膏,,20,0,0,0,0,2025-09-16_20:09:04
244008,HYBRIS,,HHS,H0249001_S_4261,雙妹嚜復古記事簿,,20,0,0,0,0,2025-09-16_20:09:04
244008,HYBRIS,,HHS,H0249001_S_4281,雙妹嚜復古記事簿,,20,0,0,0,0,2025-09-16_20:09:04
244008,HYBRIS,,HHS,H0249001_S_4284,雙妹嚜復古拼圖,,20,0,0,0,0,2025-09-16_20:09:04
244008,HYBRIS,,HHS,H0249001_S_4286,雙妹嚜復古拼圖,,20,0,0,0,0,2025-09-16_20:09:04
244008,HYBRIS,,HHS,H0249001_S_4287,雙妹嚜復古拼圖,,20,0,0,0,0,2025-09-16_20:09:04
244008,HYBRIS,,HHS,H0249001_S_4290,懷舊2R相簿,,20,0,0,0,0,2025-09-16_20:09:04
244008,HYBRIS,,HHS,H0249001_S_4291,懷舊2R相簿,,20,0,0,0,0,2025-09-16_20:09:04
244008,HYBRIS,,HHS,H0249001_S_4292,懷舊2R相簿,,20,0,0,0,0,2025-09-16_20:09:04
244008,HYBRIS,,HHS,H0249001_S_4293,懷舊2R相簿,,20,0,0,0,0,2025-09-16_20:09:04
244008,HYBRIS,,HHS,H0249001_S_8808,馬賽皂 (檸檬),,20,0,0,0,0,2025-09-16_20:09:04
244008,HYBRIS,,HHS,H0249001_S_8809,馬賽皂 (蜜糖),,20,0,0,0,0,2025-09-16_20:09:04
244008,HYBRIS,,HHS,H0249001_S_8810,馬賽皂 (白檀),,20,0,0,0,0,2025-09-16_20:09:04
244008,HYBRIS,,HHS,H0249001_S_KC1100,指甲水,,20,0,0,0,0,2025-09-16_20:09:04
244008,HYBRIS,,HHS,H0249001_S_KC1101,指甲油 (藍紫色系),,20,0,0,0,0,2025-09-16_20:09:05
244008,HYBRIS,,HHS,H0249001_S_KC1102,指甲油 (藍紫色系),,20,0,0,0,0,2025-09-16_20:09:05
244008,HYBRIS,,HHS,H0249001_S_KC1103,指甲油 (藍紫色系),,20,0,0,0,0,2025-09-16_20:09:05
244008,HYBRIS,,HHS,H0249001_S_KC1105,指甲油 (藍紫色系),,20,0,0,0,0,2025-09-16_20:09:05
244008,HYBRIS,,HHS,H0249001_S_KC1106,指甲油 (紅色系),,20,0,0,0,0,2025-09-16_20:09:05
244008,HYBRIS,,HHS,H0249001_S_KC1107,指甲油 (紅色系),,20,0,0,0,0,2025-09-16_20:09:05
244008,HYBRIS,,HHS,H0249001_S_KC1108,指甲油 (紅色系),,20,0,0,0,0,2025-09-16_20:09:05
244008,HYBRIS,,HHS,H0249001_S_KC1112,指甲油 (藍紫色系),,20,0,0,0,0,2025-09-16_20:09:05
244008,HYBRIS,,HHS,H0249001_S_KC1113,指甲油 (紅色系),,20,0,0,0,0,2025-09-16_20:09:05
244008,HYBRIS,,HHS,H0249001_S_KC1116,指甲油 (彩色系),,20,0,0,0,0,2025-09-16_20:09:05
244008,HYBRIS,,HHS,H0249001_S_KC1121,指甲油 (紅色系),,20,0,0,0,0,2025-09-16_20:09:06
244008,HYBRIS,,HHS,H0249001_S_KC1123,指甲油 (紅色系),,20,0,0,0,0,2025-09-16_20:09:06
244008,HYBRIS,,HHS,H0249001_S_KC1124,指甲油 (紅色系),,20,0,0,0,0,2025-09-16_20:09:06
244008,HYBRIS,,HHS,H0249001_S_KC1127,指甲油 (彩色系),,20,0,0,0,0,2025-09-16_20:09:06
244008,HYBRIS,,HHS,H0249001_S_KC1129,指甲油 (彩色系),,20,0,0,0,0,2025-09-16_20:09:06
244008,HYBRIS,,HHS,H0249001_S_KC1130,指甲油 (彩色系),,20,0,0,0,0,2025-09-16_20:09:06
244008,HYBRIS,,HHS,H0249001_S_KC1131,指甲油 (彩色系),,20,0,0,0,0,2025-09-16_20:09:06
244008,HYBRIS,,HHS,H0249001_S_KC1134,指甲油 (紅色系),,20,0,0,0,0,2025-09-16_20:09:06
244008,HYBRIS,,HHS,H0249001_S_KC1137,指甲油 (色號 - 37透明),,20,0,0,0,0,2025-09-16_20:09:07
244008,HYBRIS,,HHS,H0249001_S_KC1139,指甲油 (彩色系),,20,0,0,0,0,2025-09-16_20:09:07
244008,HYBRIS,,HHS,H0249001_S_KC1146,指甲油 (藍紫色系),,20,0,0,0,0,2025-09-16_20:09:07
244008,HYBRIS,,HHS,H0249001_S_KC1148,指甲油 (彩色系),,20,0,0,0,0,2025-09-16_20:09:07
244008,HYBRIS,,HHS,H0249001_S_KC1152,指甲油 (紅色系),,20,0,0,0,0,2025-09-16_20:09:07
244008,HYBRIS,,HHS,H0249001_S_Q004,雙妹綿布袋 (白色),,20,0,0,0,0,2025-09-16_20:09:07
244008,HYBRIS,,HHS,H0249001_S_Q005,雙妹綿布袋 (自然色),,20,0,0,0,0,2025-09-16_20:09:07
244008,HYBRIS,,HHS,H0255001_S_21875,蒜油 250粒,,20,0,0,0,0,2025-09-16_20:09:07
244008,HYBRIS,,HHS,H0255001_S_21942,利筋諾 50粒,,20,0,0,0,0,2025-09-16_20:09:07
244008,HYBRIS,,HHS,H0255001_S_22993,乳薊果 60片,,20,0,0,0,0,2025-09-16_20:09:08
244008,HYBRIS,,HHS,H0255001_S_23452,葡萄籽加強配方 30片,,20,0,0,0,0,2025-09-16_20:09:08
244008,HYBRIS,,HHS,H0255001_S_24008,無腥味魚油1000 200粒,,20,0,0,0,0,2025-09-16_20:09:08
244008,HYBRIS,,HHS,H0255001_S_24177,葉黃素 60粒,,20,0,0,0,0,2025-09-16_20:09:08
244008,HYBRIS,,HHS,H0255001_S_24201,護眼山桑子 30片,,20,0,0,0,0,2025-09-16_20:09:08
244008,HYBRIS,,HHS,H0255001_S_24877,兒童果味魚油丸 30粒,,20,0,0,0,0,2025-09-16_20:09:08
244008,HYBRIS,,HHS,H0255001_S_25067,鋸櫚前列配方 60粒,,20,0,0,0,0,2025-09-16_20:09:09
244008,HYBRIS,,HHS,H0255001_S_25110,亞麻籽油植物奧米加369 100粒,,20,0,0,0,0,2025-09-16_20:09:09
244008,HYBRIS,,HHS,H0255001_S_25207,維他命D3 1000 30粒,,20,0,0,0,0,2025-09-16_20:09:09
244008,HYBRIS,,HHS,H0255001_S_25266,護養關節配方 60粒,,20,0,0,0,0,2025-09-16_20:09:09
244008,HYBRIS,,HHS,H0294001_S_120088,免沖洗保濕護髮乳,,20,0,0,0,0,2025-09-16_20:09:09
244008,HYBRIS,,HHS,H0294001_S_120295,潔淨控油洗髮露,,20,0,0,0,0,2025-09-16_20:09:09
244008,HYBRIS,,HHS,H0294001_S_120533,波浪捲髮精華露波浪捲髮精華露波浪捲髮精華露波浪捲髮精華露,,20,0,0,0,0,2025-09-16_20:09:09
244008,HYBRIS,,HHS,H0318002_S_812719,有機矢車菊花水 200ml,,20,0,0,0,0,2025-09-16_20:09:09
244008,HYBRIS,,HHS,H0318002_S_812724,有機大馬士革玫瑰花水 200ml,,20,0,0,0,0,2025-09-16_20:09:09
244008,HYBRIS,,HHS,H0318002_S_852974,有機3重蜂蜜潤澤身體乳霜 150ml,,20,0,0,0,0,2025-09-16_20:09:10
244008,HYBRIS,,HHS,H0318002_S_855281,有機3重蜂蜜潤澤身體磨砂 150g,,20,0,0,0,0,2025-09-16_20:09:10
244008,HYBRIS,,HHS,H0318002_S_861153,有機日用洗髮水 500ml,,20,0,0,0,0,2025-09-16_20:09:10
244008,HYBRIS,,HHS,H0318002_S_86Z0004,有機防敏香體露 50ml,,20,0,0,0,0,2025-09-16_20:09:10
244008,HYBRIS,,HHS,H0318002_S_86Z0005,有機乳木果油護髮素 150ml,,20,0,0,0,0,2025-09-16_20:09:10
244008,HYBRIS,,HHS,H0539001_S_50159,Royal Touch 敏感肌適用產後專用衛生巾 L碼 (5片/包),,20,0,0,0,0,2025-09-16_20:09:10
244019,HYBRIS,,WFS,H0249001_S_1274,DDD薰衣草護髮素,,15,15,0,0,0,2025-09-16_23:40:02
244019,HYBRIS,,WFS,H0249001_S_2151,雪花膏,,5,5,0,0,0,2025-09-16_23:40:02
244019,HYBRIS,,WFS,H0249001_S_4290,懷舊2R相簿,,5,5,0,0,0,2025-09-16_23:40:04
244019,HYBRIS,,WFS,H0249001_S_KC1139,指甲油 (彩色系),,5,5,0,0,0,2025-09-16_23:40:06
244019,HYBRIS,,WFS,H0318002_S_812724,有機大馬士革玫瑰花水 200ml,,10,10,0,0,0,2025-09-16_23:40:09
244019,HYBRIS,,WFS,H0318002_S_855281,有機3重蜂蜜潤澤身體磨砂 150g,,10,10,0,0,0,2025-09-16_23:40:09
244019,HYBRIS,,WFS,H0318002_S_86Z0005,有機乳木果油護髮素 150ml,,5,5,0,0,0,2025-09-16_23:40:09
244019,HYBRIS,,WFS,H0888001_S_10005984,豬骨火鍋上湯,,105,105,0,0,0,2025-09-16_23:40:10
244019,HYBRIS,,WFS,H0888001_S_10005985,黑胡椒豬骨火鍋上湯,,15,15,0,0,0,2025-09-16_23:40:10
244033,HYBRIS,,TWS,H0859001_S_OS-620,uPure 2 潔淨濾水器2,,440,440,0,0,0,2025-09-17_00:00:01
244038,IMAX_STACKING,FROZEN,COB,H0888001_S_10022875,美國特選牛肩胛肥牛片 (急凍),IS00072017,520,520,0,0,0,2025-09-17_00:00:01
244037,IMAX_STACKING,DRY,COB,H0888001_S_10009610,湖池屋激辣魔薯香辣芝士味薯片,IS00072018,120,120,0,0,0,2025-09-17_00:00:01
244038,IMAX_STACKING,FROZEN,COB,H0888001_S_10012511,西班牙咸豬手,IS00072017,1610,1610,0,0,0,2025-09-17_00:00:01
244038,IMAX_STACKING,FROZEN,COB,H0888001_S_10011849,美國大西洋野生響螺頭 M (急凍),IS00072017,3000,3000,0,0,0,2025-09-17_00:00:01
244038,IMAX_STACKING,FROZEN,COB,H0888001_S_10011848,日本煮食用帶子急凍急凍,IS00072017,990,990,0,0,0,2025-09-17_00:00:01
244037,IMAX_STACKING,DRY,COB,H0859001_S_OS-620,uPure 2 潔淨濾水器2,IS00072018,65,65,0,0,0,2025-09-17_00:00:02
244037,IMAX_STACKING,DRY,COB,H0888001_S_10002195,大樽生啤 (日本版),IS00072018,72,72,0,0,0,2025-09-17_00:00:02
244037,IMAX_STACKING,DRY,COB,H0888001_S_10004262,烏龍茶,IS00072018,168,168,0,0,0,2025-09-17_00:00:02
244039,HYBRIS,,COB,H0888001_S_10009135,藍梅寒天果凍糖,,1212,1212,0,0,0,2025-09-17_00:01:00
244039,HYBRIS,,COB,H0888001_S_10009139,蜂蜜檸檬寒天果凍糖,,1308,1308,0,0,0,2025-09-17_00:01:00
244039,HYBRIS,,COB,H0888001_S_10009151,什錦軟糖,,1420,1420,0,0,0,2025-09-17_00:01:00
244043,HYBRIS,,HHS,H0888001_S_10012012,Bibigo 鮮嫩雞肉迷你水餃 (急凍),,64,0,0,0,0,2025-09-17_06:45:00
244048,HYBRIS,,CLS,H0888001_S_10007313,滋潤保濕乳霜,,444,0,0,0,0,2025-09-17_10:09:00
244049,IMAX_STACKING,DRY,CLS,H0888001_S_10002195,大樽生啤 (日本版),IS00072022,12,0,0,0,0,2025-09-17_10:22:00
244050,HYBRIS,,STS,H0888001_S_10012783,巴西牛胸腩粒 (急凍),,792,0,0,0,0,2025-09-17_10:32:00
244051,HYBRIS,,CLS,H0888001_S_10133455,澳洲和牛漢堡扒 (急凍),,1020,1020,0,0,0,2025-09-17_10:38:00
244051,HYBRIS,,CLS,H0888001_S_10133940,(澳洲直送!) 澳洲穀飼西冷牛扒 (2塊裝) (急凍),,1000,1000,0,0,0,2025-09-17_10:38:00
244051,HYBRIS,,CLS,H0888001_S_10133453,澳洲M4+ 和牛西冷牛扒 (急凍),,330,330,0,0,0,2025-09-17_10:38:00
244051,HYBRIS,,CLS,H0888001_S_10018534,澳洲海參(禿參，又名花刺參) (急凍),,408,408,0,0,0,2025-09-17_10:38:00
244055,HYBRIS,,STS,H0249001_S_1272s-74s,BBB薰衣草身體潔淨旅行套裝,,210,0,0,0,0,2025-09-17_11:08:01
244055,HYBRIS,,STS,H0249001_S_1273,CCC薰衣草洗髮水,,140,0,0,0,0,2025-09-17_11:08:01
244055,HYBRIS,,STS,H0249001_S_1274,DDD薰衣草護髮素,,210,0,0,0,0,2025-09-17_11:08:01
244055,HYBRIS,,STS,H0249001_S_1282s-84s,活花身體潔淨旅行套裝,,210,0,0,0,0,2025-09-17_11:08:01
244055,HYBRIS,,STS,H0249001_S_1284,活花護髮素,,210,0,0,0,0,2025-09-17_11:08:01
244055,HYBRIS,,STS,H0249001_S_1292,花露水沐浴露,,210,0,0,0,0,2025-09-17_11:08:01
244055,HYBRIS,,STS,H0249001_S_1292s-94s,花露水身體潔淨旅行套裝一二三四五六,,210,0,0,0,0,2025-09-17_11:08:01
244055,HYBRIS,,STS,H0249001_S_1293,花露水洗髮水,,210,0,0,0,0,2025-09-17_11:08:02
244055,HYBRIS,,STS,H0249001_S_1294,花露水護髮素,,210,0,0,0,0,2025-09-17_11:08:02
244055,HYBRIS,,STS,H0249001_S_2151,雪花膏,,210,0,0,0,0,2025-09-17_11:08:02
244055,HYBRIS,,STS,H0249001_S_2152,活花潤手霜,,210,0,0,0,0,2025-09-17_11:08:02
244055,HYBRIS,,STS,H0249001_S_2157,花露水香皂,,210,0,0,0,0,2025-09-17_11:08:02
244055,HYBRIS,,STS,H0249001_S_2163,活花爽身粉 (玫瑰花香),,210,0,0,0,0,2025-09-17_11:08:02
244055,HYBRIS,,STS,H0249001_S_2166,活花香皂,,210,0,0,0,0,2025-09-17_11:08:02
244055,HYBRIS,,STS,H0249001_S_2167,活花止汗液,,210,0,0,0,0,2025-09-17_11:08:02
244055,HYBRIS,,STS,H0249001_S_2177,迷你雪花膏,,210,0,0,0,0,2025-09-17_11:08:02
244055,HYBRIS,,STS,H0249001_S_2181,EEE薰衣草味護髮油,,210,0,0,0,0,2025-09-17_11:08:02
244055,HYBRIS,,STS,H0249001_S_2182,活花味護髮油  (玫瑰花香),,210,0,0,0,0,2025-09-17_11:08:02
244055,HYBRIS,,STS,H0249001_S_2186,活花爽身粉 80克 (罐裝)（附柔軟粉撲）,,210,0,0,0,0,2025-09-17_11:08:02
244055,HYBRIS,,STS,H0249001_S_2187,花露水爽身粉 80克 (罐裝)（附柔軟粉撲）,,210,0,0,0,0,2025-09-17_11:08:02
244055,HYBRIS,,STS,H0249001_S_2188B,花露水濕紙巾 (20片),,210,0,0,0,0,2025-09-17_11:08:02
244055,HYBRIS,,STS,H0249001_S_2198,花露水 (200毫升),,210,0,0,0,0,2025-09-17_11:08:02
244055,HYBRIS,,STS,H0249001_S_2202,花露水 (100毫升),,210,0,0,0,0,2025-09-17_11:08:03
244055,HYBRIS,,STS,H0249001_S_2204,花露水 (15毫升),,210,0,0,0,0,2025-09-17_11:08:03
244055,HYBRIS,,STS,H0249001_S_2208,花露水 (10毫升),,210,0,0,0,0,2025-09-17_11:08:03
244055,HYBRIS,,STS,H0249001_S_2209,花露水膏,,210,0,0,0,0,2025-09-17_11:08:03
244055,HYBRIS,,STS,H0249001_S_4261,雙妹嚜復古記事簿,,210,0,0,0,0,2025-09-17_11:08:03
244055,HYBRIS,,STS,H0249001_S_4281,雙妹嚜復古記事簿,,210,0,0,0,0,2025-09-17_11:08:03
244055,HYBRIS,,STS,H0249001_S_4284,雙妹嚜復古拼圖,,210,0,0,0,0,2025-09-17_11:08:03
244055,HYBRIS,,STS,H0249001_S_4286,雙妹嚜復古拼圖,,210,0,0,0,0,2025-09-17_11:08:03
244055,HYBRIS,,STS,H0249001_S_4287,雙妹嚜復古拼圖,,210,0,0,0,0,2025-09-17_11:08:03
244055,HYBRIS,,STS,H0249001_S_4290,懷舊2R相簿,,210,0,0,0,0,2025-09-17_11:08:03
244055,HYBRIS,,STS,H0249001_S_4291,懷舊2R相簿,,210,0,0,0,0,2025-09-17_11:08:03
244055,HYBRIS,,STS,H0249001_S_4292,懷舊2R相簿,,210,0,0,0,0,2025-09-17_11:08:03
244055,HYBRIS,,STS,H0249001_S_4293,懷舊2R相簿,,210,0,0,0,0,2025-09-17_11:08:03
244055,HYBRIS,,STS,H0249001_S_4315,雙妹嚜黑色環保袋,,210,0,0,0,0,2025-09-17_11:08:03
244055,HYBRIS,,STS,H0249001_S_8808,馬賽皂 (檸檬),,210,0,0,0,0,2025-09-17_11:08:03
244055,HYBRIS,,STS,H0249001_S_8809,馬賽皂 (蜜糖),,210,0,0,0,0,2025-09-17_11:08:03
244055,HYBRIS,,STS,H0249001_S_8810,馬賽皂 (白檀),,210,0,0,0,0,2025-09-17_11:08:04
244055,HYBRIS,,STS,H0249001_S_KC1100,指甲水,,210,0,0,0,0,2025-09-17_11:08:04
244055,HYBRIS,,STS,H0249001_S_KC1101,指甲油 (藍紫色系),,210,0,0,0,0,2025-09-17_11:08:04
244055,HYBRIS,,STS,H0249001_S_KC1102,指甲油 (藍紫色系),,210,0,0,0,0,2025-09-17_11:08:04
244055,HYBRIS,,STS,H0249001_S_KC1103,指甲油 (藍紫色系),,210,0,0,0,0,2025-09-17_11:08:04
244055,HYBRIS,,STS,H0249001_S_KC1105,指甲油 (藍紫色系),,210,0,0,0,0,2025-09-17_11:08:04
244055,HYBRIS,,STS,H0249001_S_KC1106,指甲油 (紅色系),,210,0,0,0,0,2025-09-17_11:08:04
244055,HYBRIS,,STS,H0249001_S_KC1107,指甲油 (紅色系),,210,0,0,0,0,2025-09-17_11:08:04
244055,HYBRIS,,STS,H0249001_S_KC1108,指甲油 (紅色系),,210,0,0,0,0,2025-09-17_11:08:04
244055,HYBRIS,,STS,H0249001_S_KC1112,指甲油 (藍紫色系),,210,0,0,0,0,2025-09-17_11:08:04
244055,HYBRIS,,STS,H0249001_S_KC1113,指甲油 (紅色系),,210,0,0,0,0,2025-09-17_11:08:04
244055,HYBRIS,,STS,H0249001_S_KC1116,指甲油 (彩色系),,210,0,0,0,0,2025-09-17_11:08:04
244055,HYBRIS,,STS,H0249001_S_KC1121,指甲油 (紅色系),,210,0,0,0,0,2025-09-17_11:08:05
244055,HYBRIS,,STS,H0249001_S_KC1123,指甲油 (紅色系),,210,0,0,0,0,2025-09-17_11:08:05
244055,HYBRIS,,STS,H0249001_S_KC1124,指甲油 (紅色系),,210,0,0,0,0,2025-09-17_11:08:05
244055,HYBRIS,,STS,H0249001_S_KC1127,指甲油 (彩色系),,210,0,0,0,0,2025-09-17_11:08:05
244055,HYBRIS,,STS,H0249001_S_KC1129,指甲油 (彩色系),,210,0,0,0,0,2025-09-17_11:08:05
244055,HYBRIS,,STS,H0249001_S_KC1130,指甲油 (彩色系),,210,0,0,0,0,2025-09-17_11:08:05
244055,HYBRIS,,STS,H0249001_S_KC1131,指甲油 (彩色系),,210,0,0,0,0,2025-09-17_11:08:05
244055,HYBRIS,,STS,H0249001_S_KC1134,指甲油 (紅色系),,210,0,0,0,0,2025-09-17_11:08:05
244055,HYBRIS,,STS,H0249001_S_KC1137,指甲油 (色號 - 37透明),,210,0,0,0,0,2025-09-17_11:08:05
244055,HYBRIS,,STS,H0249001_S_KC1139,指甲油 (彩色系),,210,0,0,0,0,2025-09-17_11:08:06
244055,HYBRIS,,STS,H0249001_S_KC1146,指甲油 (藍紫色系),,210,0,0,0,0,2025-09-17_11:08:06
244055,HYBRIS,,STS,H0249001_S_KC1148,指甲油 (彩色系),,210,0,0,0,0,2025-09-17_11:08:06
244055,HYBRIS,,STS,H0249001_S_KC1152,指甲油 (紅色系),,210,0,0,0,0,2025-09-17_11:08:06
244055,HYBRIS,,STS,H0249001_S_Q004,雙妹綿布袋 (白色),,210,0,0,0,0,2025-09-17_11:08:06
244055,HYBRIS,,STS,H0249001_S_Q005,雙妹綿布袋 (自然色),,210,0,0,0,0,2025-09-17_11:08:06
244055,HYBRIS,,STS,H0255001_S_21875,蒜油 250粒,,210,0,0,0,0,2025-09-17_11:08:07
244055,HYBRIS,,STS,H0255001_S_21942,利筋諾 50粒,,210,0,0,0,0,2025-09-17_11:08:07
244055,HYBRIS,,STS,H0255001_S_22993,乳薊果 60片,,210,0,0,0,0,2025-09-17_11:08:07
244055,HYBRIS,,STS,H0255001_S_23452,葡萄籽加強配方 30片,,210,0,0,0,0,2025-09-17_11:08:07
244055,HYBRIS,,STS,H0255001_S_24008,無腥味魚油1000 200粒,,210,0,0,0,0,2025-09-17_11:08:07
244055,HYBRIS,,STS,H0255001_S_24177,葉黃素 60粒,,210,0,0,0,0,2025-09-17_11:08:07
244055,HYBRIS,,STS,H0255001_S_24201,護眼山桑子 30片,,210,0,0,0,0,2025-09-17_11:08:07
244055,HYBRIS,,STS,H0255001_S_24877,兒童果味魚油丸 30粒,,210,0,0,0,0,2025-09-17_11:08:07
244055,HYBRIS,,STS,H0255001_S_25067,鋸櫚前列配方 60粒,,210,0,0,0,0,2025-09-17_11:08:07
244055,HYBRIS,,STS,H0255001_S_25110,亞麻籽油植物奧米加369 100粒,,210,0,0,0,0,2025-09-17_11:08:07
244055,HYBRIS,,STS,H0255001_S_25207,維他命D3 1000 30粒,,210,0,0,0,0,2025-09-17_11:08:07
244055,HYBRIS,,STS,H0255001_S_25266,護養關節配方 60粒,,210,0,0,0,0,2025-09-17_11:08:07
244055,HYBRIS,,STS,H0294001_S_120088,免沖洗保濕護髮乳,,210,0,0,0,0,2025-09-17_11:08:08
244055,HYBRIS,,STS,H0294001_S_120295,潔淨控油洗髮露,,210,0,0,0,0,2025-09-17_11:08:08
244055,HYBRIS,,STS,H0294001_S_120533,波浪捲髮精華露波浪捲髮精華露波浪捲髮精華露波浪捲髮精華露,,210,0,0,0,0,2025-09-17_11:08:08
244055,HYBRIS,,STS,H0318002_S_812719,有機矢車菊花水 200ml,,210,0,0,0,0,2025-09-17_11:08:08
244055,HYBRIS,,STS,H0318002_S_812724,有機大馬士革玫瑰花水 200ml,,210,0,0,0,0,2025-09-17_11:08:08
244055,HYBRIS,,STS,H0318002_S_852974,有機3重蜂蜜潤澤身體乳霜 150ml,,210,0,0,0,0,2025-09-17_11:08:08
244055,HYBRIS,,STS,H0318002_S_855281,有機3重蜂蜜潤澤身體磨砂 150g,,210,0,0,0,0,2025-09-17_11:08:08
244055,HYBRIS,,STS,H0318002_S_861153,有機日用洗髮水 500ml,,210,0,0,0,0,2025-09-17_11:08:08
244055,HYBRIS,,STS,H0318002_S_86Z0004,有機防敏香體露 50ml,,210,0,0,0,0,2025-09-17_11:08:08
244055,HYBRIS,,STS,H0318002_S_86Z0005,有機乳木果油護髮素 150ml,,210,0,0,0,0,2025-09-17_11:08:08
244055,HYBRIS,,STS,H0539001_S_50159,Royal Touch 敏感肌適用產後專用衛生巾 L碼 (5片/包),,210,0,0,0,0,2025-09-17_11:08:08
244055,HYBRIS,,STS,H0888001_S_10004619,特級魚露,,125,0,0,0,0,2025-09-17_11:08:08
244055,HYBRIS,,STS,H0888001_S_10004625,南乳,,120,0,0,0,0,2025-09-17_11:08:08
244055,HYBRIS,,STS,H0888001_S_10004645,爽口榨菜絲,,130,0,0,0,0,2025-09-17_11:08:08
244055,HYBRIS,,STS,H0888001_S_10004653,陳醋蕎頭,,30,0,0,0,0,2025-09-17_11:08:08
244055,HYBRIS,,STS,H0888001_S_10004654,甜酸蕎頭,,30,0,0,0,0,2025-09-17_11:08:08
244055,HYBRIS,,STS,H0888001_S_10004666,鮑汁靈芝菇片,,120,0,0,0,0,2025-09-17_11:08:09
244055,HYBRIS,,STS,H0888001_S_10005984,豬骨火鍋上湯,,170,0,0,0,0,2025-09-17_11:08:09
244055,HYBRIS,,STS,H0888001_S_10005986,醉雞火鍋上湯,,170,0,0,0,0,2025-09-17_11:08:09
244055,HYBRIS,,STS,H0888001_S_10007891,洋蔥南瓜馬鈴薯片,,125,0,0,0,0,2025-09-17_11:08:09
244055,HYBRIS,,STS,H0888001_S_10009135,藍梅寒天果凍糖,,125,0,0,0,0,2025-09-17_11:08:09
244055,HYBRIS,,STS,H0888001_S_10009139,蜂蜜檸檬寒天果凍糖,,125,0,0,0,0,2025-09-17_11:08:09
244055,HYBRIS,,STS,H0888001_S_10009151,什錦軟糖,,140,0,0,0,0,2025-09-17_11:08:09
244055,HYBRIS,,STS,H0888001_S_10009386,北海道扇貝味薯片,,125,0,0,0,0,2025-09-17_11:08:09
244055,HYBRIS,,STS,H0888001_S_10009388,酥餅 (黑朱古力),,130,0,0,0,0,2025-09-17_11:08:09
244055,HYBRIS,,STS,H0888001_S_10009609,星球大戰系列珍寶珠 (隨機派送),,125,0,0,0,0,2025-09-17_11:08:09
244055,HYBRIS,,STS,H0888001_S_10009610,湖池屋激辣魔薯香辣芝士味薯片,,135,0,0,0,0,2025-09-17_11:08:09
244055,HYBRIS,,STS,H0888001_S_10011987,好ｅ食 - 白汁煙肉磨菇意粉 (急凍),,125,0,0,0,0,2025-09-17_11:08:09
244055,HYBRIS,,STS,H0888001_S_10018925,白風船米餅-牛奶忌廉味,,125,0,0,0,0,2025-09-17_11:08:09
244055,HYBRIS,,STS,H0888001_S_10022686,猴頭菇雪耳百合潤肺湯,,120,0,0,0,0,2025-09-17_11:08:09
244057,HYBRIS,,WFS,H0888001_S_10012013,Bibigo 韓式傳統脆皮煎餃 (急凍),,150,150,0,0,0,2025-09-17_11:25:00
244061,HYBRIS,,CLS,H0888001_S_10007313,滋潤保濕乳霜,,12,0,0,0,0,2025-09-17_11:42:00
244070,HYBRIS,,TWS,H0888001_S_10008283,燕麥脆條 - 蜜糖★燕麥,,36,36,0,0,0,2025-09-17_13:00:00
244076,IMAX_KERRY,,CLS,H0888001_S_10012783,巴西牛胸腩粒 (急凍),IM00072030,784,0,0,0,0,2025-09-17_13:32:00
244077,IMAX_KERRY,,MCS,H0888001_S_10012783,巴西牛胸腩粒 (急凍),IM00072031,24,0,0,0,0,2025-09-17_13:37:00
244078,HYBRIS,,LPS,H0888001_S_10012783,巴西牛胸腩粒 (急凍),,8,8,0,0,0,2025-09-17_13:49:00
244082,IMAX_KERRY,,SHS,H0888001_S_10012783,巴西牛胸腩粒 (急凍),IM00072033,786,0,0,0,0,2025-09-17_14:09:00
244083,HYBRIS,,CLS,H0888001_S_10004649,辣香蘿蔔,,2900,0,0,0,0,2025-09-17_14:19:00
244083,HYBRIS,,CLS,H0888001_S_10007313,滋潤保濕乳霜,,27,0,0,0,0,2025-09-17_14:19:00
244101,IMAX_KERRY,,IRS,H0888001_S_10022197,五香肉丁,IM00072035,48,0,0,0,0,2025-09-17_16:08:00
244104,HYBRIS,,CLS,H0888001_S_10007313,滋潤保濕乳霜,,108,0,0,0,0,2025-09-17_16:41:00
244107,HYBRIS,,RRS,H0888001_S_10018534,澳洲海參(禿參，又名花刺參) (急凍),,96,0,0,0,0,2025-09-17_16:50:00
244108,IMAX_KERRY,,WSH,H0888001_S_10012777,紐西蘭帶骨羊仔腩 (急凍),IM00072038,520,520,520,0,0,2025-09-17_16:54:00
244108,IMAX_KERRY,,WSH,H0888001_S_10012783,巴西牛胸腩粒 (急凍),IM00072038,786,0,0,0,0,2025-09-17_16:54:00
244113,IMAX_STACKING,DRY,CLS,H0255001_S_25116,健腦高濃度深海魚油 60粒,IS00072039,290,0,0,0,0,2025-09-17_17:10:00
244114,IMAX_STACKING,CHILLED,CLS,H0888001_S_10012783,巴西牛胸腩粒 (急凍),IS00072040,5000,0,0,0,0,2025-09-17_17:10:00
244116,IMAX_KERRY,DRY,SHS,H0888001_S_10012777,紐西蘭帶骨羊仔腩 (急凍),IM00072041,2040,2040,2040,0,0,2025-09-17_17:30:00
244117,HYBRIS,,CLS,H0249001_S_1272s-74s,BBB薰衣草身體潔淨旅行套裝,,110,0,0,0,0,2025-09-17_17:40:01
244117,HYBRIS,,CLS,H0249001_S_1274,DDD薰衣草護髮素,,10,0,0,0,0,2025-09-17_17:40:01
244117,HYBRIS,,CLS,H0249001_S_1282s-84s,活花身體潔淨旅行套裝,,110,0,0,0,0,2025-09-17_17:40:01
244117,HYBRIS,,CLS,H0249001_S_1284,活花護髮素,,110,0,0,0,0,2025-09-17_17:40:02
244117,HYBRIS,,CLS,H0249001_S_1292,花露水沐浴露,,110,0,0,0,0,2025-09-17_17:40:02
244117,HYBRIS,,CLS,H0249001_S_1292s-94s,花露水身體潔淨旅行套裝一二三四五六,,110,0,0,0,0,2025-09-17_17:40:02
244117,HYBRIS,,CLS,H0249001_S_1293,花露水洗髮水,,110,0,0,0,0,2025-09-17_17:40:02
244117,HYBRIS,,CLS,H0249001_S_1294,花露水護髮素,,110,0,0,0,0,2025-09-17_17:40:02
244117,HYBRIS,,CLS,H0249001_S_2151,雪花膏,,120,0,0,0,0,2025-09-17_17:40:02
244117,HYBRIS,,CLS,H0249001_S_2152,活花潤手霜,,110,0,0,0,0,2025-09-17_17:40:02
244117,HYBRIS,,CLS,H0249001_S_2157,花露水香皂,,10,0,0,0,0,2025-09-17_17:40:03
244117,HYBRIS,,CLS,H0249001_S_2163,活花爽身粉 (玫瑰花香),,120,0,0,0,0,2025-09-17_17:40:03
244117,HYBRIS,,CLS,H0249001_S_2166,活花香皂,,120,0,0,0,0,2025-09-17_17:40:03
244117,HYBRIS,,CLS,H0249001_S_2167,活花止汗液,,120,0,0,0,0,2025-09-17_17:40:03
244117,HYBRIS,,CLS,H0249001_S_2177,迷你雪花膏,,110,0,0,0,0,2025-09-17_17:40:03
244117,HYBRIS,,CLS,H0249001_S_2181,EEE薰衣草味護髮油,,110,0,0,0,0,2025-09-17_17:40:03
244117,HYBRIS,,CLS,H0249001_S_2182,活花味護髮油  (玫瑰花香),,110,0,0,0,0,2025-09-17_17:40:03
244117,HYBRIS,,CLS,H0249001_S_2186,活花爽身粉 80克 (罐裝)（附柔軟粉撲）,,110,0,0,0,0,2025-09-17_17:40:03
244117,HYBRIS,,CLS,H0249001_S_2187,花露水爽身粉 80克 (罐裝)（附柔軟粉撲）,,110,0,0,0,0,2025-09-17_17:40:03
244117,HYBRIS,,CLS,H0249001_S_2188B,花露水濕紙巾 (20片),,110,0,0,0,0,2025-09-17_17:40:03
244117,HYBRIS,,CLS,H0249001_S_2198,花露水 (200毫升),,110,0,0,0,0,2025-09-17_17:40:04
244117,HYBRIS,,CLS,H0249001_S_2202,花露水 (100毫升),,110,0,0,0,0,2025-09-17_17:40:04
244117,HYBRIS,,CLS,H0249001_S_2204,花露水 (15毫升),,110,0,0,0,0,2025-09-17_17:40:04
244117,HYBRIS,,CLS,H0249001_S_2208,花露水 (10毫升),,110,0,0,0,0,2025-09-17_17:40:04
244117,HYBRIS,,CLS,H0249001_S_2209,花露水膏,,110,0,0,0,0,2025-09-17_17:40:04
244117,HYBRIS,,CLS,H0249001_S_4261,雙妹嚜復古記事簿,,110,0,0,0,0,2025-09-17_17:40:04
244117,HYBRIS,,CLS,H0249001_S_4281,雙妹嚜復古記事簿,,110,0,0,0,0,2025-09-17_17:40:04
244117,HYBRIS,,CLS,H0249001_S_4284,雙妹嚜復古拼圖,,110,0,0,0,0,2025-09-17_17:40:04
244117,HYBRIS,,CLS,H0249001_S_4286,雙妹嚜復古拼圖,,110,0,0,0,0,2025-09-17_17:40:04
244117,HYBRIS,,CLS,H0249001_S_4287,雙妹嚜復古拼圖,,110,0,0,0,0,2025-09-17_17:40:04
244117,HYBRIS,,CLS,H0249001_S_4290,懷舊2R相簿,,110,0,0,0,0,2025-09-17_17:40:04
244117,HYBRIS,,CLS,H0249001_S_4291,懷舊2R相簿,,110,0,0,0,0,2025-09-17_17:40:04
244117,HYBRIS,,CLS,H0249001_S_4292,懷舊2R相簿,,110,0,0,0,0,2025-09-17_17:40:04
244117,HYBRIS,,CLS,H0249001_S_4293,懷舊2R相簿,,110,0,0,0,0,2025-09-17_17:40:04
244117,HYBRIS,,CLS,H0249001_S_4315,雙妹嚜黑色環保袋,,110,0,0,0,0,2025-09-17_17:40:05
244117,HYBRIS,,CLS,H0249001_S_8808,馬賽皂 (檸檬),,110,0,0,0,0,2025-09-17_17:40:05
244117,HYBRIS,,CLS,H0249001_S_8809,馬賽皂 (蜜糖),,110,0,0,0,0,2025-09-17_17:40:05
244117,HYBRIS,,CLS,H0249001_S_8810,馬賽皂 (白檀),,110,0,0,0,0,2025-09-17_17:40:05
244117,HYBRIS,,CLS,H0249001_S_KC1100,指甲水,,110,0,0,0,0,2025-09-17_17:40:05
244117,HYBRIS,,CLS,H0249001_S_KC1101,指甲油 (藍紫色系),,110,0,0,0,0,2025-09-17_17:40:05
244117,HYBRIS,,CLS,H0249001_S_KC1102,指甲油 (藍紫色系),,110,0,0,0,0,2025-09-17_17:40:05
244117,HYBRIS,,CLS,H0249001_S_KC1103,指甲油 (藍紫色系),,110,0,0,0,0,2025-09-17_17:40:05
244117,HYBRIS,,CLS,H0249001_S_KC1105,指甲油 (藍紫色系),,110,0,0,0,0,2025-09-17_17:40:05
244117,HYBRIS,,CLS,H0249001_S_KC1106,指甲油 (紅色系),,110,0,0,0,0,2025-09-17_17:40:05
244117,HYBRIS,,CLS,H0249001_S_KC1107,指甲油 (紅色系),,110,0,0,0,0,2025-09-17_17:40:05
244117,HYBRIS,,CLS,H0249001_S_KC1108,指甲油 (紅色系),,110,0,0,0,0,2025-09-17_17:40:06
244117,HYBRIS,,CLS,H0249001_S_KC1112,指甲油 (藍紫色系),,110,0,0,0,0,2025-09-17_17:40:06
244117,HYBRIS,,CLS,H0249001_S_KC1113,指甲油 (紅色系),,110,0,0,0,0,2025-09-17_17:40:06
244117,HYBRIS,,CLS,H0249001_S_KC1116,指甲油 (彩色系),,110,0,0,0,0,2025-09-17_17:40:06
244117,HYBRIS,,CLS,H0249001_S_KC1121,指甲油 (紅色系),,110,0,0,0,0,2025-09-17_17:40:06
244117,HYBRIS,,CLS,H0249001_S_KC1123,指甲油 (紅色系),,110,0,0,0,0,2025-09-17_17:40:06
244117,HYBRIS,,CLS,H0249001_S_KC1124,指甲油 (紅色系),,110,0,0,0,0,2025-09-17_17:40:06
244117,HYBRIS,,CLS,H0249001_S_KC1127,指甲油 (彩色系),,110,0,0,0,0,2025-09-17_17:40:06
244117,HYBRIS,,CLS,H0249001_S_KC1129,指甲油 (彩色系),,110,0,0,0,0,2025-09-17_17:40:07
244117,HYBRIS,,CLS,H0249001_S_KC1130,指甲油 (彩色系),,110,0,0,0,0,2025-09-17_17:40:07
244117,HYBRIS,,CLS,H0249001_S_KC1131,指甲油 (彩色系),,110,0,0,0,0,2025-09-17_17:40:07
244117,HYBRIS,,CLS,H0249001_S_KC1134,指甲油 (紅色系),,110,0,0,0,0,2025-09-17_17:40:07
244117,HYBRIS,,CLS,H0249001_S_KC1137,指甲油 (色號 - 37透明),,110,0,0,0,0,2025-09-17_17:40:07
244117,HYBRIS,,CLS,H0249001_S_KC1139,指甲油 (彩色系),,110,0,0,0,0,2025-09-17_17:40:07
244117,HYBRIS,,CLS,H0249001_S_KC1146,指甲油 (藍紫色系),,110,0,0,0,0,2025-09-17_17:40:07
244117,HYBRIS,,CLS,H0249001_S_KC1148,指甲油 (彩色系),,110,0,0,0,0,2025-09-17_17:40:07
244117,HYBRIS,,CLS,H0249001_S_KC1152,指甲油 (紅色系),,110,0,0,0,0,2025-09-17_17:40:07
244117,HYBRIS,,CLS,H0249001_S_Q004,雙妹綿布袋 (白色),,110,0,0,0,0,2025-09-17_17:40:08
244117,HYBRIS,,CLS,H0249001_S_Q005,雙妹綿布袋 (自然色),,110,0,0,0,0,2025-09-17_17:40:08
244117,HYBRIS,,CLS,H0255001_S_21875,蒜油 250粒,,110,0,0,0,0,2025-09-17_17:40:08
244117,HYBRIS,,CLS,H0255001_S_21942,利筋諾 50粒,,110,0,0,0,0,2025-09-17_17:40:08
244117,HYBRIS,,CLS,H0255001_S_22993,乳薊果 60片,,110,0,0,0,0,2025-09-17_17:40:08
244117,HYBRIS,,CLS,H0255001_S_23452,葡萄籽加強配方 30片,,110,0,0,0,0,2025-09-17_17:40:08
244117,HYBRIS,,CLS,H0255001_S_24008,無腥味魚油1000 200粒,,110,0,0,0,0,2025-09-17_17:40:08
244117,HYBRIS,,CLS,H0255001_S_24177,葉黃素 60粒,,110,0,0,0,0,2025-09-17_17:40:08
244117,HYBRIS,,CLS,H0255001_S_24201,護眼山桑子 30片,,110,0,0,0,0,2025-09-17_17:40:09
244117,HYBRIS,,CLS,H0255001_S_24877,兒童果味魚油丸 30粒,,110,0,0,0,0,2025-09-17_17:40:09
244117,HYBRIS,,CLS,H0255001_S_25067,鋸櫚前列配方 60粒,,20,0,0,0,0,2025-09-17_17:40:09
244117,HYBRIS,,CLS,H0255001_S_25207,維他命D3 1000 30粒,,110,0,0,0,0,2025-09-17_17:40:09
244117,HYBRIS,,CLS,H0255001_S_25266,護養關節配方 60粒,,110,0,0,0,0,2025-09-17_17:40:09
244117,HYBRIS,,CLS,H0294001_S_120088,免沖洗保濕護髮乳,,110,0,0,0,0,2025-09-17_17:40:09
244117,HYBRIS,,CLS,H0294001_S_120295,潔淨控油洗髮露,,110,0,0,0,0,2025-09-17_17:40:10
244117,HYBRIS,,CLS,H0294001_S_120533,波浪捲髮精華露波浪捲髮精華露波浪捲髮精華露波浪捲髮精華露,,110,0,0,0,0,2025-09-17_17:40:10
244117,HYBRIS,,CLS,H0318002_S_812719,有機矢車菊花水 200ml,,130,0,0,0,0,2025-09-17_17:40:10
244117,HYBRIS,,CLS,H0318002_S_812724,有機大馬士革玫瑰花水 200ml,,130,0,0,0,0,2025-09-17_17:40:10
244117,HYBRIS,,CLS,H0318002_S_852974,有機3重蜂蜜潤澤身體乳霜 150ml,,10,0,0,0,0,2025-09-17_17:40:10
244117,HYBRIS,,CLS,H0318002_S_855281,有機3重蜂蜜潤澤身體磨砂 150g,,110,0,0,0,0,2025-09-17_17:40:10
244117,HYBRIS,,CLS,H0318002_S_86Z0004,有機防敏香體露 50ml,,105,0,0,0,0,2025-09-17_17:40:10
244117,HYBRIS,,CLS,H0539001_S_50159,Royal Touch 敏感肌適用產後專用衛生巾 L碼 (5片/包),,110,0,0,0,0,2025-09-17_17:40:10
244117,HYBRIS,,CLS,H0888001_S_10004619,特級魚露,,15,0,0,0,0,2025-09-17_17:40:10
244117,HYBRIS,,CLS,H0888001_S_10004625,南乳,,220,0,0,0,0,2025-09-17_17:40:11
244117,HYBRIS,,CLS,H0888001_S_10004645,爽口榨菜絲,,230,0,0,0,0,2025-09-17_17:40:11
244117,HYBRIS,,CLS,H0888001_S_10004649,辣香蘿蔔,,120,0,0,0,0,2025-09-17_17:40:11
244117,HYBRIS,,CLS,H0888001_S_10004653,陳醋蕎頭,,130,0,0,0,0,2025-09-17_17:40:11
244117,HYBRIS,,CLS,H0888001_S_10004654,甜酸蕎頭,,130,0,0,0,0,2025-09-17_17:40:11
244117,HYBRIS,,CLS,H0888001_S_10004666,鮑汁靈芝菇片,,220,0,0,0,0,2025-09-17_17:40:11
244117,HYBRIS,,CLS,H0888001_S_10005984,豬骨火鍋上湯,,270,0,0,0,0,2025-09-17_17:40:11
244117,HYBRIS,,CLS,H0888001_S_10005986,醉雞火鍋上湯,,270,0,0,0,0,2025-09-17_17:40:11
244117,HYBRIS,,CLS,H0888001_S_10007891,洋蔥南瓜馬鈴薯片,,10,0,0,0,0,2025-09-17_17:40:11
244117,HYBRIS,,CLS,H0888001_S_10009135,藍梅寒天果凍糖,,10,0,0,0,0,2025-09-17_17:40:12
244117,HYBRIS,,CLS,H0888001_S_10009139,蜂蜜檸檬寒天果凍糖,,10,0,0,0,0,2025-09-17_17:40:12
244117,HYBRIS,,CLS,H0888001_S_10009151,什錦軟糖,,220,0,0,0,0,2025-09-17_17:40:12
244117,HYBRIS,,CLS,H0888001_S_10009386,北海道扇貝味薯片,,10,0,0,0,0,2025-09-17_17:40:12
244117,HYBRIS,,CLS,H0888001_S_10009388,酥餅 (黑朱古力),,15,0,0,0,0,2025-09-17_17:40:12
244117,HYBRIS,,CLS,H0888001_S_10011987,好ｅ食 - 白汁煙肉磨菇意粉 (急凍),,210,0,0,0,0,2025-09-17_17:40:12
244117,HYBRIS,,CLS,H0888001_S_10007313,滋潤保濕乳霜,,12,0,0,0,0,2025-09-17_17:40:12
244117,HYBRIS,,CLS,H0888001_S_10022686,猴頭菇雪耳百合潤肺湯,,192,0,0,0,0,2025-09-17_17:40:13
244117,HYBRIS,,CLS,H0888001_S_10018925,白風船米餅-牛奶忌廉味,,500,0,0,0,0,2025-09-17_17:40:13
244123,IMAX_KERRY,,STS,H0888001_S_10012783,巴西牛胸腩粒 (急凍),IM00072044,1285,0,0,0,0,2025-09-17_18:19:00
244126,IMAX_KERRY,,WFS,H0888001_S_10012783,巴西牛胸腩粒 (急凍),IM00072045,50,0,0,0,0,2025-09-17_18:49:00
244129,HYBRIS,,RRS,H0888001_S_10012783,巴西牛胸腩粒 (急凍),,600,0,0,0,0,2025-09-17_19:19:00
244133,IMAX_KERRY,,RRS,H0888001_S_10012783,巴西牛胸腩粒 (急凍),IM00072047,700,0,0,0,0,2025-09-17_19:59:00
244135,HYBRIS,,HHS,H0249001_S_1272,AAA薰衣草沐浴露,,20,0,0,0,0,2025-09-17_20:09:02
244135,HYBRIS,,HHS,H0249001_S_1272s-74s,BBB薰衣草身體潔淨旅行套裝,,20,0,0,0,0,2025-09-17_20:09:02
244135,HYBRIS,,HHS,H0249001_S_1274,DDD薰衣草護髮素,,20,0,0,0,0,2025-09-17_20:09:02
244135,HYBRIS,,HHS,H0249001_S_1282s-84s,活花身體潔淨旅行套裝,,20,0,0,0,0,2025-09-17_20:09:02
244135,HYBRIS,,HHS,H0249001_S_1284,活花護髮素,,20,0,0,0,0,2025-09-17_20:09:02
244135,HYBRIS,,HHS,H0249001_S_1292,花露水沐浴露,,20,0,0,0,0,2025-09-17_20:09:02
244135,HYBRIS,,HHS,H0249001_S_1292s-94s,花露水身體潔淨旅行套裝一二三四五六,,20,0,0,0,0,2025-09-17_20:09:02
244135,HYBRIS,,HHS,H0249001_S_1293,花露水洗髮水,,20,0,0,0,0,2025-09-17_20:09:02
244135,HYBRIS,,HHS,H0249001_S_1294,花露水護髮素,,20,0,0,0,0,2025-09-17_20:09:02
244135,HYBRIS,,HHS,H0249001_S_2151,雪花膏,,20,0,0,0,0,2025-09-17_20:09:02
244135,HYBRIS,,HHS,H0249001_S_2152,活花潤手霜,,20,0,0,0,0,2025-09-17_20:09:02
244135,HYBRIS,,HHS,H0249001_S_2157,花露水香皂,,20,0,0,0,0,2025-09-17_20:09:02
244135,HYBRIS,,HHS,H0249001_S_2163,活花爽身粉 (玫瑰花香),,20,0,0,0,0,2025-09-17_20:09:02
244135,HYBRIS,,HHS,H0249001_S_2166,活花香皂,,20,0,0,0,0,2025-09-17_20:09:02
244135,HYBRIS,,HHS,H0249001_S_2167,活花止汗液,,20,0,0,0,0,2025-09-17_20:09:02
244135,HYBRIS,,HHS,H0249001_S_2177,迷你雪花膏,,20,0,0,0,0,2025-09-17_20:09:03
244135,HYBRIS,,HHS,H0249001_S_2181,EEE薰衣草味護髮油,,20,0,0,0,0,2025-09-17_20:09:03
244135,HYBRIS,,HHS,H0249001_S_2182,活花味護髮油  (玫瑰花香),,20,0,0,0,0,2025-09-17_20:09:03
244135,HYBRIS,,HHS,H0249001_S_2186,活花爽身粉 80克 (罐裝)（附柔軟粉撲）,,20,0,0,0,0,2025-09-17_20:09:03
244135,HYBRIS,,HHS,H0249001_S_2187,花露水爽身粉 80克 (罐裝)（附柔軟粉撲）,,20,0,0,0,0,2025-09-17_20:09:03
244135,HYBRIS,,HHS,H0249001_S_2188B,花露水濕紙巾 (20片),,20,0,0,0,0,2025-09-17_20:09:03
244135,HYBRIS,,HHS,H0249001_S_2198,花露水 (200毫升),,20,0,0,0,0,2025-09-17_20:09:03
244135,HYBRIS,,HHS,H0249001_S_2202,花露水 (100毫升),,20,0,0,0,0,2025-09-17_20:09:03
244135,HYBRIS,,HHS,H0249001_S_2204,花露水 (15毫升),,20,0,0,0,0,2025-09-17_20:09:03
244135,HYBRIS,,HHS,H0249001_S_2208,花露水 (10毫升),,20,0,0,0,0,2025-09-17_20:09:03
244135,HYBRIS,,HHS,H0249001_S_2209,花露水膏,,20,0,0,0,0,2025-09-17_20:09:03
244135,HYBRIS,,HHS,H0249001_S_4261,雙妹嚜復古記事簿,,20,0,0,0,0,2025-09-17_20:09:03
244135,HYBRIS,,HHS,H0249001_S_4281,雙妹嚜復古記事簿,,20,0,0,0,0,2025-09-17_20:09:03
244135,HYBRIS,,HHS,H0249001_S_4284,雙妹嚜復古拼圖,,20,0,0,0,0,2025-09-17_20:09:03
244135,HYBRIS,,HHS,H0249001_S_4286,雙妹嚜復古拼圖,,20,0,0,0,0,2025-09-17_20:09:03
244135,HYBRIS,,HHS,H0249001_S_4287,雙妹嚜復古拼圖,,20,0,0,0,0,2025-09-17_20:09:03
244135,HYBRIS,,HHS,H0249001_S_4290,懷舊2R相簿,,20,0,0,0,0,2025-09-17_20:09:03
244135,HYBRIS,,HHS,H0249001_S_4291,懷舊2R相簿,,20,0,0,0,0,2025-09-17_20:09:03
244135,HYBRIS,,HHS,H0249001_S_4292,懷舊2R相簿,,20,0,0,0,0,2025-09-17_20:09:03
244135,HYBRIS,,HHS,H0249001_S_4293,懷舊2R相簿,,20,0,0,0,0,2025-09-17_20:09:03
244135,HYBRIS,,HHS,H0249001_S_8808,馬賽皂 (檸檬),,20,0,0,0,0,2025-09-17_20:09:04
244135,HYBRIS,,HHS,H0249001_S_8809,馬賽皂 (蜜糖),,20,0,0,0,0,2025-09-17_20:09:04
244135,HYBRIS,,HHS,H0249001_S_8810,馬賽皂 (白檀),,20,0,0,0,0,2025-09-17_20:09:04
244135,HYBRIS,,HHS,H0249001_S_KC1100,指甲水,,20,0,0,0,0,2025-09-17_20:09:04
244135,HYBRIS,,HHS,H0249001_S_KC1101,指甲油 (藍紫色系),,20,0,0,0,0,2025-09-17_20:09:04
244135,HYBRIS,,HHS,H0249001_S_KC1102,指甲油 (藍紫色系),,20,0,0,0,0,2025-09-17_20:09:04
244135,HYBRIS,,HHS,H0249001_S_KC1103,指甲油 (藍紫色系),,20,0,0,0,0,2025-09-17_20:09:04
244135,HYBRIS,,HHS,H0249001_S_KC1105,指甲油 (藍紫色系),,20,0,0,0,0,2025-09-17_20:09:04
244135,HYBRIS,,HHS,H0249001_S_KC1106,指甲油 (紅色系),,20,0,0,0,0,2025-09-17_20:09:04
244135,HYBRIS,,HHS,H0249001_S_KC1107,指甲油 (紅色系),,20,0,0,0,0,2025-09-17_20:09:04
244135,HYBRIS,,HHS,H0249001_S_KC1108,指甲油 (紅色系),,20,0,0,0,0,2025-09-17_20:09:04
244135,HYBRIS,,HHS,H0249001_S_KC1112,指甲油 (藍紫色系),,20,0,0,0,0,2025-09-17_20:09:04
244135,HYBRIS,,HHS,H0249001_S_KC1113,指甲油 (紅色系),,20,0,0,0,0,2025-09-17_20:09:04
244135,HYBRIS,,HHS,H0249001_S_KC1116,指甲油 (彩色系),,20,0,0,0,0,2025-09-17_20:09:04
244135,HYBRIS,,HHS,H0249001_S_KC1121,指甲油 (紅色系),,20,0,0,0,0,2025-09-17_20:09:05
244135,HYBRIS,,HHS,H0249001_S_KC1123,指甲油 (紅色系),,20,0,0,0,0,2025-09-17_20:09:05
244135,HYBRIS,,HHS,H0249001_S_KC1124,指甲油 (紅色系),,20,0,0,0,0,2025-09-17_20:09:05
244135,HYBRIS,,HHS,H0249001_S_KC1127,指甲油 (彩色系),,20,0,0,0,0,2025-09-17_20:09:05
244135,HYBRIS,,HHS,H0249001_S_KC1129,指甲油 (彩色系),,20,0,0,0,0,2025-09-17_20:09:05
244135,HYBRIS,,HHS,H0249001_S_KC1130,指甲油 (彩色系),,20,0,0,0,0,2025-09-17_20:09:05
244135,HYBRIS,,HHS,H0249001_S_KC1131,指甲油 (彩色系),,20,0,0,0,0,2025-09-17_20:09:05
244135,HYBRIS,,HHS,H0249001_S_KC1134,指甲油 (紅色系),,20,0,0,0,0,2025-09-17_20:09:05
244135,HYBRIS,,HHS,H0249001_S_KC1137,指甲油 (色號 - 37透明),,20,0,0,0,0,2025-09-17_20:09:05
244135,HYBRIS,,HHS,H0249001_S_KC1139,指甲油 (彩色系),,20,0,0,0,0,2025-09-17_20:09:05
244135,HYBRIS,,HHS,H0249001_S_KC1146,指甲油 (藍紫色系),,20,0,0,0,0,2025-09-17_20:09:06
244135,HYBRIS,,HHS,H0249001_S_KC1148,指甲油 (彩色系),,20,0,0,0,0,2025-09-17_20:09:06
244135,HYBRIS,,HHS,H0249001_S_KC1152,指甲油 (紅色系),,20,0,0,0,0,2025-09-17_20:09:06
244135,HYBRIS,,HHS,H0249001_S_Q004,雙妹綿布袋 (白色),,20,0,0,0,0,2025-09-17_20:09:06
244135,HYBRIS,,HHS,H0249001_S_Q005,雙妹綿布袋 (自然色),,20,0,0,0,0,2025-09-17_20:09:06
244135,HYBRIS,,HHS,H0255001_S_21875,蒜油 250粒,,20,0,0,0,0,2025-09-17_20:09:06
244135,HYBRIS,,HHS,H0255001_S_21942,利筋諾 50粒,,20,0,0,0,0,2025-09-17_20:09:06
244135,HYBRIS,,HHS,H0255001_S_22993,乳薊果 60片,,20,0,0,0,0,2025-09-17_20:09:06
244135,HYBRIS,,HHS,H0255001_S_23452,葡萄籽加強配方 30片,,20,0,0,0,0,2025-09-17_20:09:06
244135,HYBRIS,,HHS,H0255001_S_24008,無腥味魚油1000 200粒,,20,0,0,0,0,2025-09-17_20:09:07
244135,HYBRIS,,HHS,H0255001_S_24177,葉黃素 60粒,,20,0,0,0,0,2025-09-17_20:09:07
244135,HYBRIS,,HHS,H0255001_S_24201,護眼山桑子 30片,,20,0,0,0,0,2025-09-17_20:09:07
244135,HYBRIS,,HHS,H0255001_S_24877,兒童果味魚油丸 30粒,,20,0,0,0,0,2025-09-17_20:09:07
244135,HYBRIS,,HHS,H0255001_S_25067,鋸櫚前列配方 60粒,,20,0,0,0,0,2025-09-17_20:09:07
244135,HYBRIS,,HHS,H0255001_S_25110,亞麻籽油植物奧米加369 100粒,,20,0,0,0,0,2025-09-17_20:09:07
244135,HYBRIS,,HHS,H0255001_S_25207,維他命D3 1000 30粒,,20,0,0,0,0,2025-09-17_20:09:08
244135,HYBRIS,,HHS,H0255001_S_25266,護養關節配方 60粒,,20,0,0,0,0,2025-09-17_20:09:08
244135,HYBRIS,,HHS,H0294001_S_120088,免沖洗保濕護髮乳,,20,0,0,0,0,2025-09-17_20:09:08
244135,HYBRIS,,HHS,H0294001_S_120295,潔淨控油洗髮露,,20,0,0,0,0,2025-09-17_20:09:08
244135,HYBRIS,,HHS,H0294001_S_120533,波浪捲髮精華露波浪捲髮精華露波浪捲髮精華露波浪捲髮精華露,,20,0,0,0,0,2025-09-17_20:09:08
244135,HYBRIS,,HHS,H0318002_S_812719,有機矢車菊花水 200ml,,20,0,0,0,0,2025-09-17_20:09:08
244135,HYBRIS,,HHS,H0318002_S_812724,有機大馬士革玫瑰花水 200ml,,20,0,0,0,0,2025-09-17_20:09:08
244135,HYBRIS,,HHS,H0318002_S_852974,有機3重蜂蜜潤澤身體乳霜 150ml,,20,0,0,0,0,2025-09-17_20:09:08
244135,HYBRIS,,HHS,H0318002_S_855281,有機3重蜂蜜潤澤身體磨砂 150g,,20,0,0,0,0,2025-09-17_20:09:08
244135,HYBRIS,,HHS,H0318002_S_861153,有機日用洗髮水 500ml,,20,0,0,0,0,2025-09-17_20:09:08
244135,HYBRIS,,HHS,H0318002_S_86Z0004,有機防敏香體露 50ml,,20,0,0,0,0,2025-09-17_20:09:08
244135,HYBRIS,,HHS,H0318002_S_86Z0005,有機乳木果油護髮素 150ml,,20,0,0,0,0,2025-09-17_20:09:09
244135,HYBRIS,,HHS,H0539001_S_50159,Royal Touch 敏感肌適用產後專用衛生巾 L碼 (5片/包),,20,0,0,0,0,2025-09-17_20:09:09
244141,HYBRIS,,CLS,H0888001_S_10011834,炸魚手指 (急凍),H250917003002,16,16,16,0,0,2025-09-17_22:09:00
244146,HYBRIS,,WFS,H0249001_S_1274,DDD薰衣草護髮素,,15,15,0,0,0,2025-09-17_23:40:02
244146,HYBRIS,,WFS,H0249001_S_2151,雪花膏,,5,5,0,0,0,2025-09-17_23:40:02
244146,HYBRIS,,WFS,H0249001_S_4290,懷舊2R相簿,,5,5,0,0,0,2025-09-17_23:40:04
244146,HYBRIS,,WFS,H0249001_S_KC1139,指甲油 (彩色系),,5,5,0,0,0,2025-09-17_23:40:06
244146,HYBRIS,,WFS,H0318002_S_812724,有機大馬士革玫瑰花水 200ml,,10,10,0,0,0,2025-09-17_23:40:08
244146,HYBRIS,,WFS,H0318002_S_855281,有機3重蜂蜜潤澤身體磨砂 150g,,10,10,0,0,0,2025-09-17_23:40:08
244146,HYBRIS,,WFS,H0318002_S_86Z0005,有機乳木果油護髮素 150ml,,5,5,0,0,0,2025-09-17_23:40:09
244146,HYBRIS,,WFS,H0888001_S_10005984,豬骨火鍋上湯,,105,105,0,0,0,2025-09-17_23:40:09
244146,HYBRIS,,WFS,H0888001_S_10005985,黑胡椒豬骨火鍋上湯,,15,15,0,0,0,2025-09-17_23:40:09
244160,HYBRIS,,TWS,H0859001_S_OS-620,uPure 2 潔淨濾水器2,,440,440,0,0,0,2025-09-18_00:00:01
244163,IMAX_STACKING,FROZEN,COB,H0888001_S_10022875,美國特選牛肩胛肥牛片 (急凍),IS00072053,520,520,0,0,0,2025-09-18_00:00:01
244163,IMAX_STACKING,FROZEN,COB,H0888001_S_10012511,西班牙咸豬手,IS00072053,1610,1610,0,0,0,2025-09-18_00:00:01
244164,IMAX_STACKING,DRY,COB,H0888001_S_10009610,湖池屋激辣魔薯香辣芝士味薯片,IS00072054,120,120,0,0,0,2025-09-18_00:00:01
244164,IMAX_STACKING,DRY,COB,H0859001_S_OS-620,uPure 2 潔淨濾水器2,IS00072054,65,65,0,0,0,2025-09-18_00:00:01
244163,IMAX_STACKING,FROZEN,COB,H0888001_S_10011849,美國大西洋野生響螺頭 M (急凍),IS00072053,3000,3000,0,0,0,2025-09-18_00:00:02
244163,IMAX_STACKING,FROZEN,COB,H0888001_S_10011848,日本煮食用帶子急凍急凍,IS00072053,990,990,0,0,0,2025-09-18_00:00:02
244164,IMAX_STACKING,DRY,COB,H0888001_S_10002195,大樽生啤 (日本版),IS00072054,72,72,0,0,0,2025-09-18_00:00:02
244164,IMAX_STACKING,DRY,COB,H0888001_S_10004262,烏龍茶,IS00072054,168,168,0,0,0,2025-09-18_00:00:02
244166,HYBRIS,,COB,H0888001_S_10009135,藍梅寒天果凍糖,,1212,1212,0,0,0,2025-09-18_00:01:00
244166,HYBRIS,,COB,H0888001_S_10009139,蜂蜜檸檬寒天果凍糖,,1308,1308,0,0,0,2025-09-18_00:01:00
244166,HYBRIS,,COB,H0888001_S_10009151,什錦軟糖,,1420,1420,0,0,0,2025-09-18_00:01:00
244174,HYBRIS,,CLS,H0888001_S_10007313,滋潤保濕乳霜,,444,0,0,0,0,2025-09-18_10:09:00
244175,IMAX_STACKING,DRY,CLS,H0888001_S_10002195,大樽生啤 (日本版),IS00072057,12,0,0,0,0,2025-09-18_10:22:00
244176,HYBRIS,,STS,H0888001_S_10012783,巴西牛胸腩粒 (急凍),,792,0,0,0,0,2025-09-18_10:32:00
244177,HYBRIS,,CLS,H0888001_S_10133455,澳洲和牛漢堡扒 (急凍),,1020,0,0,0,0,2025-09-18_10:38:00
244177,HYBRIS,,CLS,H0888001_S_10133940,(澳洲直送!) 澳洲穀飼西冷牛扒 (2塊裝) (急凍),,1000,0,0,0,0,2025-09-18_10:38:00
244177,HYBRIS,,CLS,H0888001_S_10133453,澳洲M4+ 和牛西冷牛扒 (急凍),,330,0,0,0,0,2025-09-18_10:38:00
244177,HYBRIS,,CLS,H0888001_S_10018534,澳洲海參(禿參，又名花刺參) (急凍),,408,0,0,0,0,2025-09-18_10:38:00
244181,HYBRIS,,STS,H0249001_S_1272s-74s,BBB薰衣草身體潔淨旅行套裝,,210,0,0,0,0,2025-09-18_11:08:02
244181,HYBRIS,,STS,H0249001_S_1273,CCC薰衣草洗髮水,,140,0,0,0,0,2025-09-18_11:08:02
244181,HYBRIS,,STS,H0249001_S_1274,DDD薰衣草護髮素,,210,0,0,0,0,2025-09-18_11:08:02
244181,HYBRIS,,STS,H0249001_S_1282s-84s,活花身體潔淨旅行套裝,,210,0,0,0,0,2025-09-18_11:08:02
244181,HYBRIS,,STS,H0249001_S_1284,活花護髮素,,210,0,0,0,0,2025-09-18_11:08:02
244181,HYBRIS,,STS,H0249001_S_1292,花露水沐浴露,,210,0,0,0,0,2025-09-18_11:08:02
244181,HYBRIS,,STS,H0249001_S_1292s-94s,花露水身體潔淨旅行套裝一二三四五六,,210,0,0,0,0,2025-09-18_11:08:02
244181,HYBRIS,,STS,H0249001_S_1293,花露水洗髮水,,210,0,0,0,0,2025-09-18_11:08:02
244181,HYBRIS,,STS,H0249001_S_1294,花露水護髮素,,210,0,0,0,0,2025-09-18_11:08:02
244181,HYBRIS,,STS,H0249001_S_2151,雪花膏,,210,0,0,0,0,2025-09-18_11:08:02
244181,HYBRIS,,STS,H0249001_S_2152,活花潤手霜,,210,0,0,0,0,2025-09-18_11:08:03
244181,HYBRIS,,STS,H0249001_S_2157,花露水香皂,,210,0,0,0,0,2025-09-18_11:08:03
244181,HYBRIS,,STS,H0249001_S_2163,活花爽身粉 (玫瑰花香),,210,0,0,0,0,2025-09-18_11:08:03
244181,HYBRIS,,STS,H0249001_S_2166,活花香皂,,210,0,0,0,0,2025-09-18_11:08:03
244181,HYBRIS,,STS,H0249001_S_2167,活花止汗液,,210,0,0,0,0,2025-09-18_11:08:03
244181,HYBRIS,,STS,H0249001_S_2177,迷你雪花膏,,210,0,0,0,0,2025-09-18_11:08:03
244181,HYBRIS,,STS,H0249001_S_2181,EEE薰衣草味護髮油,,210,0,0,0,0,2025-09-18_11:08:03
244181,HYBRIS,,STS,H0249001_S_2182,活花味護髮油  (玫瑰花香),,210,0,0,0,0,2025-09-18_11:08:03
244181,HYBRIS,,STS,H0249001_S_2186,活花爽身粉 80克 (罐裝)（附柔軟粉撲）,,210,0,0,0,0,2025-09-18_11:08:03
244181,HYBRIS,,STS,H0249001_S_2187,花露水爽身粉 80克 (罐裝)（附柔軟粉撲）,,210,0,0,0,0,2025-09-18_11:08:03
244181,HYBRIS,,STS,H0249001_S_2188B,花露水濕紙巾 (20片),,210,0,0,0,0,2025-09-18_11:08:03
244181,HYBRIS,,STS,H0249001_S_2198,花露水 (200毫升),,210,0,0,0,0,2025-09-18_11:08:04
244181,HYBRIS,,STS,H0249001_S_2202,花露水 (100毫升),,210,0,0,0,0,2025-09-18_11:08:04
244181,HYBRIS,,STS,H0249001_S_2204,花露水 (15毫升),,210,0,0,0,0,2025-09-18_11:08:04
244181,HYBRIS,,STS,H0249001_S_2208,花露水 (10毫升),,210,0,0,0,0,2025-09-18_11:08:04
244181,HYBRIS,,STS,H0249001_S_2209,花露水膏,,210,0,0,0,0,2025-09-18_11:08:04
244181,HYBRIS,,STS,H0249001_S_4261,雙妹嚜復古記事簿,,210,0,0,0,0,2025-09-18_11:08:04
244181,HYBRIS,,STS,H0249001_S_4281,雙妹嚜復古記事簿,,210,0,0,0,0,2025-09-18_11:08:04
244181,HYBRIS,,STS,H0249001_S_4284,雙妹嚜復古拼圖,,210,0,0,0,0,2025-09-18_11:08:04
244181,HYBRIS,,STS,H0249001_S_4286,雙妹嚜復古拼圖,,210,0,0,0,0,2025-09-18_11:08:04
244181,HYBRIS,,STS,H0249001_S_4287,雙妹嚜復古拼圖,,210,0,0,0,0,2025-09-18_11:08:04
244181,HYBRIS,,STS,H0249001_S_4290,懷舊2R相簿,,210,0,0,0,0,2025-09-18_11:08:04
244181,HYBRIS,,STS,H0249001_S_4291,懷舊2R相簿,,210,0,0,0,0,2025-09-18_11:08:05
244181,HYBRIS,,STS,H0249001_S_4292,懷舊2R相簿,,210,0,0,0,0,2025-09-18_11:08:05
244181,HYBRIS,,STS,H0249001_S_4293,懷舊2R相簿,,210,0,0,0,0,2025-09-18_11:08:05
244181,HYBRIS,,STS,H0249001_S_4315,雙妹嚜黑色環保袋,,210,0,0,0,0,2025-09-18_11:08:05
244181,HYBRIS,,STS,H0249001_S_8808,馬賽皂 (檸檬),,210,0,0,0,0,2025-09-18_11:08:05
244181,HYBRIS,,STS,H0249001_S_8809,馬賽皂 (蜜糖),,210,0,0,0,0,2025-09-18_11:08:05
244181,HYBRIS,,STS,H0249001_S_8810,馬賽皂 (白檀),,210,0,0,0,0,2025-09-18_11:08:05
244181,HYBRIS,,STS,H0249001_S_KC1100,指甲水,,210,0,0,0,0,2025-09-18_11:08:05
244181,HYBRIS,,STS,H0249001_S_KC1101,指甲油 (藍紫色系),,210,0,0,0,0,2025-09-18_11:08:06
244181,HYBRIS,,STS,H0249001_S_KC1102,指甲油 (藍紫色系),,210,0,0,0,0,2025-09-18_11:08:06
244181,HYBRIS,,STS,H0249001_S_KC1103,指甲油 (藍紫色系),,210,0,0,0,0,2025-09-18_11:08:06
244181,HYBRIS,,STS,H0249001_S_KC1105,指甲油 (藍紫色系),,210,0,0,0,0,2025-09-18_11:08:06
244181,HYBRIS,,STS,H0249001_S_KC1106,指甲油 (紅色系),,210,0,0,0,0,2025-09-18_11:08:06
244181,HYBRIS,,STS,H0249001_S_KC1107,指甲油 (紅色系),,210,0,0,0,0,2025-09-18_11:08:06
244181,HYBRIS,,STS,H0249001_S_KC1108,指甲油 (紅色系),,210,0,0,0,0,2025-09-18_11:08:06
244181,HYBRIS,,STS,H0249001_S_KC1112,指甲油 (藍紫色系),,210,0,0,0,0,2025-09-18_11:08:06
244181,HYBRIS,,STS,H0249001_S_KC1113,指甲油 (紅色系),,210,0,0,0,0,2025-09-18_11:08:06
244181,HYBRIS,,STS,H0249001_S_KC1116,指甲油 (彩色系),,210,0,0,0,0,2025-09-18_11:08:07
244181,HYBRIS,,STS,H0249001_S_KC1121,指甲油 (紅色系),,210,0,0,0,0,2025-09-18_11:08:07
244181,HYBRIS,,STS,H0249001_S_KC1123,指甲油 (紅色系),,210,0,0,0,0,2025-09-18_11:08:07
244181,HYBRIS,,STS,H0249001_S_KC1124,指甲油 (紅色系),,210,0,0,0,0,2025-09-18_11:08:08
244181,HYBRIS,,STS,H0249001_S_KC1127,指甲油 (彩色系),,210,0,0,0,0,2025-09-18_11:08:08
244181,HYBRIS,,STS,H0249001_S_KC1129,指甲油 (彩色系),,210,0,0,0,0,2025-09-18_11:08:08
244181,HYBRIS,,STS,H0249001_S_KC1130,指甲油 (彩色系),,210,0,0,0,0,2025-09-18_11:08:08
244181,HYBRIS,,STS,H0249001_S_KC1131,指甲油 (彩色系),,210,0,0,0,0,2025-09-18_11:08:08
244181,HYBRIS,,STS,H0249001_S_KC1134,指甲油 (紅色系),,210,0,0,0,0,2025-09-18_11:08:08
244181,HYBRIS,,STS,H0249001_S_KC1137,指甲油 (色號 - 37透明),,210,0,0,0,0,2025-09-18_11:08:08
244181,HYBRIS,,STS,H0249001_S_KC1139,指甲油 (彩色系),,210,0,0,0,0,2025-09-18_11:08:08
244181,HYBRIS,,STS,H0249001_S_KC1146,指甲油 (藍紫色系),,210,0,0,0,0,2025-09-18_11:08:09
244181,HYBRIS,,STS,H0249001_S_KC1148,指甲油 (彩色系),,210,0,0,0,0,2025-09-18_11:08:09
244181,HYBRIS,,STS,H0249001_S_KC1152,指甲油 (紅色系),,210,0,0,0,0,2025-09-18_11:08:10
244181,HYBRIS,,STS,H0249001_S_Q004,雙妹綿布袋 (白色),,210,0,0,0,0,2025-09-18_11:08:10
244181,HYBRIS,,STS,H0249001_S_Q005,雙妹綿布袋 (自然色),,210,0,0,0,0,2025-09-18_11:08:10
244181,HYBRIS,,STS,H0255001_S_21875,蒜油 250粒,,210,0,0,0,0,2025-09-18_11:08:10
244181,HYBRIS,,STS,H0255001_S_21942,利筋諾 50粒,,210,0,0,0,0,2025-09-18_11:08:11
244181,HYBRIS,,STS,H0255001_S_22993,乳薊果 60片,,210,0,0,0,0,2025-09-18_11:08:11
244181,HYBRIS,,STS,H0255001_S_23452,葡萄籽加強配方 30片,,210,0,0,0,0,2025-09-18_11:08:11
244181,HYBRIS,,STS,H0255001_S_24008,無腥味魚油1000 200粒,,210,0,0,0,0,2025-09-18_11:08:11
244181,HYBRIS,,STS,H0255001_S_24177,葉黃素 60粒,,210,0,0,0,0,2025-09-18_11:08:11
244181,HYBRIS,,STS,H0255001_S_24201,護眼山桑子 30片,,210,0,0,0,0,2025-09-18_11:08:11
244181,HYBRIS,,STS,H0255001_S_24877,兒童果味魚油丸 30粒,,210,0,0,0,0,2025-09-18_11:08:11
244181,HYBRIS,,STS,H0255001_S_25067,鋸櫚前列配方 60粒,,210,0,0,0,0,2025-09-18_11:08:12
244181,HYBRIS,,STS,H0255001_S_25110,亞麻籽油植物奧米加369 100粒,,210,0,0,0,0,2025-09-18_11:08:12
244181,HYBRIS,,STS,H0255001_S_25207,維他命D3 1000 30粒,,210,0,0,0,0,2025-09-18_11:08:12
244181,HYBRIS,,STS,H0255001_S_25266,護養關節配方 60粒,,210,0,0,0,0,2025-09-18_11:08:12
244181,HYBRIS,,STS,H0294001_S_120088,免沖洗保濕護髮乳,,210,0,0,0,0,2025-09-18_11:08:12
244181,HYBRIS,,STS,H0294001_S_120295,潔淨控油洗髮露,,210,0,0,0,0,2025-09-18_11:08:12
244181,HYBRIS,,STS,H0294001_S_120533,波浪捲髮精華露波浪捲髮精華露波浪捲髮精華露波浪捲髮精華露,,210,0,0,0,0,2025-09-18_11:08:12
244181,HYBRIS,,STS,H0318002_S_812719,有機矢車菊花水 200ml,,210,0,0,0,0,2025-09-18_11:08:12
244181,HYBRIS,,STS,H0318002_S_812724,有機大馬士革玫瑰花水 200ml,,210,0,0,0,0,2025-09-18_11:08:12
244181,HYBRIS,,STS,H0318002_S_852974,有機3重蜂蜜潤澤身體乳霜 150ml,,210,0,0,0,0,2025-09-18_11:08:13
244181,HYBRIS,,STS,H0318002_S_855281,有機3重蜂蜜潤澤身體磨砂 150g,,210,0,0,0,0,2025-09-18_11:08:13
244181,HYBRIS,,STS,H0318002_S_861153,有機日用洗髮水 500ml,,210,0,0,0,0,2025-09-18_11:08:13
244181,HYBRIS,,STS,H0318002_S_86Z0004,有機防敏香體露 50ml,,210,0,0,0,0,2025-09-18_11:08:13
244181,HYBRIS,,STS,H0318002_S_86Z0005,有機乳木果油護髮素 150ml,,210,0,0,0,0,2025-09-18_11:08:13
244181,HYBRIS,,STS,H0539001_S_50159,Royal Touch 敏感肌適用產後專用衛生巾 L碼 (5片/包),,210,0,0,0,0,2025-09-18_11:08:13
244181,HYBRIS,,STS,H0888001_S_10004619,特級魚露,,125,0,0,0,0,2025-09-18_11:08:13
244181,HYBRIS,,STS,H0888001_S_10004625,南乳,,120,0,0,0,0,2025-09-18_11:08:14
244181,HYBRIS,,STS,H0888001_S_10004645,爽口榨菜絲,,130,0,0,0,0,2025-09-18_11:08:14
244181,HYBRIS,,STS,H0888001_S_10004653,陳醋蕎頭,,30,0,0,0,0,2025-09-18_11:08:14
244181,HYBRIS,,STS,H0888001_S_10004654,甜酸蕎頭,,30,0,0,0,0,2025-09-18_11:08:14
244181,HYBRIS,,STS,H0888001_S_10004666,鮑汁靈芝菇片,,120,0,0,0,0,2025-09-18_11:08:14
244181,HYBRIS,,STS,H0888001_S_10005984,豬骨火鍋上湯,,170,0,0,0,0,2025-09-18_11:08:14
244181,HYBRIS,,STS,H0888001_S_10005986,醉雞火鍋上湯,,170,0,0,0,0,2025-09-18_11:08:14
244181,HYBRIS,,STS,H0888001_S_10007891,洋蔥南瓜馬鈴薯片,,125,0,0,0,0,2025-09-18_11:08:14
244181,HYBRIS,,STS,H0888001_S_10009135,藍梅寒天果凍糖,,125,0,0,0,0,2025-09-18_11:08:14
244181,HYBRIS,,STS,H0888001_S_10009139,蜂蜜檸檬寒天果凍糖,,125,0,0,0,0,2025-09-18_11:08:15
244181,HYBRIS,,STS,H0888001_S_10009151,什錦軟糖,,140,0,0,0,0,2025-09-18_11:08:15
244181,HYBRIS,,STS,H0888001_S_10009386,北海道扇貝味薯片,,125,0,0,0,0,2025-09-18_11:08:15
244181,HYBRIS,,STS,H0888001_S_10009388,酥餅 (黑朱古力),,130,0,0,0,0,2025-09-18_11:08:15
244181,HYBRIS,,STS,H0888001_S_10009609,星球大戰系列珍寶珠 (隨機派送),,125,0,0,0,0,2025-09-18_11:08:15
244181,HYBRIS,,STS,H0888001_S_10009610,湖池屋激辣魔薯香辣芝士味薯片,,135,0,0,0,0,2025-09-18_11:08:15
244181,HYBRIS,,STS,H0888001_S_10011987,好ｅ食 - 白汁煙肉磨菇意粉 (急凍),,125,0,0,0,0,2025-09-18_11:08:15
244181,HYBRIS,,STS,H0888001_S_10018925,白風船米餅-牛奶忌廉味,,125,0,0,0,0,2025-09-18_11:08:15
244181,HYBRIS,,STS,H0888001_S_10022686,猴頭菇雪耳百合潤肺湯,,120,0,0,0,0,2025-09-18_11:08:15
244183,HYBRIS,,WFS,H0888001_S_10012013,Bibigo 韓式傳統脆皮煎餃 (急凍),,150,150,0,0,0,2025-09-18_11:25:00
244187,HYBRIS,,CLS,H0888001_S_10007313,滋潤保濕乳霜,,12,0,0,0,0,2025-09-18_11:42:00
244196,HYBRIS,,TWS,H0888001_S_10008283,燕麥脆條 - 蜜糖★燕麥,,36,36,0,0,0,2025-09-18_13:00:00
244202,IMAX_KERRY,,CLS,H0888001_S_10012783,巴西牛胸腩粒 (急凍),IM00072065,784,0,0,0,0,2025-09-18_13:32:00
244203,HYBRIS,,LPS,H0888001_S_10012783,巴西牛胸腩粒 (急凍),,8,8,0,0,0,2025-09-18_13:49:00
244207,IMAX_KERRY,,SHS,H0888001_S_10012783,巴西牛胸腩粒 (急凍),IM00072067,786,0,0,0,0,2025-09-18_14:09:00
244208,HYBRIS,,CLS,H0888001_S_10004649,辣香蘿蔔,,2900,2900,0,0,0,2025-09-18_14:19:00
244208,HYBRIS,,CLS,H0888001_S_10007313,滋潤保濕乳霜,,27,27,0,0,0,2025-09-18_14:19:00
244227,IMAX_KERRY,,IRS,H0888001_S_10022197,五香肉丁,IM00072069,48,0,0,0,0,2025-09-18_16:08:00
244230,HYBRIS,,CLS,H0888001_S_10007313,滋潤保濕乳霜,,108,0,0,0,0,2025-09-18_16:41:00
244233,HYBRIS,,RRS,H0888001_S_10018534,澳洲海參(禿參，又名花刺參) (急凍),,96,0,0,0,0,2025-09-18_16:50:00
244234,IMAX_KERRY,,WSH,H0888001_S_10012783,巴西牛胸腩粒 (急凍),IM00072072,786,0,0,0,0,2025-09-18_16:54:00
244240,IMAX_STACKING,DRY,CLS,H0255001_S_25116,健腦高濃度深海魚油 60粒,IS00072073,290,0,0,0,0,2025-09-18_17:10:00
244239,IMAX_STACKING,CHILLED,CLS,H0888001_S_10012783,巴西牛胸腩粒 (急凍),IS00072074,5000,0,0,0,0,2025-09-18_17:10:00
244243,HYBRIS,,CLS,H0249001_S_1272s-74s,BBB薰衣草身體潔淨旅行套裝,,110,0,0,0,0,2025-09-18_17:40:02
244243,HYBRIS,,CLS,H0249001_S_1274,DDD薰衣草護髮素,,10,0,0,0,0,2025-09-18_17:40:02
244243,HYBRIS,,CLS,H0249001_S_1282s-84s,活花身體潔淨旅行套裝,,110,0,0,0,0,2025-09-18_17:40:02
244243,HYBRIS,,CLS,H0249001_S_1284,活花護髮素,,110,0,0,0,0,2025-09-18_17:40:02
244243,HYBRIS,,CLS,H0249001_S_1292,花露水沐浴露,,110,0,0,0,0,2025-09-18_17:40:02
244243,HYBRIS,,CLS,H0249001_S_1292s-94s,花露水身體潔淨旅行套裝一二三四五六,,110,0,0,0,0,2025-09-18_17:40:02
244243,HYBRIS,,CLS,H0249001_S_1293,花露水洗髮水,,110,0,0,0,0,2025-09-18_17:40:02
244243,HYBRIS,,CLS,H0249001_S_1294,花露水護髮素,,110,0,0,0,0,2025-09-18_17:40:02
244243,HYBRIS,,CLS,H0249001_S_2151,雪花膏,,120,0,0,0,0,2025-09-18_17:40:03
244243,HYBRIS,,CLS,H0249001_S_2152,活花潤手霜,,110,0,0,0,0,2025-09-18_17:40:03
244243,HYBRIS,,CLS,H0249001_S_2157,花露水香皂,,10,0,0,0,0,2025-09-18_17:40:03
244243,HYBRIS,,CLS,H0249001_S_2163,活花爽身粉 (玫瑰花香),,120,0,0,0,0,2025-09-18_17:40:03
244243,HYBRIS,,CLS,H0249001_S_2166,活花香皂,,120,0,0,0,0,2025-09-18_17:40:03
244243,HYBRIS,,CLS,H0249001_S_2167,活花止汗液,,120,0,0,0,0,2025-09-18_17:40:03
244243,HYBRIS,,CLS,H0249001_S_2177,迷你雪花膏,,110,0,0,0,0,2025-09-18_17:40:03
244243,HYBRIS,,CLS,H0249001_S_2181,EEE薰衣草味護髮油,,110,0,0,0,0,2025-09-18_17:40:03
244243,HYBRIS,,CLS,H0249001_S_2182,活花味護髮油  (玫瑰花香),,110,0,0,0,0,2025-09-18_17:40:03
244243,HYBRIS,,CLS,H0249001_S_2186,活花爽身粉 80克 (罐裝)（附柔軟粉撲）,,110,0,0,0,0,2025-09-18_17:40:03
244243,HYBRIS,,CLS,H0249001_S_2187,花露水爽身粉 80克 (罐裝)（附柔軟粉撲）,,110,0,0,0,0,2025-09-18_17:40:03
244243,HYBRIS,,CLS,H0249001_S_2188B,花露水濕紙巾 (20片),,110,0,0,0,0,2025-09-18_17:40:04
244243,HYBRIS,,CLS,H0249001_S_2198,花露水 (200毫升),,110,0,0,0,0,2025-09-18_17:40:04
244243,HYBRIS,,CLS,H0249001_S_2202,花露水 (100毫升),,110,0,0,0,0,2025-09-18_17:40:04
244243,HYBRIS,,CLS,H0249001_S_2204,花露水 (15毫升),,110,0,0,0,0,2025-09-18_17:40:04
244243,HYBRIS,,CLS,H0249001_S_2208,花露水 (10毫升),,110,0,0,0,0,2025-09-18_17:40:04
244243,HYBRIS,,CLS,H0249001_S_2209,花露水膏,,110,0,0,0,0,2025-09-18_17:40:04
244243,HYBRIS,,CLS,H0249001_S_4261,雙妹嚜復古記事簿,,110,0,0,0,0,2025-09-18_17:40:04
244243,HYBRIS,,CLS,H0249001_S_4281,雙妹嚜復古記事簿,,110,0,0,0,0,2025-09-18_17:40:04
244243,HYBRIS,,CLS,H0249001_S_4284,雙妹嚜復古拼圖,,110,0,0,0,0,2025-09-18_17:40:04
244243,HYBRIS,,CLS,H0249001_S_4286,雙妹嚜復古拼圖,,110,0,0,0,0,2025-09-18_17:40:04
244243,HYBRIS,,CLS,H0249001_S_4287,雙妹嚜復古拼圖,,110,0,0,0,0,2025-09-18_17:40:04
244243,HYBRIS,,CLS,H0249001_S_4290,懷舊2R相簿,,110,0,0,0,0,2025-09-18_17:40:04
244243,HYBRIS,,CLS,H0249001_S_4291,懷舊2R相簿,,110,0,0,0,0,2025-09-18_17:40:04
244243,HYBRIS,,CLS,H0249001_S_4292,懷舊2R相簿,,110,0,0,0,0,2025-09-18_17:40:04
244243,HYBRIS,,CLS,H0249001_S_4293,懷舊2R相簿,,110,0,0,0,0,2025-09-18_17:40:05
244243,HYBRIS,,CLS,H0249001_S_4315,雙妹嚜黑色環保袋,,110,0,0,0,0,2025-09-18_17:40:05
244243,HYBRIS,,CLS,H0249001_S_8808,馬賽皂 (檸檬),,110,0,0,0,0,2025-09-18_17:40:05
244243,HYBRIS,,CLS,H0249001_S_8809,馬賽皂 (蜜糖),,110,0,0,0,0,2025-09-18_17:40:05
244243,HYBRIS,,CLS,H0249001_S_8810,馬賽皂 (白檀),,110,0,0,0,0,2025-09-18_17:40:05
244243,HYBRIS,,CLS,H0249001_S_KC1100,指甲水,,110,0,0,0,0,2025-09-18_17:40:05
244243,HYBRIS,,CLS,H0249001_S_KC1101,指甲油 (藍紫色系),,110,0,0,0,0,2025-09-18_17:40:05
244243,HYBRIS,,CLS,H0249001_S_KC1102,指甲油 (藍紫色系),,110,0,0,0,0,2025-09-18_17:40:05
244243,HYBRIS,,CLS,H0249001_S_KC1103,指甲油 (藍紫色系),,110,0,0,0,0,2025-09-18_17:40:05
244243,HYBRIS,,CLS,H0249001_S_KC1105,指甲油 (藍紫色系),,110,0,0,0,0,2025-09-18_17:40:05
244243,HYBRIS,,CLS,H0249001_S_KC1106,指甲油 (紅色系),,110,0,0,0,0,2025-09-18_17:40:05
244243,HYBRIS,,CLS,H0249001_S_KC1107,指甲油 (紅色系),,110,0,0,0,0,2025-09-18_17:40:05
244243,HYBRIS,,CLS,H0249001_S_KC1108,指甲油 (紅色系),,110,0,0,0,0,2025-09-18_17:40:05
244243,HYBRIS,,CLS,H0249001_S_KC1112,指甲油 (藍紫色系),,110,0,0,0,0,2025-09-18_17:40:05
244243,HYBRIS,,CLS,H0249001_S_KC1113,指甲油 (紅色系),,110,0,0,0,0,2025-09-18_17:40:05
244243,HYBRIS,,CLS,H0249001_S_KC1116,指甲油 (彩色系),,110,0,0,0,0,2025-09-18_17:40:06
244243,HYBRIS,,CLS,H0249001_S_KC1121,指甲油 (紅色系),,110,0,0,0,0,2025-09-18_17:40:06
244243,HYBRIS,,CLS,H0249001_S_KC1123,指甲油 (紅色系),,110,0,0,0,0,2025-09-18_17:40:06
244243,HYBRIS,,CLS,H0249001_S_KC1124,指甲油 (紅色系),,110,0,0,0,0,2025-09-18_17:40:06
244243,HYBRIS,,CLS,H0249001_S_KC1127,指甲油 (彩色系),,110,0,0,0,0,2025-09-18_17:40:06
244243,HYBRIS,,CLS,H0249001_S_KC1129,指甲油 (彩色系),,110,0,0,0,0,2025-09-18_17:40:06
244243,HYBRIS,,CLS,H0249001_S_KC1130,指甲油 (彩色系),,110,0,0,0,0,2025-09-18_17:40:06
244243,HYBRIS,,CLS,H0249001_S_KC1131,指甲油 (彩色系),,110,0,0,0,0,2025-09-18_17:40:06
244243,HYBRIS,,CLS,H0249001_S_KC1134,指甲油 (紅色系),,110,0,0,0,0,2025-09-18_17:40:07
244243,HYBRIS,,CLS,H0249001_S_KC1137,指甲油 (色號 - 37透明),,110,0,0,0,0,2025-09-18_17:40:07
244243,HYBRIS,,CLS,H0249001_S_KC1139,指甲油 (彩色系),,110,0,0,0,0,2025-09-18_17:40:07
244243,HYBRIS,,CLS,H0249001_S_KC1146,指甲油 (藍紫色系),,110,0,0,0,0,2025-09-18_17:40:07
244243,HYBRIS,,CLS,H0249001_S_KC1148,指甲油 (彩色系),,110,0,0,0,0,2025-09-18_17:40:07
244243,HYBRIS,,CLS,H0249001_S_KC1152,指甲油 (紅色系),,110,0,0,0,0,2025-09-18_17:40:07
244243,HYBRIS,,CLS,H0249001_S_Q004,雙妹綿布袋 (白色),,110,0,0,0,0,2025-09-18_17:40:08
244243,HYBRIS,,CLS,H0249001_S_Q005,雙妹綿布袋 (自然色),,110,0,0,0,0,2025-09-18_17:40:08
244243,HYBRIS,,CLS,H0255001_S_21875,蒜油 250粒,,110,0,0,0,0,2025-09-18_17:40:08
244243,HYBRIS,,CLS,H0255001_S_21942,利筋諾 50粒,,110,0,0,0,0,2025-09-18_17:40:08
244243,HYBRIS,,CLS,H0255001_S_22993,乳薊果 60片,,110,0,0,0,0,2025-09-18_17:40:08
244243,HYBRIS,,CLS,H0255001_S_23452,葡萄籽加強配方 30片,,110,0,0,0,0,2025-09-18_17:40:08
244243,HYBRIS,,CLS,H0255001_S_24008,無腥味魚油1000 200粒,,110,0,0,0,0,2025-09-18_17:40:09
244243,HYBRIS,,CLS,H0255001_S_24177,葉黃素 60粒,,110,0,0,0,0,2025-09-18_17:40:09
244243,HYBRIS,,CLS,H0255001_S_24201,護眼山桑子 30片,,110,0,0,0,0,2025-09-18_17:40:09
244243,HYBRIS,,CLS,H0255001_S_24877,兒童果味魚油丸 30粒,,110,0,0,0,0,2025-09-18_17:40:09
244243,HYBRIS,,CLS,H0255001_S_25067,鋸櫚前列配方 60粒,,20,0,0,0,0,2025-09-18_17:40:09
244243,HYBRIS,,CLS,H0255001_S_25207,維他命D3 1000 30粒,,110,0,0,0,0,2025-09-18_17:40:10
244243,HYBRIS,,CLS,H0255001_S_25266,護養關節配方 60粒,,110,0,0,0,0,2025-09-18_17:40:10
244243,HYBRIS,,CLS,H0294001_S_120088,免沖洗保濕護髮乳,,110,0,0,0,0,2025-09-18_17:40:10
244243,HYBRIS,,CLS,H0294001_S_120295,潔淨控油洗髮露,,110,0,0,0,0,2025-09-18_17:40:10
244243,HYBRIS,,CLS,H0294001_S_120533,波浪捲髮精華露波浪捲髮精華露波浪捲髮精華露波浪捲髮精華露,,110,0,0,0,0,2025-09-18_17:40:10
244243,HYBRIS,,CLS,H0318002_S_812719,有機矢車菊花水 200ml,,130,0,0,0,0,2025-09-18_17:40:10
244243,HYBRIS,,CLS,H0318002_S_812724,有機大馬士革玫瑰花水 200ml,,130,0,0,0,0,2025-09-18_17:40:10
244243,HYBRIS,,CLS,H0318002_S_852974,有機3重蜂蜜潤澤身體乳霜 150ml,,10,0,0,0,0,2025-09-18_17:40:10
244243,HYBRIS,,CLS,H0318002_S_855281,有機3重蜂蜜潤澤身體磨砂 150g,,110,0,0,0,0,2025-09-18_17:40:10
244243,HYBRIS,,CLS,H0318002_S_86Z0004,有機防敏香體露 50ml,,105,0,0,0,0,2025-09-18_17:40:10
244243,HYBRIS,,CLS,H0539001_S_50159,Royal Touch 敏感肌適用產後專用衛生巾 L碼 (5片/包),,110,0,0,0,0,2025-09-18_17:40:10
244243,HYBRIS,,CLS,H0888001_S_10004619,特級魚露,,15,0,0,0,0,2025-09-18_17:40:10
244243,HYBRIS,,CLS,H0888001_S_10004625,南乳,,220,0,0,0,0,2025-09-18_17:40:11
244243,HYBRIS,,CLS,H0888001_S_10004645,爽口榨菜絲,,230,0,0,0,0,2025-09-18_17:40:11
244243,HYBRIS,,CLS,H0888001_S_10004649,辣香蘿蔔,,120,0,0,0,0,2025-09-18_17:40:11
244243,HYBRIS,,CLS,H0888001_S_10004653,陳醋蕎頭,,130,0,0,0,0,2025-09-18_17:40:11
244243,HYBRIS,,CLS,H0888001_S_10004654,甜酸蕎頭,,130,0,0,0,0,2025-09-18_17:40:11
244243,HYBRIS,,CLS,H0888001_S_10004666,鮑汁靈芝菇片,,220,0,0,0,0,2025-09-18_17:40:11
244243,HYBRIS,,CLS,H0888001_S_10005984,豬骨火鍋上湯,,270,0,0,0,0,2025-09-18_17:40:11
244243,HYBRIS,,CLS,H0888001_S_10005986,醉雞火鍋上湯,,270,0,0,0,0,2025-09-18_17:40:11
244243,HYBRIS,,CLS,H0888001_S_10007891,洋蔥南瓜馬鈴薯片,,10,0,0,0,0,2025-09-18_17:40:11
244243,HYBRIS,,CLS,H0888001_S_10009135,藍梅寒天果凍糖,,10,0,0,0,0,2025-09-18_17:40:11
244243,HYBRIS,,CLS,H0888001_S_10009139,蜂蜜檸檬寒天果凍糖,,10,0,0,0,0,2025-09-18_17:40:12
244243,HYBRIS,,CLS,H0888001_S_10009151,什錦軟糖,,220,0,0,0,0,2025-09-18_17:40:12
244243,HYBRIS,,CLS,H0888001_S_10009386,北海道扇貝味薯片,,10,0,0,0,0,2025-09-18_17:40:12
244243,HYBRIS,,CLS,H0888001_S_10009388,酥餅 (黑朱古力),,15,0,0,0,0,2025-09-18_17:40:12
244243,HYBRIS,,CLS,H0888001_S_10011987,好ｅ食 - 白汁煙肉磨菇意粉 (急凍),,210,0,0,0,0,2025-09-18_17:40:12
244243,HYBRIS,,CLS,H0888001_S_10007313,滋潤保濕乳霜,,12,0,0,0,0,2025-09-18_17:40:12
244243,HYBRIS,,CLS,H0888001_S_10022686,猴頭菇雪耳百合潤肺湯,,192,0,0,0,0,2025-09-18_17:40:13
244243,HYBRIS,,CLS,H0888001_S_10018925,白風船米餅-牛奶忌廉味,,500,0,0,0,0,2025-09-18_17:40:13
244249,IMAX_KERRY,,STS,H0888001_S_10012725,日式浦燒鰻魚 (急凍),IM00072077,150,150,150,0,0,2025-09-18_18:19:00
244249,IMAX_KERRY,,STS,H0888001_S_10012783,巴西牛胸腩粒 (急凍),IM00072077,1285,0,0,0,0,2025-09-18_18:19:00
244252,IMAX_KERRY,,WFS,H0888001_S_10012783,巴西牛胸腩粒 (急凍),IM00072078,50,0,0,0,0,2025-09-18_18:49:00
244255,HYBRIS,,RRS,H0888001_S_10012783,巴西牛胸腩粒 (急凍),,600,0,0,0,0,2025-09-18_19:19:00
244259,IMAX_KERRY,,RRS,H0888001_S_10012783,巴西牛胸腩粒 (急凍),IM00072080,700,0,0,0,0,2025-09-18_19:59:00
244261,HYBRIS,,HHS,H0249001_S_1272,AAA薰衣草沐浴露,,20,0,0,0,0,2025-09-18_20:09:01
244261,HYBRIS,,HHS,H0249001_S_1272s-74s,BBB薰衣草身體潔淨旅行套裝,,20,0,0,0,0,2025-09-18_20:09:01
244261,HYBRIS,,HHS,H0249001_S_1274,DDD薰衣草護髮素,,20,0,0,0,0,2025-09-18_20:09:01
244261,HYBRIS,,HHS,H0249001_S_1282s-84s,活花身體潔淨旅行套裝,,20,0,0,0,0,2025-09-18_20:09:01
244261,HYBRIS,,HHS,H0249001_S_1284,活花護髮素,,20,0,0,0,0,2025-09-18_20:09:01
244261,HYBRIS,,HHS,H0249001_S_1292,花露水沐浴露,,20,0,0,0,0,2025-09-18_20:09:01
244261,HYBRIS,,HHS,H0249001_S_1292s-94s,花露水身體潔淨旅行套裝一二三四五六,,20,0,0,0,0,2025-09-18_20:09:01
244261,HYBRIS,,HHS,H0249001_S_1293,花露水洗髮水,,20,0,0,0,0,2025-09-18_20:09:01
244261,HYBRIS,,HHS,H0249001_S_1294,花露水護髮素,,20,0,0,0,0,2025-09-18_20:09:01
244261,HYBRIS,,HHS,H0249001_S_2151,雪花膏,,20,0,0,0,0,2025-09-18_20:09:02
244261,HYBRIS,,HHS,H0249001_S_2152,活花潤手霜,,20,0,0,0,0,2025-09-18_20:09:02
244261,HYBRIS,,HHS,H0249001_S_2157,花露水香皂,,20,0,0,0,0,2025-09-18_20:09:02
244261,HYBRIS,,HHS,H0249001_S_2163,活花爽身粉 (玫瑰花香),,20,0,0,0,0,2025-09-18_20:09:02
244261,HYBRIS,,HHS,H0249001_S_2166,活花香皂,,20,0,0,0,0,2025-09-18_20:09:02
244261,HYBRIS,,HHS,H0249001_S_2167,活花止汗液,,20,0,0,0,0,2025-09-18_20:09:02
244261,HYBRIS,,HHS,H0249001_S_2177,迷你雪花膏,,20,0,0,0,0,2025-09-18_20:09:02
244261,HYBRIS,,HHS,H0249001_S_2181,EEE薰衣草味護髮油,,20,0,0,0,0,2025-09-18_20:09:02
244261,HYBRIS,,HHS,H0249001_S_2182,活花味護髮油  (玫瑰花香),,20,0,0,0,0,2025-09-18_20:09:02
244261,HYBRIS,,HHS,H0249001_S_2186,活花爽身粉 80克 (罐裝)（附柔軟粉撲）,,20,0,0,0,0,2025-09-18_20:09:02
244261,HYBRIS,,HHS,H0249001_S_2187,花露水爽身粉 80克 (罐裝)（附柔軟粉撲）,,20,0,0,0,0,2025-09-18_20:09:02
244261,HYBRIS,,HHS,H0249001_S_2188B,花露水濕紙巾 (20片),,20,0,0,0,0,2025-09-18_20:09:02
244261,HYBRIS,,HHS,H0249001_S_2198,花露水 (200毫升),,20,0,0,0,0,2025-09-18_20:09:02
244261,HYBRIS,,HHS,H0249001_S_2202,花露水 (100毫升),,20,0,0,0,0,2025-09-18_20:09:02
244261,HYBRIS,,HHS,H0249001_S_2204,花露水 (15毫升),,20,0,0,0,0,2025-09-18_20:09:02
244261,HYBRIS,,HHS,H0249001_S_2208,花露水 (10毫升),,20,0,0,0,0,2025-09-18_20:09:02
244261,HYBRIS,,HHS,H0249001_S_2209,花露水膏,,20,0,0,0,0,2025-09-18_20:09:03
244261,HYBRIS,,HHS,H0249001_S_4261,雙妹嚜復古記事簿,,20,0,0,0,0,2025-09-18_20:09:03
244261,HYBRIS,,HHS,H0249001_S_4281,雙妹嚜復古記事簿,,20,0,0,0,0,2025-09-18_20:09:03
244261,HYBRIS,,HHS,H0249001_S_4284,雙妹嚜復古拼圖,,20,0,0,0,0,2025-09-18_20:09:03
244261,HYBRIS,,HHS,H0249001_S_4286,雙妹嚜復古拼圖,,20,0,0,0,0,2025-09-18_20:09:03
244261,HYBRIS,,HHS,H0249001_S_4287,雙妹嚜復古拼圖,,20,0,0,0,0,2025-09-18_20:09:03
244261,HYBRIS,,HHS,H0249001_S_4290,懷舊2R相簿,,20,0,0,0,0,2025-09-18_20:09:03
244261,HYBRIS,,HHS,H0249001_S_4291,懷舊2R相簿,,20,0,0,0,0,2025-09-18_20:09:03
244261,HYBRIS,,HHS,H0249001_S_4292,懷舊2R相簿,,20,0,0,0,0,2025-09-18_20:09:03
244261,HYBRIS,,HHS,H0249001_S_4293,懷舊2R相簿,,20,0,0,0,0,2025-09-18_20:09:03
244261,HYBRIS,,HHS,H0249001_S_8808,馬賽皂 (檸檬),,20,0,0,0,0,2025-09-18_20:09:03
244261,HYBRIS,,HHS,H0249001_S_8809,馬賽皂 (蜜糖),,20,0,0,0,0,2025-09-18_20:09:03
244261,HYBRIS,,HHS,H0249001_S_8810,馬賽皂 (白檀),,20,0,0,0,0,2025-09-18_20:09:03
244261,HYBRIS,,HHS,H0249001_S_KC1100,指甲水,,20,0,0,0,0,2025-09-18_20:09:03
244261,HYBRIS,,HHS,H0249001_S_KC1101,指甲油 (藍紫色系),,20,0,0,0,0,2025-09-18_20:09:04
244261,HYBRIS,,HHS,H0249001_S_KC1102,指甲油 (藍紫色系),,20,0,0,0,0,2025-09-18_20:09:04
244261,HYBRIS,,HHS,H0249001_S_KC1103,指甲油 (藍紫色系),,20,0,0,0,0,2025-09-18_20:09:04
244261,HYBRIS,,HHS,H0249001_S_KC1105,指甲油 (藍紫色系),,20,0,0,0,0,2025-09-18_20:09:04
244261,HYBRIS,,HHS,H0249001_S_KC1106,指甲油 (紅色系),,20,0,0,0,0,2025-09-18_20:09:04
244261,HYBRIS,,HHS,H0249001_S_KC1107,指甲油 (紅色系),,20,0,0,0,0,2025-09-18_20:09:04
244261,HYBRIS,,HHS,H0249001_S_KC1108,指甲油 (紅色系),,20,0,0,0,0,2025-09-18_20:09:04
244261,HYBRIS,,HHS,H0249001_S_KC1112,指甲油 (藍紫色系),,20,0,0,0,0,2025-09-18_20:09:04
244261,HYBRIS,,HHS,H0249001_S_KC1113,指甲油 (紅色系),,20,0,0,0,0,2025-09-18_20:09:04
244261,HYBRIS,,HHS,H0249001_S_KC1116,指甲油 (彩色系),,20,0,0,0,0,2025-09-18_20:09:04
244261,HYBRIS,,HHS,H0249001_S_KC1121,指甲油 (紅色系),,20,0,0,0,0,2025-09-18_20:09:05
244261,HYBRIS,,HHS,H0249001_S_KC1123,指甲油 (紅色系),,20,0,0,0,0,2025-09-18_20:09:05
244261,HYBRIS,,HHS,H0249001_S_KC1124,指甲油 (紅色系),,20,0,0,0,0,2025-09-18_20:09:05
244261,HYBRIS,,HHS,H0249001_S_KC1127,指甲油 (彩色系),,20,0,0,0,0,2025-09-18_20:09:05
244261,HYBRIS,,HHS,H0249001_S_KC1129,指甲油 (彩色系),,20,0,0,0,0,2025-09-18_20:09:05
244261,HYBRIS,,HHS,H0249001_S_KC1130,指甲油 (彩色系),,20,0,0,0,0,2025-09-18_20:09:05
244261,HYBRIS,,HHS,H0249001_S_KC1131,指甲油 (彩色系),,20,0,0,0,0,2025-09-18_20:09:05
244261,HYBRIS,,HHS,H0249001_S_KC1134,指甲油 (紅色系),,20,0,0,0,0,2025-09-18_20:09:05
244261,HYBRIS,,HHS,H0249001_S_KC1137,指甲油 (色號 - 37透明),,20,0,0,0,0,2025-09-18_20:09:05
244261,HYBRIS,,HHS,H0249001_S_KC1139,指甲油 (彩色系),,20,0,0,0,0,2025-09-18_20:09:05
244261,HYBRIS,,HHS,H0249001_S_KC1146,指甲油 (藍紫色系),,20,0,0,0,0,2025-09-18_20:09:06
244261,HYBRIS,,HHS,H0249001_S_KC1148,指甲油 (彩色系),,20,0,0,0,0,2025-09-18_20:09:06
244261,HYBRIS,,HHS,H0249001_S_KC1152,指甲油 (紅色系),,20,0,0,0,0,2025-09-18_20:09:06
244261,HYBRIS,,HHS,H0249001_S_Q004,雙妹綿布袋 (白色),,20,0,0,0,0,2025-09-18_20:09:06
244261,HYBRIS,,HHS,H0249001_S_Q005,雙妹綿布袋 (自然色),,20,0,0,0,0,2025-09-18_20:09:07
244261,HYBRIS,,HHS,H0255001_S_21875,蒜油 250粒,,20,0,0,0,0,2025-09-18_20:09:07
244261,HYBRIS,,HHS,H0255001_S_21942,利筋諾 50粒,,20,0,0,0,0,2025-09-18_20:09:07
244261,HYBRIS,,HHS,H0255001_S_22993,乳薊果 60片,,20,0,0,0,0,2025-09-18_20:09:07
244261,HYBRIS,,HHS,H0255001_S_23452,葡萄籽加強配方 30片,,20,0,0,0,0,2025-09-18_20:09:07
244261,HYBRIS,,HHS,H0255001_S_24008,無腥味魚油1000 200粒,,20,0,0,0,0,2025-09-18_20:09:07
244261,HYBRIS,,HHS,H0255001_S_24177,葉黃素 60粒,,20,0,0,0,0,2025-09-18_20:09:07
244261,HYBRIS,,HHS,H0255001_S_24201,護眼山桑子 30片,,20,0,0,0,0,2025-09-18_20:09:07
244261,HYBRIS,,HHS,H0255001_S_24877,兒童果味魚油丸 30粒,,20,0,0,0,0,2025-09-18_20:09:07
244261,HYBRIS,,HHS,H0255001_S_25067,鋸櫚前列配方 60粒,,20,0,0,0,0,2025-09-18_20:09:07
244261,HYBRIS,,HHS,H0255001_S_25110,亞麻籽油植物奧米加369 100粒,,20,0,0,0,0,2025-09-18_20:09:07
244261,HYBRIS,,HHS,H0255001_S_25207,維他命D3 1000 30粒,,20,0,0,0,0,2025-09-18_20:09:07
244261,HYBRIS,,HHS,H0255001_S_25266,護養關節配方 60粒,,20,0,0,0,0,2025-09-18_20:09:08
244261,HYBRIS,,HHS,H0294001_S_120088,免沖洗保濕護髮乳,,20,0,0,0,0,2025-09-18_20:09:08
244261,HYBRIS,,HHS,H0294001_S_120295,潔淨控油洗髮露,,20,0,0,0,0,2025-09-18_20:09:08
244261,HYBRIS,,HHS,H0294001_S_120533,波浪捲髮精華露波浪捲髮精華露波浪捲髮精華露波浪捲髮精華露,,20,0,0,0,0,2025-09-18_20:09:08
244261,HYBRIS,,HHS,H0318002_S_812719,有機矢車菊花水 200ml,,20,0,0,0,0,2025-09-18_20:09:08
244261,HYBRIS,,HHS,H0318002_S_812724,有機大馬士革玫瑰花水 200ml,,20,0,0,0,0,2025-09-18_20:09:08
244261,HYBRIS,,HHS,H0318002_S_852974,有機3重蜂蜜潤澤身體乳霜 150ml,,20,0,0,0,0,2025-09-18_20:09:08
244261,HYBRIS,,HHS,H0318002_S_855281,有機3重蜂蜜潤澤身體磨砂 150g,,20,0,0,0,0,2025-09-18_20:09:08
244261,HYBRIS,,HHS,H0318002_S_861153,有機日用洗髮水 500ml,,20,0,0,0,0,2025-09-18_20:09:08
244261,HYBRIS,,HHS,H0318002_S_86Z0004,有機防敏香體露 50ml,,20,0,0,0,0,2025-09-18_20:09:08
244261,HYBRIS,,HHS,H0318002_S_86Z0005,有機乳木果油護髮素 150ml,,20,0,0,0,0,2025-09-18_20:09:08
244261,HYBRIS,,HHS,H0539001_S_50159,Royal Touch 敏感肌適用產後專用衛生巾 L碼 (5片/包),,20,0,0,0,0,2025-09-18_20:09:08
244272,HYBRIS,,WFS,H0249001_S_1274,DDD薰衣草護髮素,,15,15,0,0,0,2025-09-18_23:40:01
244272,HYBRIS,,WFS,H0249001_S_2151,雪花膏,,5,5,0,0,0,2025-09-18_23:40:02
244272,HYBRIS,,WFS,H0249001_S_4290,懷舊2R相簿,,5,5,0,0,0,2025-09-18_23:40:04
244272,HYBRIS,,WFS,H0249001_S_KC1139,指甲油 (彩色系),,5,5,0,0,0,2025-09-18_23:40:06
244272,HYBRIS,,WFS,H0318002_S_812724,有機大馬士革玫瑰花水 200ml,,10,10,0,0,0,2025-09-18_23:40:09
244272,HYBRIS,,WFS,H0318002_S_855281,有機3重蜂蜜潤澤身體磨砂 150g,,10,10,0,0,0,2025-09-18_23:40:09
244272,HYBRIS,,WFS,H0318002_S_86Z0005,有機乳木果油護髮素 150ml,,5,5,0,0,0,2025-09-18_23:40:09
244272,HYBRIS,,WFS,H0888001_S_10005984,豬骨火鍋上湯,,105,105,0,0,0,2025-09-18_23:40:09
244272,HYBRIS,,WFS,H0888001_S_10005985,黑胡椒豬骨火鍋上湯,,15,15,0,0,0,2025-09-18_23:40:10
244285,HYBRIS,,TWS,H0859001_S_OS-620,uPure 2 潔淨濾水器2,,440,440,0,0,0,2025-09-19_00:00:01
244289,IMAX_STACKING,FROZEN,COB,H0888001_S_10022875,美國特選牛肩胛肥牛片 (急凍),IS00072085,520,520,0,0,0,2025-09-19_00:00:01
244289,IMAX_STACKING,FROZEN,COB,H0888001_S_10012511,西班牙咸豬手,IS00072085,1610,1610,0,0,0,2025-09-19_00:00:01
244290,IMAX_STACKING,DRY,COB,H0888001_S_10009610,湖池屋激辣魔薯香辣芝士味薯片,IS00072086,120,120,0,0,0,2025-09-19_00:00:01
244289,IMAX_STACKING,FROZEN,COB,H0888001_S_10011849,美國大西洋野生響螺頭 M (急凍),IS00072085,3000,3000,0,0,0,2025-09-19_00:00:01
244290,IMAX_STACKING,DRY,COB,H0859001_S_OS-620,uPure 2 潔淨濾水器2,IS00072086,65,65,0,0,0,2025-09-19_00:00:01
244289,IMAX_STACKING,FROZEN,COB,H0888001_S_10011848,日本煮食用帶子急凍急凍,IS00072085,990,990,0,0,0,2025-09-19_00:00:01
244290,IMAX_STACKING,DRY,COB,H0888001_S_10002195,大樽生啤 (日本版),IS00072086,72,72,0,0,0,2025-09-19_00:00:01
244290,IMAX_STACKING,DRY,COB,H0888001_S_10004262,烏龍茶,IS00072086,168,168,0,0,0,2025-09-19_00:00:01
244292,HYBRIS,,COB,H0888001_S_10009135,藍梅寒天果凍糖,,1212,1212,0,0,0,2025-09-19_00:01:00
244292,HYBRIS,,COB,H0888001_S_10009139,蜂蜜檸檬寒天果凍糖,,1308,1308,0,0,0,2025-09-19_00:01:00
244292,HYBRIS,,COB,H0888001_S_10009151,什錦軟糖,,1420,1420,0,0,0,2025-09-19_00:01:00
244300,HYBRIS,,CLS,H0888001_S_10007313,滋潤保濕乳霜,,444,0,0,0,0,2025-09-19_10:09:00
244301,IMAX_STACKING,DRY,CLS,H0888001_S_10002195,大樽生啤 (日本版),IS00072089,12,0,0,0,0,2025-09-19_10:22:00
244302,HYBRIS,,STS,H0888001_S_10012783,巴西牛胸腩粒 (急凍),,792,0,0,0,0,2025-09-19_10:32:00
244303,HYBRIS,,CLS,H0888001_S_10133455,澳洲和牛漢堡扒 (急凍),,1020,0,0,0,0,2025-09-19_10:38:00
244303,HYBRIS,,CLS,H0888001_S_10133940,(澳洲直送!) 澳洲穀飼西冷牛扒 (2塊裝) (急凍),,1000,0,0,0,0,2025-09-19_10:38:00
244303,HYBRIS,,CLS,H0888001_S_10133453,澳洲M4+ 和牛西冷牛扒 (急凍),,330,0,0,0,0,2025-09-19_10:38:00
244303,HYBRIS,,CLS,H0888001_S_10018534,澳洲海參(禿參，又名花刺參) (急凍),,408,0,0,0,0,2025-09-19_10:38:00
244307,HYBRIS,,STS,H0249001_S_1272s-74s,BBB薰衣草身體潔淨旅行套裝,,210,0,0,0,0,2025-09-19_11:08:01
244307,HYBRIS,,STS,H0249001_S_1273,CCC薰衣草洗髮水,,140,0,0,0,0,2025-09-19_11:08:01
244307,HYBRIS,,STS,H0249001_S_1274,DDD薰衣草護髮素,,210,0,0,0,0,2025-09-19_11:08:01
244307,HYBRIS,,STS,H0249001_S_1282s-84s,活花身體潔淨旅行套裝,,210,0,0,0,0,2025-09-19_11:08:01
244307,HYBRIS,,STS,H0249001_S_1284,活花護髮素,,210,0,0,0,0,2025-09-19_11:08:01
244307,HYBRIS,,STS,H0249001_S_1292,花露水沐浴露,,210,0,0,0,0,2025-09-19_11:08:01
244307,HYBRIS,,STS,H0249001_S_1292s-94s,花露水身體潔淨旅行套裝一二三四五六,,210,0,0,0,0,2025-09-19_11:08:01
244307,HYBRIS,,STS,H0249001_S_1293,花露水洗髮水,,210,0,0,0,0,2025-09-19_11:08:01
244307,HYBRIS,,STS,H0249001_S_1294,花露水護髮素,,210,0,0,0,0,2025-09-19_11:08:02
244307,HYBRIS,,STS,H0249001_S_2151,雪花膏,,210,0,0,0,0,2025-09-19_11:08:02
244307,HYBRIS,,STS,H0249001_S_2152,活花潤手霜,,210,0,0,0,0,2025-09-19_11:08:02
244307,HYBRIS,,STS,H0249001_S_2157,花露水香皂,,210,0,0,0,0,2025-09-19_11:08:02
244307,HYBRIS,,STS,H0249001_S_2163,活花爽身粉 (玫瑰花香),,210,0,0,0,0,2025-09-19_11:08:02
244307,HYBRIS,,STS,H0249001_S_2166,活花香皂,,210,0,0,0,0,2025-09-19_11:08:02
244307,HYBRIS,,STS,H0249001_S_2167,活花止汗液,,210,0,0,0,0,2025-09-19_11:08:02
244307,HYBRIS,,STS,H0249001_S_2177,迷你雪花膏,,210,0,0,0,0,2025-09-19_11:08:02
244307,HYBRIS,,STS,H0249001_S_2181,EEE薰衣草味護髮油,,210,0,0,0,0,2025-09-19_11:08:02
244307,HYBRIS,,STS,H0249001_S_2182,活花味護髮油  (玫瑰花香),,210,0,0,0,0,2025-09-19_11:08:02
244307,HYBRIS,,STS,H0249001_S_2186,活花爽身粉 80克 (罐裝)（附柔軟粉撲）,,210,0,0,0,0,2025-09-19_11:08:02
244307,HYBRIS,,STS,H0249001_S_2187,花露水爽身粉 80克 (罐裝)（附柔軟粉撲）,,210,0,0,0,0,2025-09-19_11:08:02
244307,HYBRIS,,STS,H0249001_S_2188B,花露水濕紙巾 (20片),,210,0,0,0,0,2025-09-19_11:08:02
244307,HYBRIS,,STS,H0249001_S_2198,花露水 (200毫升),,210,0,0,0,0,2025-09-19_11:08:02
244307,HYBRIS,,STS,H0249001_S_2202,花露水 (100毫升),,210,0,0,0,0,2025-09-19_11:08:03
244307,HYBRIS,,STS,H0249001_S_2204,花露水 (15毫升),,210,0,0,0,0,2025-09-19_11:08:03
244307,HYBRIS,,STS,H0249001_S_2208,花露水 (10毫升),,210,0,0,0,0,2025-09-19_11:08:03
244307,HYBRIS,,STS,H0249001_S_2209,花露水膏,,210,0,0,0,0,2025-09-19_11:08:03
244307,HYBRIS,,STS,H0249001_S_4261,雙妹嚜復古記事簿,,210,0,0,0,0,2025-09-19_11:08:03
244307,HYBRIS,,STS,H0249001_S_4281,雙妹嚜復古記事簿,,210,0,0,0,0,2025-09-19_11:08:03
244307,HYBRIS,,STS,H0249001_S_4284,雙妹嚜復古拼圖,,210,0,0,0,0,2025-09-19_11:08:03
244307,HYBRIS,,STS,H0249001_S_4286,雙妹嚜復古拼圖,,210,0,0,0,0,2025-09-19_11:08:03
244307,HYBRIS,,STS,H0249001_S_4287,雙妹嚜復古拼圖,,210,0,0,0,0,2025-09-19_11:08:03
244307,HYBRIS,,STS,H0249001_S_4290,懷舊2R相簿,,210,0,0,0,0,2025-09-19_11:08:03
244307,HYBRIS,,STS,H0249001_S_4291,懷舊2R相簿,,210,0,0,0,0,2025-09-19_11:08:03
244307,HYBRIS,,STS,H0249001_S_4292,懷舊2R相簿,,210,0,0,0,0,2025-09-19_11:08:03
244307,HYBRIS,,STS,H0249001_S_4293,懷舊2R相簿,,210,0,0,0,0,2025-09-19_11:08:03
244307,HYBRIS,,STS,H0249001_S_4315,雙妹嚜黑色環保袋,,210,0,0,0,0,2025-09-19_11:08:03
244307,HYBRIS,,STS,H0249001_S_8808,馬賽皂 (檸檬),,210,0,0,0,0,2025-09-19_11:08:03
244307,HYBRIS,,STS,H0249001_S_8809,馬賽皂 (蜜糖),,210,0,0,0,0,2025-09-19_11:08:03
244307,HYBRIS,,STS,H0249001_S_8810,馬賽皂 (白檀),,210,0,0,0,0,2025-09-19_11:08:04
244307,HYBRIS,,STS,H0249001_S_KC1100,指甲水,,210,0,0,0,0,2025-09-19_11:08:04
244307,HYBRIS,,STS,H0249001_S_KC1101,指甲油 (藍紫色系),,210,0,0,0,0,2025-09-19_11:08:04
244307,HYBRIS,,STS,H0249001_S_KC1102,指甲油 (藍紫色系),,210,0,0,0,0,2025-09-19_11:08:04
244307,HYBRIS,,STS,H0249001_S_KC1103,指甲油 (藍紫色系),,210,0,0,0,0,2025-09-19_11:08:04
244307,HYBRIS,,STS,H0249001_S_KC1105,指甲油 (藍紫色系),,210,0,0,0,0,2025-09-19_11:08:04
244307,HYBRIS,,STS,H0249001_S_KC1106,指甲油 (紅色系),,210,0,0,0,0,2025-09-19_11:08:04
244307,HYBRIS,,STS,H0249001_S_KC1107,指甲油 (紅色系),,210,0,0,0,0,2025-09-19_11:08:04
244307,HYBRIS,,STS,H0249001_S_KC1108,指甲油 (紅色系),,210,0,0,0,0,2025-09-19_11:08:04
244307,HYBRIS,,STS,H0249001_S_KC1112,指甲油 (藍紫色系),,210,0,0,0,0,2025-09-19_11:08:04
244307,HYBRIS,,STS,H0249001_S_KC1113,指甲油 (紅色系),,210,0,0,0,0,2025-09-19_11:08:04
244307,HYBRIS,,STS,H0249001_S_KC1116,指甲油 (彩色系),,210,0,0,0,0,2025-09-19_11:08:04
244307,HYBRIS,,STS,H0249001_S_KC1121,指甲油 (紅色系),,210,0,0,0,0,2025-09-19_11:08:05
244307,HYBRIS,,STS,H0249001_S_KC1123,指甲油 (紅色系),,210,0,0,0,0,2025-09-19_11:08:05
244307,HYBRIS,,STS,H0249001_S_KC1124,指甲油 (紅色系),,210,0,0,0,0,2025-09-19_11:08:05
244307,HYBRIS,,STS,H0249001_S_KC1127,指甲油 (彩色系),,210,0,0,0,0,2025-09-19_11:08:05
244307,HYBRIS,,STS,H0249001_S_KC1129,指甲油 (彩色系),,210,0,0,0,0,2025-09-19_11:08:05
244307,HYBRIS,,STS,H0249001_S_KC1130,指甲油 (彩色系),,210,0,0,0,0,2025-09-19_11:08:05
244307,HYBRIS,,STS,H0249001_S_KC1131,指甲油 (彩色系),,210,0,0,0,0,2025-09-19_11:08:05
244307,HYBRIS,,STS,H0249001_S_KC1134,指甲油 (紅色系),,210,0,0,0,0,2025-09-19_11:08:05
244307,HYBRIS,,STS,H0249001_S_KC1137,指甲油 (色號 - 37透明),,210,0,0,0,0,2025-09-19_11:08:05
244307,HYBRIS,,STS,H0249001_S_KC1139,指甲油 (彩色系),,210,0,0,0,0,2025-09-19_11:08:06
244307,HYBRIS,,STS,H0249001_S_KC1146,指甲油 (藍紫色系),,210,0,0,0,0,2025-09-19_11:08:06
244307,HYBRIS,,STS,H0249001_S_KC1148,指甲油 (彩色系),,210,0,0,0,0,2025-09-19_11:08:06
244307,HYBRIS,,STS,H0249001_S_KC1152,指甲油 (紅色系),,210,0,0,0,0,2025-09-19_11:08:06
244307,HYBRIS,,STS,H0249001_S_Q004,雙妹綿布袋 (白色),,210,0,0,0,0,2025-09-19_11:08:06
244307,HYBRIS,,STS,H0249001_S_Q005,雙妹綿布袋 (自然色),,210,0,0,0,0,2025-09-19_11:08:06
244307,HYBRIS,,STS,H0255001_S_21875,蒜油 250粒,,210,0,0,0,0,2025-09-19_11:08:07
244307,HYBRIS,,STS,H0255001_S_21942,利筋諾 50粒,,210,0,0,0,0,2025-09-19_11:08:07
244307,HYBRIS,,STS,H0255001_S_22993,乳薊果 60片,,210,0,0,0,0,2025-09-19_11:08:07
244307,HYBRIS,,STS,H0255001_S_23452,葡萄籽加強配方 30片,,210,0,0,0,0,2025-09-19_11:08:07
244307,HYBRIS,,STS,H0255001_S_24008,無腥味魚油1000 200粒,,210,0,0,0,0,2025-09-19_11:08:07
244307,HYBRIS,,STS,H0255001_S_24177,葉黃素 60粒,,210,0,0,0,0,2025-09-19_11:08:07
244307,HYBRIS,,STS,H0255001_S_24201,護眼山桑子 30片,,210,0,0,0,0,2025-09-19_11:08:07
244307,HYBRIS,,STS,H0255001_S_24877,兒童果味魚油丸 30粒,,210,0,0,0,0,2025-09-19_11:08:07
244307,HYBRIS,,STS,H0255001_S_25067,鋸櫚前列配方 60粒,,210,0,0,0,0,2025-09-19_11:08:07
244307,HYBRIS,,STS,H0255001_S_25110,亞麻籽油植物奧米加369 100粒,,210,0,0,0,0,2025-09-19_11:08:07
244307,HYBRIS,,STS,H0255001_S_25207,維他命D3 1000 30粒,,210,0,0,0,0,2025-09-19_11:08:07
244307,HYBRIS,,STS,H0255001_S_25266,護養關節配方 60粒,,210,0,0,0,0,2025-09-19_11:08:08
244307,HYBRIS,,STS,H0294001_S_120088,免沖洗保濕護髮乳,,210,0,0,0,0,2025-09-19_11:08:08
244307,HYBRIS,,STS,H0294001_S_120295,潔淨控油洗髮露,,210,0,0,0,0,2025-09-19_11:08:08
244307,HYBRIS,,STS,H0294001_S_120533,波浪捲髮精華露波浪捲髮精華露波浪捲髮精華露波浪捲髮精華露,,210,0,0,0,0,2025-09-19_11:08:08
244307,HYBRIS,,STS,H0318002_S_812719,有機矢車菊花水 200ml,,210,0,0,0,0,2025-09-19_11:08:08
244307,HYBRIS,,STS,H0318002_S_812724,有機大馬士革玫瑰花水 200ml,,210,0,0,0,0,2025-09-19_11:08:08
244307,HYBRIS,,STS,H0318002_S_852974,有機3重蜂蜜潤澤身體乳霜 150ml,,210,0,0,0,0,2025-09-19_11:08:08
244307,HYBRIS,,STS,H0318002_S_855281,有機3重蜂蜜潤澤身體磨砂 150g,,210,0,0,0,0,2025-09-19_11:08:08
244307,HYBRIS,,STS,H0318002_S_861153,有機日用洗髮水 500ml,,210,0,0,0,0,2025-09-19_11:08:08
244307,HYBRIS,,STS,H0318002_S_86Z0004,有機防敏香體露 50ml,,210,0,0,0,0,2025-09-19_11:08:08
244307,HYBRIS,,STS,H0318002_S_86Z0005,有機乳木果油護髮素 150ml,,210,0,0,0,0,2025-09-19_11:08:08
244307,HYBRIS,,STS,H0539001_S_50159,Royal Touch 敏感肌適用產後專用衛生巾 L碼 (5片/包),,210,0,0,0,0,2025-09-19_11:08:09
244307,HYBRIS,,STS,H0888001_S_10004619,特級魚露,,125,0,0,0,0,2025-09-19_11:08:09
244307,HYBRIS,,STS,H0888001_S_10004625,南乳,,120,0,0,0,0,2025-09-19_11:08:09
244307,HYBRIS,,STS,H0888001_S_10004645,爽口榨菜絲,,130,0,0,0,0,2025-09-19_11:08:09
244307,HYBRIS,,STS,H0888001_S_10004653,陳醋蕎頭,,30,0,0,0,0,2025-09-19_11:08:09
244307,HYBRIS,,STS,H0888001_S_10004654,甜酸蕎頭,,30,0,0,0,0,2025-09-19_11:08:09
244307,HYBRIS,,STS,H0888001_S_10004666,鮑汁靈芝菇片,,120,0,0,0,0,2025-09-19_11:08:09
244307,HYBRIS,,STS,H0888001_S_10005984,豬骨火鍋上湯,,170,0,0,0,0,2025-09-19_11:08:09
244307,HYBRIS,,STS,H0888001_S_10005986,醉雞火鍋上湯,,170,0,0,0,0,2025-09-19_11:08:09
244307,HYBRIS,,STS,H0888001_S_10007891,洋蔥南瓜馬鈴薯片,,125,0,0,0,0,2025-09-19_11:08:10
244307,HYBRIS,,STS,H0888001_S_10009135,藍梅寒天果凍糖,,125,0,0,0,0,2025-09-19_11:08:10
244307,HYBRIS,,STS,H0888001_S_10009139,蜂蜜檸檬寒天果凍糖,,125,0,0,0,0,2025-09-19_11:08:10
244307,HYBRIS,,STS,H0888001_S_10009151,什錦軟糖,,140,0,0,0,0,2025-09-19_11:08:10
244307,HYBRIS,,STS,H0888001_S_10009386,北海道扇貝味薯片,,125,0,0,0,0,2025-09-19_11:08:10
244307,HYBRIS,,STS,H0888001_S_10009388,酥餅 (黑朱古力),,130,0,0,0,0,2025-09-19_11:08:10
244307,HYBRIS,,STS,H0888001_S_10009609,星球大戰系列珍寶珠 (隨機派送),,125,0,0,0,0,2025-09-19_11:08:10
244307,HYBRIS,,STS,H0888001_S_10009610,湖池屋激辣魔薯香辣芝士味薯片,,135,0,0,0,0,2025-09-19_11:08:10
244307,HYBRIS,,STS,H0888001_S_10011987,好ｅ食 - 白汁煙肉磨菇意粉 (急凍),,125,0,0,0,0,2025-09-19_11:08:10
244307,HYBRIS,,STS,H0888001_S_10018925,白風船米餅-牛奶忌廉味,,125,0,0,0,0,2025-09-19_11:08:10
244307,HYBRIS,,STS,H0888001_S_10022686,猴頭菇雪耳百合潤肺湯,,120,0,0,0,0,2025-09-19_11:08:10
244309,HYBRIS,,WFS,H0888001_S_10012013,Bibigo 韓式傳統脆皮煎餃 (急凍),,150,150,0,0,0,2025-09-19_11:25:00
244312,HYBRIS,,CLS,H0888001_S_10007313,滋潤保濕乳霜,,12,0,0,0,0,2025-09-19_11:42:00
244313,IMAX_KERRY,,CLS,H0888001_S_10012777,紐西蘭帶骨羊仔腩 (急凍),IM00072096,40,40,40,0,0,2025-09-19_11:44:00
244321,HYBRIS,,TWS,H0888001_S_10008283,燕麥脆條 - 蜜糖★燕麥,,36,36,0,0,0,2025-09-19_13:00:00
244325,IMAX_KERRY,,CLS,H0888001_S_10012783,巴西牛胸腩粒 (急凍),IM00072098,784,0,0,0,0,2025-09-19_13:32:00
244326,HYBRIS,,LPS,H0888001_S_10012783,巴西牛胸腩粒 (急凍),,8,8,0,0,0,2025-09-19_13:49:00
244330,IMAX_KERRY,,SHS,H0888001_S_10012783,巴西牛胸腩粒 (急凍),IM00072100,786,0,0,0,0,2025-09-19_14:09:00
244331,HYBRIS,,CLS,H0888001_S_10004649,辣香蘿蔔,,2900,0,0,0,0,2025-09-19_14:19:00
244331,HYBRIS,,CLS,H0888001_S_10007313,滋潤保濕乳霜,,27,0,0,0,0,2025-09-19_14:19:00
244346,IMAX_KERRY,FROZEN,HHS,H0888001_S_10012023,韓式蜜檸脆雞 (急凍),IM00072102,5000,0,0,0,0,2025-09-19_15:17:00
244350,IMAX_KERRY,,IRS,H0888001_S_10022197,五香肉丁,IM00072103,48,0,0,0,0,2025-09-19_16:08:00
244352,IMAX_KERRY,,RRS,H0888001_S_10015773,廣東鮮蝦雲吞皇10粒裝一二三四五六七八九十一二三四五六七八九十一二三四五六七八九十,IM00072104,10,0,0,0,0,2025-09-19_16:39:00
244353,HYBRIS,,CLS,H0888001_S_10007313,滋潤保濕乳霜,,108,0,0,0,0,2025-09-19_16:41:00
244356,HYBRIS,,RRS,H0888001_S_10018534,澳洲海參(禿參，又名花刺參) (急凍),,96,0,0,0,0,2025-09-19_16:50:00
244357,IMAX_KERRY,,WSH,H0888001_S_10012777,紐西蘭帶骨羊仔腩 (急凍),IM00072107,520,520,520,0,0,2025-09-19_16:54:00
244357,IMAX_KERRY,,WSH,H0888001_S_10012783,巴西牛胸腩粒 (急凍),IM00072107,786,0,0,0,0,2025-09-19_16:54:00
244362,IMAX_STACKING,CHILLED,CLS,H0888001_S_10012783,巴西牛胸腩粒 (急凍),IS00072108,5000,0,0,0,0,2025-09-19_17:10:00
244363,IMAX_STACKING,DRY,CLS,H0255001_S_25116,健腦高濃度深海魚油 60粒,IS00072109,290,0,0,0,0,2025-09-19_17:10:00
244364,IMAX_KERRY,,RRS,H0888001_S_10015773,廣東鮮蝦雲吞皇10粒裝一二三四五六七八九十一二三四五六七八九十一二三四五六七八九十,IM00072110,1500,0,0,0,0,2025-09-19_17:19:00
244365,IMAX_KERRY,DRY,SHS,H0888001_S_10020549,殺菌濕紙巾,IM00072111,890,0,0,0,0,2025-09-19_17:30:00
244365,IMAX_KERRY,DRY,SHS,H0888001_S_10015773,廣東鮮蝦雲吞皇10粒裝一二三四五六七八九十一二三四五六七八九十一二三四五六七八九十,IM00072111,888,0,0,0,0,2025-09-19_17:30:00
244365,IMAX_KERRY,DRY,SHS,H0888001_S_10009357,味付御海苔 - 泡菜味,IM00072111,456,0,0,0,0,2025-09-19_17:30:00
244366,HYBRIS,,CLS,H0249001_S_1272s-74s,BBB薰衣草身體潔淨旅行套裝,,110,0,0,0,0,2025-09-19_17:40:01
244366,HYBRIS,,CLS,H0249001_S_1274,DDD薰衣草護髮素,,10,0,0,0,0,2025-09-19_17:40:01
244366,HYBRIS,,CLS,H0249001_S_1282s-84s,活花身體潔淨旅行套裝,,110,0,0,0,0,2025-09-19_17:40:01
244366,HYBRIS,,CLS,H0249001_S_1284,活花護髮素,,110,0,0,0,0,2025-09-19_17:40:01
244366,HYBRIS,,CLS,H0249001_S_1292,花露水沐浴露,,110,0,0,0,0,2025-09-19_17:40:01
244366,HYBRIS,,CLS,H0249001_S_1292s-94s,花露水身體潔淨旅行套裝一二三四五六,,110,0,0,0,0,2025-09-19_17:40:01
244366,HYBRIS,,CLS,H0249001_S_1293,花露水洗髮水,,110,0,0,0,0,2025-09-19_17:40:01
244366,HYBRIS,,CLS,H0249001_S_1294,花露水護髮素,,110,0,0,0,0,2025-09-19_17:40:01
244366,HYBRIS,,CLS,H0249001_S_2151,雪花膏,,120,0,0,0,0,2025-09-19_17:40:02
244366,HYBRIS,,CLS,H0249001_S_2152,活花潤手霜,,110,0,0,0,0,2025-09-19_17:40:02
244366,HYBRIS,,CLS,H0249001_S_2157,花露水香皂,,10,0,0,0,0,2025-09-19_17:40:02
244366,HYBRIS,,CLS,H0249001_S_2163,活花爽身粉 (玫瑰花香),,120,0,0,0,0,2025-09-19_17:40:02
244366,HYBRIS,,CLS,H0249001_S_2166,活花香皂,,120,0,0,0,0,2025-09-19_17:40:02
244366,HYBRIS,,CLS,H0249001_S_2167,活花止汗液,,120,0,0,0,0,2025-09-19_17:40:02
244366,HYBRIS,,CLS,H0249001_S_2177,迷你雪花膏,,110,0,0,0,0,2025-09-19_17:40:02
244366,HYBRIS,,CLS,H0249001_S_2181,EEE薰衣草味護髮油,,110,0,0,0,0,2025-09-19_17:40:02
244366,HYBRIS,,CLS,H0249001_S_2182,活花味護髮油  (玫瑰花香),,110,0,0,0,0,2025-09-19_17:40:02
244366,HYBRIS,,CLS,H0249001_S_2186,活花爽身粉 80克 (罐裝)（附柔軟粉撲）,,110,0,0,0,0,2025-09-19_17:40:02
244366,HYBRIS,,CLS,H0249001_S_2187,花露水爽身粉 80克 (罐裝)（附柔軟粉撲）,,110,0,0,0,0,2025-09-19_17:40:02
244366,HYBRIS,,CLS,H0249001_S_2188B,花露水濕紙巾 (20片),,110,0,0,0,0,2025-09-19_17:40:02
244366,HYBRIS,,CLS,H0249001_S_2198,花露水 (200毫升),,110,0,0,0,0,2025-09-19_17:40:02
244366,HYBRIS,,CLS,H0249001_S_2202,花露水 (100毫升),,110,0,0,0,0,2025-09-19_17:40:02
244366,HYBRIS,,CLS,H0249001_S_2204,花露水 (15毫升),,110,0,0,0,0,2025-09-19_17:40:03
244366,HYBRIS,,CLS,H0249001_S_2208,花露水 (10毫升),,110,0,0,0,0,2025-09-19_17:40:03
244366,HYBRIS,,CLS,H0249001_S_2209,花露水膏,,110,0,0,0,0,2025-09-19_17:40:03
244366,HYBRIS,,CLS,H0249001_S_4261,雙妹嚜復古記事簿,,110,0,0,0,0,2025-09-19_17:40:03
244366,HYBRIS,,CLS,H0249001_S_4281,雙妹嚜復古記事簿,,110,0,0,0,0,2025-09-19_17:40:03
244366,HYBRIS,,CLS,H0249001_S_4284,雙妹嚜復古拼圖,,110,0,0,0,0,2025-09-19_17:40:03
244366,HYBRIS,,CLS,H0249001_S_4286,雙妹嚜復古拼圖,,110,0,0,0,0,2025-09-19_17:40:03
244366,HYBRIS,,CLS,H0249001_S_4287,雙妹嚜復古拼圖,,110,0,0,0,0,2025-09-19_17:40:03
244366,HYBRIS,,CLS,H0249001_S_4290,懷舊2R相簿,,110,0,0,0,0,2025-09-19_17:40:03
244366,HYBRIS,,CLS,H0249001_S_4291,懷舊2R相簿,,110,0,0,0,0,2025-09-19_17:40:03
244366,HYBRIS,,CLS,H0249001_S_4292,懷舊2R相簿,,110,0,0,0,0,2025-09-19_17:40:03
244366,HYBRIS,,CLS,H0249001_S_4293,懷舊2R相簿,,110,0,0,0,0,2025-09-19_17:40:03
244366,HYBRIS,,CLS,H0249001_S_4315,雙妹嚜黑色環保袋,,110,0,0,0,0,2025-09-19_17:40:03
244366,HYBRIS,,CLS,H0249001_S_8808,馬賽皂 (檸檬),,110,0,0,0,0,2025-09-19_17:40:04
244366,HYBRIS,,CLS,H0249001_S_8809,馬賽皂 (蜜糖),,110,0,0,0,0,2025-09-19_17:40:04
244366,HYBRIS,,CLS,H0249001_S_8810,馬賽皂 (白檀),,110,0,0,0,0,2025-09-19_17:40:04
244366,HYBRIS,,CLS,H0249001_S_KC1100,指甲水,,110,0,0,0,0,2025-09-19_17:40:04
244366,HYBRIS,,CLS,H0249001_S_KC1101,指甲油 (藍紫色系),,110,0,0,0,0,2025-09-19_17:40:04
244366,HYBRIS,,CLS,H0249001_S_KC1102,指甲油 (藍紫色系),,110,0,0,0,0,2025-09-19_17:40:04
244366,HYBRIS,,CLS,H0249001_S_KC1103,指甲油 (藍紫色系),,110,0,0,0,0,2025-09-19_17:40:04
244366,HYBRIS,,CLS,H0249001_S_KC1105,指甲油 (藍紫色系),,110,0,0,0,0,2025-09-19_17:40:04
244366,HYBRIS,,CLS,H0249001_S_KC1106,指甲油 (紅色系),,110,0,0,0,0,2025-09-19_17:40:04
244366,HYBRIS,,CLS,H0249001_S_KC1107,指甲油 (紅色系),,110,0,0,0,0,2025-09-19_17:40:04
244366,HYBRIS,,CLS,H0249001_S_KC1108,指甲油 (紅色系),,110,0,0,0,0,2025-09-19_17:40:04
244366,HYBRIS,,CLS,H0249001_S_KC1112,指甲油 (藍紫色系),,110,0,0,0,0,2025-09-19_17:40:04
244366,HYBRIS,,CLS,H0249001_S_KC1113,指甲油 (紅色系),,110,0,0,0,0,2025-09-19_17:40:04
244366,HYBRIS,,CLS,H0249001_S_KC1116,指甲油 (彩色系),,110,0,0,0,0,2025-09-19_17:40:05
244366,HYBRIS,,CLS,H0249001_S_KC1121,指甲油 (紅色系),,110,0,0,0,0,2025-09-19_17:40:05
244366,HYBRIS,,CLS,H0249001_S_KC1123,指甲油 (紅色系),,110,0,0,0,0,2025-09-19_17:40:05
244366,HYBRIS,,CLS,H0249001_S_KC1124,指甲油 (紅色系),,110,0,0,0,0,2025-09-19_17:40:05
244366,HYBRIS,,CLS,H0249001_S_KC1127,指甲油 (彩色系),,110,0,0,0,0,2025-09-19_17:40:05
244366,HYBRIS,,CLS,H0249001_S_KC1129,指甲油 (彩色系),,110,0,0,0,0,2025-09-19_17:40:05
244366,HYBRIS,,CLS,H0249001_S_KC1130,指甲油 (彩色系),,110,0,0,0,0,2025-09-19_17:40:06
244366,HYBRIS,,CLS,H0249001_S_KC1131,指甲油 (彩色系),,110,0,0,0,0,2025-09-19_17:40:06
244366,HYBRIS,,CLS,H0249001_S_KC1134,指甲油 (紅色系),,110,0,0,0,0,2025-09-19_17:40:06
244366,HYBRIS,,CLS,H0249001_S_KC1137,指甲油 (色號 - 37透明),,110,0,0,0,0,2025-09-19_17:40:06
244366,HYBRIS,,CLS,H0249001_S_KC1139,指甲油 (彩色系),,110,0,0,0,0,2025-09-19_17:40:06
244366,HYBRIS,,CLS,H0249001_S_KC1146,指甲油 (藍紫色系),,110,0,0,0,0,2025-09-19_17:40:07
244366,HYBRIS,,CLS,H0249001_S_KC1148,指甲油 (彩色系),,110,0,0,0,0,2025-09-19_17:40:07
244366,HYBRIS,,CLS,H0249001_S_KC1152,指甲油 (紅色系),,110,0,0,0,0,2025-09-19_17:40:07
244366,HYBRIS,,CLS,H0249001_S_Q004,雙妹綿布袋 (白色),,110,0,0,0,0,2025-09-19_17:40:07
244366,HYBRIS,,CLS,H0249001_S_Q005,雙妹綿布袋 (自然色),,110,0,0,0,0,2025-09-19_17:40:07
244366,HYBRIS,,CLS,H0255001_S_21875,蒜油 250粒,,110,0,0,0,0,2025-09-19_17:40:07
244366,HYBRIS,,CLS,H0255001_S_21942,利筋諾 50粒,,110,0,0,0,0,2025-09-19_17:40:07
244366,HYBRIS,,CLS,H0255001_S_22993,乳薊果 60片,,110,0,0,0,0,2025-09-19_17:40:08
244366,HYBRIS,,CLS,H0255001_S_23452,葡萄籽加強配方 30片,,110,0,0,0,0,2025-09-19_17:40:08
244366,HYBRIS,,CLS,H0255001_S_24008,無腥味魚油1000 200粒,,110,0,0,0,0,2025-09-19_17:40:08
244366,HYBRIS,,CLS,H0255001_S_24177,葉黃素 60粒,,110,0,0,0,0,2025-09-19_17:40:08
244366,HYBRIS,,CLS,H0255001_S_24201,護眼山桑子 30片,,110,0,0,0,0,2025-09-19_17:40:08
244366,HYBRIS,,CLS,H0255001_S_24877,兒童果味魚油丸 30粒,,110,0,0,0,0,2025-09-19_17:40:08
244366,HYBRIS,,CLS,H0255001_S_25067,鋸櫚前列配方 60粒,,20,0,0,0,0,2025-09-19_17:40:08
244366,HYBRIS,,CLS,H0255001_S_25207,維他命D3 1000 30粒,,110,0,0,0,0,2025-09-19_17:40:08
244366,HYBRIS,,CLS,H0255001_S_25266,護養關節配方 60粒,,110,0,0,0,0,2025-09-19_17:40:08
244366,HYBRIS,,CLS,H0294001_S_120088,免沖洗保濕護髮乳,,110,0,0,0,0,2025-09-19_17:40:09
244366,HYBRIS,,CLS,H0294001_S_120295,潔淨控油洗髮露,,110,0,0,0,0,2025-09-19_17:40:09
244366,HYBRIS,,CLS,H0294001_S_120533,波浪捲髮精華露波浪捲髮精華露波浪捲髮精華露波浪捲髮精華露,,110,0,0,0,0,2025-09-19_17:40:09
244366,HYBRIS,,CLS,H0318002_S_812719,有機矢車菊花水 200ml,,130,0,0,0,0,2025-09-19_17:40:09
244366,HYBRIS,,CLS,H0318002_S_812724,有機大馬士革玫瑰花水 200ml,,130,0,0,0,0,2025-09-19_17:40:09
244366,HYBRIS,,CLS,H0318002_S_852974,有機3重蜂蜜潤澤身體乳霜 150ml,,10,0,0,0,0,2025-09-19_17:40:09
244366,HYBRIS,,CLS,H0318002_S_855281,有機3重蜂蜜潤澤身體磨砂 150g,,110,0,0,0,0,2025-09-19_17:40:09
244366,HYBRIS,,CLS,H0318002_S_86Z0004,有機防敏香體露 50ml,,105,0,0,0,0,2025-09-19_17:40:09
244366,HYBRIS,,CLS,H0539001_S_50159,Royal Touch 敏感肌適用產後專用衛生巾 L碼 (5片/包),,110,0,0,0,0,2025-09-19_17:40:09
244366,HYBRIS,,CLS,H0888001_S_10004619,特級魚露,,15,0,0,0,0,2025-09-19_17:40:09
244366,HYBRIS,,CLS,H0888001_S_10004625,南乳,,220,0,0,0,0,2025-09-19_17:40:09
244366,HYBRIS,,CLS,H0888001_S_10004645,爽口榨菜絲,,230,0,0,0,0,2025-09-19_17:40:09
244366,HYBRIS,,CLS,H0888001_S_10004649,辣香蘿蔔,,120,0,0,0,0,2025-09-19_17:40:09
244366,HYBRIS,,CLS,H0888001_S_10004653,陳醋蕎頭,,130,0,0,0,0,2025-09-19_17:40:10
244366,HYBRIS,,CLS,H0888001_S_10004654,甜酸蕎頭,,130,0,0,0,0,2025-09-19_17:40:10
244366,HYBRIS,,CLS,H0888001_S_10004666,鮑汁靈芝菇片,,220,0,0,0,0,2025-09-19_17:40:10
244366,HYBRIS,,CLS,H0888001_S_10005984,豬骨火鍋上湯,,270,0,0,0,0,2025-09-19_17:40:10
244366,HYBRIS,,CLS,H0888001_S_10005986,醉雞火鍋上湯,,270,0,0,0,0,2025-09-19_17:40:10
244366,HYBRIS,,CLS,H0888001_S_10007891,洋蔥南瓜馬鈴薯片,,10,0,0,0,0,2025-09-19_17:40:10
244366,HYBRIS,,CLS,H0888001_S_10009135,藍梅寒天果凍糖,,10,0,0,0,0,2025-09-19_17:40:10
244366,HYBRIS,,CLS,H0888001_S_10009139,蜂蜜檸檬寒天果凍糖,,10,0,0,0,0,2025-09-19_17:40:10
244366,HYBRIS,,CLS,H0888001_S_10009151,什錦軟糖,,220,0,0,0,0,2025-09-19_17:40:10
244366,HYBRIS,,CLS,H0888001_S_10009386,北海道扇貝味薯片,,10,0,0,0,0,2025-09-19_17:40:10
244366,HYBRIS,,CLS,H0888001_S_10009388,酥餅 (黑朱古力),,15,0,0,0,0,2025-09-19_17:40:10
244366,HYBRIS,,CLS,H0888001_S_10011987,好ｅ食 - 白汁煙肉磨菇意粉 (急凍),,210,0,0,0,0,2025-09-19_17:40:10
244366,HYBRIS,,CLS,H0888001_S_10007313,滋潤保濕乳霜,,12,0,0,0,0,2025-09-19_17:40:11
244366,HYBRIS,,CLS,H0888001_S_10022686,猴頭菇雪耳百合潤肺湯,,192,0,0,0,0,2025-09-19_17:40:11
244366,HYBRIS,,CLS,H0888001_S_10018925,白風船米餅-牛奶忌廉味,,500,0,0,0,0,2025-09-19_17:40:11
244372,IMAX_KERRY,,STS,H0888001_S_10012783,巴西牛胸腩粒 (急凍),IM00072114,1285,0,0,0,0,2025-09-19_18:19:00
244375,HYBRIS,,CLS,H0160001_S_WN07477,活養細胞茄紅素,H250919002032,195,195,195,0,0,2025-09-19_18:43:00
244375,HYBRIS,,CLS,H0249001_S_1272s-74s,BBB薰衣草身體潔淨旅行套裝,H250919002032,110,0,0,0,0,2025-09-19_18:43:01
244375,HYBRIS,,CLS,H0249001_S_1274,DDD薰衣草護髮素,H250919002032,10,0,0,0,0,2025-09-19_18:43:01
244375,HYBRIS,,CLS,H0249001_S_1282s-84s,活花身體潔淨旅行套裝,H250919002032,110,0,0,0,0,2025-09-19_18:43:01
244375,HYBRIS,,CLS,H0249001_S_1284,活花護髮素,H250919002032,110,0,0,0,0,2025-09-19_18:43:01
244375,HYBRIS,,CLS,H0249001_S_1292,花露水沐浴露,H250919002032,110,0,0,0,0,2025-09-19_18:43:01
244375,HYBRIS,,CLS,H0249001_S_1292s-94s,花露水身體潔淨旅行套裝一二三四五六,H250919002032,110,0,0,0,0,2025-09-19_18:43:01
244375,HYBRIS,,CLS,H0249001_S_1293,花露水洗髮水,H250919002032,110,0,0,0,0,2025-09-19_18:43:01
244375,HYBRIS,,CLS,H0249001_S_1294,花露水護髮素,H250919002032,110,0,0,0,0,2025-09-19_18:43:02
244375,HYBRIS,,CLS,H0249001_S_2151,雪花膏,H250919002032,120,0,0,0,0,2025-09-19_18:43:02
244375,HYBRIS,,CLS,H0249001_S_2152,活花潤手霜,H250919002032,110,0,0,0,0,2025-09-19_18:43:02
244375,HYBRIS,,CLS,H0249001_S_2157,花露水香皂,H250919002032,10,0,0,0,0,2025-09-19_18:43:02
244375,HYBRIS,,CLS,H0249001_S_2163,活花爽身粉 (玫瑰花香),H250919002032,120,0,0,0,0,2025-09-19_18:43:02
244375,HYBRIS,,CLS,H0249001_S_2166,活花香皂,H250919002032,120,0,0,0,0,2025-09-19_18:43:02
244375,HYBRIS,,CLS,H0249001_S_2167,活花止汗液,H250919002032,120,0,0,0,0,2025-09-19_18:43:02
244375,HYBRIS,,CLS,H0249001_S_2177,迷你雪花膏,H250919002032,110,0,0,0,0,2025-09-19_18:43:02
244375,HYBRIS,,CLS,H0249001_S_2181,EEE薰衣草味護髮油,H250919002032,110,0,0,0,0,2025-09-19_18:43:02
244375,HYBRIS,,CLS,H0249001_S_2182,活花味護髮油  (玫瑰花香),H250919002032,110,0,0,0,0,2025-09-19_18:43:02
244375,HYBRIS,,CLS,H0249001_S_2186,活花爽身粉 80克 (罐裝)（附柔軟粉撲）,H250919002032,110,0,0,0,0,2025-09-19_18:43:02
244375,HYBRIS,,CLS,H0249001_S_2187,花露水爽身粉 80克 (罐裝)（附柔軟粉撲）,H250919002032,110,0,0,0,0,2025-09-19_18:43:02
244375,HYBRIS,,CLS,H0249001_S_2188B,花露水濕紙巾 (20片),H250919002032,110,0,0,0,0,2025-09-19_18:43:02
244375,HYBRIS,,CLS,H0249001_S_2198,花露水 (200毫升),H250919002032,110,0,0,0,0,2025-09-19_18:43:02
244375,HYBRIS,,CLS,H0249001_S_2202,花露水 (100毫升),H250919002032,110,0,0,0,0,2025-09-19_18:43:02
244375,HYBRIS,,CLS,H0249001_S_2204,花露水 (15毫升),H250919002032,110,0,0,0,0,2025-09-19_18:43:03
244375,HYBRIS,,CLS,H0249001_S_2208,花露水 (10毫升),H250919002032,110,0,0,0,0,2025-09-19_18:43:03
244375,HYBRIS,,CLS,H0249001_S_2209,花露水膏,H250919002032,110,0,0,0,0,2025-09-19_18:43:03
244375,HYBRIS,,CLS,H0249001_S_4261,雙妹嚜復古記事簿,H250919002032,110,0,0,0,0,2025-09-19_18:43:03
244375,HYBRIS,,CLS,H0249001_S_4281,雙妹嚜復古記事簿,H250919002032,110,0,0,0,0,2025-09-19_18:43:03
244375,HYBRIS,,CLS,H0249001_S_4284,雙妹嚜復古拼圖,H250919002032,110,0,0,0,0,2025-09-19_18:43:03
244375,HYBRIS,,CLS,H0249001_S_4286,雙妹嚜復古拼圖,H250919002032,110,0,0,0,0,2025-09-19_18:43:03
244375,HYBRIS,,CLS,H0249001_S_4287,雙妹嚜復古拼圖,H250919002032,110,0,0,0,0,2025-09-19_18:43:03
244375,HYBRIS,,CLS,H0249001_S_4290,懷舊2R相簿,H250919002032,110,0,0,0,0,2025-09-19_18:43:03
244375,HYBRIS,,CLS,H0249001_S_4291,懷舊2R相簿,H250919002032,110,0,0,0,0,2025-09-19_18:43:03
244375,HYBRIS,,CLS,H0249001_S_4292,懷舊2R相簿,H250919002032,110,0,0,0,0,2025-09-19_18:43:03
244375,HYBRIS,,CLS,H0249001_S_4293,懷舊2R相簿,H250919002032,110,0,0,0,0,2025-09-19_18:43:03
244375,HYBRIS,,CLS,H0249001_S_4315,雙妹嚜黑色環保袋,H250919002032,110,0,0,0,0,2025-09-19_18:43:03
244375,HYBRIS,,CLS,H0249001_S_8808,馬賽皂 (檸檬),H250919002032,110,0,0,0,0,2025-09-19_18:43:03
244375,HYBRIS,,CLS,H0249001_S_8809,馬賽皂 (蜜糖),H250919002032,110,0,0,0,0,2025-09-19_18:43:03
244375,HYBRIS,,CLS,H0249001_S_8810,馬賽皂 (白檀),H250919002032,110,0,0,0,0,2025-09-19_18:43:04
244375,HYBRIS,,CLS,H0249001_S_KC1100,指甲水,H250919002032,110,0,0,0,0,2025-09-19_18:43:04
244375,HYBRIS,,CLS,H0249001_S_KC1101,指甲油 (藍紫色系),H250919002032,110,0,0,0,0,2025-09-19_18:43:04
244375,HYBRIS,,CLS,H0249001_S_KC1102,指甲油 (藍紫色系),H250919002032,110,0,0,0,0,2025-09-19_18:43:04
244375,HYBRIS,,CLS,H0249001_S_KC1103,指甲油 (藍紫色系),H250919002032,110,0,0,0,0,2025-09-19_18:43:04
244375,HYBRIS,,CLS,H0249001_S_KC1105,指甲油 (藍紫色系),H250919002032,110,0,0,0,0,2025-09-19_18:43:04
244375,HYBRIS,,CLS,H0249001_S_KC1106,指甲油 (紅色系),H250919002032,110,0,0,0,0,2025-09-19_18:43:04
244375,HYBRIS,,CLS,H0249001_S_KC1107,指甲油 (紅色系),H250919002032,110,0,0,0,0,2025-09-19_18:43:04
244375,HYBRIS,,CLS,H0249001_S_KC1108,指甲油 (紅色系),H250919002032,110,0,0,0,0,2025-09-19_18:43:04
244375,HYBRIS,,CLS,H0249001_S_KC1112,指甲油 (藍紫色系),H250919002032,110,0,0,0,0,2025-09-19_18:43:04
244375,HYBRIS,,CLS,H0249001_S_KC1113,指甲油 (紅色系),H250919002032,110,0,0,0,0,2025-09-19_18:43:04
244375,HYBRIS,,CLS,H0249001_S_KC1116,指甲油 (彩色系),H250919002032,110,0,0,0,0,2025-09-19_18:43:04
244375,HYBRIS,,CLS,H0249001_S_KC1121,指甲油 (紅色系),H250919002032,110,0,0,0,0,2025-09-19_18:43:05
244375,HYBRIS,,CLS,H0249001_S_KC1123,指甲油 (紅色系),H250919002032,110,0,0,0,0,2025-09-19_18:43:05
244375,HYBRIS,,CLS,H0249001_S_KC1124,指甲油 (紅色系),H250919002032,110,0,0,0,0,2025-09-19_18:43:05
244375,HYBRIS,,CLS,H0249001_S_KC1127,指甲油 (彩色系),H250919002032,110,0,0,0,0,2025-09-19_18:43:05
244375,HYBRIS,,CLS,H0249001_S_KC1129,指甲油 (彩色系),H250919002032,110,0,0,0,0,2025-09-19_18:43:05
244375,HYBRIS,,CLS,H0249001_S_KC1130,指甲油 (彩色系),H250919002032,110,0,0,0,0,2025-09-19_18:43:05
244375,HYBRIS,,CLS,H0249001_S_KC1131,指甲油 (彩色系),H250919002032,110,0,0,0,0,2025-09-19_18:43:05
244375,HYBRIS,,CLS,H0249001_S_KC1134,指甲油 (紅色系),H250919002032,110,0,0,0,0,2025-09-19_18:43:06
244375,HYBRIS,,CLS,H0249001_S_KC1137,指甲油 (色號 - 37透明),H250919002032,110,0,0,0,0,2025-09-19_18:43:06
244375,HYBRIS,,CLS,H0249001_S_KC1139,指甲油 (彩色系),H250919002032,110,0,0,0,0,2025-09-19_18:43:06
244375,HYBRIS,,CLS,H0249001_S_KC1146,指甲油 (藍紫色系),H250919002032,110,0,0,0,0,2025-09-19_18:43:06
244375,HYBRIS,,CLS,H0249001_S_KC1148,指甲油 (彩色系),H250919002032,110,0,0,0,0,2025-09-19_18:43:06
244375,HYBRIS,,CLS,H0249001_S_KC1152,指甲油 (紅色系),H250919002032,110,0,0,0,0,2025-09-19_18:43:06
244375,HYBRIS,,CLS,H0249001_S_Q004,雙妹綿布袋 (白色),H250919002032,110,0,0,0,0,2025-09-19_18:43:07
244375,HYBRIS,,CLS,H0249001_S_Q005,雙妹綿布袋 (自然色),H250919002032,110,0,0,0,0,2025-09-19_18:43:07
244375,HYBRIS,,CLS,H0255001_S_21875,蒜油 250粒,H250919002032,110,0,0,0,0,2025-09-19_18:43:07
244375,HYBRIS,,CLS,H0255001_S_21942,利筋諾 50粒,H250919002032,110,0,0,0,0,2025-09-19_18:43:07
244375,HYBRIS,,CLS,H0255001_S_22993,乳薊果 60片,H250919002032,110,0,0,0,0,2025-09-19_18:43:07
244375,HYBRIS,,CLS,H0255001_S_23452,葡萄籽加強配方 30片,H250919002032,110,0,0,0,0,2025-09-19_18:43:07
244375,HYBRIS,,CLS,H0255001_S_24008,無腥味魚油1000 200粒,H250919002032,110,0,0,0,0,2025-09-19_18:43:07
244375,HYBRIS,,CLS,H0255001_S_24177,葉黃素 60粒,,110,0,0,0,0,2025-09-19_18:43:07
244375,HYBRIS,,CLS,H0255001_S_24201,護眼山桑子 30片,,110,0,0,0,0,2025-09-19_18:43:07
244375,HYBRIS,,CLS,H0255001_S_24877,兒童果味魚油丸 30粒,,110,0,0,0,0,2025-09-19_18:43:07
244375,HYBRIS,,CLS,H0255001_S_25067,鋸櫚前列配方 60粒,,20,0,0,0,0,2025-09-19_18:43:08
244375,HYBRIS,,CLS,H0255001_S_25207,維他命D3 1000 30粒,,110,0,0,0,0,2025-09-19_18:43:08
244375,HYBRIS,,CLS,H0255001_S_25266,護養關節配方 60粒,,110,0,0,0,0,2025-09-19_18:43:08
244375,HYBRIS,,CLS,H0294001_S_120088,免沖洗保濕護髮乳,,110,0,0,0,0,2025-09-19_18:43:08
244375,HYBRIS,,CLS,H0294001_S_120295,潔淨控油洗髮露,,110,0,0,0,0,2025-09-19_18:43:08
244375,HYBRIS,,CLS,H0294001_S_120533,波浪捲髮精華露波浪捲髮精華露波浪捲髮精華露波浪捲髮精華露,,110,0,0,0,0,2025-09-19_18:43:08
244375,HYBRIS,,CLS,H0318002_S_812719,有機矢車菊花水 200ml,,130,0,0,0,0,2025-09-19_18:43:08
244375,HYBRIS,,CLS,H0318002_S_812724,有機大馬士革玫瑰花水 200ml,,130,0,0,0,0,2025-09-19_18:43:08
244375,HYBRIS,,CLS,H0318002_S_852974,有機3重蜂蜜潤澤身體乳霜 150ml,,10,0,0,0,0,2025-09-19_18:43:08
244375,HYBRIS,,CLS,H0318002_S_855281,有機3重蜂蜜潤澤身體磨砂 150g,,110,0,0,0,0,2025-09-19_18:43:08
244375,HYBRIS,,CLS,H0318002_S_86Z0004,有機防敏香體露 50ml,,105,0,0,0,0,2025-09-19_18:43:08
244375,HYBRIS,,CLS,H0539001_S_50159,Royal Touch 敏感肌適用產後專用衛生巾 L碼 (5片/包),,110,0,0,0,0,2025-09-19_18:43:08
244375,HYBRIS,,CLS,H0888001_S_10004619,特級魚露,,15,0,0,0,0,2025-09-19_18:43:09
244375,HYBRIS,,CLS,H0888001_S_10004625,南乳,,220,0,0,0,0,2025-09-19_18:43:09
244375,HYBRIS,,CLS,H0888001_S_10004645,爽口榨菜絲,,230,0,0,0,0,2025-09-19_18:43:09
244375,HYBRIS,,CLS,H0888001_S_10004649,辣香蘿蔔,,120,0,0,0,0,2025-09-19_18:43:09
244375,HYBRIS,,CLS,H0888001_S_10004653,陳醋蕎頭,,130,0,0,0,0,2025-09-19_18:43:09
244375,HYBRIS,,CLS,H0888001_S_10004654,甜酸蕎頭,,130,0,0,0,0,2025-09-19_18:43:09
244375,HYBRIS,,CLS,H0888001_S_10004666,鮑汁靈芝菇片,,220,0,0,0,0,2025-09-19_18:43:09
244375,HYBRIS,,CLS,H0888001_S_10005984,豬骨火鍋上湯,,270,0,0,0,0,2025-09-19_18:43:09
244375,HYBRIS,,CLS,H0888001_S_10005986,醉雞火鍋上湯,,270,0,0,0,0,2025-09-19_18:43:09
244375,HYBRIS,,CLS,H0888001_S_10007891,洋蔥南瓜馬鈴薯片,,10,0,0,0,0,2025-09-19_18:43:09
244375,HYBRIS,,CLS,H0888001_S_10009135,藍梅寒天果凍糖,,10,0,0,0,0,2025-09-19_18:43:09
244375,HYBRIS,,CLS,H0888001_S_10009139,蜂蜜檸檬寒天果凍糖,,10,0,0,0,0,2025-09-19_18:43:09
244375,HYBRIS,,CLS,H0888001_S_10009151,什錦軟糖,,220,0,0,0,0,2025-09-19_18:43:09
244375,HYBRIS,,CLS,H0888001_S_10009386,北海道扇貝味薯片,,10,0,0,0,0,2025-09-19_18:43:09
244375,HYBRIS,,CLS,H0888001_S_10009388,酥餅 (黑朱古力),,15,0,0,0,0,2025-09-19_18:43:10
244375,HYBRIS,,CLS,H0888001_S_10011987,好ｅ食 - 白汁煙肉磨菇意粉 (急凍),,210,0,0,0,0,2025-09-19_18:43:10
244375,HYBRIS,,CLS,H0888001_S_10018925,白風船米餅-牛奶忌廉味,,210,0,0,0,0,2025-09-19_18:43:10
244375,HYBRIS,,CLS,H0888001_S_10022686,猴頭菇雪耳百合潤肺湯,,205,0,0,0,0,2025-09-19_18:43:10
244376,HYBRIS,,CLS,H0249001_S_1272s-74s,BBB薰衣草身體潔淨旅行套裝,,110,0,0,0,0,2025-09-19_18:46:01
244376,HYBRIS,,CLS,H0249001_S_1274,DDD薰衣草護髮素,,10,0,0,0,0,2025-09-19_18:46:01
244376,HYBRIS,,CLS,H0249001_S_1282s-84s,活花身體潔淨旅行套裝,,110,0,0,0,0,2025-09-19_18:46:01
244376,HYBRIS,,CLS,H0249001_S_1284,活花護髮素,,110,0,0,0,0,2025-09-19_18:46:01
244376,HYBRIS,,CLS,H0249001_S_1292,花露水沐浴露,,110,0,0,0,0,2025-09-19_18:46:01
244376,HYBRIS,,CLS,H0249001_S_1292s-94s,花露水身體潔淨旅行套裝一二三四五六,,110,0,0,0,0,2025-09-19_18:46:01
244376,HYBRIS,,CLS,H0249001_S_1293,花露水洗髮水,,110,0,0,0,0,2025-09-19_18:46:01
244376,HYBRIS,,CLS,H0249001_S_1294,花露水護髮素,,110,0,0,0,0,2025-09-19_18:46:01
244376,HYBRIS,,CLS,H0249001_S_2151,雪花膏,,120,0,0,0,0,2025-09-19_18:46:02
244376,HYBRIS,,CLS,H0249001_S_2152,活花潤手霜,,110,0,0,0,0,2025-09-19_18:46:02
244376,HYBRIS,,CLS,H0249001_S_2157,花露水香皂,,10,0,0,0,0,2025-09-19_18:46:02
244376,HYBRIS,,CLS,H0249001_S_2163,活花爽身粉 (玫瑰花香),,120,0,0,0,0,2025-09-19_18:46:02
244376,HYBRIS,,CLS,H0249001_S_2166,活花香皂,,120,0,0,0,0,2025-09-19_18:46:02
244376,HYBRIS,,CLS,H0249001_S_2167,活花止汗液,,120,0,0,0,0,2025-09-19_18:46:02
244376,HYBRIS,,CLS,H0249001_S_2177,迷你雪花膏,,110,0,0,0,0,2025-09-19_18:46:02
244376,HYBRIS,,CLS,H0249001_S_2181,EEE薰衣草味護髮油,,110,0,0,0,0,2025-09-19_18:46:02
244376,HYBRIS,,CLS,H0249001_S_2182,活花味護髮油  (玫瑰花香),,110,0,0,0,0,2025-09-19_18:46:02
244376,HYBRIS,,CLS,H0249001_S_2186,活花爽身粉 80克 (罐裝)（附柔軟粉撲）,,110,0,0,0,0,2025-09-19_18:46:02
244376,HYBRIS,,CLS,H0249001_S_2187,花露水爽身粉 80克 (罐裝)（附柔軟粉撲）,,110,0,0,0,0,2025-09-19_18:46:02
244376,HYBRIS,,CLS,H0249001_S_2188B,花露水濕紙巾 (20片),,110,0,0,0,0,2025-09-19_18:46:02
244376,HYBRIS,,CLS,H0249001_S_2198,花露水 (200毫升),,110,0,0,0,0,2025-09-19_18:46:02
244376,HYBRIS,,CLS,H0249001_S_2202,花露水 (100毫升),,110,0,0,0,0,2025-09-19_18:46:02
244376,HYBRIS,,CLS,H0249001_S_2204,花露水 (15毫升),,110,0,0,0,0,2025-09-19_18:46:02
244376,HYBRIS,,CLS,H0249001_S_2208,花露水 (10毫升),,110,0,0,0,0,2025-09-19_18:46:02
244376,HYBRIS,,CLS,H0249001_S_2209,花露水膏,,110,0,0,0,0,2025-09-19_18:46:03
244376,HYBRIS,,CLS,H0249001_S_4261,雙妹嚜復古記事簿,,110,0,0,0,0,2025-09-19_18:46:03
244376,HYBRIS,,CLS,H0249001_S_4281,雙妹嚜復古記事簿,,110,0,0,0,0,2025-09-19_18:46:03
244376,HYBRIS,,CLS,H0249001_S_4284,雙妹嚜復古拼圖,,110,0,0,0,0,2025-09-19_18:46:03
244376,HYBRIS,,CLS,H0249001_S_4286,雙妹嚜復古拼圖,,110,0,0,0,0,2025-09-19_18:46:03
244376,HYBRIS,,CLS,H0249001_S_4287,雙妹嚜復古拼圖,,110,0,0,0,0,2025-09-19_18:46:03
244376,HYBRIS,,CLS,H0249001_S_4290,懷舊2R相簿,,110,0,0,0,0,2025-09-19_18:46:03
244376,HYBRIS,,CLS,H0249001_S_4291,懷舊2R相簿,,110,0,0,0,0,2025-09-19_18:46:03
244376,HYBRIS,,CLS,H0249001_S_4292,懷舊2R相簿,,110,0,0,0,0,2025-09-19_18:46:03
244376,HYBRIS,,CLS,H0249001_S_4293,懷舊2R相簿,,110,0,0,0,0,2025-09-19_18:46:03
244376,HYBRIS,,CLS,H0249001_S_4315,雙妹嚜黑色環保袋,,110,0,0,0,0,2025-09-19_18:46:03
244376,HYBRIS,,CLS,H0249001_S_8808,馬賽皂 (檸檬),,110,0,0,0,0,2025-09-19_18:46:03
244376,HYBRIS,,CLS,H0249001_S_8809,馬賽皂 (蜜糖),,110,0,0,0,0,2025-09-19_18:46:03
244376,HYBRIS,,CLS,H0249001_S_8810,馬賽皂 (白檀),,110,0,0,0,0,2025-09-19_18:46:03
244376,HYBRIS,,CLS,H0249001_S_KC1100,指甲水,,110,0,0,0,0,2025-09-19_18:46:03
244376,HYBRIS,,CLS,H0249001_S_KC1101,指甲油 (藍紫色系),,110,0,0,0,0,2025-09-19_18:46:04
244376,HYBRIS,,CLS,H0249001_S_KC1102,指甲油 (藍紫色系),,110,0,0,0,0,2025-09-19_18:46:04
244376,HYBRIS,,CLS,H0249001_S_KC1103,指甲油 (藍紫色系),,110,0,0,0,0,2025-09-19_18:46:04
244376,HYBRIS,,CLS,H0249001_S_KC1105,指甲油 (藍紫色系),,110,0,0,0,0,2025-09-19_18:46:04
244376,HYBRIS,,CLS,H0249001_S_KC1106,指甲油 (紅色系),,110,0,0,0,0,2025-09-19_18:46:04
244376,HYBRIS,,CLS,H0249001_S_KC1107,指甲油 (紅色系),,110,0,0,0,0,2025-09-19_18:46:04
244376,HYBRIS,,CLS,H0249001_S_KC1108,指甲油 (紅色系),,110,0,0,0,0,2025-09-19_18:46:04
244376,HYBRIS,,CLS,H0249001_S_KC1112,指甲油 (藍紫色系),,110,0,0,0,0,2025-09-19_18:46:04
244376,HYBRIS,,CLS,H0249001_S_KC1113,指甲油 (紅色系),,110,0,0,0,0,2025-09-19_18:46:04
244376,HYBRIS,,CLS,H0249001_S_KC1116,指甲油 (彩色系),,110,0,0,0,0,2025-09-19_18:46:04
244376,HYBRIS,,CLS,H0249001_S_KC1121,指甲油 (紅色系),,110,0,0,0,0,2025-09-19_18:46:05
244376,HYBRIS,,CLS,H0249001_S_KC1123,指甲油 (紅色系),,110,0,0,0,0,2025-09-19_18:46:05
244376,HYBRIS,,CLS,H0249001_S_KC1124,指甲油 (紅色系),,110,0,0,0,0,2025-09-19_18:46:05
244376,HYBRIS,,CLS,H0249001_S_KC1127,指甲油 (彩色系),,110,0,0,0,0,2025-09-19_18:46:05
244376,HYBRIS,,CLS,H0249001_S_KC1129,指甲油 (彩色系),,110,0,0,0,0,2025-09-19_18:46:05
244376,HYBRIS,,CLS,H0249001_S_KC1130,指甲油 (彩色系),,110,0,0,0,0,2025-09-19_18:46:05
244376,HYBRIS,,CLS,H0249001_S_KC1131,指甲油 (彩色系),,110,0,0,0,0,2025-09-19_18:46:05
244376,HYBRIS,,CLS,H0249001_S_KC1134,指甲油 (紅色系),,110,0,0,0,0,2025-09-19_18:46:05
244376,HYBRIS,,CLS,H0249001_S_KC1137,指甲油 (色號 - 37透明),,110,0,0,0,0,2025-09-19_18:46:05
244376,HYBRIS,,CLS,H0249001_S_KC1139,指甲油 (彩色系),,110,0,0,0,0,2025-09-19_18:46:05
244376,HYBRIS,,CLS,H0249001_S_KC1146,指甲油 (藍紫色系),,110,0,0,0,0,2025-09-19_18:46:06
244376,HYBRIS,,CLS,H0249001_S_KC1148,指甲油 (彩色系),,110,0,0,0,0,2025-09-19_18:46:06
244376,HYBRIS,,CLS,H0249001_S_KC1152,指甲油 (紅色系),,110,0,0,0,0,2025-09-19_18:46:06
244376,HYBRIS,,CLS,H0249001_S_Q004,雙妹綿布袋 (白色),,110,0,0,0,0,2025-09-19_18:46:06
244376,HYBRIS,,CLS,H0249001_S_Q005,雙妹綿布袋 (自然色),,110,0,0,0,0,2025-09-19_18:46:06
244376,HYBRIS,,CLS,H0255001_S_21875,蒜油 250粒,,110,0,0,0,0,2025-09-19_18:46:07
244376,HYBRIS,,CLS,H0255001_S_21942,利筋諾 50粒,,110,0,0,0,0,2025-09-19_18:46:07
244376,HYBRIS,,CLS,H0255001_S_22993,乳薊果 60片,,110,0,0,0,0,2025-09-19_18:46:07
244376,HYBRIS,,CLS,H0255001_S_23452,葡萄籽加強配方 30片,,110,0,0,0,0,2025-09-19_18:46:07
244376,HYBRIS,,CLS,H0255001_S_24008,無腥味魚油1000 200粒,,110,0,0,0,0,2025-09-19_18:46:07
244376,HYBRIS,,CLS,H0255001_S_24177,葉黃素 60粒,,110,0,0,0,0,2025-09-19_18:46:07
244376,HYBRIS,,CLS,H0255001_S_24201,護眼山桑子 30片,,110,0,0,0,0,2025-09-19_18:46:07
244376,HYBRIS,,CLS,H0255001_S_24877,兒童果味魚油丸 30粒,,110,0,0,0,0,2025-09-19_18:46:07
244376,HYBRIS,,CLS,H0255001_S_25067,鋸櫚前列配方 60粒,,20,0,0,0,0,2025-09-19_18:46:07
244376,HYBRIS,,CLS,H0255001_S_25207,維他命D3 1000 30粒,,110,0,0,0,0,2025-09-19_18:46:07
244376,HYBRIS,,CLS,H0255001_S_25266,護養關節配方 60粒,,110,0,0,0,0,2025-09-19_18:46:07
244376,HYBRIS,,CLS,H0294001_S_120088,免沖洗保濕護髮乳,,110,0,0,0,0,2025-09-19_18:46:08
244376,HYBRIS,,CLS,H0294001_S_120295,潔淨控油洗髮露,,110,0,0,0,0,2025-09-19_18:46:08
244376,HYBRIS,,CLS,H0294001_S_120533,波浪捲髮精華露波浪捲髮精華露波浪捲髮精華露波浪捲髮精華露,,110,0,0,0,0,2025-09-19_18:46:08
244376,HYBRIS,,CLS,H0318002_S_812719,有機矢車菊花水 200ml,,130,0,0,0,0,2025-09-19_18:46:08
244376,HYBRIS,,CLS,H0318002_S_812724,有機大馬士革玫瑰花水 200ml,,130,0,0,0,0,2025-09-19_18:46:08
244376,HYBRIS,,CLS,H0318002_S_852974,有機3重蜂蜜潤澤身體乳霜 150ml,,10,0,0,0,0,2025-09-19_18:46:08
244376,HYBRIS,,CLS,H0318002_S_855281,有機3重蜂蜜潤澤身體磨砂 150g,,110,0,0,0,0,2025-09-19_18:46:08
244376,HYBRIS,,CLS,H0318002_S_86Z0004,有機防敏香體露 50ml,,105,0,0,0,0,2025-09-19_18:46:08
244376,HYBRIS,,CLS,H0539001_S_50159,Royal Touch 敏感肌適用產後專用衛生巾 L碼 (5片/包),,110,0,0,0,0,2025-09-19_18:46:08
244376,HYBRIS,,CLS,H0888001_S_10004619,特級魚露,,15,0,0,0,0,2025-09-19_18:46:08
244376,HYBRIS,,CLS,H0888001_S_10004625,南乳,,220,0,0,0,0,2025-09-19_18:46:08
244376,HYBRIS,,CLS,H0888001_S_10004645,爽口榨菜絲,,230,0,0,0,0,2025-09-19_18:46:08
244376,HYBRIS,,CLS,H0888001_S_10004649,辣香蘿蔔,,120,0,0,0,0,2025-09-19_18:46:08
244376,HYBRIS,,CLS,H0888001_S_10004653,陳醋蕎頭,,130,0,0,0,0,2025-09-19_18:46:08
244376,HYBRIS,,CLS,H0888001_S_10004654,甜酸蕎頭,,130,0,0,0,0,2025-09-19_18:46:09
244376,HYBRIS,,CLS,H0888001_S_10004666,鮑汁靈芝菇片,,220,0,0,0,0,2025-09-19_18:46:09
244376,HYBRIS,,CLS,H0888001_S_10005984,豬骨火鍋上湯,,270,0,0,0,0,2025-09-19_18:46:09
244376,HYBRIS,,CLS,H0888001_S_10005986,醉雞火鍋上湯,,270,0,0,0,0,2025-09-19_18:46:09
244376,HYBRIS,,CLS,H0888001_S_10007891,洋蔥南瓜馬鈴薯片,,10,0,0,0,0,2025-09-19_18:46:09
244376,HYBRIS,,CLS,H0888001_S_10009135,藍梅寒天果凍糖,,10,0,0,0,0,2025-09-19_18:46:09
244376,HYBRIS,,CLS,H0888001_S_10009139,蜂蜜檸檬寒天果凍糖,,10,0,0,0,0,2025-09-19_18:46:09
244376,HYBRIS,,CLS,H0888001_S_10009151,什錦軟糖,,220,0,0,0,0,2025-09-19_18:46:09
244376,HYBRIS,,CLS,H0888001_S_10009386,北海道扇貝味薯片,,10,0,0,0,0,2025-09-19_18:46:09
244376,HYBRIS,,CLS,H0888001_S_10009388,酥餅 (黑朱古力),,15,0,0,0,0,2025-09-19_18:46:09
244376,HYBRIS,,CLS,H0888001_S_10011987,好ｅ食 - 白汁煙肉磨菇意粉 (急凍),,210,0,0,0,0,2025-09-19_18:46:09
244376,HYBRIS,,CLS,H0888001_S_10018925,白風船米餅-牛奶忌廉味,,210,0,0,0,0,2025-09-19_18:46:09
244376,HYBRIS,,CLS,H0888001_S_10022686,猴頭菇雪耳百合潤肺湯,,205,0,0,0,0,2025-09-19_18:46:09
244377,HYBRIS,,COB,H0160001_S_WN07448,日本袋袋水蜜桃蘋果 (1包 /約800-900克),,210,210,0,0,0,2025-09-19_18:48:00
244377,HYBRIS,,COB,H0160001_S_WN07454,[勃根地直送] AOC Coteaux Bourguignons 2020,,210,210,0,0,0,2025-09-19_18:48:00
244377,HYBRIS,,COB,H0160001_S_WN07456,Millesimato Extra Dry Valdobbiadene Prosecco Superiore D.O.C.G.,,210,210,0,0,0,2025-09-19_18:48:00
244377,HYBRIS,,COB,H0160001_S_WN07460,Moscato Spumante Dolce,,210,210,0,0,0,2025-09-19_18:48:00
244377,HYBRIS,,COB,H0160001_S_WN07461,Grillo D.O.C. Sicilia,,210,210,0,0,0,2025-09-19_18:48:00
244377,HYBRIS,,COB,H0160001_S_WN07465,超級護眼配方,,210,210,0,0,0,2025-09-19_18:48:00
244377,HYBRIS,,COB,H0160001_S_WN07470,醒腦銀杏精華,,210,210,0,0,0,2025-09-19_18:48:00
244377,HYBRIS,,COB,H0160001_S_WN07471,優眠褪黑激素,,210,210,0,0,0,2025-09-19_18:48:00
244377,HYBRIS,,COB,H0160001_S_WN07477,活養細胞茄紅素,,210,210,0,0,0,2025-09-19_18:48:00
244377,HYBRIS,,COB,H0160001_S_WN07489,健骨MSM(活絡配方),,210,210,0,0,0,2025-09-19_18:48:00
244377,HYBRIS,,COB,H0160001_S_WN07490,女士至寶護道小紅莓,,210,210,0,0,0,2025-09-19_18:48:00
244377,HYBRIS,,COB,H0160001_S_WN07493,健骨檸檬酸鈣,,210,210,0,0,0,2025-09-19_18:48:00
244377,HYBRIS,,COB,H0160001_S_WN07494,健骨鈣鎂鋅,,210,210,0,0,0,2025-09-19_18:48:01
244377,HYBRIS,,COB,H0160001_S_WN07511,調經至寶月見草,,210,210,0,0,0,2025-09-19_18:48:01
244377,HYBRIS,,COB,H0160001_S_WN07512,健心奧米加3-6-9,,210,210,0,0,0,2025-09-19_18:48:01
244377,HYBRIS,,COB,H0249001_S_1272,AAA薰衣草沐浴露,,210,210,0,0,0,2025-09-19_18:48:01
244377,HYBRIS,,COB,H0249001_S_1272s-74s,BBB薰衣草身體潔淨旅行套裝,,210,210,0,0,0,2025-09-19_18:48:01
244377,HYBRIS,,COB,H0249001_S_1273,CCC薰衣草洗髮水,,210,210,0,0,0,2025-09-19_18:48:01
244377,HYBRIS,,COB,H0249001_S_1274,DDD薰衣草護髮素,,210,210,0,0,0,2025-09-19_18:48:01
244377,HYBRIS,,COB,H0249001_S_1282,活花沐浴露,,210,210,0,0,0,2025-09-19_18:48:01
244377,HYBRIS,,COB,H0249001_S_1282s-84s,活花身體潔淨旅行套裝,,210,210,0,0,0,2025-09-19_18:48:01
244377,HYBRIS,,COB,H0249001_S_1283,活花洗髮水,,210,210,0,0,0,2025-09-19_18:48:01
244377,HYBRIS,,COB,H0249001_S_1284,活花護髮素,,210,210,0,0,0,2025-09-19_18:48:01
244377,HYBRIS,,COB,H0249001_S_1292,花露水沐浴露,,210,210,0,0,0,2025-09-19_18:48:01
244377,HYBRIS,,COB,H0249001_S_1292s-94s,花露水身體潔淨旅行套裝一二三四五六,,210,210,0,0,0,2025-09-19_18:48:01
244377,HYBRIS,,COB,H0249001_S_1293,花露水洗髮水,,210,210,0,0,0,2025-09-19_18:48:01
244377,HYBRIS,,COB,H0249001_S_1294,花露水護髮素,,210,210,0,0,0,2025-09-19_18:48:01
244377,HYBRIS,,COB,H0249001_S_2151,雪花膏,,210,210,0,0,0,2025-09-19_18:48:01
244377,HYBRIS,,COB,H0249001_S_2152,活花潤手霜,,210,210,0,0,0,2025-09-19_18:48:02
244377,HYBRIS,,COB,H0249001_S_2157,花露水香皂,,210,210,0,0,0,2025-09-19_18:48:02
244377,HYBRIS,,COB,H0249001_S_2163,活花爽身粉 (玫瑰花香),,210,210,0,0,0,2025-09-19_18:48:02
244377,HYBRIS,,COB,H0249001_S_2164,花露水爽身粉,,210,210,0,0,0,2025-09-19_18:48:02
244377,HYBRIS,,COB,H0249001_S_2166,活花香皂,,210,210,0,0,0,2025-09-19_18:48:02
244377,HYBRIS,,COB,H0249001_S_2167,活花止汗液,,210,210,0,0,0,2025-09-19_18:48:02
244377,HYBRIS,,COB,H0249001_S_2177,迷你雪花膏,,210,210,0,0,0,2025-09-19_18:48:02
244377,HYBRIS,,COB,H0249001_S_2181,EEE薰衣草味護髮油,,210,210,0,0,0,2025-09-19_18:48:02
244377,HYBRIS,,COB,H0249001_S_2182,活花味護髮油  (玫瑰花香),,210,210,0,0,0,2025-09-19_18:48:02
244377,HYBRIS,,COB,H0249001_S_2186,活花爽身粉 80克 (罐裝)（附柔軟粉撲）,,210,210,0,0,0,2025-09-19_18:48:02
244377,HYBRIS,,COB,H0249001_S_2187,花露水爽身粉 80克 (罐裝)（附柔軟粉撲）,,210,210,0,0,0,2025-09-19_18:48:02
244377,HYBRIS,,COB,H0249001_S_2188B,花露水濕紙巾 (20片),,210,210,0,0,0,2025-09-19_18:48:02
244377,HYBRIS,,COB,H0249001_S_2198,花露水 (200毫升),,210,210,0,0,0,2025-09-19_18:48:02
244377,HYBRIS,,COB,H0249001_S_2202,花露水 (100毫升),,210,210,0,0,0,2025-09-19_18:48:02
244377,HYBRIS,,COB,H0249001_S_2204,花露水 (15毫升),,210,210,0,0,0,2025-09-19_18:48:02
244377,HYBRIS,,COB,H0249001_S_2208,花露水 (10毫升),,210,210,0,0,0,2025-09-19_18:48:02
244377,HYBRIS,,COB,H0249001_S_2209,花露水膏,,210,210,0,0,0,2025-09-19_18:48:02
244377,HYBRIS,,COB,H0249001_S_4207,迪士尼公主 - 筷子套裝 (4對套裝),,210,210,0,0,0,2025-09-19_18:48:03
244377,HYBRIS,,COB,H0249001_S_4261,雙妹嚜復古記事簿,,210,210,0,0,0,2025-09-19_18:48:03
244377,HYBRIS,,COB,H0249001_S_4281,雙妹嚜復古記事簿,,210,210,0,0,0,2025-09-19_18:48:03
244377,HYBRIS,,COB,H0249001_S_4284,雙妹嚜復古拼圖,,210,210,0,0,0,2025-09-19_18:48:03
244377,HYBRIS,,COB,H0249001_S_4286,雙妹嚜復古拼圖,,210,210,0,0,0,2025-09-19_18:48:03
244377,HYBRIS,,COB,H0249001_S_4287,雙妹嚜復古拼圖,,210,210,0,0,0,2025-09-19_18:48:03
244377,HYBRIS,,COB,H0249001_S_4290,懷舊2R相簿,,210,210,0,0,0,2025-09-19_18:48:03
244377,HYBRIS,,COB,H0249001_S_4291,懷舊2R相簿,,210,210,0,0,0,2025-09-19_18:48:03
244377,HYBRIS,,COB,H0249001_S_4292,懷舊2R相簿,,210,210,0,0,0,2025-09-19_18:48:03
244377,HYBRIS,,COB,H0249001_S_4293,懷舊2R相簿,,210,210,0,0,0,2025-09-19_18:48:03
244377,HYBRIS,,COB,H0249001_S_4315,雙妹嚜黑色環保袋,,210,210,0,0,0,2025-09-19_18:48:03
244377,HYBRIS,,COB,H0249001_S_8808,馬賽皂 (檸檬),,210,210,0,0,0,2025-09-19_18:48:03
244377,HYBRIS,,COB,H0249001_S_8809,馬賽皂 (蜜糖),,210,210,0,0,0,2025-09-19_18:48:03
244377,HYBRIS,,COB,H0249001_S_8810,馬賽皂 (白檀),,210,210,0,0,0,2025-09-19_18:48:03
244377,HYBRIS,,COB,H0249001_S_KC1100,指甲水,,210,210,0,0,0,2025-09-19_18:48:03
244377,HYBRIS,,COB,H0249001_S_KC1101,指甲油 (藍紫色系),,210,210,0,0,0,2025-09-19_18:48:03
244377,HYBRIS,,COB,H0249001_S_KC1102,指甲油 (藍紫色系),,210,210,0,0,0,2025-09-19_18:48:04
244377,HYBRIS,,COB,H0249001_S_KC1103,指甲油 (藍紫色系),,210,210,0,0,0,2025-09-19_18:48:04
244377,HYBRIS,,COB,H0249001_S_KC1105,指甲油 (藍紫色系),,210,210,0,0,0,2025-09-19_18:48:04
244377,HYBRIS,,COB,H0249001_S_KC1106,指甲油 (紅色系),,210,210,0,0,0,2025-09-19_18:48:04
244377,HYBRIS,,COB,H0249001_S_KC1107,指甲油 (紅色系),,210,210,0,0,0,2025-09-19_18:48:04
244377,HYBRIS,,COB,H0249001_S_KC1108,指甲油 (紅色系),,210,210,0,0,0,2025-09-19_18:48:04
244377,HYBRIS,,COB,H0249001_S_KC1109,指甲油 (紅色系),,210,210,0,0,0,2025-09-19_18:48:04
244377,HYBRIS,,COB,H0249001_S_KC1111,指甲油 (藍紫色系),,210,210,0,0,0,2025-09-19_18:48:04
244377,HYBRIS,,COB,H0249001_S_KC1112,指甲油 (藍紫色系),,210,210,0,0,0,2025-09-19_18:48:04
244377,HYBRIS,,COB,H0249001_S_KC1113,指甲油 (紅色系),,210,210,0,0,0,2025-09-19_18:48:04
244377,HYBRIS,,COB,H0249001_S_KC1114,指甲油 (紅色系),,210,210,0,0,0,2025-09-19_18:48:04
244377,HYBRIS,,COB,H0249001_S_KC1115,指甲油 (紅色系),,210,210,0,0,0,2025-09-19_18:48:04
244377,HYBRIS,,COB,H0249001_S_KC1116,指甲油 (彩色系),,210,210,0,0,0,2025-09-19_18:48:04
244377,HYBRIS,,COB,H0249001_S_KC1117,指甲油 (彩色系),,210,210,0,0,0,2025-09-19_18:48:04
244377,HYBRIS,,COB,H0249001_S_KC1118,指甲油 (紅色系),,210,210,0,0,0,2025-09-19_18:48:04
244377,HYBRIS,,COB,H0249001_S_KC1119,指甲油 (紅色系),,210,210,0,0,0,2025-09-19_18:48:04
244377,HYBRIS,,COB,H0249001_S_KC1120,指甲油 (藍紫色系),,210,210,0,0,0,2025-09-19_18:48:04
244377,HYBRIS,,COB,H0249001_S_KC1121,指甲油 (紅色系),,210,210,0,0,0,2025-09-19_18:48:05
244377,HYBRIS,,COB,H0249001_S_KC1122,指甲油 (紅色系),,210,210,0,0,0,2025-09-19_18:48:05
244377,HYBRIS,,COB,H0249001_S_KC1123,指甲油 (紅色系),,210,210,0,0,0,2025-09-19_18:48:05
244377,HYBRIS,,COB,H0249001_S_KC1124,指甲油 (紅色系),,210,210,0,0,0,2025-09-19_18:48:05
244377,HYBRIS,,COB,H0249001_S_KC1125,指甲油 (紅色系),,210,210,0,0,0,2025-09-19_18:48:05
244377,HYBRIS,,COB,H0249001_S_KC1126,指甲油 (紅色系),,210,210,0,0,0,2025-09-19_18:48:05
244377,HYBRIS,,COB,H0249001_S_KC1127,指甲油 (彩色系),,210,210,0,0,0,2025-09-19_18:48:05
244377,HYBRIS,,COB,H0249001_S_KC1128,指甲油 (彩色系),,210,210,0,0,0,2025-09-19_18:48:05
244377,HYBRIS,,COB,H0249001_S_KC1129,指甲油 (彩色系),,210,210,0,0,0,2025-09-19_18:48:05
244377,HYBRIS,,COB,H0249001_S_KC1130,指甲油 (彩色系),,210,210,0,0,0,2025-09-19_18:48:05
244377,HYBRIS,,COB,H0249001_S_KC1131,指甲油 (彩色系),,210,210,0,0,0,2025-09-19_18:48:05
244377,HYBRIS,,COB,H0249001_S_KC1132,指甲油 (紅色系),,210,210,0,0,0,2025-09-19_18:48:05
244377,HYBRIS,,COB,H0249001_S_KC1133,指甲油 (紅色系),,210,210,0,0,0,2025-09-19_18:48:05
244377,HYBRIS,,COB,H0249001_S_KC1134,指甲油 (紅色系),,210,210,0,0,0,2025-09-19_18:48:05
244377,HYBRIS,,COB,H0249001_S_KC1136,指甲油 (彩色系),,210,210,0,0,0,2025-09-19_18:48:05
244377,HYBRIS,,COB,H0249001_S_KC1137,指甲油 (色號 - 37透明),,210,210,0,0,0,2025-09-19_18:48:05
244377,HYBRIS,,COB,H0249001_S_KC1139,指甲油 (彩色系),,210,210,0,0,0,2025-09-19_18:48:06
244377,HYBRIS,,COB,H0249001_S_KC1140,指甲油 (彩色系),,210,210,0,0,0,2025-09-19_18:48:06
244377,HYBRIS,,COB,H0249001_S_KC1141,指甲油 (彩色系),,210,210,0,0,0,2025-09-19_18:48:06
244377,HYBRIS,,COB,H0249001_S_KC1142,指甲油 (彩色系),,210,210,0,0,0,2025-09-19_18:48:06
244377,HYBRIS,,COB,H0249001_S_KC1143,指甲油 (藍紫色系),,210,210,0,0,0,2025-09-19_18:48:06
244377,HYBRIS,,COB,H0249001_S_KC1144,指甲油 (藍紫色系),,210,210,0,0,0,2025-09-19_18:48:06
244377,HYBRIS,,COB,H0249001_S_KC1145,指甲油 (彩色系),,210,210,0,0,0,2025-09-19_18:48:06
244377,HYBRIS,,COB,H0249001_S_KC1146,指甲油 (藍紫色系),,210,210,0,0,0,2025-09-19_18:48:06
244377,HYBRIS,,COB,H0249001_S_KC1148,指甲油 (彩色系),,210,210,0,0,0,2025-09-19_18:48:06
244377,HYBRIS,,COB,H0249001_S_KC1149,指甲油 (彩色系),,210,210,0,0,0,2025-09-19_18:48:06
244377,HYBRIS,,COB,H0249001_S_KC1150,指甲油 (彩色系),,210,210,0,0,0,2025-09-19_18:48:06
244377,HYBRIS,,COB,H0249001_S_KC1151,指甲油 (藍紫色系),,210,210,0,0,0,2025-09-19_18:48:06
244377,HYBRIS,,COB,H0249001_S_KC1152,指甲油 (紅色系),,210,210,0,0,0,2025-09-19_18:48:06
244377,HYBRIS,,COB,H0249001_S_KC1153,指甲油 (彩色系),,210,210,0,0,0,2025-09-19_18:48:06
244377,HYBRIS,,COB,H0249001_S_KC1154,指甲油 (紅色系),,210,210,0,0,0,2025-09-19_18:48:06
244377,HYBRIS,,COB,H0249001_S_KC1155,指甲油 (藍紫色系),,210,210,0,0,0,2025-09-19_18:48:06
244377,HYBRIS,,COB,H0249001_S_Q004,雙妹綿布袋 (白色),,210,210,0,0,0,2025-09-19_18:48:06
244377,HYBRIS,,COB,H0249001_S_Q005,雙妹綿布袋 (自然色),,210,210,0,0,0,2025-09-19_18:48:06
244377,HYBRIS,,COB,H0255001_S_21875,蒜油 250粒,,210,210,0,0,0,2025-09-19_18:48:07
244377,HYBRIS,,COB,H0255001_S_21942,利筋諾 50粒,,210,210,0,0,0,2025-09-19_18:48:07
244377,HYBRIS,,COB,H0255001_S_22648,輔&#37238;Q10 50毫克 30粒,,210,210,0,0,0,2025-09-19_18:48:07
244377,HYBRIS,,COB,H0255001_S_22993,乳薊果 60片,,210,210,0,0,0,2025-09-19_18:48:07
244377,HYBRIS,,COB,H0255001_S_23452,葡萄籽加強配方 30片,,210,210,0,0,0,2025-09-19_18:48:07
244377,HYBRIS,,COB,H0255001_S_24008,無腥味魚油1000 200粒,,210,210,0,0,0,2025-09-19_18:48:07
244377,HYBRIS,,COB,H0255001_S_24143,葡萄糖胺500 90片,,210,210,0,0,0,2025-09-19_18:48:07
244377,HYBRIS,,COB,H0255001_S_24177,葉黃素 60粒,,210,210,0,0,0,2025-09-19_18:48:07
244377,HYBRIS,,COB,H0255001_S_24201,護眼山桑子 30片,,210,210,0,0,0,2025-09-19_18:48:07
244377,HYBRIS,,COB,H0255001_S_24712,無腥味魚油1000 90粒,,210,210,0,0,0,2025-09-19_18:48:07
244377,HYBRIS,,COB,H0255001_S_24877,兒童果味魚油丸 30粒,,210,210,0,0,0,2025-09-19_18:48:07
244377,HYBRIS,,COB,H0255001_S_24957,酣睡配方 30片,,210,210,0,0,0,2025-09-19_18:48:07
244377,HYBRIS,,COB,H0255001_S_25067,鋸櫚前列配方 60粒,,210,210,0,0,0,2025-09-19_18:48:07
244377,HYBRIS,,COB,H0255001_S_25110,亞麻籽油植物奧米加369 100粒,,210,210,0,0,0,2025-09-19_18:48:07
244377,HYBRIS,,COB,H0255001_S_25114,高濃度深海魚油日常配方 60粒,,210,210,0,0,0,2025-09-19_18:48:07
244377,HYBRIS,,COB,H0255001_S_25116,健腦高濃度深海魚油 60粒,,210,210,0,0,0,2025-09-19_18:48:07
244377,HYBRIS,,COB,H0255001_S_25207,維他命D3 1000 30粒,,210,210,0,0,0,2025-09-19_18:48:07
244377,HYBRIS,,COB,H0255001_S_25266,護養關節配方 60粒,,210,210,0,0,0,2025-09-19_18:48:08
244377,HYBRIS,,COB,H0294001_S_120088,免沖洗保濕護髮乳,,210,210,0,0,0,2025-09-19_18:48:08
244377,HYBRIS,,COB,H0294001_S_120295,潔淨控油洗髮露,,210,210,0,0,0,2025-09-19_18:48:08
244377,HYBRIS,,COB,H0294001_S_120533,波浪捲髮精華露波浪捲髮精華露波浪捲髮精華露波浪捲髮精華露,,210,210,0,0,0,2025-09-19_18:48:08
244377,HYBRIS,,COB,H0318002_S_812719,有機矢車菊花水 200ml,,210,210,0,0,0,2025-09-19_18:48:08
244377,HYBRIS,,COB,H0318002_S_812724,有機大馬士革玫瑰花水 200ml,,210,210,0,0,0,2025-09-19_18:48:08
244377,HYBRIS,,COB,H0318002_S_852974,有機3重蜂蜜潤澤身體乳霜 150ml,,210,210,0,0,0,2025-09-19_18:48:08
244377,HYBRIS,,COB,H0318002_S_855281,有機3重蜂蜜潤澤身體磨砂 150g,,210,210,0,0,0,2025-09-19_18:48:08
244377,HYBRIS,,COB,H0318002_S_861153,有機日用洗髮水 500ml,,210,210,0,0,0,2025-09-19_18:48:08
244377,HYBRIS,,COB,H0318002_S_86Z0004,有機防敏香體露 50ml,,210,210,0,0,0,2025-09-19_18:48:08
244377,HYBRIS,,COB,H0318002_S_86Z0005,有機乳木果油護髮素 150ml,,210,210,0,0,0,2025-09-19_18:48:08
244377,HYBRIS,,COB,H0539001_S_50159,Royal Touch 敏感肌適用產後專用衛生巾 L碼 (5片/包),,210,210,0,0,0,2025-09-19_18:48:08
244377,HYBRIS,,COB,H0888001_S_10004619,特級魚露,,210,210,0,0,0,2025-09-19_18:48:08
244377,HYBRIS,,COB,H0888001_S_10004625,南乳,,220,220,0,0,0,2025-09-19_18:48:08
244377,HYBRIS,,COB,H0888001_S_10004640,爽口榨菜絲,,230,230,0,0,0,2025-09-19_18:48:08
244377,HYBRIS,,COB,H0888001_S_10004645,爽口榨菜絲,,230,230,0,0,0,2025-09-19_18:48:08
244377,HYBRIS,,COB,H0888001_S_10004649,辣香蘿蔔,,220,220,0,0,0,2025-09-19_18:48:09
244377,HYBRIS,,COB,H0888001_S_10004653,陳醋蕎頭,,230,230,0,0,0,2025-09-19_18:48:09
244377,HYBRIS,,COB,H0888001_S_10004654,甜酸蕎頭,,230,230,0,0,0,2025-09-19_18:48:09
244377,HYBRIS,,COB,H0888001_S_10004666,鮑汁靈芝菇片,,220,220,0,0,0,2025-09-19_18:48:09
244377,HYBRIS,,COB,H0888001_S_10005984,豬骨火鍋上湯,,270,270,0,0,0,2025-09-19_18:48:09
244377,HYBRIS,,COB,H0888001_S_10005985,黑胡椒豬骨火鍋上湯,,270,270,0,0,0,2025-09-19_18:48:09
244377,HYBRIS,,COB,H0888001_S_10005986,醉雞火鍋上湯,,270,270,0,0,0,2025-09-19_18:48:09
244377,HYBRIS,,COB,H0888001_S_10007891,洋蔥南瓜馬鈴薯片,,210,210,0,0,0,2025-09-19_18:48:09
244377,HYBRIS,,COB,H0888001_S_10009135,藍梅寒天果凍糖,,210,210,0,0,0,2025-09-19_18:48:09
244377,HYBRIS,,COB,H0888001_S_10009139,蜂蜜檸檬寒天果凍糖,,210,210,0,0,0,2025-09-19_18:48:09
244377,HYBRIS,,COB,H0888001_S_10009151,什錦軟糖,,220,220,0,0,0,2025-09-19_18:48:09
244377,HYBRIS,,COB,H0888001_S_10009386,北海道扇貝味薯片,,210,210,0,0,0,2025-09-19_18:48:09
244377,HYBRIS,,COB,H0888001_S_10009388,酥餅 (黑朱古力),,215,215,0,0,0,2025-09-19_18:48:09
244377,HYBRIS,,COB,H0888001_S_10009609,星球大戰系列珍寶珠 (隨機派送),,210,210,0,0,0,2025-09-19_18:48:09
244377,HYBRIS,,COB,H0888001_S_10009610,湖池屋激辣魔薯香辣芝士味薯片,,220,220,0,0,0,2025-09-19_18:48:09
244377,HYBRIS,,COB,H0888001_S_10011987,好ｅ食 - 白汁煙肉磨菇意粉 (急凍),,210,210,0,0,0,2025-09-19_18:48:09
244377,HYBRIS,,COB,H0888001_S_10013325,金芝麻醬 (焙煎豆),,210,210,0,0,0,2025-09-19_18:48:09
244377,HYBRIS,,COB,H0888001_S_10018925,白風船米餅-牛奶忌廉味,,210,210,0,0,0,2025-09-19_18:48:10
244377,HYBRIS,,COB,H0888001_S_10022686,猴頭菇雪耳百合潤肺湯,,220,220,0,0,0,2025-09-19_18:48:10
244378,IMAX_KERRY,,WFS,H0888001_S_10012783,巴西牛胸腩粒 (急凍),IM00072122,50,0,0,0,0,2025-09-19_18:49:00
244379,HYBRIS,,COB,H0160001_S_WN07448,日本袋袋水蜜桃蘋果 (1包 /約800-900克),,210,210,0,0,0,2025-09-19_18:50:00
244379,HYBRIS,,COB,H0160001_S_WN07454,[勃根地直送] AOC Coteaux Bourguignons 2020,,210,210,0,0,0,2025-09-19_18:50:00
244379,HYBRIS,,COB,H0160001_S_WN07456,Millesimato Extra Dry Valdobbiadene Prosecco Superiore D.O.C.G.,,210,210,0,0,0,2025-09-19_18:50:00
244379,HYBRIS,,COB,H0160001_S_WN07460,Moscato Spumante Dolce,,210,210,0,0,0,2025-09-19_18:50:00
244379,HYBRIS,,COB,H0160001_S_WN07461,Grillo D.O.C. Sicilia,,210,210,0,0,0,2025-09-19_18:50:00
244379,HYBRIS,,COB,H0160001_S_WN07465,超級護眼配方,,210,210,0,0,0,2025-09-19_18:50:00
244379,HYBRIS,,COB,H0160001_S_WN07470,醒腦銀杏精華,,210,210,0,0,0,2025-09-19_18:50:00
244379,HYBRIS,,COB,H0160001_S_WN07471,優眠褪黑激素,,210,210,0,0,0,2025-09-19_18:50:01
244379,HYBRIS,,COB,H0160001_S_WN07477,活養細胞茄紅素,,210,210,0,0,0,2025-09-19_18:50:01
244379,HYBRIS,,COB,H0160001_S_WN07489,健骨MSM(活絡配方),,210,210,0,0,0,2025-09-19_18:50:01
244379,HYBRIS,,COB,H0160001_S_WN07490,女士至寶護道小紅莓,,210,210,0,0,0,2025-09-19_18:50:01
244379,HYBRIS,,COB,H0160001_S_WN07493,健骨檸檬酸鈣,,210,210,0,0,0,2025-09-19_18:50:01
244379,HYBRIS,,COB,H0160001_S_WN07494,健骨鈣鎂鋅,,210,210,0,0,0,2025-09-19_18:50:01
244379,HYBRIS,,COB,H0160001_S_WN07511,調經至寶月見草,,210,210,0,0,0,2025-09-19_18:50:01
244379,HYBRIS,,COB,H0160001_S_WN07512,健心奧米加3-6-9,,210,210,0,0,0,2025-09-19_18:50:01
244379,HYBRIS,,COB,H0249001_S_1272,AAA薰衣草沐浴露,,210,210,0,0,0,2025-09-19_18:50:01
244379,HYBRIS,,COB,H0249001_S_1272s-74s,BBB薰衣草身體潔淨旅行套裝,,210,210,0,0,0,2025-09-19_18:50:01
244379,HYBRIS,,COB,H0249001_S_1273,CCC薰衣草洗髮水,,210,210,0,0,0,2025-09-19_18:50:01
244379,HYBRIS,,COB,H0249001_S_1274,DDD薰衣草護髮素,,210,210,0,0,0,2025-09-19_18:50:01
244379,HYBRIS,,COB,H0249001_S_1282,活花沐浴露,,210,210,0,0,0,2025-09-19_18:50:02
244379,HYBRIS,,COB,H0249001_S_1282s-84s,活花身體潔淨旅行套裝,,210,210,0,0,0,2025-09-19_18:50:02
244379,HYBRIS,,COB,H0249001_S_1283,活花洗髮水,,210,210,0,0,0,2025-09-19_18:50:02
244379,HYBRIS,,COB,H0249001_S_1284,活花護髮素,,210,210,0,0,0,2025-09-19_18:50:02
244379,HYBRIS,,COB,H0249001_S_1292,花露水沐浴露,,210,210,0,0,0,2025-09-19_18:50:02
244379,HYBRIS,,COB,H0249001_S_1292s-94s,花露水身體潔淨旅行套裝一二三四五六,,210,210,0,0,0,2025-09-19_18:50:02
244379,HYBRIS,,COB,H0249001_S_1293,花露水洗髮水,,210,210,0,0,0,2025-09-19_18:50:02
244379,HYBRIS,,COB,H0249001_S_1294,花露水護髮素,,210,210,0,0,0,2025-09-19_18:50:02
244379,HYBRIS,,COB,H0249001_S_2151,雪花膏,,210,210,0,0,0,2025-09-19_18:50:02
244379,HYBRIS,,COB,H0249001_S_2152,活花潤手霜,,210,210,0,0,0,2025-09-19_18:50:02
244379,HYBRIS,,COB,H0249001_S_2157,花露水香皂,,210,210,0,0,0,2025-09-19_18:50:02
244379,HYBRIS,,COB,H0249001_S_2163,活花爽身粉 (玫瑰花香),,210,210,0,0,0,2025-09-19_18:50:02
244379,HYBRIS,,COB,H0249001_S_2164,花露水爽身粉,,210,210,0,0,0,2025-09-19_18:50:02
244379,HYBRIS,,COB,H0249001_S_2166,活花香皂,,210,210,0,0,0,2025-09-19_18:50:02
244379,HYBRIS,,COB,H0249001_S_2167,活花止汗液,,210,210,0,0,0,2025-09-19_18:50:02
244379,HYBRIS,,COB,H0249001_S_2177,迷你雪花膏,,210,210,0,0,0,2025-09-19_18:50:03
244379,HYBRIS,,COB,H0249001_S_2181,EEE薰衣草味護髮油,,210,210,0,0,0,2025-09-19_18:50:03
244379,HYBRIS,,COB,H0249001_S_2182,活花味護髮油  (玫瑰花香),,210,210,0,0,0,2025-09-19_18:50:03
244379,HYBRIS,,COB,H0249001_S_2186,活花爽身粉 80克 (罐裝)（附柔軟粉撲）,,210,210,0,0,0,2025-09-19_18:50:03
244379,HYBRIS,,COB,H0249001_S_2187,花露水爽身粉 80克 (罐裝)（附柔軟粉撲）,,210,210,0,0,0,2025-09-19_18:50:03
244379,HYBRIS,,COB,H0249001_S_2188B,花露水濕紙巾 (20片),,210,210,0,0,0,2025-09-19_18:50:03
244379,HYBRIS,,COB,H0249001_S_2198,花露水 (200毫升),,210,210,0,0,0,2025-09-19_18:50:03
244379,HYBRIS,,COB,H0249001_S_2202,花露水 (100毫升),,210,210,0,0,0,2025-09-19_18:50:03
244379,HYBRIS,,COB,H0249001_S_2204,花露水 (15毫升),,210,210,0,0,0,2025-09-19_18:50:03
244379,HYBRIS,,COB,H0249001_S_2208,花露水 (10毫升),,210,210,0,0,0,2025-09-19_18:50:03
244379,HYBRIS,,COB,H0249001_S_2209,花露水膏,,210,210,0,0,0,2025-09-19_18:50:03
244379,HYBRIS,,COB,H0249001_S_4207,迪士尼公主 - 筷子套裝 (4對套裝),,210,210,0,0,0,2025-09-19_18:50:03
244379,HYBRIS,,COB,H0249001_S_4261,雙妹嚜復古記事簿,,210,210,0,0,0,2025-09-19_18:50:03
244379,HYBRIS,,COB,H0249001_S_4281,雙妹嚜復古記事簿,,210,210,0,0,0,2025-09-19_18:50:03
244379,HYBRIS,,COB,H0249001_S_4284,雙妹嚜復古拼圖,,210,210,0,0,0,2025-09-19_18:50:03
244379,HYBRIS,,COB,H0249001_S_4286,雙妹嚜復古拼圖,,210,210,0,0,0,2025-09-19_18:50:03
244379,HYBRIS,,COB,H0249001_S_4287,雙妹嚜復古拼圖,,210,210,0,0,0,2025-09-19_18:50:03
244379,HYBRIS,,COB,H0249001_S_4290,懷舊2R相簿,,210,210,0,0,0,2025-09-19_18:50:03
244379,HYBRIS,,COB,H0249001_S_4291,懷舊2R相簿,,210,210,0,0,0,2025-09-19_18:50:04
244379,HYBRIS,,COB,H0249001_S_4292,懷舊2R相簿,,210,210,0,0,0,2025-09-19_18:50:04
244379,HYBRIS,,COB,H0249001_S_4293,懷舊2R相簿,,210,210,0,0,0,2025-09-19_18:50:04
244379,HYBRIS,,COB,H0249001_S_4315,雙妹嚜黑色環保袋,,210,210,0,0,0,2025-09-19_18:50:04
244379,HYBRIS,,COB,H0249001_S_8808,馬賽皂 (檸檬),,210,210,0,0,0,2025-09-19_18:50:04
244379,HYBRIS,,COB,H0249001_S_8809,馬賽皂 (蜜糖),,210,210,0,0,0,2025-09-19_18:50:04
244379,HYBRIS,,COB,H0249001_S_8810,馬賽皂 (白檀),,210,210,0,0,0,2025-09-19_18:50:04
244379,HYBRIS,,COB,H0249001_S_KC1100,指甲水,,210,210,0,0,0,2025-09-19_18:50:04
244379,HYBRIS,,COB,H0249001_S_KC1101,指甲油 (藍紫色系),,210,210,0,0,0,2025-09-19_18:50:04
244379,HYBRIS,,COB,H0249001_S_KC1102,指甲油 (藍紫色系),,210,210,0,0,0,2025-09-19_18:50:04
244379,HYBRIS,,COB,H0249001_S_KC1103,指甲油 (藍紫色系),,210,210,0,0,0,2025-09-19_18:50:04
244379,HYBRIS,,COB,H0249001_S_KC1105,指甲油 (藍紫色系),,210,210,0,0,0,2025-09-19_18:50:04
244379,HYBRIS,,COB,H0249001_S_KC1106,指甲油 (紅色系),,210,210,0,0,0,2025-09-19_18:50:04
244379,HYBRIS,,COB,H0249001_S_KC1107,指甲油 (紅色系),,210,210,0,0,0,2025-09-19_18:50:04
244379,HYBRIS,,COB,H0249001_S_KC1108,指甲油 (紅色系),,210,210,0,0,0,2025-09-19_18:50:04
244379,HYBRIS,,COB,H0249001_S_KC1109,指甲油 (紅色系),,210,210,0,0,0,2025-09-19_18:50:04
244379,HYBRIS,,COB,H0249001_S_KC1111,指甲油 (藍紫色系),,210,210,0,0,0,2025-09-19_18:50:05
244379,HYBRIS,,COB,H0249001_S_KC1112,指甲油 (藍紫色系),,210,210,0,0,0,2025-09-19_18:50:05
244379,HYBRIS,,COB,H0249001_S_KC1113,指甲油 (紅色系),,210,210,0,0,0,2025-09-19_18:50:05
244379,HYBRIS,,COB,H0249001_S_KC1114,指甲油 (紅色系),,210,210,0,0,0,2025-09-19_18:50:05
244379,HYBRIS,,COB,H0249001_S_KC1115,指甲油 (紅色系),,210,210,0,0,0,2025-09-19_18:50:05
244379,HYBRIS,,COB,H0249001_S_KC1116,指甲油 (彩色系),,210,210,0,0,0,2025-09-19_18:50:05
244379,HYBRIS,,COB,H0249001_S_KC1117,指甲油 (彩色系),,210,210,0,0,0,2025-09-19_18:50:05
244379,HYBRIS,,COB,H0249001_S_KC1118,指甲油 (紅色系),,210,210,0,0,0,2025-09-19_18:50:05
244379,HYBRIS,,COB,H0249001_S_KC1119,指甲油 (紅色系),,210,210,0,0,0,2025-09-19_18:50:05
244379,HYBRIS,,COB,H0249001_S_KC1120,指甲油 (藍紫色系),,210,210,0,0,0,2025-09-19_18:50:05
244379,HYBRIS,,COB,H0249001_S_KC1121,指甲油 (紅色系),,210,210,0,0,0,2025-09-19_18:50:05
244379,HYBRIS,,COB,H0249001_S_KC1122,指甲油 (紅色系),,210,210,0,0,0,2025-09-19_18:50:05
244379,HYBRIS,,COB,H0249001_S_KC1123,指甲油 (紅色系),,210,210,0,0,0,2025-09-19_18:50:05
244379,HYBRIS,,COB,H0249001_S_KC1124,指甲油 (紅色系),,210,210,0,0,0,2025-09-19_18:50:05
244379,HYBRIS,,COB,H0249001_S_KC1125,指甲油 (紅色系),,210,210,0,0,0,2025-09-19_18:50:05
244379,HYBRIS,,COB,H0249001_S_KC1126,指甲油 (紅色系),,210,210,0,0,0,2025-09-19_18:50:05
244379,HYBRIS,,COB,H0249001_S_KC1127,指甲油 (彩色系),,210,210,0,0,0,2025-09-19_18:50:05
244379,HYBRIS,,COB,H0249001_S_KC1128,指甲油 (彩色系),,210,210,0,0,0,2025-09-19_18:50:06
244379,HYBRIS,,COB,H0249001_S_KC1129,指甲油 (彩色系),,210,210,0,0,0,2025-09-19_18:50:06
244379,HYBRIS,,COB,H0249001_S_KC1130,指甲油 (彩色系),,210,210,0,0,0,2025-09-19_18:50:06
244379,HYBRIS,,COB,H0249001_S_KC1131,指甲油 (彩色系),,210,210,0,0,0,2025-09-19_18:50:06
244379,HYBRIS,,COB,H0249001_S_KC1132,指甲油 (紅色系),,210,210,0,0,0,2025-09-19_18:50:06
244379,HYBRIS,,COB,H0249001_S_KC1133,指甲油 (紅色系),,210,210,0,0,0,2025-09-19_18:50:06
244379,HYBRIS,,COB,H0249001_S_KC1134,指甲油 (紅色系),,210,210,0,0,0,2025-09-19_18:50:06
244379,HYBRIS,,COB,H0249001_S_KC1136,指甲油 (彩色系),,210,210,0,0,0,2025-09-19_18:50:06
244379,HYBRIS,,COB,H0249001_S_KC1137,指甲油 (色號 - 37透明),,210,210,0,0,0,2025-09-19_18:50:06
244379,HYBRIS,,COB,H0249001_S_KC1139,指甲油 (彩色系),,210,210,0,0,0,2025-09-19_18:50:06
244379,HYBRIS,,COB,H0249001_S_KC1140,指甲油 (彩色系),,210,210,0,0,0,2025-09-19_18:50:06
244379,HYBRIS,,COB,H0249001_S_KC1141,指甲油 (彩色系),,210,210,0,0,0,2025-09-19_18:50:06
244379,HYBRIS,,COB,H0249001_S_KC1142,指甲油 (彩色系),,210,210,0,0,0,2025-09-19_18:50:06
244379,HYBRIS,,COB,H0249001_S_KC1143,指甲油 (藍紫色系),,210,210,0,0,0,2025-09-19_18:50:06
244379,HYBRIS,,COB,H0249001_S_KC1144,指甲油 (藍紫色系),,210,210,0,0,0,2025-09-19_18:50:06
244379,HYBRIS,,COB,H0249001_S_KC1145,指甲油 (彩色系),,210,210,0,0,0,2025-09-19_18:50:06
244379,HYBRIS,,COB,H0249001_S_KC1146,指甲油 (藍紫色系),,210,210,0,0,0,2025-09-19_18:50:06
244379,HYBRIS,,COB,H0249001_S_KC1148,指甲油 (彩色系),,210,210,0,0,0,2025-09-19_18:50:07
244379,HYBRIS,,COB,H0249001_S_KC1149,指甲油 (彩色系),,210,210,0,0,0,2025-09-19_18:50:07
244379,HYBRIS,,COB,H0249001_S_KC1150,指甲油 (彩色系),,210,210,0,0,0,2025-09-19_18:50:07
244379,HYBRIS,,COB,H0249001_S_KC1151,指甲油 (藍紫色系),,210,210,0,0,0,2025-09-19_18:50:07
244379,HYBRIS,,COB,H0249001_S_KC1152,指甲油 (紅色系),,210,210,0,0,0,2025-09-19_18:50:07
244379,HYBRIS,,COB,H0249001_S_KC1153,指甲油 (彩色系),,210,210,0,0,0,2025-09-19_18:50:07
244379,HYBRIS,,COB,H0249001_S_KC1154,指甲油 (紅色系),,210,210,0,0,0,2025-09-19_18:50:07
244379,HYBRIS,,COB,H0249001_S_KC1155,指甲油 (藍紫色系),,210,210,0,0,0,2025-09-19_18:50:07
244379,HYBRIS,,COB,H0249001_S_Q004,雙妹綿布袋 (白色),,210,210,0,0,0,2025-09-19_18:50:07
244379,HYBRIS,,COB,H0249001_S_Q005,雙妹綿布袋 (自然色),,210,210,0,0,0,2025-09-19_18:50:07
244379,HYBRIS,,COB,H0255001_S_21875,蒜油 250粒,,210,210,0,0,0,2025-09-19_18:50:07
244379,HYBRIS,,COB,H0255001_S_21942,利筋諾 50粒,,210,210,0,0,0,2025-09-19_18:50:07
244379,HYBRIS,,COB,H0255001_S_22648,輔&#37238;Q10 50毫克 30粒,,210,210,0,0,0,2025-09-19_18:50:07
244379,HYBRIS,,COB,H0255001_S_22993,乳薊果 60片,,210,210,0,0,0,2025-09-19_18:50:07
244379,HYBRIS,,COB,H0255001_S_23452,葡萄籽加強配方 30片,,210,210,0,0,0,2025-09-19_18:50:07
244379,HYBRIS,,COB,H0255001_S_24008,無腥味魚油1000 200粒,,210,210,0,0,0,2025-09-19_18:50:07
244379,HYBRIS,,COB,H0255001_S_24143,葡萄糖胺500 90片,,210,210,0,0,0,2025-09-19_18:50:07
244379,HYBRIS,,COB,H0255001_S_24177,葉黃素 60粒,,210,210,0,0,0,2025-09-19_18:50:08
244379,HYBRIS,,COB,H0255001_S_24201,護眼山桑子 30片,,210,210,0,0,0,2025-09-19_18:50:08
244379,HYBRIS,,COB,H0255001_S_24712,無腥味魚油1000 90粒,,210,210,0,0,0,2025-09-19_18:50:08
244379,HYBRIS,,COB,H0255001_S_24877,兒童果味魚油丸 30粒,,210,210,0,0,0,2025-09-19_18:50:08
244379,HYBRIS,,COB,H0255001_S_24957,酣睡配方 30片,,210,210,0,0,0,2025-09-19_18:50:08
244379,HYBRIS,,COB,H0255001_S_25067,鋸櫚前列配方 60粒,,210,210,0,0,0,2025-09-19_18:50:08
244379,HYBRIS,,COB,H0255001_S_25110,亞麻籽油植物奧米加369 100粒,,210,210,0,0,0,2025-09-19_18:50:08
244379,HYBRIS,,COB,H0255001_S_25114,高濃度深海魚油日常配方 60粒,,210,210,0,0,0,2025-09-19_18:50:08
244379,HYBRIS,,COB,H0255001_S_25116,健腦高濃度深海魚油 60粒,,210,210,0,0,0,2025-09-19_18:50:08
244379,HYBRIS,,COB,H0255001_S_25207,維他命D3 1000 30粒,,210,210,0,0,0,2025-09-19_18:50:08
244379,HYBRIS,,COB,H0255001_S_25266,護養關節配方 60粒,,210,210,0,0,0,2025-09-19_18:50:08
244379,HYBRIS,,COB,H0294001_S_120088,免沖洗保濕護髮乳,,210,210,0,0,0,2025-09-19_18:50:08
244379,HYBRIS,,COB,H0294001_S_120295,潔淨控油洗髮露,,210,210,0,0,0,2025-09-19_18:50:08
244379,HYBRIS,,COB,H0294001_S_120533,波浪捲髮精華露波浪捲髮精華露波浪捲髮精華露波浪捲髮精華露,,210,210,0,0,0,2025-09-19_18:50:08
244379,HYBRIS,,COB,H0318002_S_812719,有機矢車菊花水 200ml,,210,210,0,0,0,2025-09-19_18:50:08
244379,HYBRIS,,COB,H0318002_S_812724,有機大馬士革玫瑰花水 200ml,,210,210,0,0,0,2025-09-19_18:50:08
244379,HYBRIS,,COB,H0318002_S_852974,有機3重蜂蜜潤澤身體乳霜 150ml,,210,210,0,0,0,2025-09-19_18:50:08
244379,HYBRIS,,COB,H0318002_S_855281,有機3重蜂蜜潤澤身體磨砂 150g,,210,210,0,0,0,2025-09-19_18:50:09
244379,HYBRIS,,COB,H0318002_S_861153,有機日用洗髮水 500ml,,210,210,0,0,0,2025-09-19_18:50:09
244379,HYBRIS,,COB,H0318002_S_86Z0004,有機防敏香體露 50ml,,210,210,0,0,0,2025-09-19_18:50:09
244379,HYBRIS,,COB,H0318002_S_86Z0005,有機乳木果油護髮素 150ml,,210,210,0,0,0,2025-09-19_18:50:09
244379,HYBRIS,,COB,H0539001_S_50159,Royal Touch 敏感肌適用產後專用衛生巾 L碼 (5片/包),,210,210,0,0,0,2025-09-19_18:50:09
244379,HYBRIS,,COB,H0888001_S_10004619,特級魚露,,210,210,0,0,0,2025-09-19_18:50:09
244379,HYBRIS,,COB,H0888001_S_10004625,南乳,,220,220,0,0,0,2025-09-19_18:50:09
244379,HYBRIS,,COB,H0888001_S_10004640,爽口榨菜絲,,230,230,0,0,0,2025-09-19_18:50:09
244379,HYBRIS,,COB,H0888001_S_10004645,爽口榨菜絲,,230,230,0,0,0,2025-09-19_18:50:09
244379,HYBRIS,,COB,H0888001_S_10004649,辣香蘿蔔,,220,220,0,0,0,2025-09-19_18:50:09
244379,HYBRIS,,COB,H0888001_S_10004653,陳醋蕎頭,,230,230,0,0,0,2025-09-19_18:50:09
244379,HYBRIS,,COB,H0888001_S_10004654,甜酸蕎頭,,230,230,0,0,0,2025-09-19_18:50:09
244379,HYBRIS,,COB,H0888001_S_10004666,鮑汁靈芝菇片,,220,220,0,0,0,2025-09-19_18:50:09
244379,HYBRIS,,COB,H0888001_S_10005984,豬骨火鍋上湯,,270,270,0,0,0,2025-09-19_18:50:09
244379,HYBRIS,,COB,H0888001_S_10005985,黑胡椒豬骨火鍋上湯,,270,270,0,0,0,2025-09-19_18:50:09
244379,HYBRIS,,COB,H0888001_S_10005986,醉雞火鍋上湯,,270,270,0,0,0,2025-09-19_18:50:09
244379,HYBRIS,,COB,H0888001_S_10007891,洋蔥南瓜馬鈴薯片,,210,210,0,0,0,2025-09-19_18:50:09
244379,HYBRIS,,COB,H0888001_S_10009135,藍梅寒天果凍糖,,210,210,0,0,0,2025-09-19_18:50:10
244379,HYBRIS,,COB,H0888001_S_10009139,蜂蜜檸檬寒天果凍糖,,210,210,0,0,0,2025-09-19_18:50:10
244379,HYBRIS,,COB,H0888001_S_10009151,什錦軟糖,,220,220,0,0,0,2025-09-19_18:50:10
244379,HYBRIS,,COB,H0888001_S_10009386,北海道扇貝味薯片,,210,210,0,0,0,2025-09-19_18:50:10
244379,HYBRIS,,COB,H0888001_S_10009388,酥餅 (黑朱古力),,215,215,0,0,0,2025-09-19_18:50:10
244379,HYBRIS,,COB,H0888001_S_10009609,星球大戰系列珍寶珠 (隨機派送),,210,210,0,0,0,2025-09-19_18:50:10
244379,HYBRIS,,COB,H0888001_S_10009610,湖池屋激辣魔薯香辣芝士味薯片,,220,220,0,0,0,2025-09-19_18:50:10
244379,HYBRIS,,COB,H0888001_S_10011987,好ｅ食 - 白汁煙肉磨菇意粉 (急凍),,210,210,0,0,0,2025-09-19_18:50:10
244379,HYBRIS,,COB,H0888001_S_10013325,金芝麻醬 (焙煎豆),,210,210,0,0,0,2025-09-19_18:50:10
244379,HYBRIS,,COB,H0888001_S_10018925,白風船米餅-牛奶忌廉味,,210,210,0,0,0,2025-09-19_18:50:10
244379,HYBRIS,,COB,H0888001_S_10022686,猴頭菇雪耳百合潤肺湯,,220,220,0,0,0,2025-09-19_18:50:10
244380,HYBRIS,,ECS,H0160001_S_WN07448,日本袋袋水蜜桃蘋果 (1包 /約800-900克),,210,210,0,0,0,2025-09-19_18:57:10
244380,HYBRIS,,ECS,H0160001_S_WN07454,[勃根地直送] AOC Coteaux Bourguignons 2020,,195,195,0,0,0,2025-09-19_18:57:10
244380,HYBRIS,,ECS,H0160001_S_WN07456,Millesimato Extra Dry Valdobbiadene Prosecco Superiore D.O.C.G.,,180,180,0,0,0,2025-09-19_18:57:10
244380,HYBRIS,,ECS,H0160001_S_WN07460,Moscato Spumante Dolce,,210,210,0,0,0,2025-09-19_18:57:10
244380,HYBRIS,,ECS,H0160001_S_WN07461,Grillo D.O.C. Sicilia,,210,210,0,0,0,2025-09-19_18:57:10
244380,HYBRIS,,ECS,H0160001_S_WN07465,超級護眼配方,,210,210,0,0,0,2025-09-19_18:57:10
244380,HYBRIS,,ECS,H0160001_S_WN07470,醒腦銀杏精華,,210,210,0,0,0,2025-09-19_18:57:10
244380,HYBRIS,,ECS,H0160001_S_WN07471,優眠褪黑激素,,210,210,0,0,0,2025-09-19_18:57:10
244380,HYBRIS,,ECS,H0160001_S_WN07477,活養細胞茄紅素,,210,210,0,0,0,2025-09-19_18:57:10
244380,HYBRIS,,ECS,H0160001_S_WN07489,健骨MSM(活絡配方),,210,210,0,0,0,2025-09-19_18:57:10
244380,HYBRIS,,ECS,H0160001_S_WN07490,女士至寶護道小紅莓,,210,210,0,0,0,2025-09-19_18:57:10
244380,HYBRIS,,ECS,H0160001_S_WN07493,健骨檸檬酸鈣,,210,210,0,0,0,2025-09-19_18:57:11
244380,HYBRIS,,ECS,H0160001_S_WN07494,健骨鈣鎂鋅,,210,210,0,0,0,2025-09-19_18:57:11
244380,HYBRIS,,ECS,H0160001_S_WN07511,調經至寶月見草,,210,210,0,0,0,2025-09-19_18:57:11
244380,HYBRIS,,ECS,H0160001_S_WN07512,健心奧米加3-6-9,,210,210,0,0,0,2025-09-19_18:57:11
244380,HYBRIS,,ECS,H0249001_S_1272,AAA薰衣草沐浴露,,210,210,0,0,0,2025-09-19_18:57:11
244380,HYBRIS,,ECS,H0249001_S_1272s-74s,BBB薰衣草身體潔淨旅行套裝,,210,210,0,0,0,2025-09-19_18:57:11
244380,HYBRIS,,ECS,H0249001_S_1273,CCC薰衣草洗髮水,,210,210,0,0,0,2025-09-19_18:57:11
244380,HYBRIS,,ECS,H0249001_S_1274,DDD薰衣草護髮素,,210,210,0,0,0,2025-09-19_18:57:11
244380,HYBRIS,,ECS,H0249001_S_1282,活花沐浴露,,210,210,0,0,0,2025-09-19_18:57:11
244380,HYBRIS,,ECS,H0249001_S_1282s-84s,活花身體潔淨旅行套裝,,210,210,0,0,0,2025-09-19_18:57:11
244380,HYBRIS,,ECS,H0249001_S_1283,活花洗髮水,,210,210,0,0,0,2025-09-19_18:57:11
244380,HYBRIS,,ECS,H0249001_S_1284,活花護髮素,,210,210,0,0,0,2025-09-19_18:57:11
244380,HYBRIS,,ECS,H0249001_S_1292,花露水沐浴露,,210,210,0,0,0,2025-09-19_18:57:11
244380,HYBRIS,,ECS,H0249001_S_1292s-94s,花露水身體潔淨旅行套裝一二三四五六,,210,210,0,0,0,2025-09-19_18:57:11
244380,HYBRIS,,ECS,H0249001_S_1293,花露水洗髮水,,210,210,0,0,0,2025-09-19_18:57:11
244380,HYBRIS,,ECS,H0249001_S_1294,花露水護髮素,,210,210,0,0,0,2025-09-19_18:57:11
244380,HYBRIS,,ECS,H0249001_S_2151,雪花膏,,210,210,0,0,0,2025-09-19_18:57:12
244380,HYBRIS,,ECS,H0249001_S_2152,活花潤手霜,,210,210,0,0,0,2025-09-19_18:57:12
244380,HYBRIS,,ECS,H0249001_S_2157,花露水香皂,,210,210,0,0,0,2025-09-19_18:57:12
244380,HYBRIS,,ECS,H0249001_S_2163,活花爽身粉 (玫瑰花香),,210,210,0,0,0,2025-09-19_18:57:12
244380,HYBRIS,,ECS,H0249001_S_2164,花露水爽身粉,,210,210,0,0,0,2025-09-19_18:57:12
244380,HYBRIS,,ECS,H0249001_S_2166,活花香皂,,210,210,0,0,0,2025-09-19_18:57:12
244380,HYBRIS,,ECS,H0249001_S_2167,活花止汗液,,210,210,0,0,0,2025-09-19_18:57:12
244380,HYBRIS,,ECS,H0249001_S_2177,迷你雪花膏,,210,210,0,0,0,2025-09-19_18:57:12
244380,HYBRIS,,ECS,H0249001_S_2181,EEE薰衣草味護髮油,,210,210,0,0,0,2025-09-19_18:57:12
244380,HYBRIS,,ECS,H0249001_S_2182,活花味護髮油  (玫瑰花香),,210,210,0,0,0,2025-09-19_18:57:12
244380,HYBRIS,,ECS,H0249001_S_2186,活花爽身粉 80克 (罐裝)（附柔軟粉撲）,,210,210,0,0,0,2025-09-19_18:57:12
244380,HYBRIS,,ECS,H0249001_S_2187,花露水爽身粉 80克 (罐裝)（附柔軟粉撲）,,210,210,0,0,0,2025-09-19_18:57:12
244380,HYBRIS,,ECS,H0249001_S_2188B,花露水濕紙巾 (20片),,210,210,0,0,0,2025-09-19_18:57:12
244380,HYBRIS,,ECS,H0249001_S_2198,花露水 (200毫升),,210,210,0,0,0,2025-09-19_18:57:12
244380,HYBRIS,,ECS,H0249001_S_2202,花露水 (100毫升),,210,210,0,0,0,2025-09-19_18:57:12
244380,HYBRIS,,ECS,H0249001_S_2204,花露水 (15毫升),,210,210,0,0,0,2025-09-19_18:57:12
244380,HYBRIS,,ECS,H0249001_S_2208,花露水 (10毫升),,210,210,0,0,0,2025-09-19_18:57:12
244380,HYBRIS,,ECS,H0249001_S_2209,花露水膏,,210,210,0,0,0,2025-09-19_18:57:13
244380,HYBRIS,,ECS,H0249001_S_4207,迪士尼公主 - 筷子套裝 (4對套裝),,210,210,0,0,0,2025-09-19_18:57:13
244380,HYBRIS,,ECS,H0249001_S_4261,雙妹嚜復古記事簿,,210,210,0,0,0,2025-09-19_18:57:13
244380,HYBRIS,,ECS,H0249001_S_4281,雙妹嚜復古記事簿,,210,210,0,0,0,2025-09-19_18:57:13
244380,HYBRIS,,ECS,H0249001_S_4284,雙妹嚜復古拼圖,,210,210,0,0,0,2025-09-19_18:57:13
244380,HYBRIS,,ECS,H0249001_S_4286,雙妹嚜復古拼圖,,210,210,0,0,0,2025-09-19_18:57:13
244380,HYBRIS,,ECS,H0249001_S_4287,雙妹嚜復古拼圖,,210,210,0,0,0,2025-09-19_18:57:13
244380,HYBRIS,,ECS,H0249001_S_4290,懷舊2R相簿,,210,210,0,0,0,2025-09-19_18:57:13
244380,HYBRIS,,ECS,H0249001_S_4291,懷舊2R相簿,,210,210,0,0,0,2025-09-19_18:57:13
244380,HYBRIS,,ECS,H0249001_S_4292,懷舊2R相簿,,210,210,0,0,0,2025-09-19_18:57:13
244380,HYBRIS,,ECS,H0249001_S_4293,懷舊2R相簿,,210,210,0,0,0,2025-09-19_18:57:13
244380,HYBRIS,,ECS,H0249001_S_4315,雙妹嚜黑色環保袋,,210,210,0,0,0,2025-09-19_18:57:13
244380,HYBRIS,,ECS,H0249001_S_8808,馬賽皂 (檸檬),,210,210,0,0,0,2025-09-19_18:57:13
244380,HYBRIS,,ECS,H0249001_S_8809,馬賽皂 (蜜糖),,210,210,0,0,0,2025-09-19_18:57:13
244380,HYBRIS,,ECS,H0249001_S_8810,馬賽皂 (白檀),,210,210,0,0,0,2025-09-19_18:57:13
244380,HYBRIS,,ECS,H0249001_S_KC1100,指甲水,,210,210,0,0,0,2025-09-19_18:57:13
244380,HYBRIS,,ECS,H0249001_S_KC1101,指甲油 (藍紫色系),,210,210,0,0,0,2025-09-19_18:57:14
244380,HYBRIS,,ECS,H0249001_S_KC1102,指甲油 (藍紫色系),,210,210,0,0,0,2025-09-19_18:57:14
244380,HYBRIS,,ECS,H0249001_S_KC1103,指甲油 (藍紫色系),,210,210,0,0,0,2025-09-19_18:57:14
244380,HYBRIS,,ECS,H0249001_S_KC1105,指甲油 (藍紫色系),,210,210,0,0,0,2025-09-19_18:57:14
244380,HYBRIS,,ECS,H0249001_S_KC1106,指甲油 (紅色系),,210,210,0,0,0,2025-09-19_18:57:14
244380,HYBRIS,,ECS,H0249001_S_KC1107,指甲油 (紅色系),,210,210,0,0,0,2025-09-19_18:57:14
244380,HYBRIS,,ECS,H0249001_S_KC1108,指甲油 (紅色系),,210,210,0,0,0,2025-09-19_18:57:14
244380,HYBRIS,,ECS,H0249001_S_KC1109,指甲油 (紅色系),,210,210,0,0,0,2025-09-19_18:57:14
244380,HYBRIS,,ECS,H0249001_S_KC1111,指甲油 (藍紫色系),,210,210,0,0,0,2025-09-19_18:57:14
244380,HYBRIS,,ECS,H0249001_S_KC1112,指甲油 (藍紫色系),,210,210,0,0,0,2025-09-19_18:57:14
244380,HYBRIS,,ECS,H0249001_S_KC1113,指甲油 (紅色系),,210,210,0,0,0,2025-09-19_18:57:14
244380,HYBRIS,,ECS,H0249001_S_KC1114,指甲油 (紅色系),,210,210,0,0,0,2025-09-19_18:57:14
244380,HYBRIS,,ECS,H0249001_S_KC1115,指甲油 (紅色系),,210,210,0,0,0,2025-09-19_18:57:14
244380,HYBRIS,,ECS,H0249001_S_KC1116,指甲油 (彩色系),,210,210,0,0,0,2025-09-19_18:57:14
244380,HYBRIS,,ECS,H0249001_S_KC1117,指甲油 (彩色系),,210,210,0,0,0,2025-09-19_18:57:14
244380,HYBRIS,,ECS,H0249001_S_KC1118,指甲油 (紅色系),,210,210,0,0,0,2025-09-19_18:57:14
244380,HYBRIS,,ECS,H0249001_S_KC1119,指甲油 (紅色系),,210,210,0,0,0,2025-09-19_18:57:14
244380,HYBRIS,,ECS,H0249001_S_KC1120,指甲油 (藍紫色系),,210,210,0,0,0,2025-09-19_18:57:14
244380,HYBRIS,,ECS,H0249001_S_KC1121,指甲油 (紅色系),,210,210,0,0,0,2025-09-19_18:57:15
244380,HYBRIS,,ECS,H0249001_S_KC1122,指甲油 (紅色系),,210,210,0,0,0,2025-09-19_18:57:15
244380,HYBRIS,,ECS,H0249001_S_KC1123,指甲油 (紅色系),,210,210,0,0,0,2025-09-19_18:57:15
244380,HYBRIS,,ECS,H0249001_S_KC1124,指甲油 (紅色系),,210,210,0,0,0,2025-09-19_18:57:15
244380,HYBRIS,,ECS,H0249001_S_KC1125,指甲油 (紅色系),,210,210,0,0,0,2025-09-19_18:57:15
244380,HYBRIS,,ECS,H0249001_S_KC1126,指甲油 (紅色系),,210,210,0,0,0,2025-09-19_18:57:15
244380,HYBRIS,,ECS,H0249001_S_KC1127,指甲油 (彩色系),,210,210,0,0,0,2025-09-19_18:57:15
244380,HYBRIS,,ECS,H0249001_S_KC1128,指甲油 (彩色系),,210,210,0,0,0,2025-09-19_18:57:15
244380,HYBRIS,,ECS,H0249001_S_KC1129,指甲油 (彩色系),,210,210,0,0,0,2025-09-19_18:57:15
244380,HYBRIS,,ECS,H0249001_S_KC1130,指甲油 (彩色系),,210,210,0,0,0,2025-09-19_18:57:15
244380,HYBRIS,,ECS,H0249001_S_KC1131,指甲油 (彩色系),,210,210,0,0,0,2025-09-19_18:57:15
244380,HYBRIS,,ECS,H0249001_S_KC1132,指甲油 (紅色系),,210,210,0,0,0,2025-09-19_18:57:15
244380,HYBRIS,,ECS,H0249001_S_KC1133,指甲油 (紅色系),,210,210,0,0,0,2025-09-19_18:57:15
244380,HYBRIS,,ECS,H0249001_S_KC1134,指甲油 (紅色系),,210,210,0,0,0,2025-09-19_18:57:15
244380,HYBRIS,,ECS,H0249001_S_KC1136,指甲油 (彩色系),,210,210,0,0,0,2025-09-19_18:57:15
244380,HYBRIS,,ECS,H0249001_S_KC1137,指甲油 (色號 - 37透明),,210,210,0,0,0,2025-09-19_18:57:15
244380,HYBRIS,,ECS,H0249001_S_KC1139,指甲油 (彩色系),,210,210,0,0,0,2025-09-19_18:57:15
244380,HYBRIS,,ECS,H0249001_S_KC1140,指甲油 (彩色系),,210,210,0,0,0,2025-09-19_18:57:15
244380,HYBRIS,,ECS,H0249001_S_KC1141,指甲油 (彩色系),,210,210,0,0,0,2025-09-19_18:57:16
244380,HYBRIS,,ECS,H0249001_S_KC1142,指甲油 (彩色系),,210,210,0,0,0,2025-09-19_18:57:16
244380,HYBRIS,,ECS,H0249001_S_KC1143,指甲油 (藍紫色系),,210,210,0,0,0,2025-09-19_18:57:16
244380,HYBRIS,,ECS,H0249001_S_KC1144,指甲油 (藍紫色系),,210,210,0,0,0,2025-09-19_18:57:16
244380,HYBRIS,,ECS,H0249001_S_KC1145,指甲油 (彩色系),,210,210,0,0,0,2025-09-19_18:57:16
244380,HYBRIS,,ECS,H0249001_S_KC1146,指甲油 (藍紫色系),,210,210,0,0,0,2025-09-19_18:57:16
244380,HYBRIS,,ECS,H0249001_S_KC1148,指甲油 (彩色系),,210,210,0,0,0,2025-09-19_18:57:16
244380,HYBRIS,,ECS,H0249001_S_KC1149,指甲油 (彩色系),,210,210,0,0,0,2025-09-19_18:57:16
244380,HYBRIS,,ECS,H0249001_S_KC1150,指甲油 (彩色系),,210,210,0,0,0,2025-09-19_18:57:16
244380,HYBRIS,,ECS,H0249001_S_KC1151,指甲油 (藍紫色系),,210,210,0,0,0,2025-09-19_18:57:16
244380,HYBRIS,,ECS,H0249001_S_KC1152,指甲油 (紅色系),,210,210,0,0,0,2025-09-19_18:57:16
244380,HYBRIS,,ECS,H0249001_S_KC1153,指甲油 (彩色系),,210,210,0,0,0,2025-09-19_18:57:16
244380,HYBRIS,,ECS,H0249001_S_KC1154,指甲油 (紅色系),,210,210,0,0,0,2025-09-19_18:57:16
244380,HYBRIS,,ECS,H0249001_S_KC1155,指甲油 (藍紫色系),,210,210,0,0,0,2025-09-19_18:57:16
244380,HYBRIS,,ECS,H0249001_S_Q004,雙妹綿布袋 (白色),,210,210,0,0,0,2025-09-19_18:57:16
244380,HYBRIS,,ECS,H0249001_S_Q005,雙妹綿布袋 (自然色),,210,210,0,0,0,2025-09-19_18:57:16
244380,HYBRIS,,ECS,H0255001_S_21875,蒜油 250粒,,210,210,0,0,0,2025-09-19_18:57:17
244380,HYBRIS,,ECS,H0255001_S_21942,利筋諾 50粒,,210,210,0,0,0,2025-09-19_18:57:17
244380,HYBRIS,,ECS,H0255001_S_22648,輔&#37238;Q10 50毫克 30粒,,210,210,0,0,0,2025-09-19_18:57:17
244380,HYBRIS,,ECS,H0255001_S_22993,乳薊果 60片,,210,210,0,0,0,2025-09-19_18:57:17
244380,HYBRIS,,ECS,H0255001_S_23452,葡萄籽加強配方 30片,,210,210,0,0,0,2025-09-19_18:57:17
244380,HYBRIS,,ECS,H0255001_S_24008,無腥味魚油1000 200粒,,210,210,0,0,0,2025-09-19_18:57:17
244380,HYBRIS,,ECS,H0255001_S_24143,葡萄糖胺500 90片,,210,210,0,0,0,2025-09-19_18:57:17
244380,HYBRIS,,ECS,H0255001_S_24177,葉黃素 60粒,,210,210,0,0,0,2025-09-19_18:57:17
244380,HYBRIS,,ECS,H0255001_S_24201,護眼山桑子 30片,,210,210,0,0,0,2025-09-19_18:57:17
244380,HYBRIS,,ECS,H0255001_S_24712,無腥味魚油1000 90粒,,210,210,0,0,0,2025-09-19_18:57:17
244380,HYBRIS,,ECS,H0255001_S_24877,兒童果味魚油丸 30粒,,210,210,0,0,0,2025-09-19_18:57:17
244380,HYBRIS,,ECS,H0255001_S_24957,酣睡配方 30片,,210,210,0,0,0,2025-09-19_18:57:17
244380,HYBRIS,,ECS,H0255001_S_25067,鋸櫚前列配方 60粒,,210,210,0,0,0,2025-09-19_18:57:17
244380,HYBRIS,,ECS,H0255001_S_25110,亞麻籽油植物奧米加369 100粒,,210,210,0,0,0,2025-09-19_18:57:17
244380,HYBRIS,,ECS,H0255001_S_25114,高濃度深海魚油日常配方 60粒,,210,210,0,0,0,2025-09-19_18:57:17
244380,HYBRIS,,ECS,H0255001_S_25116,健腦高濃度深海魚油 60粒,,210,210,0,0,0,2025-09-19_18:57:17
244380,HYBRIS,,ECS,H0255001_S_25207,維他命D3 1000 30粒,,210,210,0,0,0,2025-09-19_18:57:17
244380,HYBRIS,,ECS,H0255001_S_25266,護養關節配方 60粒,,210,210,0,0,0,2025-09-19_18:57:17
244380,HYBRIS,,ECS,H0294001_S_120088,免沖洗保濕護髮乳,,210,210,0,0,0,2025-09-19_18:57:18
244380,HYBRIS,,ECS,H0294001_S_120295,潔淨控油洗髮露,,210,210,0,0,0,2025-09-19_18:57:18
244380,HYBRIS,,ECS,H0294001_S_120533,波浪捲髮精華露波浪捲髮精華露波浪捲髮精華露波浪捲髮精華露,,210,210,0,0,0,2025-09-19_18:57:18
244380,HYBRIS,,ECS,H0318002_S_812719,有機矢車菊花水 200ml,,210,210,0,0,0,2025-09-19_18:57:18
244380,HYBRIS,,ECS,H0318002_S_812724,有機大馬士革玫瑰花水 200ml,,210,210,0,0,0,2025-09-19_18:57:18
244380,HYBRIS,,ECS,H0318002_S_852974,有機3重蜂蜜潤澤身體乳霜 150ml,,210,210,0,0,0,2025-09-19_18:57:18
244380,HYBRIS,,ECS,H0318002_S_855281,有機3重蜂蜜潤澤身體磨砂 150g,,210,210,0,0,0,2025-09-19_18:57:18
244380,HYBRIS,,ECS,H0318002_S_861153,有機日用洗髮水 500ml,,210,210,0,0,0,2025-09-19_18:57:18
244380,HYBRIS,,ECS,H0318002_S_86Z0004,有機防敏香體露 50ml,,210,210,0,0,0,2025-09-19_18:57:18
244380,HYBRIS,,ECS,H0318002_S_86Z0005,有機乳木果油護髮素 150ml,,210,210,0,0,0,2025-09-19_18:57:18
244380,HYBRIS,,ECS,H0539001_S_50159,Royal Touch 敏感肌適用產後專用衛生巾 L碼 (5片/包),,210,210,0,0,0,2025-09-19_18:57:18
244380,HYBRIS,,ECS,H0888001_S_10004619,特級魚露,,210,210,0,0,0,2025-09-19_18:57:18
244380,HYBRIS,,ECS,H0888001_S_10004625,南乳,,220,220,0,0,0,2025-09-19_18:57:18
244380,HYBRIS,,ECS,H0888001_S_10004640,爽口榨菜絲,,230,230,0,0,0,2025-09-19_18:57:18
244380,HYBRIS,,ECS,H0888001_S_10004645,爽口榨菜絲,,230,230,0,0,0,2025-09-19_18:57:18
244380,HYBRIS,,ECS,H0888001_S_10004649,辣香蘿蔔,,220,220,0,0,0,2025-09-19_18:57:18
244380,HYBRIS,,ECS,H0888001_S_10004653,陳醋蕎頭,,230,230,0,0,0,2025-09-19_18:57:19
244380,HYBRIS,,ECS,H0888001_S_10004654,甜酸蕎頭,,230,230,0,0,0,2025-09-19_18:57:19
244380,HYBRIS,,ECS,H0888001_S_10004666,鮑汁靈芝菇片,,220,220,0,0,0,2025-09-19_18:57:19
244380,HYBRIS,,ECS,H0888001_S_10005984,豬骨火鍋上湯,,265,265,0,0,0,2025-09-19_18:57:19
244380,HYBRIS,,ECS,H0888001_S_10005985,黑胡椒豬骨火鍋上湯,,270,270,0,0,0,2025-09-19_18:57:19
244380,HYBRIS,,ECS,H0888001_S_10005986,醉雞火鍋上湯,,270,270,0,0,0,2025-09-19_18:57:19
244380,HYBRIS,,ECS,H0888001_S_10007891,洋蔥南瓜馬鈴薯片,,210,210,0,0,0,2025-09-19_18:57:19
244380,HYBRIS,,ECS,H0888001_S_10009135,藍梅寒天果凍糖,,210,210,0,0,0,2025-09-19_18:57:19
244380,HYBRIS,,ECS,H0888001_S_10009139,蜂蜜檸檬寒天果凍糖,,210,210,0,0,0,2025-09-19_18:57:19
244380,HYBRIS,,ECS,H0888001_S_10009151,什錦軟糖,,220,220,0,0,0,2025-09-19_18:57:19
244380,HYBRIS,,ECS,H0888001_S_10009386,北海道扇貝味薯片,,210,210,0,0,0,2025-09-19_18:57:19
244380,HYBRIS,,ECS,H0888001_S_10009388,酥餅 (黑朱古力),,215,215,0,0,0,2025-09-19_18:57:19
244380,HYBRIS,,ECS,H0888001_S_10009609,星球大戰系列珍寶珠 (隨機派送),,210,210,0,0,0,2025-09-19_18:57:19
244380,HYBRIS,,ECS,H0888001_S_10009610,湖池屋激辣魔薯香辣芝士味薯片,,220,220,0,0,0,2025-09-19_18:57:19
244380,HYBRIS,,ECS,H0888001_S_10011987,好ｅ食 - 白汁煙肉磨菇意粉 (急凍),,210,210,0,0,0,2025-09-19_18:57:19
244380,HYBRIS,,ECS,H0888001_S_10013325,金芝麻醬 (焙煎豆),,210,210,0,0,0,2025-09-19_18:57:19
244380,HYBRIS,,ECS,H0888001_S_10018925,白風船米餅-牛奶忌廉味,,210,210,0,0,0,2025-09-19_18:57:19
244380,HYBRIS,,ECS,H0888001_S_10022686,猴頭菇雪耳百合潤肺湯,,220,220,0,0,0,2025-09-19_18:57:20
244383,HYBRIS,,RRS,H0888001_S_10012783,巴西牛胸腩粒 (急凍),,600,0,0,0,0,2025-09-19_19:19:00
244387,IMAX_KERRY,,RRS,H0888001_S_10015773,廣東鮮蝦雲吞皇10粒裝一二三四五六七八九十一二三四五六七八九十一二三四五六七八九十,IM00072130,264,0,0,0,0,2025-09-19_19:59:00
244387,IMAX_KERRY,,RRS,H0888001_S_10012783,巴西牛胸腩粒 (急凍),IM00072130,700,0,0,0,0,2025-09-19_19:59:00
244389,HYBRIS,,HHS,H0249001_S_1272,AAA薰衣草沐浴露,,20,0,0,0,0,2025-09-19_20:09:01
244389,HYBRIS,,HHS,H0249001_S_1272s-74s,BBB薰衣草身體潔淨旅行套裝,,20,0,0,0,0,2025-09-19_20:09:01
244389,HYBRIS,,HHS,H0249001_S_1274,DDD薰衣草護髮素,,20,0,0,0,0,2025-09-19_20:09:01
244389,HYBRIS,,HHS,H0249001_S_1282s-84s,活花身體潔淨旅行套裝,,20,0,0,0,0,2025-09-19_20:09:01
244389,HYBRIS,,HHS,H0249001_S_1284,活花護髮素,,20,0,0,0,0,2025-09-19_20:09:01
244389,HYBRIS,,HHS,H0249001_S_1292,花露水沐浴露,,20,0,0,0,0,2025-09-19_20:09:01
244389,HYBRIS,,HHS,H0249001_S_1292s-94s,花露水身體潔淨旅行套裝一二三四五六,,20,0,0,0,0,2025-09-19_20:09:01
244389,HYBRIS,,HHS,H0249001_S_1293,花露水洗髮水,,20,0,0,0,0,2025-09-19_20:09:01
244389,HYBRIS,,HHS,H0249001_S_1294,花露水護髮素,,20,0,0,0,0,2025-09-19_20:09:02
244389,HYBRIS,,HHS,H0249001_S_2151,雪花膏,,20,0,0,0,0,2025-09-19_20:09:02
244389,HYBRIS,,HHS,H0249001_S_2152,活花潤手霜,,20,0,0,0,0,2025-09-19_20:09:02
244389,HYBRIS,,HHS,H0249001_S_2157,花露水香皂,,20,0,0,0,0,2025-09-19_20:09:02
244389,HYBRIS,,HHS,H0249001_S_2163,活花爽身粉 (玫瑰花香),,20,0,0,0,0,2025-09-19_20:09:02
244389,HYBRIS,,HHS,H0249001_S_2166,活花香皂,,20,0,0,0,0,2025-09-19_20:09:02
244389,HYBRIS,,HHS,H0249001_S_2167,活花止汗液,,20,0,0,0,0,2025-09-19_20:09:02
244389,HYBRIS,,HHS,H0249001_S_2177,迷你雪花膏,,20,0,0,0,0,2025-09-19_20:09:02
244389,HYBRIS,,HHS,H0249001_S_2181,EEE薰衣草味護髮油,,20,0,0,0,0,2025-09-19_20:09:02
244389,HYBRIS,,HHS,H0249001_S_2182,活花味護髮油  (玫瑰花香),,20,0,0,0,0,2025-09-19_20:09:02
244389,HYBRIS,,HHS,H0249001_S_2186,活花爽身粉 80克 (罐裝)（附柔軟粉撲）,,20,0,0,0,0,2025-09-19_20:09:02
244389,HYBRIS,,HHS,H0249001_S_2187,花露水爽身粉 80克 (罐裝)（附柔軟粉撲）,,20,0,0,0,0,2025-09-19_20:09:02
244389,HYBRIS,,HHS,H0249001_S_2188B,花露水濕紙巾 (20片),,20,0,0,0,0,2025-09-19_20:09:02
244389,HYBRIS,,HHS,H0249001_S_2198,花露水 (200毫升),,20,0,0,0,0,2025-09-19_20:09:02
244389,HYBRIS,,HHS,H0249001_S_2202,花露水 (100毫升),,20,0,0,0,0,2025-09-19_20:09:02
244389,HYBRIS,,HHS,H0249001_S_2204,花露水 (15毫升),,20,0,0,0,0,2025-09-19_20:09:03
244389,HYBRIS,,HHS,H0249001_S_2208,花露水 (10毫升),,20,0,0,0,0,2025-09-19_20:09:03
244389,HYBRIS,,HHS,H0249001_S_2209,花露水膏,,20,0,0,0,0,2025-09-19_20:09:03
244389,HYBRIS,,HHS,H0249001_S_4261,雙妹嚜復古記事簿,,20,0,0,0,0,2025-09-19_20:09:03
244389,HYBRIS,,HHS,H0249001_S_4281,雙妹嚜復古記事簿,,20,0,0,0,0,2025-09-19_20:09:03
244389,HYBRIS,,HHS,H0249001_S_4284,雙妹嚜復古拼圖,,20,0,0,0,0,2025-09-19_20:09:03
244389,HYBRIS,,HHS,H0249001_S_4286,雙妹嚜復古拼圖,,20,0,0,0,0,2025-09-19_20:09:03
244389,HYBRIS,,HHS,H0249001_S_4287,雙妹嚜復古拼圖,,20,0,0,0,0,2025-09-19_20:09:03
244389,HYBRIS,,HHS,H0249001_S_4290,懷舊2R相簿,,20,0,0,0,0,2025-09-19_20:09:03
244389,HYBRIS,,HHS,H0249001_S_4291,懷舊2R相簿,,20,0,0,0,0,2025-09-19_20:09:03
244389,HYBRIS,,HHS,H0249001_S_4292,懷舊2R相簿,,20,0,0,0,0,2025-09-19_20:09:03
244389,HYBRIS,,HHS,H0249001_S_4293,懷舊2R相簿,,20,0,0,0,0,2025-09-19_20:09:03
244389,HYBRIS,,HHS,H0249001_S_8808,馬賽皂 (檸檬),,20,0,0,0,0,2025-09-19_20:09:03
244389,HYBRIS,,HHS,H0249001_S_8809,馬賽皂 (蜜糖),,20,0,0,0,0,2025-09-19_20:09:03
244389,HYBRIS,,HHS,H0249001_S_8810,馬賽皂 (白檀),,20,0,0,0,0,2025-09-19_20:09:04
244389,HYBRIS,,HHS,H0249001_S_KC1100,指甲水,,20,0,0,0,0,2025-09-19_20:09:04
244389,HYBRIS,,HHS,H0249001_S_KC1101,指甲油 (藍紫色系),,20,0,0,0,0,2025-09-19_20:09:04
244389,HYBRIS,,HHS,H0249001_S_KC1102,指甲油 (藍紫色系),,20,0,0,0,0,2025-09-19_20:09:04
244389,HYBRIS,,HHS,H0249001_S_KC1103,指甲油 (藍紫色系),,20,0,0,0,0,2025-09-19_20:09:04
244389,HYBRIS,,HHS,H0249001_S_KC1105,指甲油 (藍紫色系),,20,0,0,0,0,2025-09-19_20:09:04
244389,HYBRIS,,HHS,H0249001_S_KC1106,指甲油 (紅色系),,20,0,0,0,0,2025-09-19_20:09:04
244389,HYBRIS,,HHS,H0249001_S_KC1107,指甲油 (紅色系),,20,0,0,0,0,2025-09-19_20:09:04
244389,HYBRIS,,HHS,H0249001_S_KC1108,指甲油 (紅色系),,20,0,0,0,0,2025-09-19_20:09:04
244389,HYBRIS,,HHS,H0249001_S_KC1112,指甲油 (藍紫色系),,20,0,0,0,0,2025-09-19_20:09:04
244389,HYBRIS,,HHS,H0249001_S_KC1113,指甲油 (紅色系),,20,0,0,0,0,2025-09-19_20:09:04
244389,HYBRIS,,HHS,H0249001_S_KC1116,指甲油 (彩色系),,20,0,0,0,0,2025-09-19_20:09:04
244389,HYBRIS,,HHS,H0249001_S_KC1121,指甲油 (紅色系),,20,0,0,0,0,2025-09-19_20:09:05
244389,HYBRIS,,HHS,H0249001_S_KC1123,指甲油 (紅色系),,20,0,0,0,0,2025-09-19_20:09:05
244389,HYBRIS,,HHS,H0249001_S_KC1124,指甲油 (紅色系),,20,0,0,0,0,2025-09-19_20:09:05
244389,HYBRIS,,HHS,H0249001_S_KC1127,指甲油 (彩色系),,20,0,0,0,0,2025-09-19_20:09:05
244389,HYBRIS,,HHS,H0249001_S_KC1129,指甲油 (彩色系),,20,0,0,0,0,2025-09-19_20:09:05
244389,HYBRIS,,HHS,H0249001_S_KC1130,指甲油 (彩色系),,20,0,0,0,0,2025-09-19_20:09:05
244389,HYBRIS,,HHS,H0249001_S_KC1131,指甲油 (彩色系),,20,0,0,0,0,2025-09-19_20:09:05
244389,HYBRIS,,HHS,H0249001_S_KC1134,指甲油 (紅色系),,20,0,0,0,0,2025-09-19_20:09:05
244389,HYBRIS,,HHS,H0249001_S_KC1137,指甲油 (色號 - 37透明),,20,0,0,0,0,2025-09-19_20:09:06
244389,HYBRIS,,HHS,H0249001_S_KC1139,指甲油 (彩色系),,20,0,0,0,0,2025-09-19_20:09:06
244389,HYBRIS,,HHS,H0249001_S_KC1146,指甲油 (藍紫色系),,20,0,0,0,0,2025-09-19_20:09:06
244389,HYBRIS,,HHS,H0249001_S_KC1148,指甲油 (彩色系),,20,0,0,0,0,2025-09-19_20:09:06
244389,HYBRIS,,HHS,H0249001_S_KC1152,指甲油 (紅色系),,20,0,0,0,0,2025-09-19_20:09:06
244389,HYBRIS,,HHS,H0249001_S_Q004,雙妹綿布袋 (白色),,20,0,0,0,0,2025-09-19_20:09:07
244389,HYBRIS,,HHS,H0249001_S_Q005,雙妹綿布袋 (自然色),,20,0,0,0,0,2025-09-19_20:09:07
244389,HYBRIS,,HHS,H0255001_S_21875,蒜油 250粒,,20,0,0,0,0,2025-09-19_20:09:07
244389,HYBRIS,,HHS,H0255001_S_21942,利筋諾 50粒,,20,0,0,0,0,2025-09-19_20:09:07
244389,HYBRIS,,HHS,H0255001_S_22993,乳薊果 60片,,20,0,0,0,0,2025-09-19_20:09:07
244389,HYBRIS,,HHS,H0255001_S_23452,葡萄籽加強配方 30片,,20,0,0,0,0,2025-09-19_20:09:07
244389,HYBRIS,,HHS,H0255001_S_24008,無腥味魚油1000 200粒,,20,0,0,0,0,2025-09-19_20:09:07
244389,HYBRIS,,HHS,H0255001_S_24177,葉黃素 60粒,,20,0,0,0,0,2025-09-19_20:09:07
244389,HYBRIS,,HHS,H0255001_S_24201,護眼山桑子 30片,,20,0,0,0,0,2025-09-19_20:09:07
244389,HYBRIS,,HHS,H0255001_S_24877,兒童果味魚油丸 30粒,,20,0,0,0,0,2025-09-19_20:09:07
244389,HYBRIS,,HHS,H0255001_S_25067,鋸櫚前列配方 60粒,,20,0,0,0,0,2025-09-19_20:09:07
244389,HYBRIS,,HHS,H0255001_S_25110,亞麻籽油植物奧米加369 100粒,,20,0,0,0,0,2025-09-19_20:09:08
244389,HYBRIS,,HHS,H0255001_S_25207,維他命D3 1000 30粒,,20,0,0,0,0,2025-09-19_20:09:08
244389,HYBRIS,,HHS,H0255001_S_25266,護養關節配方 60粒,,20,0,0,0,0,2025-09-19_20:09:08
244389,HYBRIS,,HHS,H0294001_S_120088,免沖洗保濕護髮乳,,20,0,0,0,0,2025-09-19_20:09:08
244389,HYBRIS,,HHS,H0294001_S_120295,潔淨控油洗髮露,,20,0,0,0,0,2025-09-19_20:09:08
244389,HYBRIS,,HHS,H0294001_S_120533,波浪捲髮精華露波浪捲髮精華露波浪捲髮精華露波浪捲髮精華露,,20,0,0,0,0,2025-09-19_20:09:08
244389,HYBRIS,,HHS,H0318002_S_812719,有機矢車菊花水 200ml,,20,0,0,0,0,2025-09-19_20:09:08
244389,HYBRIS,,HHS,H0318002_S_812724,有機大馬士革玫瑰花水 200ml,,20,0,0,0,0,2025-09-19_20:09:08
244389,HYBRIS,,HHS,H0318002_S_852974,有機3重蜂蜜潤澤身體乳霜 150ml,,20,0,0,0,0,2025-09-19_20:09:08
244389,HYBRIS,,HHS,H0318002_S_855281,有機3重蜂蜜潤澤身體磨砂 150g,,20,0,0,0,0,2025-09-19_20:09:08
244389,HYBRIS,,HHS,H0318002_S_861153,有機日用洗髮水 500ml,,20,0,0,0,0,2025-09-19_20:09:08
244389,HYBRIS,,HHS,H0318002_S_86Z0004,有機防敏香體露 50ml,,20,0,0,0,0,2025-09-19_20:09:08
244389,HYBRIS,,HHS,H0318002_S_86Z0005,有機乳木果油護髮素 150ml,,20,0,0,0,0,2025-09-19_20:09:08
244389,HYBRIS,,HHS,H0539001_S_50159,Royal Touch 敏感肌適用產後專用衛生巾 L碼 (5片/包),,20,0,0,0,0,2025-09-19_20:09:08
244400,HYBRIS,,WFS,H0249001_S_1274,DDD薰衣草護髮素,,15,15,0,0,0,2025-09-19_23:40:02
244400,HYBRIS,,WFS,H0249001_S_2151,雪花膏,,5,5,0,0,0,2025-09-19_23:40:02
244400,HYBRIS,,WFS,H0249001_S_4290,懷舊2R相簿,,5,5,0,0,0,2025-09-19_23:40:03
244400,HYBRIS,,WFS,H0249001_S_KC1139,指甲油 (彩色系),,5,5,0,0,0,2025-09-19_23:40:06
244400,HYBRIS,,WFS,H0318002_S_812724,有機大馬士革玫瑰花水 200ml,,10,10,0,0,0,2025-09-19_23:40:08
244400,HYBRIS,,WFS,H0318002_S_855281,有機3重蜂蜜潤澤身體磨砂 150g,,10,10,0,0,0,2025-09-19_23:40:08
244400,HYBRIS,,WFS,H0318002_S_86Z0005,有機乳木果油護髮素 150ml,,5,5,0,0,0,2025-09-19_23:40:08
244400,HYBRIS,,WFS,H0888001_S_10005984,豬骨火鍋上湯,,105,105,0,0,0,2025-09-19_23:40:09
244400,HYBRIS,,WFS,H0888001_S_10005985,黑胡椒豬骨火鍋上湯,,15,15,0,0,0,2025-09-19_23:40:09
244413,HYBRIS,,TWS,H0859001_S_OS-620,uPure 2 潔淨濾水器2,,440,440,0,0,0,2025-09-20_00:00:00
244416,IMAX_STACKING,FROZEN,COB,H0888001_S_10022875,美國特選牛肩胛肥牛片 (急凍),IS00072135,520,520,0,0,0,2025-09-20_00:00:00
244416,IMAX_STACKING,FROZEN,COB,H0888001_S_10012511,西班牙咸豬手,IS00072135,1610,1610,0,0,0,2025-09-20_00:00:01
244416,IMAX_STACKING,FROZEN,COB,H0888001_S_10011849,美國大西洋野生響螺頭 M (急凍),IS00072135,3000,3000,0,0,0,2025-09-20_00:00:01
244416,IMAX_STACKING,FROZEN,COB,H0888001_S_10011848,日本煮食用帶子急凍急凍,IS00072135,990,990,0,0,0,2025-09-20_00:00:01
244419,HYBRIS,,COB,H0888001_S_10009135,藍梅寒天果凍糖,,1212,1212,0,0,0,2025-09-20_00:01:00
244419,HYBRIS,,COB,H0888001_S_10009139,蜂蜜檸檬寒天果凍糖,,1308,1308,0,0,0,2025-09-20_00:01:00
244419,HYBRIS,,COB,H0888001_S_10009151,什錦軟糖,,1420,1420,0,0,0,2025-09-20_00:01:00
244427,HYBRIS,,CLS,H0888001_S_10007313,滋潤保濕乳霜,,444,444,0,0,0,2025-09-20_10:09:00
244428,IMAX_STACKING,DRY,CLS,H0888001_S_10002195,大樽生啤 (日本版),IS00072138,12,0,0,0,0,2025-09-20_10:22:00
244429,HYBRIS,,STS,H0888001_S_10012783,巴西牛胸腩粒 (急凍),,792,792,0,0,0,2025-09-20_10:32:00
244430,HYBRIS,,CLS,H0888001_S_10133455,澳洲和牛漢堡扒 (急凍),,1020,1020,0,0,0,2025-09-20_10:38:00
244430,HYBRIS,,CLS,H0888001_S_10133940,(澳洲直送!) 澳洲穀飼西冷牛扒 (2塊裝) (急凍),,1000,1000,0,0,0,2025-09-20_10:38:00
244430,HYBRIS,,CLS,H0888001_S_10133453,澳洲M4+ 和牛西冷牛扒 (急凍),,330,330,0,0,0,2025-09-20_10:38:00
244430,HYBRIS,,CLS,H0888001_S_10018534,澳洲海參(禿參，又名花刺參) (急凍),,408,408,0,0,0,2025-09-20_10:38:00
244435,HYBRIS,,WFS,H0888001_S_10012013,Bibigo 韓式傳統脆皮煎餃 (急凍),,150,150,0,0,0,2025-09-20_11:25:00
244439,HYBRIS,,CLS,H0888001_S_10007313,滋潤保濕乳霜,,12,12,0,0,0,2025-09-20_11:42:00
244440,IMAX_KERRY,,CLS,H0888001_S_10012777,紐西蘭帶骨羊仔腩 (急凍),IM00072143,40,40,40,0,0,2025-09-20_11:44:00
244447,HYBRIS,,TWS,H0888001_S_10008283,燕麥脆條 - 蜜糖★燕麥,,36,36,0,0,0,2025-09-20_13:00:00
244451,IMAX_KERRY,,CLS,H0888001_S_10012783,巴西牛胸腩粒 (急凍),IM00072145,784,0,0,0,0,2025-09-20_13:32:00
244452,HYBRIS,,LPS,H0888001_S_10012783,巴西牛胸腩粒 (急凍),,8,8,0,0,0,2025-09-20_13:49:00
244456,IMAX_KERRY,,SHS,H0888001_S_10012783,巴西牛胸腩粒 (急凍),IM00072147,786,0,0,0,0,2025-09-20_14:09:00
244457,HYBRIS,,CLS,H0888001_S_10004649,辣香蘿蔔,,2900,2900,0,0,0,2025-09-20_14:19:00
244457,HYBRIS,,CLS,H0888001_S_10007313,滋潤保濕乳霜,,27,27,0,0,0,2025-09-20_14:19:00
244472,IMAX_KERRY,FROZEN,HHS,H0888001_S_10012023,韓式蜜檸脆雞 (急凍),IM00072149,5000,5000,5000,0,0,2025-09-20_15:17:00
244476,IMAX_KERRY,,IRS,H0888001_S_10022197,五香肉丁,IM00072150,48,48,48,0,0,2025-09-20_16:08:00
244478,IMAX_KERRY,,RRS,H0888001_S_10015773,廣東鮮蝦雲吞皇10粒裝一二三四五六七八九十一二三四五六七八九十一二三四五六七八九十,IM00072151,10,12,12,0,0,2025-09-20_16:39:00
244479,HYBRIS,,CLS,H0888001_S_10007313,滋潤保濕乳霜,,108,108,0,0,0,2025-09-20_16:41:00
244482,HYBRIS,,RRS,H0888001_S_10018534,澳洲海參(禿參，又名花刺參) (急凍),,96,96,0,0,0,2025-09-20_16:50:00
244483,IMAX_KERRY,,WSH,H0888001_S_10012777,紐西蘭帶骨羊仔腩 (急凍),IM00072154,320,320,320,0,0,2025-09-20_16:54:00
244483,IMAX_KERRY,,WSH,H0888001_S_10012783,巴西牛胸腩粒 (急凍),IM00072154,786,0,0,0,0,2025-09-20_16:54:00
244488,IMAX_STACKING,DRY,CLS,H0255001_S_25116,健腦高濃度深海魚油 60粒,IS00072155,290,0,0,0,0,2025-09-20_17:10:00
244489,IMAX_STACKING,CHILLED,CLS,H0888001_S_10012783,巴西牛胸腩粒 (急凍),IS00072156,5000,0,0,0,0,2025-09-20_17:10:00
244490,IMAX_KERRY,,RRS,H0888001_S_10015773,廣東鮮蝦雲吞皇10粒裝一二三四五六七八九十一二三四五六七八九十一二三四五六七八九十,IM00072157,1500,1500,1500,0,0,2025-09-20_17:19:00
244491,IMAX_KERRY,DRY,SHS,H0888001_S_10020549,殺菌濕紙巾,IM00072158,890,900,900,0,0,2025-09-20_17:30:00
244491,IMAX_KERRY,DRY,SHS,H0888001_S_10015773,廣東鮮蝦雲吞皇10粒裝一二三四五六七八九十一二三四五六七八九十一二三四五六七八九十,IM00072158,888,888,888,0,0,2025-09-20_17:30:00
244491,IMAX_KERRY,DRY,SHS,H0888001_S_10009357,味付御海苔 - 泡菜味,IM00072158,456,456,456,0,0,2025-09-20_17:30:00
244492,HYBRIS,,CLS,H0249001_S_1272s-74s,BBB薰衣草身體潔淨旅行套裝,,110,110,0,0,0,2025-09-20_17:40:01
244492,HYBRIS,,CLS,H0249001_S_1274,DDD薰衣草護髮素,,10,10,0,0,0,2025-09-20_17:40:01
244492,HYBRIS,,CLS,H0249001_S_1282s-84s,活花身體潔淨旅行套裝,,110,110,0,0,0,2025-09-20_17:40:01
244492,HYBRIS,,CLS,H0249001_S_1284,活花護髮素,,110,110,0,0,0,2025-09-20_17:40:01
244492,HYBRIS,,CLS,H0249001_S_1292,花露水沐浴露,,110,110,0,0,0,2025-09-20_17:40:01
244492,HYBRIS,,CLS,H0249001_S_1292s-94s,花露水身體潔淨旅行套裝一二三四五六,,110,110,0,0,0,2025-09-20_17:40:01
244492,HYBRIS,,CLS,H0249001_S_1293,花露水洗髮水,,110,110,0,0,0,2025-09-20_17:40:01
244492,HYBRIS,,CLS,H0249001_S_1294,花露水護髮素,,110,110,0,0,0,2025-09-20_17:40:01
244492,HYBRIS,,CLS,H0249001_S_2151,雪花膏,,120,120,0,0,0,2025-09-20_17:40:01
244492,HYBRIS,,CLS,H0249001_S_2152,活花潤手霜,,110,110,0,0,0,2025-09-20_17:40:02
244492,HYBRIS,,CLS,H0249001_S_2157,花露水香皂,,10,10,0,0,0,2025-09-20_17:40:02
244492,HYBRIS,,CLS,H0249001_S_2163,活花爽身粉 (玫瑰花香),,120,120,0,0,0,2025-09-20_17:40:02
244492,HYBRIS,,CLS,H0249001_S_2166,活花香皂,,120,120,0,0,0,2025-09-20_17:40:02
244492,HYBRIS,,CLS,H0249001_S_2167,活花止汗液,,120,120,0,0,0,2025-09-20_17:40:02
244492,HYBRIS,,CLS,H0249001_S_2177,迷你雪花膏,,110,110,0,0,0,2025-09-20_17:40:02
244492,HYBRIS,,CLS,H0249001_S_2181,EEE薰衣草味護髮油,,110,110,0,0,0,2025-09-20_17:40:02
244492,HYBRIS,,CLS,H0249001_S_2182,活花味護髮油  (玫瑰花香),,110,110,0,0,0,2025-09-20_17:40:02
244492,HYBRIS,,CLS,H0249001_S_2186,活花爽身粉 80克 (罐裝)（附柔軟粉撲）,,110,110,0,0,0,2025-09-20_17:40:02
244492,HYBRIS,,CLS,H0249001_S_2187,花露水爽身粉 80克 (罐裝)（附柔軟粉撲）,,110,110,0,0,0,2025-09-20_17:40:02
244492,HYBRIS,,CLS,H0249001_S_2188B,花露水濕紙巾 (20片),,110,110,0,0,0,2025-09-20_17:40:02
244492,HYBRIS,,CLS,H0249001_S_2198,花露水 (200毫升),,110,110,0,0,0,2025-09-20_17:40:02
244492,HYBRIS,,CLS,H0249001_S_2202,花露水 (100毫升),,110,110,0,0,0,2025-09-20_17:40:02
244492,HYBRIS,,CLS,H0249001_S_2204,花露水 (15毫升),,110,110,0,0,0,2025-09-20_17:40:02
244492,HYBRIS,,CLS,H0249001_S_2208,花露水 (10毫升),,110,110,0,0,0,2025-09-20_17:40:02
244492,HYBRIS,,CLS,H0249001_S_2209,花露水膏,,110,110,0,0,0,2025-09-20_17:40:02
244492,HYBRIS,,CLS,H0249001_S_4261,雙妹嚜復古記事簿,,110,110,0,0,0,2025-09-20_17:40:03
244492,HYBRIS,,CLS,H0249001_S_4281,雙妹嚜復古記事簿,,110,110,0,0,0,2025-09-20_17:40:03
244492,HYBRIS,,CLS,H0249001_S_4284,雙妹嚜復古拼圖,,110,110,0,0,0,2025-09-20_17:40:03
244492,HYBRIS,,CLS,H0249001_S_4286,雙妹嚜復古拼圖,,110,110,0,0,0,2025-09-20_17:40:03
244492,HYBRIS,,CLS,H0249001_S_4287,雙妹嚜復古拼圖,,110,110,0,0,0,2025-09-20_17:40:03
244492,HYBRIS,,CLS,H0249001_S_4290,懷舊2R相簿,,110,110,0,0,0,2025-09-20_17:40:03
244492,HYBRIS,,CLS,H0249001_S_4291,懷舊2R相簿,,110,110,0,0,0,2025-09-20_17:40:03
244492,HYBRIS,,CLS,H0249001_S_4292,懷舊2R相簿,,110,110,0,0,0,2025-09-20_17:40:03
244492,HYBRIS,,CLS,H0249001_S_4293,懷舊2R相簿,,110,110,0,0,0,2025-09-20_17:40:03
244492,HYBRIS,,CLS,H0249001_S_4315,雙妹嚜黑色環保袋,,110,110,0,0,0,2025-09-20_17:40:03
244492,HYBRIS,,CLS,H0249001_S_8808,馬賽皂 (檸檬),,110,110,0,0,0,2025-09-20_17:40:03
244492,HYBRIS,,CLS,H0249001_S_8809,馬賽皂 (蜜糖),,110,110,0,0,0,2025-09-20_17:40:03
244492,HYBRIS,,CLS,H0249001_S_8810,馬賽皂 (白檀),,110,110,0,0,0,2025-09-20_17:40:03
244492,HYBRIS,,CLS,H0249001_S_KC1100,指甲水,,110,110,0,0,0,2025-09-20_17:40:03
244492,HYBRIS,,CLS,H0249001_S_KC1101,指甲油 (藍紫色系),,110,110,0,0,0,2025-09-20_17:40:03
244492,HYBRIS,,CLS,H0249001_S_KC1102,指甲油 (藍紫色系),,110,110,0,0,0,2025-09-20_17:40:03
244492,HYBRIS,,CLS,H0249001_S_KC1103,指甲油 (藍紫色系),,110,110,0,0,0,2025-09-20_17:40:03
244492,HYBRIS,,CLS,H0249001_S_KC1105,指甲油 (藍紫色系),,110,110,0,0,0,2025-09-20_17:40:04
244492,HYBRIS,,CLS,H0249001_S_KC1106,指甲油 (紅色系),,110,110,0,0,0,2025-09-20_17:40:04
244492,HYBRIS,,CLS,H0249001_S_KC1107,指甲油 (紅色系),,110,110,0,0,0,2025-09-20_17:40:04
244492,HYBRIS,,CLS,H0249001_S_KC1108,指甲油 (紅色系),,110,110,0,0,0,2025-09-20_17:40:04
244492,HYBRIS,,CLS,H0249001_S_KC1112,指甲油 (藍紫色系),,110,110,0,0,0,2025-09-20_17:40:04
244492,HYBRIS,,CLS,H0249001_S_KC1113,指甲油 (紅色系),,110,110,0,0,0,2025-09-20_17:40:04
244492,HYBRIS,,CLS,H0249001_S_KC1116,指甲油 (彩色系),,110,110,0,0,0,2025-09-20_17:40:04
244492,HYBRIS,,CLS,H0249001_S_KC1121,指甲油 (紅色系),,110,110,0,0,0,2025-09-20_17:40:04
244492,HYBRIS,,CLS,H0249001_S_KC1123,指甲油 (紅色系),,110,110,0,0,0,2025-09-20_17:40:04
244492,HYBRIS,,CLS,H0249001_S_KC1124,指甲油 (紅色系),,110,110,0,0,0,2025-09-20_17:40:04
244492,HYBRIS,,CLS,H0249001_S_KC1127,指甲油 (彩色系),,110,110,0,0,0,2025-09-20_17:40:05
244492,HYBRIS,,CLS,H0249001_S_KC1129,指甲油 (彩色系),,110,110,0,0,0,2025-09-20_17:40:05
244492,HYBRIS,,CLS,H0249001_S_KC1130,指甲油 (彩色系),,110,110,0,0,0,2025-09-20_17:40:05
244492,HYBRIS,,CLS,H0249001_S_KC1131,指甲油 (彩色系),,110,110,0,0,0,2025-09-20_17:40:05
244492,HYBRIS,,CLS,H0249001_S_KC1134,指甲油 (紅色系),,110,110,0,0,0,2025-09-20_17:40:05
244492,HYBRIS,,CLS,H0249001_S_KC1137,指甲油 (色號 - 37透明),,110,110,0,0,0,2025-09-20_17:40:05
244492,HYBRIS,,CLS,H0249001_S_KC1139,指甲油 (彩色系),,110,110,0,0,0,2025-09-20_17:40:05
244492,HYBRIS,,CLS,H0249001_S_KC1146,指甲油 (藍紫色系),,110,110,0,0,0,2025-09-20_17:40:05
244492,HYBRIS,,CLS,H0249001_S_KC1148,指甲油 (彩色系),,110,110,0,0,0,2025-09-20_17:40:06
244492,HYBRIS,,CLS,H0249001_S_KC1152,指甲油 (紅色系),,110,110,0,0,0,2025-09-20_17:40:06
244492,HYBRIS,,CLS,H0249001_S_Q004,雙妹綿布袋 (白色),,110,110,0,0,0,2025-09-20_17:40:06
244492,HYBRIS,,CLS,H0249001_S_Q005,雙妹綿布袋 (自然色),,110,110,0,0,0,2025-09-20_17:40:06
244492,HYBRIS,,CLS,H0255001_S_21875,蒜油 250粒,,110,110,0,0,0,2025-09-20_17:40:06
244492,HYBRIS,,CLS,H0255001_S_21942,利筋諾 50粒,,110,110,0,0,0,2025-09-20_17:40:06
244492,HYBRIS,,CLS,H0255001_S_22993,乳薊果 60片,,110,110,0,0,0,2025-09-20_17:40:06
244492,HYBRIS,,CLS,H0255001_S_23452,葡萄籽加強配方 30片,,110,110,0,0,0,2025-09-20_17:40:06
244492,HYBRIS,,CLS,H0255001_S_24008,無腥味魚油1000 200粒,,110,110,0,0,0,2025-09-20_17:40:06
244492,HYBRIS,,CLS,H0255001_S_24177,葉黃素 60粒,,110,110,0,0,0,2025-09-20_17:40:06
244492,HYBRIS,,CLS,H0255001_S_24201,護眼山桑子 30片,,110,110,0,0,0,2025-09-20_17:40:06
244492,HYBRIS,,CLS,H0255001_S_24877,兒童果味魚油丸 30粒,,110,110,0,0,0,2025-09-20_17:40:07
244492,HYBRIS,,CLS,H0255001_S_25067,鋸櫚前列配方 60粒,,20,20,0,0,0,2025-09-20_17:40:07
244492,HYBRIS,,CLS,H0255001_S_25207,維他命D3 1000 30粒,,110,110,0,0,0,2025-09-20_17:40:07
244492,HYBRIS,,CLS,H0255001_S_25266,護養關節配方 60粒,,110,110,0,0,0,2025-09-20_17:40:07
244492,HYBRIS,,CLS,H0294001_S_120088,免沖洗保濕護髮乳,,110,110,0,0,0,2025-09-20_17:40:07
244492,HYBRIS,,CLS,H0294001_S_120295,潔淨控油洗髮露,,110,110,0,0,0,2025-09-20_17:40:07
244492,HYBRIS,,CLS,H0294001_S_120533,波浪捲髮精華露波浪捲髮精華露波浪捲髮精華露波浪捲髮精華露,,110,110,0,0,0,2025-09-20_17:40:07
244492,HYBRIS,,CLS,H0318002_S_812719,有機矢車菊花水 200ml,,130,130,0,0,0,2025-09-20_17:40:07
244492,HYBRIS,,CLS,H0318002_S_812724,有機大馬士革玫瑰花水 200ml,,130,130,0,0,0,2025-09-20_17:40:07
244492,HYBRIS,,CLS,H0318002_S_852974,有機3重蜂蜜潤澤身體乳霜 150ml,,10,10,0,0,0,2025-09-20_17:40:07
244492,HYBRIS,,CLS,H0318002_S_855281,有機3重蜂蜜潤澤身體磨砂 150g,,110,110,0,0,0,2025-09-20_17:40:07
244492,HYBRIS,,CLS,H0318002_S_86Z0004,有機防敏香體露 50ml,,105,105,0,0,0,2025-09-20_17:40:07
244492,HYBRIS,,CLS,H0539001_S_50159,Royal Touch 敏感肌適用產後專用衛生巾 L碼 (5片/包),,110,110,0,0,0,2025-09-20_17:40:08
244492,HYBRIS,,CLS,H0888001_S_10004619,特級魚露,,15,15,0,0,0,2025-09-20_17:40:08
244492,HYBRIS,,CLS,H0888001_S_10004625,南乳,,220,220,0,0,0,2025-09-20_17:40:08
244492,HYBRIS,,CLS,H0888001_S_10004645,爽口榨菜絲,,230,230,0,0,0,2025-09-20_17:40:08
244492,HYBRIS,,CLS,H0888001_S_10004649,辣香蘿蔔,,120,120,0,0,0,2025-09-20_17:40:08
244492,HYBRIS,,CLS,H0888001_S_10004653,陳醋蕎頭,,130,130,0,0,0,2025-09-20_17:40:08
244492,HYBRIS,,CLS,H0888001_S_10004654,甜酸蕎頭,,130,130,0,0,0,2025-09-20_17:40:08
244492,HYBRIS,,CLS,H0888001_S_10004666,鮑汁靈芝菇片,,220,220,0,0,0,2025-09-20_17:40:08
244492,HYBRIS,,CLS,H0888001_S_10005984,豬骨火鍋上湯,,270,270,0,0,0,2025-09-20_17:40:08
244492,HYBRIS,,CLS,H0888001_S_10005986,醉雞火鍋上湯,,270,270,0,0,0,2025-09-20_17:40:08
244492,HYBRIS,,CLS,H0888001_S_10007891,洋蔥南瓜馬鈴薯片,,10,10,0,0,0,2025-09-20_17:40:08
244492,HYBRIS,,CLS,H0888001_S_10009135,藍梅寒天果凍糖,,10,10,0,0,0,2025-09-20_17:40:08
244492,HYBRIS,,CLS,H0888001_S_10009139,蜂蜜檸檬寒天果凍糖,,10,10,0,0,0,2025-09-20_17:40:08
244492,HYBRIS,,CLS,H0888001_S_10009151,什錦軟糖,,220,220,0,0,0,2025-09-20_17:40:08
244492,HYBRIS,,CLS,H0888001_S_10009386,北海道扇貝味薯片,,10,10,0,0,0,2025-09-20_17:40:08
244492,HYBRIS,,CLS,H0888001_S_10009388,酥餅 (黑朱古力),,15,15,0,0,0,2025-09-20_17:40:08
244492,HYBRIS,,CLS,H0888001_S_10011987,好ｅ食 - 白汁煙肉磨菇意粉 (急凍),,210,210,0,0,0,2025-09-20_17:40:09
244492,HYBRIS,,CLS,H0888001_S_10007313,滋潤保濕乳霜,,12,12,0,0,0,2025-09-20_17:40:09
244492,HYBRIS,,CLS,H0888001_S_10022686,猴頭菇雪耳百合潤肺湯,,192,192,0,0,0,2025-09-20_17:40:09
244492,HYBRIS,,CLS,H0888001_S_10018925,白風船米餅-牛奶忌廉味,,500,500,0,0,0,2025-09-20_17:40:09
244498,IMAX_KERRY,,STS,H0888001_S_10012783,巴西牛胸腩粒 (急凍),IM00072161,1285,0,0,0,0,2025-09-20_18:19:00
244501,IMAX_KERRY,,WFS,H0888001_S_10012783,巴西牛胸腩粒 (急凍),IM00072162,50,0,0,0,0,2025-09-20_18:49:00
244504,HYBRIS,,RRS,H0888001_S_10012783,巴西牛胸腩粒 (急凍),,600,600,0,0,0,2025-09-20_19:19:00
244508,IMAX_KERRY,,RRS,H0888001_S_10015773,廣東鮮蝦雲吞皇10粒裝一二三四五六七八九十一二三四五六七八九十一二三四五六七八九十,IM00072164,264,264,264,0,0,2025-09-20_19:59:00
244508,IMAX_KERRY,,RRS,H0888001_S_10012783,巴西牛胸腩粒 (急凍),IM00072164,700,0,0,0,0,2025-09-20_19:59:00
244510,HYBRIS,,HHS,H0249001_S_1272,AAA薰衣草沐浴露,,20,20,0,0,0,2025-09-20_20:09:01
244510,HYBRIS,,HHS,H0249001_S_1272s-74s,BBB薰衣草身體潔淨旅行套裝,,20,20,0,0,0,2025-09-20_20:09:01
244510,HYBRIS,,HHS,H0249001_S_1274,DDD薰衣草護髮素,,20,20,0,0,0,2025-09-20_20:09:01
244510,HYBRIS,,HHS,H0249001_S_1282s-84s,活花身體潔淨旅行套裝,,20,20,0,0,0,2025-09-20_20:09:01
244510,HYBRIS,,HHS,H0249001_S_1284,活花護髮素,,20,20,0,0,0,2025-09-20_20:09:01
244510,HYBRIS,,HHS,H0249001_S_1292,花露水沐浴露,,20,20,0,0,0,2025-09-20_20:09:01
244510,HYBRIS,,HHS,H0249001_S_1292s-94s,花露水身體潔淨旅行套裝一二三四五六,,20,20,0,0,0,2025-09-20_20:09:01
244510,HYBRIS,,HHS,H0249001_S_1293,花露水洗髮水,,20,20,0,0,0,2025-09-20_20:09:01
244510,HYBRIS,,HHS,H0249001_S_1294,花露水護髮素,,20,20,0,0,0,2025-09-20_20:09:01
244510,HYBRIS,,HHS,H0249001_S_2151,雪花膏,,20,20,0,0,0,2025-09-20_20:09:01
244510,HYBRIS,,HHS,H0249001_S_2152,活花潤手霜,,20,20,0,0,0,2025-09-20_20:09:01
244510,HYBRIS,,HHS,H0249001_S_2157,花露水香皂,,20,20,0,0,0,2025-09-20_20:09:02
244510,HYBRIS,,HHS,H0249001_S_2163,活花爽身粉 (玫瑰花香),,20,20,0,0,0,2025-09-20_20:09:02
244510,HYBRIS,,HHS,H0249001_S_2166,活花香皂,,20,20,0,0,0,2025-09-20_20:09:02
244510,HYBRIS,,HHS,H0249001_S_2167,活花止汗液,,20,20,0,0,0,2025-09-20_20:09:02
244510,HYBRIS,,HHS,H0249001_S_2177,迷你雪花膏,,20,20,0,0,0,2025-09-20_20:09:02
244510,HYBRIS,,HHS,H0249001_S_2181,EEE薰衣草味護髮油,,20,20,0,0,0,2025-09-20_20:09:02
244510,HYBRIS,,HHS,H0249001_S_2182,活花味護髮油  (玫瑰花香),,20,20,0,0,0,2025-09-20_20:09:02
244510,HYBRIS,,HHS,H0249001_S_2186,活花爽身粉 80克 (罐裝)（附柔軟粉撲）,,20,20,0,0,0,2025-09-20_20:09:02
244510,HYBRIS,,HHS,H0249001_S_2187,花露水爽身粉 80克 (罐裝)（附柔軟粉撲）,,20,20,0,0,0,2025-09-20_20:09:02
244510,HYBRIS,,HHS,H0249001_S_2188B,花露水濕紙巾 (20片),,20,20,0,0,0,2025-09-20_20:09:02
244510,HYBRIS,,HHS,H0249001_S_2198,花露水 (200毫升),,20,20,0,0,0,2025-09-20_20:09:02
244510,HYBRIS,,HHS,H0249001_S_2202,花露水 (100毫升),,20,20,0,0,0,2025-09-20_20:09:02
244510,HYBRIS,,HHS,H0249001_S_2204,花露水 (15毫升),,20,20,0,0,0,2025-09-20_20:09:02
244510,HYBRIS,,HHS,H0249001_S_2208,花露水 (10毫升),,20,20,0,0,0,2025-09-20_20:09:02
244510,HYBRIS,,HHS,H0249001_S_2209,花露水膏,,20,20,0,0,0,2025-09-20_20:09:02
244510,HYBRIS,,HHS,H0249001_S_4261,雙妹嚜復古記事簿,,20,20,0,0,0,2025-09-20_20:09:02
244510,HYBRIS,,HHS,H0249001_S_4281,雙妹嚜復古記事簿,,20,20,0,0,0,2025-09-20_20:09:03
244510,HYBRIS,,HHS,H0249001_S_4284,雙妹嚜復古拼圖,,20,20,0,0,0,2025-09-20_20:09:03
244510,HYBRIS,,HHS,H0249001_S_4286,雙妹嚜復古拼圖,,20,20,0,0,0,2025-09-20_20:09:03
244510,HYBRIS,,HHS,H0249001_S_4287,雙妹嚜復古拼圖,,20,20,0,0,0,2025-09-20_20:09:03
244510,HYBRIS,,HHS,H0249001_S_4290,懷舊2R相簿,,20,20,0,0,0,2025-09-20_20:09:03
244510,HYBRIS,,HHS,H0249001_S_4291,懷舊2R相簿,,20,20,0,0,0,2025-09-20_20:09:03
244510,HYBRIS,,HHS,H0249001_S_4292,懷舊2R相簿,,20,20,0,0,0,2025-09-20_20:09:03
244510,HYBRIS,,HHS,H0249001_S_4293,懷舊2R相簿,,20,20,0,0,0,2025-09-20_20:09:03
244510,HYBRIS,,HHS,H0249001_S_8808,馬賽皂 (檸檬),,20,20,0,0,0,2025-09-20_20:09:03
244510,HYBRIS,,HHS,H0249001_S_8809,馬賽皂 (蜜糖),,20,20,0,0,0,2025-09-20_20:09:03
244510,HYBRIS,,HHS,H0249001_S_8810,馬賽皂 (白檀),,20,20,0,0,0,2025-09-20_20:09:03
244510,HYBRIS,,HHS,H0249001_S_KC1100,指甲水,,20,20,0,0,0,2025-09-20_20:09:03
244510,HYBRIS,,HHS,H0249001_S_KC1101,指甲油 (藍紫色系),,20,20,0,0,0,2025-09-20_20:09:03
244510,HYBRIS,,HHS,H0249001_S_KC1102,指甲油 (藍紫色系),,20,20,0,0,0,2025-09-20_20:09:03
244510,HYBRIS,,HHS,H0249001_S_KC1103,指甲油 (藍紫色系),,20,20,0,0,0,2025-09-20_20:09:03
244510,HYBRIS,,HHS,H0249001_S_KC1105,指甲油 (藍紫色系),,20,20,0,0,0,2025-09-20_20:09:03
244510,HYBRIS,,HHS,H0249001_S_KC1106,指甲油 (紅色系),,20,20,0,0,0,2025-09-20_20:09:04
244510,HYBRIS,,HHS,H0249001_S_KC1107,指甲油 (紅色系),,20,20,0,0,0,2025-09-20_20:09:04
244510,HYBRIS,,HHS,H0249001_S_KC1108,指甲油 (紅色系),,20,20,0,0,0,2025-09-20_20:09:04
244510,HYBRIS,,HHS,H0249001_S_KC1112,指甲油 (藍紫色系),,20,20,0,0,0,2025-09-20_20:09:04
244510,HYBRIS,,HHS,H0249001_S_KC1113,指甲油 (紅色系),,20,20,0,0,0,2025-09-20_20:09:04
244510,HYBRIS,,HHS,H0249001_S_KC1116,指甲油 (彩色系),,20,20,0,0,0,2025-09-20_20:09:04
244510,HYBRIS,,HHS,H0249001_S_KC1121,指甲油 (紅色系),,20,20,0,0,0,2025-09-20_20:09:04
244510,HYBRIS,,HHS,H0249001_S_KC1123,指甲油 (紅色系),,20,20,0,0,0,2025-09-20_20:09:04
244510,HYBRIS,,HHS,H0249001_S_KC1124,指甲油 (紅色系),,20,20,0,0,0,2025-09-20_20:09:04
244510,HYBRIS,,HHS,H0249001_S_KC1127,指甲油 (彩色系),,20,20,0,0,0,2025-09-20_20:09:05
244510,HYBRIS,,HHS,H0249001_S_KC1129,指甲油 (彩色系),,20,20,0,0,0,2025-09-20_20:09:05
244510,HYBRIS,,HHS,H0249001_S_KC1130,指甲油 (彩色系),,20,20,0,0,0,2025-09-20_20:09:05
244510,HYBRIS,,HHS,H0249001_S_KC1131,指甲油 (彩色系),,20,20,0,0,0,2025-09-20_20:09:05
244510,HYBRIS,,HHS,H0249001_S_KC1134,指甲油 (紅色系),,20,20,0,0,0,2025-09-20_20:09:05
244510,HYBRIS,,HHS,H0249001_S_KC1137,指甲油 (色號 - 37透明),,20,20,0,0,0,2025-09-20_20:09:05
244510,HYBRIS,,HHS,H0249001_S_KC1139,指甲油 (彩色系),,20,20,0,0,0,2025-09-20_20:09:05
244510,HYBRIS,,HHS,H0249001_S_KC1146,指甲油 (藍紫色系),,20,20,0,0,0,2025-09-20_20:09:05
244510,HYBRIS,,HHS,H0249001_S_KC1148,指甲油 (彩色系),,20,20,0,0,0,2025-09-20_20:09:06
244510,HYBRIS,,HHS,H0249001_S_KC1152,指甲油 (紅色系),,20,20,0,0,0,2025-09-20_20:09:06
244510,HYBRIS,,HHS,H0249001_S_Q004,雙妹綿布袋 (白色),,20,20,0,0,0,2025-09-20_20:09:06
244510,HYBRIS,,HHS,H0249001_S_Q005,雙妹綿布袋 (自然色),,20,20,0,0,0,2025-09-20_20:09:06
244510,HYBRIS,,HHS,H0255001_S_21875,蒜油 250粒,,20,20,0,0,0,2025-09-20_20:09:06
244510,HYBRIS,,HHS,H0255001_S_21942,利筋諾 50粒,,20,20,0,0,0,2025-09-20_20:09:06
244510,HYBRIS,,HHS,H0255001_S_22993,乳薊果 60片,,20,20,0,0,0,2025-09-20_20:09:06
244510,HYBRIS,,HHS,H0255001_S_23452,葡萄籽加強配方 30片,,20,20,0,0,0,2025-09-20_20:09:06
244510,HYBRIS,,HHS,H0255001_S_24008,無腥味魚油1000 200粒,,20,20,0,0,0,2025-09-20_20:09:06
244510,HYBRIS,,HHS,H0255001_S_24177,葉黃素 60粒,,20,20,0,0,0,2025-09-20_20:09:06
244510,HYBRIS,,HHS,H0255001_S_24201,護眼山桑子 30片,,20,20,0,0,0,2025-09-20_20:09:07
244510,HYBRIS,,HHS,H0255001_S_24877,兒童果味魚油丸 30粒,,20,20,0,0,0,2025-09-20_20:09:07
244510,HYBRIS,,HHS,H0255001_S_25067,鋸櫚前列配方 60粒,,20,20,0,0,0,2025-09-20_20:09:07
244510,HYBRIS,,HHS,H0255001_S_25110,亞麻籽油植物奧米加369 100粒,,20,20,0,0,0,2025-09-20_20:09:07
244510,HYBRIS,,HHS,H0255001_S_25207,維他命D3 1000 30粒,,20,20,0,0,0,2025-09-20_20:09:07
244510,HYBRIS,,HHS,H0255001_S_25266,護養關節配方 60粒,,20,20,0,0,0,2025-09-20_20:09:07
244510,HYBRIS,,HHS,H0294001_S_120088,免沖洗保濕護髮乳,,20,20,0,0,0,2025-09-20_20:09:07
244510,HYBRIS,,HHS,H0294001_S_120295,潔淨控油洗髮露,,20,20,0,0,0,2025-09-20_20:09:07
244510,HYBRIS,,HHS,H0294001_S_120533,波浪捲髮精華露波浪捲髮精華露波浪捲髮精華露波浪捲髮精華露,,20,20,0,0,0,2025-09-20_20:09:07
244510,HYBRIS,,HHS,H0318002_S_812719,有機矢車菊花水 200ml,,20,20,0,0,0,2025-09-20_20:09:07
244510,HYBRIS,,HHS,H0318002_S_812724,有機大馬士革玫瑰花水 200ml,,20,20,0,0,0,2025-09-20_20:09:07
244510,HYBRIS,,HHS,H0318002_S_852974,有機3重蜂蜜潤澤身體乳霜 150ml,,20,20,0,0,0,2025-09-20_20:09:07
244510,HYBRIS,,HHS,H0318002_S_855281,有機3重蜂蜜潤澤身體磨砂 150g,,20,20,0,0,0,2025-09-20_20:09:07
244510,HYBRIS,,HHS,H0318002_S_861153,有機日用洗髮水 500ml,,20,20,0,0,0,2025-09-20_20:09:07
244510,HYBRIS,,HHS,H0318002_S_86Z0004,有機防敏香體露 50ml,,20,20,0,0,0,2025-09-20_20:09:07
244510,HYBRIS,,HHS,H0318002_S_86Z0005,有機乳木果油護髮素 150ml,,20,20,0,0,0,2025-09-20_20:09:07
244510,HYBRIS,,HHS,H0539001_S_50159,Royal Touch 敏感肌適用產後專用衛生巾 L碼 (5片/包),,20,20,0,0,0,2025-09-20_20:09:08
244521,HYBRIS,,WFS,H0249001_S_1274,DDD薰衣草護髮素,,15,15,0,0,0,2025-09-20_23:40:01
244521,HYBRIS,,WFS,H0249001_S_2151,雪花膏,,5,5,0,0,0,2025-09-20_23:40:02
244521,HYBRIS,,WFS,H0249001_S_4290,懷舊2R相簿,,5,5,0,0,0,2025-09-20_23:40:03
244521,HYBRIS,,WFS,H0249001_S_KC1139,指甲油 (彩色系),,5,5,0,0,0,2025-09-20_23:40:06
244521,HYBRIS,,WFS,H0318002_S_812724,有機大馬士革玫瑰花水 200ml,,10,10,0,0,0,2025-09-20_23:40:08
244521,HYBRIS,,WFS,H0318002_S_855281,有機3重蜂蜜潤澤身體磨砂 150g,,10,10,0,0,0,2025-09-20_23:40:08
244521,HYBRIS,,WFS,H0318002_S_86Z0005,有機乳木果油護髮素 150ml,,5,5,0,0,0,2025-09-20_23:40:08
244521,HYBRIS,,WFS,H0888001_S_10005984,豬骨火鍋上湯,,105,105,0,0,0,2025-09-20_23:40:09
244521,HYBRIS,,WFS,H0888001_S_10005985,黑胡椒豬骨火鍋上湯,,15,15,0,0,0,2025-09-20_23:40:09
244535,HYBRIS,,TWS,H0859001_S_OS-620,uPure 2 潔淨濾水器2,,440,440,0,0,0,2025-09-21_00:00:00
244539,IMAX_STACKING,FROZEN,COB,H0888001_S_10022875,美國特選牛肩胛肥牛片 (急凍),IS00072169,520,520,0,0,0,2025-09-21_00:00:00
244539,IMAX_STACKING,FROZEN,COB,H0888001_S_10012511,西班牙咸豬手,IS00072169,1610,1610,0,0,0,2025-09-21_00:00:00
244539,IMAX_STACKING,FROZEN,COB,H0888001_S_10011849,美國大西洋野生響螺頭 M (急凍),IS00072169,3000,3000,0,0,0,2025-09-21_00:00:01
244539,IMAX_STACKING,FROZEN,COB,H0888001_S_10011848,日本煮食用帶子急凍急凍,IS00072169,990,990,0,0,0,2025-09-21_00:00:01
244540,HYBRIS,,COB,H0888001_S_10009135,藍梅寒天果凍糖,,1212,1212,0,0,0,2025-09-21_00:01:00
244540,HYBRIS,,COB,H0888001_S_10009139,蜂蜜檸檬寒天果凍糖,,1308,1308,0,0,0,2025-09-21_00:01:00
244540,HYBRIS,,COB,H0888001_S_10009151,什錦軟糖,,1420,1420,0,0,0,2025-09-21_00:01:00
244547,HYBRIS,,CLS,H0888001_S_10007313,滋潤保濕乳霜,,444,444,0,0,0,2025-09-21_10:09:00
244548,IMAX_STACKING,DRY,CLS,H0888001_S_10002195,大樽生啤 (日本版),IS00072172,12,0,0,0,0,2025-09-21_10:22:00
244550,HYBRIS,,CLS,H0888001_S_10133455,澳洲和牛漢堡扒 (急凍),,1020,1020,0,0,0,2025-09-21_10:38:00
244550,HYBRIS,,CLS,H0888001_S_10133940,(澳洲直送!) 澳洲穀飼西冷牛扒 (2塊裝) (急凍),,1000,1000,0,0,0,2025-09-21_10:38:00
244550,HYBRIS,,CLS,H0888001_S_10133453,澳洲M4+ 和牛西冷牛扒 (急凍),,330,330,0,0,0,2025-09-21_10:38:00
244550,HYBRIS,,CLS,H0888001_S_10018534,澳洲海參(禿參，又名花刺參) (急凍),,408,408,0,0,0,2025-09-21_10:38:00
244555,HYBRIS,,WFS,H0888001_S_10012013,Bibigo 韓式傳統脆皮煎餃 (急凍),,150,150,0,0,0,2025-09-21_11:25:00
244558,HYBRIS,,CLS,H0888001_S_10007313,滋潤保濕乳霜,,12,12,0,0,0,2025-09-21_11:42:00
244559,IMAX_KERRY,,CLS,H0888001_S_10012777,紐西蘭帶骨羊仔腩 (急凍),IM00072176,40,40,40,0,0,2025-09-21_11:44:00
244566,HYBRIS,,TWS,H0888001_S_10008283,燕麥脆條 - 蜜糖★燕麥,,36,36,0,0,0,2025-09-21_13:00:00
244570,IMAX_KERRY,,CLS,H0888001_S_10012783,巴西牛胸腩粒 (急凍),IM00072178,784,0,0,0,0,2025-09-21_13:32:00
244571,HYBRIS,,LPS,H0888001_S_10012783,巴西牛胸腩粒 (急凍),,8,8,0,0,0,2025-09-21_13:49:00
244576,HYBRIS,,CLS,H0888001_S_10004649,辣香蘿蔔,,2900,2900,0,0,0,2025-09-21_14:19:00
244576,HYBRIS,,CLS,H0888001_S_10007313,滋潤保濕乳霜,,27,27,0,0,0,2025-09-21_14:19:00
244595,IMAX_KERRY,,IRS,H0888001_S_10022197,五香肉丁,IM00072181,48,48,48,0,0,2025-09-21_16:08:00
244598,HYBRIS,,CLS,H0888001_S_10007313,滋潤保濕乳霜,,108,108,0,0,0,2025-09-21_16:41:00
244601,HYBRIS,,RRS,H0888001_S_10018534,澳洲海參(禿參，又名花刺參) (急凍),,96,96,0,0,0,2025-09-21_16:50:00
244607,IMAX_STACKING,CHILLED,CLS,H0888001_S_10012783,巴西牛胸腩粒 (急凍),IS00072185,5000,0,0,0,0,2025-09-21_17:10:00
244608,IMAX_STACKING,DRY,CLS,H0255001_S_25116,健腦高濃度深海魚油 60粒,IS00072184,290,0,0,0,0,2025-09-21_17:10:00
244611,HYBRIS,,CLS,H0249001_S_1272s-74s,BBB薰衣草身體潔淨旅行套裝,,110,110,0,0,0,2025-09-21_17:40:01
244611,HYBRIS,,CLS,H0249001_S_1274,DDD薰衣草護髮素,,10,10,0,0,0,2025-09-21_17:40:01
244611,HYBRIS,,CLS,H0249001_S_1282s-84s,活花身體潔淨旅行套裝,,110,110,0,0,0,2025-09-21_17:40:01
244611,HYBRIS,,CLS,H0249001_S_1284,活花護髮素,,110,110,0,0,0,2025-09-21_17:40:01
244611,HYBRIS,,CLS,H0249001_S_1292,花露水沐浴露,,110,110,0,0,0,2025-09-21_17:40:01
244611,HYBRIS,,CLS,H0249001_S_1292s-94s,花露水身體潔淨旅行套裝一二三四五六,,110,110,0,0,0,2025-09-21_17:40:02
244611,HYBRIS,,CLS,H0249001_S_1293,花露水洗髮水,,110,110,0,0,0,2025-09-21_17:40:02
244611,HYBRIS,,CLS,H0249001_S_1294,花露水護髮素,,110,110,0,0,0,2025-09-21_17:40:02
244611,HYBRIS,,CLS,H0249001_S_2151,雪花膏,,120,120,0,0,0,2025-09-21_17:40:02
244611,HYBRIS,,CLS,H0249001_S_2152,活花潤手霜,,110,110,0,0,0,2025-09-21_17:40:02
244611,HYBRIS,,CLS,H0249001_S_2157,花露水香皂,,10,10,0,0,0,2025-09-21_17:40:02
244611,HYBRIS,,CLS,H0249001_S_2163,活花爽身粉 (玫瑰花香),,120,120,0,0,0,2025-09-21_17:40:02
244611,HYBRIS,,CLS,H0249001_S_2166,活花香皂,,120,120,0,0,0,2025-09-21_17:40:02
244611,HYBRIS,,CLS,H0249001_S_2167,活花止汗液,,120,120,0,0,0,2025-09-21_17:40:02
244611,HYBRIS,,CLS,H0249001_S_2177,迷你雪花膏,,110,110,0,0,0,2025-09-21_17:40:02
244611,HYBRIS,,CLS,H0249001_S_2181,EEE薰衣草味護髮油,,110,110,0,0,0,2025-09-21_17:40:02
244611,HYBRIS,,CLS,H0249001_S_2182,活花味護髮油  (玫瑰花香),,110,110,0,0,0,2025-09-21_17:40:02
244611,HYBRIS,,CLS,H0249001_S_2186,活花爽身粉 80克 (罐裝)（附柔軟粉撲）,,110,110,0,0,0,2025-09-21_17:40:02
244611,HYBRIS,,CLS,H0249001_S_2187,花露水爽身粉 80克 (罐裝)（附柔軟粉撲）,,110,110,0,0,0,2025-09-21_17:40:02
244611,HYBRIS,,CLS,H0249001_S_2188B,花露水濕紙巾 (20片),,110,110,0,0,0,2025-09-21_17:40:02
244611,HYBRIS,,CLS,H0249001_S_2198,花露水 (200毫升),,110,110,0,0,0,2025-09-21_17:40:02
244611,HYBRIS,,CLS,H0249001_S_2202,花露水 (100毫升),,110,110,0,0,0,2025-09-21_17:40:03
244611,HYBRIS,,CLS,H0249001_S_2204,花露水 (15毫升),,110,110,0,0,0,2025-09-21_17:40:03
244611,HYBRIS,,CLS,H0249001_S_2208,花露水 (10毫升),,110,110,0,0,0,2025-09-21_17:40:03
244611,HYBRIS,,CLS,H0249001_S_2209,花露水膏,,110,110,0,0,0,2025-09-21_17:40:03
244611,HYBRIS,,CLS,H0249001_S_4261,雙妹嚜復古記事簿,,110,110,0,0,0,2025-09-21_17:40:03
244611,HYBRIS,,CLS,H0249001_S_4281,雙妹嚜復古記事簿,,110,110,0,0,0,2025-09-21_17:40:03
244611,HYBRIS,,CLS,H0249001_S_4284,雙妹嚜復古拼圖,,110,110,0,0,0,2025-09-21_17:40:03
244611,HYBRIS,,CLS,H0249001_S_4286,雙妹嚜復古拼圖,,110,110,0,0,0,2025-09-21_17:40:03
244611,HYBRIS,,CLS,H0249001_S_4287,雙妹嚜復古拼圖,,110,110,0,0,0,2025-09-21_17:40:03
244611,HYBRIS,,CLS,H0249001_S_4290,懷舊2R相簿,,110,110,0,0,0,2025-09-21_17:40:03
244611,HYBRIS,,CLS,H0249001_S_4291,懷舊2R相簿,,110,110,0,0,0,2025-09-21_17:40:03
244611,HYBRIS,,CLS,H0249001_S_4292,懷舊2R相簿,,110,110,0,0,0,2025-09-21_17:40:03
244611,HYBRIS,,CLS,H0249001_S_4293,懷舊2R相簿,,110,110,0,0,0,2025-09-21_17:40:03
244611,HYBRIS,,CLS,H0249001_S_4315,雙妹嚜黑色環保袋,,110,110,0,0,0,2025-09-21_17:40:03
244611,HYBRIS,,CLS,H0249001_S_8808,馬賽皂 (檸檬),,110,110,0,0,0,2025-09-21_17:40:03
244611,HYBRIS,,CLS,H0249001_S_8809,馬賽皂 (蜜糖),,110,110,0,0,0,2025-09-21_17:40:03
244611,HYBRIS,,CLS,H0249001_S_8810,馬賽皂 (白檀),,110,110,0,0,0,2025-09-21_17:40:04
244611,HYBRIS,,CLS,H0249001_S_KC1100,指甲水,,110,110,0,0,0,2025-09-21_17:40:04
244611,HYBRIS,,CLS,H0249001_S_KC1101,指甲油 (藍紫色系),,110,110,0,0,0,2025-09-21_17:40:04
244611,HYBRIS,,CLS,H0249001_S_KC1102,指甲油 (藍紫色系),,110,110,0,0,0,2025-09-21_17:40:04
244611,HYBRIS,,CLS,H0249001_S_KC1103,指甲油 (藍紫色系),,110,110,0,0,0,2025-09-21_17:40:04
244611,HYBRIS,,CLS,H0249001_S_KC1105,指甲油 (藍紫色系),,110,110,0,0,0,2025-09-21_17:40:04
244611,HYBRIS,,CLS,H0249001_S_KC1106,指甲油 (紅色系),,110,110,0,0,0,2025-09-21_17:40:04
244611,HYBRIS,,CLS,H0249001_S_KC1107,指甲油 (紅色系),,110,110,0,0,0,2025-09-21_17:40:04
244611,HYBRIS,,CLS,H0249001_S_KC1108,指甲油 (紅色系),,110,110,0,0,0,2025-09-21_17:40:04
244611,HYBRIS,,CLS,H0249001_S_KC1112,指甲油 (藍紫色系),,110,110,0,0,0,2025-09-21_17:40:04
244611,HYBRIS,,CLS,H0249001_S_KC1113,指甲油 (紅色系),,110,110,0,0,0,2025-09-21_17:40:04
244611,HYBRIS,,CLS,H0249001_S_KC1116,指甲油 (彩色系),,110,110,0,0,0,2025-09-21_17:40:04
244611,HYBRIS,,CLS,H0249001_S_KC1121,指甲油 (紅色系),,110,110,0,0,0,2025-09-21_17:40:05
244611,HYBRIS,,CLS,H0249001_S_KC1123,指甲油 (紅色系),,110,110,0,0,0,2025-09-21_17:40:05
244611,HYBRIS,,CLS,H0249001_S_KC1124,指甲油 (紅色系),,110,110,0,0,0,2025-09-21_17:40:05
244611,HYBRIS,,CLS,H0249001_S_KC1127,指甲油 (彩色系),,110,110,0,0,0,2025-09-21_17:40:05
244611,HYBRIS,,CLS,H0249001_S_KC1129,指甲油 (彩色系),,110,110,0,0,0,2025-09-21_17:40:05
244611,HYBRIS,,CLS,H0249001_S_KC1130,指甲油 (彩色系),,110,110,0,0,0,2025-09-21_17:40:05
244611,HYBRIS,,CLS,H0249001_S_KC1131,指甲油 (彩色系),,110,110,0,0,0,2025-09-21_17:40:05
244611,HYBRIS,,CLS,H0249001_S_KC1134,指甲油 (紅色系),,110,110,0,0,0,2025-09-21_17:40:05
244611,HYBRIS,,CLS,H0249001_S_KC1137,指甲油 (色號 - 37透明),,110,110,0,0,0,2025-09-21_17:40:05
244611,HYBRIS,,CLS,H0249001_S_KC1139,指甲油 (彩色系),,110,110,0,0,0,2025-09-21_17:40:06
244611,HYBRIS,,CLS,H0249001_S_KC1146,指甲油 (藍紫色系),,110,110,0,0,0,2025-09-21_17:40:06
244611,HYBRIS,,CLS,H0249001_S_KC1148,指甲油 (彩色系),,110,110,0,0,0,2025-09-21_17:40:06
244611,HYBRIS,,CLS,H0249001_S_KC1152,指甲油 (紅色系),,110,110,0,0,0,2025-09-21_17:40:06
244611,HYBRIS,,CLS,H0249001_S_Q004,雙妹綿布袋 (白色),,110,110,0,0,0,2025-09-21_17:40:06
244611,HYBRIS,,CLS,H0249001_S_Q005,雙妹綿布袋 (自然色),,110,110,0,0,0,2025-09-21_17:40:06
244611,HYBRIS,,CLS,H0255001_S_21875,蒜油 250粒,,110,110,0,0,0,2025-09-21_17:40:07
244611,HYBRIS,,CLS,H0255001_S_21942,利筋諾 50粒,,110,110,0,0,0,2025-09-21_17:40:07
244611,HYBRIS,,CLS,H0255001_S_22993,乳薊果 60片,,110,110,0,0,0,2025-09-21_17:40:07
244611,HYBRIS,,CLS,H0255001_S_23452,葡萄籽加強配方 30片,,110,110,0,0,0,2025-09-21_17:40:07
244611,HYBRIS,,CLS,H0255001_S_24008,無腥味魚油1000 200粒,,110,110,0,0,0,2025-09-21_17:40:07
244611,HYBRIS,,CLS,H0255001_S_24177,葉黃素 60粒,,110,110,0,0,0,2025-09-21_17:40:07
244611,HYBRIS,,CLS,H0255001_S_24201,護眼山桑子 30片,,110,110,0,0,0,2025-09-21_17:40:07
244611,HYBRIS,,CLS,H0255001_S_24877,兒童果味魚油丸 30粒,,110,110,0,0,0,2025-09-21_17:40:07
244611,HYBRIS,,CLS,H0255001_S_25067,鋸櫚前列配方 60粒,,20,20,0,0,0,2025-09-21_17:40:07
244611,HYBRIS,,CLS,H0255001_S_25207,維他命D3 1000 30粒,,110,110,0,0,0,2025-09-21_17:40:07
244611,HYBRIS,,CLS,H0255001_S_25266,護養關節配方 60粒,,110,110,0,0,0,2025-09-21_17:40:07
244611,HYBRIS,,CLS,H0294001_S_120088,免沖洗保濕護髮乳,,110,110,0,0,0,2025-09-21_17:40:08
244611,HYBRIS,,CLS,H0294001_S_120295,潔淨控油洗髮露,,110,110,0,0,0,2025-09-21_17:40:08
244611,HYBRIS,,CLS,H0294001_S_120533,波浪捲髮精華露波浪捲髮精華露波浪捲髮精華露波浪捲髮精華露,,110,110,0,0,0,2025-09-21_17:40:08
244611,HYBRIS,,CLS,H0318002_S_812719,有機矢車菊花水 200ml,,130,130,0,0,0,2025-09-21_17:40:08
244611,HYBRIS,,CLS,H0318002_S_812724,有機大馬士革玫瑰花水 200ml,,130,130,0,0,0,2025-09-21_17:40:08
244611,HYBRIS,,CLS,H0318002_S_852974,有機3重蜂蜜潤澤身體乳霜 150ml,,10,10,0,0,0,2025-09-21_17:40:08
244611,HYBRIS,,CLS,H0318002_S_855281,有機3重蜂蜜潤澤身體磨砂 150g,,110,110,0,0,0,2025-09-21_17:40:08
244611,HYBRIS,,CLS,H0318002_S_86Z0004,有機防敏香體露 50ml,,105,105,0,0,0,2025-09-21_17:40:08
244611,HYBRIS,,CLS,H0539001_S_50159,Royal Touch 敏感肌適用產後專用衛生巾 L碼 (5片/包),,110,110,0,0,0,2025-09-21_17:40:08
244611,HYBRIS,,CLS,H0888001_S_10004619,特級魚露,,15,15,0,0,0,2025-09-21_17:40:08
244611,HYBRIS,,CLS,H0888001_S_10004625,南乳,,220,220,0,0,0,2025-09-21_17:40:08
244611,HYBRIS,,CLS,H0888001_S_10004645,爽口榨菜絲,,230,230,0,0,0,2025-09-21_17:40:08
244611,HYBRIS,,CLS,H0888001_S_10004649,辣香蘿蔔,,120,120,0,0,0,2025-09-21_17:40:08
244611,HYBRIS,,CLS,H0888001_S_10004653,陳醋蕎頭,,130,130,0,0,0,2025-09-21_17:40:08
244611,HYBRIS,,CLS,H0888001_S_10004654,甜酸蕎頭,,130,130,0,0,0,2025-09-21_17:40:08
244611,HYBRIS,,CLS,H0888001_S_10004666,鮑汁靈芝菇片,,220,220,0,0,0,2025-09-21_17:40:09
244611,HYBRIS,,CLS,H0888001_S_10005984,豬骨火鍋上湯,,270,270,0,0,0,2025-09-21_17:40:09
244611,HYBRIS,,CLS,H0888001_S_10005986,醉雞火鍋上湯,,270,270,0,0,0,2025-09-21_17:40:09
244611,HYBRIS,,CLS,H0888001_S_10007891,洋蔥南瓜馬鈴薯片,,10,10,0,0,0,2025-09-21_17:40:09
244611,HYBRIS,,CLS,H0888001_S_10009135,藍梅寒天果凍糖,,10,10,0,0,0,2025-09-21_17:40:09
244611,HYBRIS,,CLS,H0888001_S_10009139,蜂蜜檸檬寒天果凍糖,,10,10,0,0,0,2025-09-21_17:40:09
244611,HYBRIS,,CLS,H0888001_S_10009151,什錦軟糖,,220,220,0,0,0,2025-09-21_17:40:09
244611,HYBRIS,,CLS,H0888001_S_10009386,北海道扇貝味薯片,,10,10,0,0,0,2025-09-21_17:40:09
244611,HYBRIS,,CLS,H0888001_S_10009388,酥餅 (黑朱古力),,15,15,0,0,0,2025-09-21_17:40:09
244611,HYBRIS,,CLS,H0888001_S_10011987,好ｅ食 - 白汁煙肉磨菇意粉 (急凍),,210,210,0,0,0,2025-09-21_17:40:09
244611,HYBRIS,,CLS,H0888001_S_10007313,滋潤保濕乳霜,,12,12,0,0,0,2025-09-21_17:40:09
244611,HYBRIS,,CLS,H0888001_S_10022686,猴頭菇雪耳百合潤肺湯,,192,192,0,0,0,2025-09-21_17:40:09
244611,HYBRIS,,CLS,H0888001_S_10018925,白風船米餅-牛奶忌廉味,,500,500,0,0,0,2025-09-21_17:40:09
244629,HYBRIS,,HHS,H0249001_S_1272,AAA薰衣草沐浴露,,20,20,0,0,0,2025-09-21_20:09:01
244629,HYBRIS,,HHS,H0249001_S_1272s-74s,BBB薰衣草身體潔淨旅行套裝,,20,20,0,0,0,2025-09-21_20:09:01
244629,HYBRIS,,HHS,H0249001_S_1274,DDD薰衣草護髮素,,20,20,0,0,0,2025-09-21_20:09:01
244629,HYBRIS,,HHS,H0249001_S_1282s-84s,活花身體潔淨旅行套裝,,20,20,0,0,0,2025-09-21_20:09:01
244629,HYBRIS,,HHS,H0249001_S_1284,活花護髮素,,20,20,0,0,0,2025-09-21_20:09:01
244629,HYBRIS,,HHS,H0249001_S_1292,花露水沐浴露,,20,20,0,0,0,2025-09-21_20:09:01
244629,HYBRIS,,HHS,H0249001_S_1292s-94s,花露水身體潔淨旅行套裝一二三四五六,,20,20,0,0,0,2025-09-21_20:09:01
244629,HYBRIS,,HHS,H0249001_S_1293,花露水洗髮水,,20,20,0,0,0,2025-09-21_20:09:01
244629,HYBRIS,,HHS,H0249001_S_1294,花露水護髮素,,20,20,0,0,0,2025-09-21_20:09:01
244629,HYBRIS,,HHS,H0249001_S_2151,雪花膏,,20,20,0,0,0,2025-09-21_20:09:02
244629,HYBRIS,,HHS,H0249001_S_2152,活花潤手霜,,20,20,0,0,0,2025-09-21_20:09:02
244629,HYBRIS,,HHS,H0249001_S_2157,花露水香皂,,20,20,0,0,0,2025-09-21_20:09:02
244629,HYBRIS,,HHS,H0249001_S_2163,活花爽身粉 (玫瑰花香),,20,20,0,0,0,2025-09-21_20:09:02
244629,HYBRIS,,HHS,H0249001_S_2166,活花香皂,,20,20,0,0,0,2025-09-21_20:09:02
244629,HYBRIS,,HHS,H0249001_S_2167,活花止汗液,,20,20,0,0,0,2025-09-21_20:09:02
244629,HYBRIS,,HHS,H0249001_S_2177,迷你雪花膏,,20,20,0,0,0,2025-09-21_20:09:02
244629,HYBRIS,,HHS,H0249001_S_2181,EEE薰衣草味護髮油,,20,20,0,0,0,2025-09-21_20:09:02
244629,HYBRIS,,HHS,H0249001_S_2182,活花味護髮油  (玫瑰花香),,20,20,0,0,0,2025-09-21_20:09:02
244629,HYBRIS,,HHS,H0249001_S_2186,活花爽身粉 80克 (罐裝)（附柔軟粉撲）,,20,20,0,0,0,2025-09-21_20:09:02
244629,HYBRIS,,HHS,H0249001_S_2187,花露水爽身粉 80克 (罐裝)（附柔軟粉撲）,,20,20,0,0,0,2025-09-21_20:09:02
244629,HYBRIS,,HHS,H0249001_S_2188B,花露水濕紙巾 (20片),,20,20,0,0,0,2025-09-21_20:09:02
244629,HYBRIS,,HHS,H0249001_S_2198,花露水 (200毫升),,20,20,0,0,0,2025-09-21_20:09:02
244629,HYBRIS,,HHS,H0249001_S_2202,花露水 (100毫升),,20,20,0,0,0,2025-09-21_20:09:02
244629,HYBRIS,,HHS,H0249001_S_2204,花露水 (15毫升),,20,20,0,0,0,2025-09-21_20:09:02
244629,HYBRIS,,HHS,H0249001_S_2208,花露水 (10毫升),,20,20,0,0,0,2025-09-21_20:09:03
244629,HYBRIS,,HHS,H0249001_S_2209,花露水膏,,20,20,0,0,0,2025-09-21_20:09:03
244629,HYBRIS,,HHS,H0249001_S_4261,雙妹嚜復古記事簿,,20,20,0,0,0,2025-09-21_20:09:03
244629,HYBRIS,,HHS,H0249001_S_4281,雙妹嚜復古記事簿,,20,20,0,0,0,2025-09-21_20:09:03
244629,HYBRIS,,HHS,H0249001_S_4284,雙妹嚜復古拼圖,,20,20,0,0,0,2025-09-21_20:09:03
244629,HYBRIS,,HHS,H0249001_S_4286,雙妹嚜復古拼圖,,20,20,0,0,0,2025-09-21_20:09:03
244629,HYBRIS,,HHS,H0249001_S_4287,雙妹嚜復古拼圖,,20,20,0,0,0,2025-09-21_20:09:03
244629,HYBRIS,,HHS,H0249001_S_4290,懷舊2R相簿,,20,20,0,0,0,2025-09-21_20:09:03
244629,HYBRIS,,HHS,H0249001_S_4291,懷舊2R相簿,,20,20,0,0,0,2025-09-21_20:09:03
244629,HYBRIS,,HHS,H0249001_S_4292,懷舊2R相簿,,20,20,0,0,0,2025-09-21_20:09:03
244629,HYBRIS,,HHS,H0249001_S_4293,懷舊2R相簿,,20,20,0,0,0,2025-09-21_20:09:03
244629,HYBRIS,,HHS,H0249001_S_8808,馬賽皂 (檸檬),,20,20,0,0,0,2025-09-21_20:09:03
244629,HYBRIS,,HHS,H0249001_S_8809,馬賽皂 (蜜糖),,20,20,0,0,0,2025-09-21_20:09:03
244629,HYBRIS,,HHS,H0249001_S_8810,馬賽皂 (白檀),,20,20,0,0,0,2025-09-21_20:09:03
244629,HYBRIS,,HHS,H0249001_S_KC1100,指甲水,,20,20,0,0,0,2025-09-21_20:09:04
244629,HYBRIS,,HHS,H0249001_S_KC1101,指甲油 (藍紫色系),,20,20,0,0,0,2025-09-21_20:09:04
244629,HYBRIS,,HHS,H0249001_S_KC1102,指甲油 (藍紫色系),,20,20,0,0,0,2025-09-21_20:09:04
244629,HYBRIS,,HHS,H0249001_S_KC1103,指甲油 (藍紫色系),,20,20,0,0,0,2025-09-21_20:09:04
244629,HYBRIS,,HHS,H0249001_S_KC1105,指甲油 (藍紫色系),,20,20,0,0,0,2025-09-21_20:09:04
244629,HYBRIS,,HHS,H0249001_S_KC1106,指甲油 (紅色系),,20,20,0,0,0,2025-09-21_20:09:04
244629,HYBRIS,,HHS,H0249001_S_KC1107,指甲油 (紅色系),,20,20,0,0,0,2025-09-21_20:09:04
244629,HYBRIS,,HHS,H0249001_S_KC1108,指甲油 (紅色系),,20,20,0,0,0,2025-09-21_20:09:04
244629,HYBRIS,,HHS,H0249001_S_KC1112,指甲油 (藍紫色系),,20,20,0,0,0,2025-09-21_20:09:04
244629,HYBRIS,,HHS,H0249001_S_KC1113,指甲油 (紅色系),,20,20,0,0,0,2025-09-21_20:09:04
244629,HYBRIS,,HHS,H0249001_S_KC1116,指甲油 (彩色系),,20,20,0,0,0,2025-09-21_20:09:04
244629,HYBRIS,,HHS,H0249001_S_KC1121,指甲油 (紅色系),,20,20,0,0,0,2025-09-21_20:09:05
244629,HYBRIS,,HHS,H0249001_S_KC1123,指甲油 (紅色系),,20,20,0,0,0,2025-09-21_20:09:05
244629,HYBRIS,,HHS,H0249001_S_KC1124,指甲油 (紅色系),,20,20,0,0,0,2025-09-21_20:09:05
244629,HYBRIS,,HHS,H0249001_S_KC1127,指甲油 (彩色系),,20,20,0,0,0,2025-09-21_20:09:05
244629,HYBRIS,,HHS,H0249001_S_KC1129,指甲油 (彩色系),,20,20,0,0,0,2025-09-21_20:09:05
244629,HYBRIS,,HHS,H0249001_S_KC1130,指甲油 (彩色系),,20,20,0,0,0,2025-09-21_20:09:05
244629,HYBRIS,,HHS,H0249001_S_KC1131,指甲油 (彩色系),,20,20,0,0,0,2025-09-21_20:09:05
244629,HYBRIS,,HHS,H0249001_S_KC1134,指甲油 (紅色系),,20,20,0,0,0,2025-09-21_20:09:05
244629,HYBRIS,,HHS,H0249001_S_KC1137,指甲油 (色號 - 37透明),,20,20,0,0,0,2025-09-21_20:09:06
244629,HYBRIS,,HHS,H0249001_S_KC1139,指甲油 (彩色系),,20,20,0,0,0,2025-09-21_20:09:06
244629,HYBRIS,,HHS,H0249001_S_KC1146,指甲油 (藍紫色系),,20,20,0,0,0,2025-09-21_20:09:06
244629,HYBRIS,,HHS,H0249001_S_KC1148,指甲油 (彩色系),,20,20,0,0,0,2025-09-21_20:09:06
244629,HYBRIS,,HHS,H0249001_S_KC1152,指甲油 (紅色系),,20,20,0,0,0,2025-09-21_20:09:06
244629,HYBRIS,,HHS,H0249001_S_Q004,雙妹綿布袋 (白色),,20,20,0,0,0,2025-09-21_20:09:07
244629,HYBRIS,,HHS,H0249001_S_Q005,雙妹綿布袋 (自然色),,20,20,0,0,0,2025-09-21_20:09:07
244629,HYBRIS,,HHS,H0255001_S_21875,蒜油 250粒,,20,20,0,0,0,2025-09-21_20:09:07
244629,HYBRIS,,HHS,H0255001_S_21942,利筋諾 50粒,,20,20,0,0,0,2025-09-21_20:09:07
244629,HYBRIS,,HHS,H0255001_S_22993,乳薊果 60片,,20,20,0,0,0,2025-09-21_20:09:07
244629,HYBRIS,,HHS,H0255001_S_23452,葡萄籽加強配方 30片,,20,20,0,0,0,2025-09-21_20:09:07
244629,HYBRIS,,HHS,H0255001_S_24008,無腥味魚油1000 200粒,,20,20,0,0,0,2025-09-21_20:09:07
244629,HYBRIS,,HHS,H0255001_S_24177,葉黃素 60粒,,20,20,0,0,0,2025-09-21_20:09:07
244629,HYBRIS,,HHS,H0255001_S_24201,護眼山桑子 30片,,20,20,0,0,0,2025-09-21_20:09:07
244629,HYBRIS,,HHS,H0255001_S_24877,兒童果味魚油丸 30粒,,20,20,0,0,0,2025-09-21_20:09:07
244629,HYBRIS,,HHS,H0255001_S_25067,鋸櫚前列配方 60粒,,20,20,0,0,0,2025-09-21_20:09:07
244629,HYBRIS,,HHS,H0255001_S_25110,亞麻籽油植物奧米加369 100粒,,20,20,0,0,0,2025-09-21_20:09:07
244629,HYBRIS,,HHS,H0255001_S_25207,維他命D3 1000 30粒,,20,20,0,0,0,2025-09-21_20:09:08
244629,HYBRIS,,HHS,H0255001_S_25266,護養關節配方 60粒,,20,20,0,0,0,2025-09-21_20:09:08
244629,HYBRIS,,HHS,H0294001_S_120088,免沖洗保濕護髮乳,,20,20,0,0,0,2025-09-21_20:09:08
244629,HYBRIS,,HHS,H0294001_S_120295,潔淨控油洗髮露,,20,20,0,0,0,2025-09-21_20:09:08
244629,HYBRIS,,HHS,H0294001_S_120533,波浪捲髮精華露波浪捲髮精華露波浪捲髮精華露波浪捲髮精華露,,20,20,0,0,0,2025-09-21_20:09:08
244629,HYBRIS,,HHS,H0318002_S_812719,有機矢車菊花水 200ml,,20,20,0,0,0,2025-09-21_20:09:08
244629,HYBRIS,,HHS,H0318002_S_812724,有機大馬士革玫瑰花水 200ml,,20,20,0,0,0,2025-09-21_20:09:08
244629,HYBRIS,,HHS,H0318002_S_852974,有機3重蜂蜜潤澤身體乳霜 150ml,,20,20,0,0,0,2025-09-21_20:09:08
244629,HYBRIS,,HHS,H0318002_S_855281,有機3重蜂蜜潤澤身體磨砂 150g,,20,20,0,0,0,2025-09-21_20:09:08
244629,HYBRIS,,HHS,H0318002_S_861153,有機日用洗髮水 500ml,,20,20,0,0,0,2025-09-21_20:09:08
244629,HYBRIS,,HHS,H0318002_S_86Z0004,有機防敏香體露 50ml,,20,20,0,0,0,2025-09-21_20:09:08
244629,HYBRIS,,HHS,H0318002_S_86Z0005,有機乳木果油護髮素 150ml,,20,20,0,0,0,2025-09-21_20:09:08
244629,HYBRIS,,HHS,H0539001_S_50159,Royal Touch 敏感肌適用產後專用衛生巾 L碼 (5片/包),,20,20,0,0,0,2025-09-21_20:09:08
244640,HYBRIS,,WFS,H0249001_S_1274,DDD薰衣草護髮素,,15,15,0,0,0,2025-09-21_23:40:01
244640,HYBRIS,,WFS,H0249001_S_2151,雪花膏,,5,5,0,0,0,2025-09-21_23:40:02
244640,HYBRIS,,WFS,H0249001_S_4290,懷舊2R相簿,,5,5,0,0,0,2025-09-21_23:40:03
244640,HYBRIS,,WFS,H0249001_S_KC1139,指甲油 (彩色系),,5,5,0,0,0,2025-09-21_23:40:06
244640,HYBRIS,,WFS,H0318002_S_812724,有機大馬士革玫瑰花水 200ml,,10,10,0,0,0,2025-09-21_23:40:08
244640,HYBRIS,,WFS,H0318002_S_855281,有機3重蜂蜜潤澤身體磨砂 150g,,10,10,0,0,0,2025-09-21_23:40:08
244640,HYBRIS,,WFS,H0318002_S_86Z0005,有機乳木果油護髮素 150ml,,5,5,0,0,0,2025-09-21_23:40:08
244640,HYBRIS,,WFS,H0888001_S_10005984,豬骨火鍋上湯,,105,105,0,0,0,2025-09-21_23:40:09
244640,HYBRIS,,WFS,H0888001_S_10005985,黑胡椒豬骨火鍋上湯,,15,15,0,0,0,2025-09-21_23:40:09
244654,HYBRIS,,TWS,H0859001_S_OS-620,uPure 2 潔淨濾水器2,,440,440,0,0,0,2025-09-22_00:00:01
244657,IMAX_STACKING,FROZEN,COB,H0888001_S_10022875,美國特選牛肩胛肥牛片 (急凍),IS00072192,520,520,0,0,0,2025-09-22_00:00:01
244657,IMAX_STACKING,FROZEN,COB,H0888001_S_10012511,西班牙咸豬手,IS00072192,1610,1610,0,0,0,2025-09-22_00:00:01
244657,IMAX_STACKING,FROZEN,COB,H0888001_S_10011849,美國大西洋野生響螺頭 M (急凍),IS00072192,3000,3000,0,0,0,2025-09-22_00:00:01
244657,IMAX_STACKING,FROZEN,COB,H0888001_S_10011848,日本煮食用帶子急凍急凍,IS00072192,990,990,0,0,0,2025-09-22_00:00:01
244660,HYBRIS,,COB,H0888001_S_10009135,藍梅寒天果凍糖,,1212,1212,0,0,0,2025-09-22_00:01:00
244660,HYBRIS,,COB,H0888001_S_10009139,蜂蜜檸檬寒天果凍糖,,1308,1308,0,0,0,2025-09-22_00:01:00
244660,HYBRIS,,COB,H0888001_S_10009151,什錦軟糖,,1420,1420,0,0,0,2025-09-22_00:01:00
244667,HYBRIS,,CLS,H0888001_S_10007313,滋潤保濕乳霜,,444,444,0,0,0,2025-09-22_10:09:00
244668,IMAX_STACKING,DRY,CLS,H0888001_S_10002195,大樽生啤 (日本版),IS00072195,12,0,0,0,0,2025-09-22_10:22:00
244669,HYBRIS,,STS,H0888001_S_10012783,巴西牛胸腩粒 (急凍),,792,792,0,0,0,2025-09-22_10:32:00
244670,HYBRIS,,CLS,H0888001_S_10133455,澳洲和牛漢堡扒 (急凍),,1020,1020,0,0,0,2025-09-22_10:38:00
244670,HYBRIS,,CLS,H0888001_S_10133940,(澳洲直送!) 澳洲穀飼西冷牛扒 (2塊裝) (急凍),,1000,1000,0,0,0,2025-09-22_10:38:00
244670,HYBRIS,,CLS,H0888001_S_10133453,澳洲M4+ 和牛西冷牛扒 (急凍),,330,330,0,0,0,2025-09-22_10:38:00
244670,HYBRIS,,CLS,H0888001_S_10018534,澳洲海參(禿參，又名花刺參) (急凍),,408,408,0,0,0,2025-09-22_10:38:00
244675,HYBRIS,,WFS,H0888001_S_10012013,Bibigo 韓式傳統脆皮煎餃 (急凍),,150,150,0,0,0,2025-09-22_11:25:00
244679,HYBRIS,,CLS,H0888001_S_10007313,滋潤保濕乳霜,,12,0,0,0,0,2025-09-22_11:42:00
244680,IMAX_KERRY,,CLS,H0888001_S_10012777,紐西蘭帶骨羊仔腩 (急凍),IM00072200,40,40,40,0,0,2025-09-22_11:44:00
244687,HYBRIS,,TWS,H0888001_S_10008283,燕麥脆條 - 蜜糖★燕麥,,36,36,0,0,0,2025-09-22_13:00:00
244691,IMAX_KERRY,,CLS,H0888001_S_10012783,巴西牛胸腩粒 (急凍),IM00072202,784,0,0,0,0,2025-09-22_13:32:00
244692,HYBRIS,,LPS,H0888001_S_10012783,巴西牛胸腩粒 (急凍),,8,8,0,0,0,2025-09-22_13:49:00
244696,IMAX_KERRY,,SHS,H0888001_S_10012783,巴西牛胸腩粒 (急凍),IM00072204,786,0,0,0,0,2025-09-22_14:09:00
244697,HYBRIS,,CLS,H0888001_S_10004649,辣香蘿蔔,,2900,0,0,0,0,2025-09-22_14:19:00
244697,HYBRIS,,CLS,H0888001_S_10007313,滋潤保濕乳霜,,27,0,0,0,0,2025-09-22_14:19:00
244699,IMAX_KERRY,DRY,MCS,H0888001_S_10022197,五香肉丁,IM00072206,48,0,0,0,0,2025-09-22_14:20:10
244720,HYBRIS,,CLS,H0888001_S_10007313,滋潤保濕乳霜,,108,0,0,0,0,2025-09-22_16:41:00
244723,HYBRIS,,RRS,H0888001_S_10018534,澳洲海參(禿參，又名花刺參) (急凍),,96,0,0,0,0,2025-09-22_16:50:00
244724,IMAX_KERRY,,WSH,H0888001_S_10012783,巴西牛胸腩粒 (急凍),IM00072209,786,0,0,0,0,2025-09-22_16:54:00
244729,IMAX_STACKING,CHILLED,CLS,H0888001_S_10012783,巴西牛胸腩粒 (急凍),IS00072211,5000,0,0,0,0,2025-09-22_17:10:00
244730,IMAX_STACKING,DRY,CLS,H0255001_S_25116,健腦高濃度深海魚油 60粒,IS00072210,290,0,0,0,0,2025-09-22_17:10:00
244733,HYBRIS,,CLS,H0249001_S_1272s-74s,BBB薰衣草身體潔淨旅行套裝,,110,0,0,0,0,2025-09-22_17:40:01
244733,HYBRIS,,CLS,H0249001_S_1274,DDD薰衣草護髮素,,10,0,0,0,0,2025-09-22_17:40:01
244733,HYBRIS,,CLS,H0249001_S_1282s-84s,活花身體潔淨旅行套裝,,110,0,0,0,0,2025-09-22_17:40:01
244733,HYBRIS,,CLS,H0249001_S_1284,活花護髮素,,110,0,0,0,0,2025-09-22_17:40:01
244733,HYBRIS,,CLS,H0249001_S_1292,花露水沐浴露,,110,0,0,0,0,2025-09-22_17:40:01
244733,HYBRIS,,CLS,H0249001_S_1292s-94s,花露水身體潔淨旅行套裝一二三四五六,,110,0,0,0,0,2025-09-22_17:40:01
244733,HYBRIS,,CLS,H0249001_S_1293,花露水洗髮水,,110,0,0,0,0,2025-09-22_17:40:01
244733,HYBRIS,,CLS,H0249001_S_1294,花露水護髮素,,110,0,0,0,0,2025-09-22_17:40:02
244733,HYBRIS,,CLS,H0249001_S_2151,雪花膏,,120,0,0,0,0,2025-09-22_17:40:02
244733,HYBRIS,,CLS,H0249001_S_2152,活花潤手霜,,110,0,0,0,0,2025-09-22_17:40:02
244733,HYBRIS,,CLS,H0249001_S_2157,花露水香皂,,10,0,0,0,0,2025-09-22_17:40:02
244733,HYBRIS,,CLS,H0249001_S_2163,活花爽身粉 (玫瑰花香),,120,0,0,0,0,2025-09-22_17:40:02
244733,HYBRIS,,CLS,H0249001_S_2166,活花香皂,,120,0,0,0,0,2025-09-22_17:40:02
244733,HYBRIS,,CLS,H0249001_S_2167,活花止汗液,,120,0,0,0,0,2025-09-22_17:40:02
244733,HYBRIS,,CLS,H0249001_S_2177,迷你雪花膏,,110,0,0,0,0,2025-09-22_17:40:02
244733,HYBRIS,,CLS,H0249001_S_2181,EEE薰衣草味護髮油,,110,0,0,0,0,2025-09-22_17:40:02
244733,HYBRIS,,CLS,H0249001_S_2182,活花味護髮油  (玫瑰花香),,110,0,0,0,0,2025-09-22_17:40:02
244733,HYBRIS,,CLS,H0249001_S_2186,活花爽身粉 80克 (罐裝)（附柔軟粉撲）,,110,0,0,0,0,2025-09-22_17:40:02
244733,HYBRIS,,CLS,H0249001_S_2187,花露水爽身粉 80克 (罐裝)（附柔軟粉撲）,,110,0,0,0,0,2025-09-22_17:40:02
244733,HYBRIS,,CLS,H0249001_S_2188B,花露水濕紙巾 (20片),,110,0,0,0,0,2025-09-22_17:40:02
244733,HYBRIS,,CLS,H0249001_S_2198,花露水 (200毫升),,110,0,0,0,0,2025-09-22_17:40:03
244733,HYBRIS,,CLS,H0249001_S_2202,花露水 (100毫升),,110,0,0,0,0,2025-09-22_17:40:03
244733,HYBRIS,,CLS,H0249001_S_2204,花露水 (15毫升),,110,0,0,0,0,2025-09-22_17:40:03
244733,HYBRIS,,CLS,H0249001_S_2208,花露水 (10毫升),,110,0,0,0,0,2025-09-22_17:40:03
244733,HYBRIS,,CLS,H0249001_S_2209,花露水膏,,110,0,0,0,0,2025-09-22_17:40:03
244733,HYBRIS,,CLS,H0249001_S_4261,雙妹嚜復古記事簿,,110,0,0,0,0,2025-09-22_17:40:03
244733,HYBRIS,,CLS,H0249001_S_4281,雙妹嚜復古記事簿,,110,0,0,0,0,2025-09-22_17:40:03
244733,HYBRIS,,CLS,H0249001_S_4284,雙妹嚜復古拼圖,,110,0,0,0,0,2025-09-22_17:40:03
244733,HYBRIS,,CLS,H0249001_S_4286,雙妹嚜復古拼圖,,110,0,0,0,0,2025-09-22_17:40:03
244733,HYBRIS,,CLS,H0249001_S_4287,雙妹嚜復古拼圖,,110,0,0,0,0,2025-09-22_17:40:03
244733,HYBRIS,,CLS,H0249001_S_4290,懷舊2R相簿,,110,0,0,0,0,2025-09-22_17:40:03
244733,HYBRIS,,CLS,H0249001_S_4291,懷舊2R相簿,,110,0,0,0,0,2025-09-22_17:40:03
244733,HYBRIS,,CLS,H0249001_S_4292,懷舊2R相簿,,110,0,0,0,0,2025-09-22_17:40:03
244733,HYBRIS,,CLS,H0249001_S_4293,懷舊2R相簿,,110,0,0,0,0,2025-09-22_17:40:03
244733,HYBRIS,,CLS,H0249001_S_4315,雙妹嚜黑色環保袋,,110,0,0,0,0,2025-09-22_17:40:04
244733,HYBRIS,,CLS,H0249001_S_8808,馬賽皂 (檸檬),,110,0,0,0,0,2025-09-22_17:40:04
244733,HYBRIS,,CLS,H0249001_S_8809,馬賽皂 (蜜糖),,110,0,0,0,0,2025-09-22_17:40:04
244733,HYBRIS,,CLS,H0249001_S_8810,馬賽皂 (白檀),,110,0,0,0,0,2025-09-22_17:40:04
244733,HYBRIS,,CLS,H0249001_S_KC1100,指甲水,,110,0,0,0,0,2025-09-22_17:40:04
244733,HYBRIS,,CLS,H0249001_S_KC1101,指甲油 (藍紫色系),,110,0,0,0,0,2025-09-22_17:40:04
244733,HYBRIS,,CLS,H0249001_S_KC1102,指甲油 (藍紫色系),,110,0,0,0,0,2025-09-22_17:40:04
244733,HYBRIS,,CLS,H0249001_S_KC1103,指甲油 (藍紫色系),,110,0,0,0,0,2025-09-22_17:40:04
244733,HYBRIS,,CLS,H0249001_S_KC1105,指甲油 (藍紫色系),,110,0,0,0,0,2025-09-22_17:40:04
244733,HYBRIS,,CLS,H0249001_S_KC1106,指甲油 (紅色系),,110,0,0,0,0,2025-09-22_17:40:04
244733,HYBRIS,,CLS,H0249001_S_KC1107,指甲油 (紅色系),,110,0,0,0,0,2025-09-22_17:40:04
244733,HYBRIS,,CLS,H0249001_S_KC1108,指甲油 (紅色系),,110,0,0,0,0,2025-09-22_17:40:04
244733,HYBRIS,,CLS,H0249001_S_KC1112,指甲油 (藍紫色系),,110,0,0,0,0,2025-09-22_17:40:04
244733,HYBRIS,,CLS,H0249001_S_KC1113,指甲油 (紅色系),,110,0,0,0,0,2025-09-22_17:40:04
244733,HYBRIS,,CLS,H0249001_S_KC1116,指甲油 (彩色系),,110,0,0,0,0,2025-09-22_17:40:05
244733,HYBRIS,,CLS,H0249001_S_KC1121,指甲油 (紅色系),,110,0,0,0,0,2025-09-22_17:40:05
244733,HYBRIS,,CLS,H0249001_S_KC1123,指甲油 (紅色系),,110,0,0,0,0,2025-09-22_17:40:05
244733,HYBRIS,,CLS,H0249001_S_KC1124,指甲油 (紅色系),,110,0,0,0,0,2025-09-22_17:40:05
244733,HYBRIS,,CLS,H0249001_S_KC1127,指甲油 (彩色系),,110,0,0,0,0,2025-09-22_17:40:05
244733,HYBRIS,,CLS,H0249001_S_KC1129,指甲油 (彩色系),,110,0,0,0,0,2025-09-22_17:40:05
244733,HYBRIS,,CLS,H0249001_S_KC1130,指甲油 (彩色系),,110,0,0,0,0,2025-09-22_17:40:06
244733,HYBRIS,,CLS,H0249001_S_KC1131,指甲油 (彩色系),,110,0,0,0,0,2025-09-22_17:40:06
244733,HYBRIS,,CLS,H0249001_S_KC1134,指甲油 (紅色系),,110,0,0,0,0,2025-09-22_17:40:06
244733,HYBRIS,,CLS,H0249001_S_KC1137,指甲油 (色號 - 37透明),,110,0,0,0,0,2025-09-22_17:40:06
244733,HYBRIS,,CLS,H0249001_S_KC1139,指甲油 (彩色系),,110,0,0,0,0,2025-09-22_17:40:06
244733,HYBRIS,,CLS,H0249001_S_KC1146,指甲油 (藍紫色系),,110,0,0,0,0,2025-09-22_17:40:06
244733,HYBRIS,,CLS,H0249001_S_KC1148,指甲油 (彩色系),,110,0,0,0,0,2025-09-22_17:40:06
244733,HYBRIS,,CLS,H0249001_S_KC1152,指甲油 (紅色系),,110,0,0,0,0,2025-09-22_17:40:07
244733,HYBRIS,,CLS,H0249001_S_Q004,雙妹綿布袋 (白色),,110,0,0,0,0,2025-09-22_17:40:07
244733,HYBRIS,,CLS,H0249001_S_Q005,雙妹綿布袋 (自然色),,110,0,0,0,0,2025-09-22_17:40:07
244733,HYBRIS,,CLS,H0255001_S_21875,蒜油 250粒,,110,0,0,0,0,2025-09-22_17:40:07
244733,HYBRIS,,CLS,H0255001_S_21942,利筋諾 50粒,,110,0,0,0,0,2025-09-22_17:40:07
244733,HYBRIS,,CLS,H0255001_S_22993,乳薊果 60片,,110,0,0,0,0,2025-09-22_17:40:07
244733,HYBRIS,,CLS,H0255001_S_23452,葡萄籽加強配方 30片,,110,0,0,0,0,2025-09-22_17:40:07
244733,HYBRIS,,CLS,H0255001_S_24008,無腥味魚油1000 200粒,,110,0,0,0,0,2025-09-22_17:40:07
244733,HYBRIS,,CLS,H0255001_S_24177,葉黃素 60粒,,110,0,0,0,0,2025-09-22_17:40:07
244733,HYBRIS,,CLS,H0255001_S_24201,護眼山桑子 30片,,110,0,0,0,0,2025-09-22_17:40:07
244733,HYBRIS,,CLS,H0255001_S_24877,兒童果味魚油丸 30粒,,110,0,0,0,0,2025-09-22_17:40:08
244733,HYBRIS,,CLS,H0255001_S_25067,鋸櫚前列配方 60粒,,20,0,0,0,0,2025-09-22_17:40:08
244733,HYBRIS,,CLS,H0255001_S_25207,維他命D3 1000 30粒,,110,0,0,0,0,2025-09-22_17:40:08
244733,HYBRIS,,CLS,H0255001_S_25266,護養關節配方 60粒,,110,0,0,0,0,2025-09-22_17:40:08
244733,HYBRIS,,CLS,H0294001_S_120088,免沖洗保濕護髮乳,,110,0,0,0,0,2025-09-22_17:40:08
244733,HYBRIS,,CLS,H0294001_S_120295,潔淨控油洗髮露,,110,0,0,0,0,2025-09-22_17:40:08
244733,HYBRIS,,CLS,H0294001_S_120533,波浪捲髮精華露波浪捲髮精華露波浪捲髮精華露波浪捲髮精華露,,110,0,0,0,0,2025-09-22_17:40:08
244733,HYBRIS,,CLS,H0318002_S_812719,有機矢車菊花水 200ml,,130,0,0,0,0,2025-09-22_17:40:08
244733,HYBRIS,,CLS,H0318002_S_812724,有機大馬士革玫瑰花水 200ml,,130,0,0,0,0,2025-09-22_17:40:08
244733,HYBRIS,,CLS,H0318002_S_852974,有機3重蜂蜜潤澤身體乳霜 150ml,,10,0,0,0,0,2025-09-22_17:40:08
244733,HYBRIS,,CLS,H0318002_S_855281,有機3重蜂蜜潤澤身體磨砂 150g,,110,0,0,0,0,2025-09-22_17:40:08
244733,HYBRIS,,CLS,H0318002_S_86Z0004,有機防敏香體露 50ml,,105,0,0,0,0,2025-09-22_17:40:08
244733,HYBRIS,,CLS,H0539001_S_50159,Royal Touch 敏感肌適用產後專用衛生巾 L碼 (5片/包),,110,0,0,0,0,2025-09-22_17:40:09
244733,HYBRIS,,CLS,H0888001_S_10004619,特級魚露,,15,0,0,0,0,2025-09-22_17:40:09
244733,HYBRIS,,CLS,H0888001_S_10004625,南乳,,220,0,0,0,0,2025-09-22_17:40:09
244733,HYBRIS,,CLS,H0888001_S_10004645,爽口榨菜絲,,230,0,0,0,0,2025-09-22_17:40:09
244733,HYBRIS,,CLS,H0888001_S_10004649,辣香蘿蔔,,120,0,0,0,0,2025-09-22_17:40:09
244733,HYBRIS,,CLS,H0888001_S_10004653,陳醋蕎頭,,130,0,0,0,0,2025-09-22_17:40:09
244733,HYBRIS,,CLS,H0888001_S_10004654,甜酸蕎頭,,130,0,0,0,0,2025-09-22_17:40:09
244733,HYBRIS,,CLS,H0888001_S_10004666,鮑汁靈芝菇片,,220,0,0,0,0,2025-09-22_17:40:09
244733,HYBRIS,,CLS,H0888001_S_10005984,豬骨火鍋上湯,,270,0,0,0,0,2025-09-22_17:40:09
244733,HYBRIS,,CLS,H0888001_S_10005986,醉雞火鍋上湯,,270,0,0,0,0,2025-09-22_17:40:09
244733,HYBRIS,,CLS,H0888001_S_10007891,洋蔥南瓜馬鈴薯片,,10,0,0,0,0,2025-09-22_17:40:09
244733,HYBRIS,,CLS,H0888001_S_10009135,藍梅寒天果凍糖,,10,0,0,0,0,2025-09-22_17:40:09
244733,HYBRIS,,CLS,H0888001_S_10009139,蜂蜜檸檬寒天果凍糖,,10,0,0,0,0,2025-09-22_17:40:09
244733,HYBRIS,,CLS,H0888001_S_10009151,什錦軟糖,,220,0,0,0,0,2025-09-22_17:40:09
244733,HYBRIS,,CLS,H0888001_S_10009386,北海道扇貝味薯片,,10,0,0,0,0,2025-09-22_17:40:09
244733,HYBRIS,,CLS,H0888001_S_10009388,酥餅 (黑朱古力),,15,0,0,0,0,2025-09-22_17:40:10
244733,HYBRIS,,CLS,H0888001_S_10011987,好ｅ食 - 白汁煙肉磨菇意粉 (急凍),,210,0,0,0,0,2025-09-22_17:40:10
244733,HYBRIS,,CLS,H0888001_S_10007313,滋潤保濕乳霜,,12,0,0,0,0,2025-09-22_17:40:10
244733,HYBRIS,,CLS,H0888001_S_10022686,猴頭菇雪耳百合潤肺湯,,192,0,0,0,0,2025-09-22_17:40:10
244733,HYBRIS,,CLS,H0888001_S_10018925,白風船米餅-牛奶忌廉味,,500,0,0,0,0,2025-09-22_17:40:10
244739,IMAX_KERRY,,STS,H0888001_S_10012783,巴西牛胸腩粒 (急凍),IM00072214,1285,0,0,0,0,2025-09-22_18:19:00
244742,IMAX_KERRY,,WFS,H0888001_S_10012783,巴西牛胸腩粒 (急凍),IM00072215,50,0,0,0,0,2025-09-22_18:49:00
244745,HYBRIS,,RRS,H0888001_S_10012783,巴西牛胸腩粒 (急凍),,600,600,0,0,0,2025-09-22_19:19:00
244749,IMAX_KERRY,,RRS,H0888001_S_10012783,巴西牛胸腩粒 (急凍),IM00072217,700,0,0,0,0,2025-09-22_19:59:00
244751,HYBRIS,,HHS,H0249001_S_1272,AAA薰衣草沐浴露,,20,0,0,0,0,2025-09-22_20:09:01
244751,HYBRIS,,HHS,H0249001_S_1272s-74s,BBB薰衣草身體潔淨旅行套裝,,20,0,0,0,0,2025-09-22_20:09:01
244751,HYBRIS,,HHS,H0249001_S_1274,DDD薰衣草護髮素,,20,0,0,0,0,2025-09-22_20:09:01
244751,HYBRIS,,HHS,H0249001_S_1282s-84s,活花身體潔淨旅行套裝,,20,0,0,0,0,2025-09-22_20:09:01
244751,HYBRIS,,HHS,H0249001_S_1284,活花護髮素,,20,0,0,0,0,2025-09-22_20:09:01
244751,HYBRIS,,HHS,H0249001_S_1292,花露水沐浴露,,20,0,0,0,0,2025-09-22_20:09:01
244751,HYBRIS,,HHS,H0249001_S_1292s-94s,花露水身體潔淨旅行套裝一二三四五六,,20,0,0,0,0,2025-09-22_20:09:01
244751,HYBRIS,,HHS,H0249001_S_1293,花露水洗髮水,,20,0,0,0,0,2025-09-22_20:09:01
244751,HYBRIS,,HHS,H0249001_S_1294,花露水護髮素,,20,0,0,0,0,2025-09-22_20:09:01
244751,HYBRIS,,HHS,H0249001_S_2151,雪花膏,,20,0,0,0,0,2025-09-22_20:09:01
244751,HYBRIS,,HHS,H0249001_S_2152,活花潤手霜,,20,0,0,0,0,2025-09-22_20:09:02
244751,HYBRIS,,HHS,H0249001_S_2157,花露水香皂,,20,0,0,0,0,2025-09-22_20:09:02
244751,HYBRIS,,HHS,H0249001_S_2163,活花爽身粉 (玫瑰花香),,20,0,0,0,0,2025-09-22_20:09:02
244751,HYBRIS,,HHS,H0249001_S_2166,活花香皂,,20,0,0,0,0,2025-09-22_20:09:02
244751,HYBRIS,,HHS,H0249001_S_2167,活花止汗液,,20,0,0,0,0,2025-09-22_20:09:02
244751,HYBRIS,,HHS,H0249001_S_2177,迷你雪花膏,,20,0,0,0,0,2025-09-22_20:09:02
244751,HYBRIS,,HHS,H0249001_S_2181,EEE薰衣草味護髮油,,20,0,0,0,0,2025-09-22_20:09:02
244751,HYBRIS,,HHS,H0249001_S_2182,活花味護髮油  (玫瑰花香),,20,0,0,0,0,2025-09-22_20:09:02
244751,HYBRIS,,HHS,H0249001_S_2186,活花爽身粉 80克 (罐裝)（附柔軟粉撲）,,20,0,0,0,0,2025-09-22_20:09:02
244751,HYBRIS,,HHS,H0249001_S_2187,花露水爽身粉 80克 (罐裝)（附柔軟粉撲）,,20,0,0,0,0,2025-09-22_20:09:02
244751,HYBRIS,,HHS,H0249001_S_2188B,花露水濕紙巾 (20片),,20,0,0,0,0,2025-09-22_20:09:02
244751,HYBRIS,,HHS,H0249001_S_2198,花露水 (200毫升),,20,0,0,0,0,2025-09-22_20:09:02
244751,HYBRIS,,HHS,H0249001_S_2202,花露水 (100毫升),,20,0,0,0,0,2025-09-22_20:09:02
244751,HYBRIS,,HHS,H0249001_S_2204,花露水 (15毫升),,20,0,0,0,0,2025-09-22_20:09:02
244751,HYBRIS,,HHS,H0249001_S_2208,花露水 (10毫升),,20,0,0,0,0,2025-09-22_20:09:02
244751,HYBRIS,,HHS,H0249001_S_2209,花露水膏,,20,0,0,0,0,2025-09-22_20:09:02
244751,HYBRIS,,HHS,H0249001_S_4261,雙妹嚜復古記事簿,,20,0,0,0,0,2025-09-22_20:09:03
244751,HYBRIS,,HHS,H0249001_S_4281,雙妹嚜復古記事簿,,20,0,0,0,0,2025-09-22_20:09:03
244751,HYBRIS,,HHS,H0249001_S_4284,雙妹嚜復古拼圖,,20,0,0,0,0,2025-09-22_20:09:03
244751,HYBRIS,,HHS,H0249001_S_4286,雙妹嚜復古拼圖,,20,0,0,0,0,2025-09-22_20:09:03
244751,HYBRIS,,HHS,H0249001_S_4287,雙妹嚜復古拼圖,,20,0,0,0,0,2025-09-22_20:09:03
244751,HYBRIS,,HHS,H0249001_S_4290,懷舊2R相簿,,20,0,0,0,0,2025-09-22_20:09:03
244751,HYBRIS,,HHS,H0249001_S_4291,懷舊2R相簿,,20,0,0,0,0,2025-09-22_20:09:03
244751,HYBRIS,,HHS,H0249001_S_4292,懷舊2R相簿,,20,0,0,0,0,2025-09-22_20:09:03
244751,HYBRIS,,HHS,H0249001_S_4293,懷舊2R相簿,,20,0,0,0,0,2025-09-22_20:09:03
244751,HYBRIS,,HHS,H0249001_S_8808,馬賽皂 (檸檬),,20,0,0,0,0,2025-09-22_20:09:03
244751,HYBRIS,,HHS,H0249001_S_8809,馬賽皂 (蜜糖),,20,0,0,0,0,2025-09-22_20:09:03
244751,HYBRIS,,HHS,H0249001_S_8810,馬賽皂 (白檀),,20,0,0,0,0,2025-09-22_20:09:03
244751,HYBRIS,,HHS,H0249001_S_KC1100,指甲水,,20,0,0,0,0,2025-09-22_20:09:03
244751,HYBRIS,,HHS,H0249001_S_KC1101,指甲油 (藍紫色系),,20,0,0,0,0,2025-09-22_20:09:03
244751,HYBRIS,,HHS,H0249001_S_KC1102,指甲油 (藍紫色系),,20,0,0,0,0,2025-09-22_20:09:03
244751,HYBRIS,,HHS,H0249001_S_KC1103,指甲油 (藍紫色系),,20,0,0,0,0,2025-09-22_20:09:03
244751,HYBRIS,,HHS,H0249001_S_KC1105,指甲油 (藍紫色系),,20,0,0,0,0,2025-09-22_20:09:03
244751,HYBRIS,,HHS,H0249001_S_KC1106,指甲油 (紅色系),,20,0,0,0,0,2025-09-22_20:09:04
244751,HYBRIS,,HHS,H0249001_S_KC1107,指甲油 (紅色系),,20,0,0,0,0,2025-09-22_20:09:04
244751,HYBRIS,,HHS,H0249001_S_KC1108,指甲油 (紅色系),,20,0,0,0,0,2025-09-22_20:09:04
244751,HYBRIS,,HHS,H0249001_S_KC1112,指甲油 (藍紫色系),,20,0,0,0,0,2025-09-22_20:09:04
244751,HYBRIS,,HHS,H0249001_S_KC1113,指甲油 (紅色系),,20,0,0,0,0,2025-09-22_20:09:04
244751,HYBRIS,,HHS,H0249001_S_KC1116,指甲油 (彩色系),,20,0,0,0,0,2025-09-22_20:09:04
244751,HYBRIS,,HHS,H0249001_S_KC1121,指甲油 (紅色系),,20,0,0,0,0,2025-09-22_20:09:04
244751,HYBRIS,,HHS,H0249001_S_KC1123,指甲油 (紅色系),,20,0,0,0,0,2025-09-22_20:09:04
244751,HYBRIS,,HHS,H0249001_S_KC1124,指甲油 (紅色系),,20,0,0,0,0,2025-09-22_20:09:04
244751,HYBRIS,,HHS,H0249001_S_KC1127,指甲油 (彩色系),,20,0,0,0,0,2025-09-22_20:09:05
244751,HYBRIS,,HHS,H0249001_S_KC1129,指甲油 (彩色系),,20,0,0,0,0,2025-09-22_20:09:05
244751,HYBRIS,,HHS,H0249001_S_KC1130,指甲油 (彩色系),,20,0,0,0,0,2025-09-22_20:09:05
244751,HYBRIS,,HHS,H0249001_S_KC1131,指甲油 (彩色系),,20,0,0,0,0,2025-09-22_20:09:05
244751,HYBRIS,,HHS,H0249001_S_KC1134,指甲油 (紅色系),,20,0,0,0,0,2025-09-22_20:09:05
244751,HYBRIS,,HHS,H0249001_S_KC1137,指甲油 (色號 - 37透明),,20,0,0,0,0,2025-09-22_20:09:05
244751,HYBRIS,,HHS,H0249001_S_KC1139,指甲油 (彩色系),,20,0,0,0,0,2025-09-22_20:09:05
244751,HYBRIS,,HHS,H0249001_S_KC1146,指甲油 (藍紫色系),,20,0,0,0,0,2025-09-22_20:09:06
244751,HYBRIS,,HHS,H0249001_S_KC1148,指甲油 (彩色系),,20,0,0,0,0,2025-09-22_20:09:06
244751,HYBRIS,,HHS,H0249001_S_KC1152,指甲油 (紅色系),,20,0,0,0,0,2025-09-22_20:09:06
244751,HYBRIS,,HHS,H0249001_S_Q004,雙妹綿布袋 (白色),,20,0,0,0,0,2025-09-22_20:09:06
244751,HYBRIS,,HHS,H0249001_S_Q005,雙妹綿布袋 (自然色),,20,0,0,0,0,2025-09-22_20:09:06
244751,HYBRIS,,HHS,H0255001_S_21875,蒜油 250粒,,20,0,0,0,0,2025-09-22_20:09:06
244751,HYBRIS,,HHS,H0255001_S_21942,利筋諾 50粒,,20,0,0,0,0,2025-09-22_20:09:06
244751,HYBRIS,,HHS,H0255001_S_22993,乳薊果 60片,,20,0,0,0,0,2025-09-22_20:09:06
244751,HYBRIS,,HHS,H0255001_S_23452,葡萄籽加強配方 30片,,20,0,0,0,0,2025-09-22_20:09:06
244751,HYBRIS,,HHS,H0255001_S_24008,無腥味魚油1000 200粒,,20,0,0,0,0,2025-09-22_20:09:06
244751,HYBRIS,,HHS,H0255001_S_24177,葉黃素 60粒,,20,0,0,0,0,2025-09-22_20:09:06
244751,HYBRIS,,HHS,H0255001_S_24201,護眼山桑子 30片,,20,0,0,0,0,2025-09-22_20:09:07
244751,HYBRIS,,HHS,H0255001_S_24877,兒童果味魚油丸 30粒,,20,0,0,0,0,2025-09-22_20:09:07
244751,HYBRIS,,HHS,H0255001_S_25067,鋸櫚前列配方 60粒,,20,0,0,0,0,2025-09-22_20:09:07
244751,HYBRIS,,HHS,H0255001_S_25110,亞麻籽油植物奧米加369 100粒,,20,0,0,0,0,2025-09-22_20:09:07
244751,HYBRIS,,HHS,H0255001_S_25207,維他命D3 1000 30粒,,20,0,0,0,0,2025-09-22_20:09:07
244751,HYBRIS,,HHS,H0255001_S_25266,護養關節配方 60粒,,20,0,0,0,0,2025-09-22_20:09:07
244751,HYBRIS,,HHS,H0294001_S_120088,免沖洗保濕護髮乳,,20,0,0,0,0,2025-09-22_20:09:07
244751,HYBRIS,,HHS,H0294001_S_120295,潔淨控油洗髮露,,20,0,0,0,0,2025-09-22_20:09:07
244751,HYBRIS,,HHS,H0294001_S_120533,波浪捲髮精華露波浪捲髮精華露波浪捲髮精華露波浪捲髮精華露,,20,0,0,0,0,2025-09-22_20:09:07
244751,HYBRIS,,HHS,H0318002_S_812719,有機矢車菊花水 200ml,,20,0,0,0,0,2025-09-22_20:09:07
244751,HYBRIS,,HHS,H0318002_S_812724,有機大馬士革玫瑰花水 200ml,,20,0,0,0,0,2025-09-22_20:09:07
244751,HYBRIS,,HHS,H0318002_S_852974,有機3重蜂蜜潤澤身體乳霜 150ml,,20,0,0,0,0,2025-09-22_20:09:07
244751,HYBRIS,,HHS,H0318002_S_855281,有機3重蜂蜜潤澤身體磨砂 150g,,20,0,0,0,0,2025-09-22_20:09:07
244751,HYBRIS,,HHS,H0318002_S_861153,有機日用洗髮水 500ml,,20,0,0,0,0,2025-09-22_20:09:07
244751,HYBRIS,,HHS,H0318002_S_86Z0004,有機防敏香體露 50ml,,20,0,0,0,0,2025-09-22_20:09:07
244751,HYBRIS,,HHS,H0318002_S_86Z0005,有機乳木果油護髮素 150ml,,20,0,0,0,0,2025-09-22_20:09:08
244751,HYBRIS,,HHS,H0539001_S_50159,Royal Touch 敏感肌適用產後專用衛生巾 L碼 (5片/包),,20,0,0,0,0,2025-09-22_20:09:08
244762,HYBRIS,,WFS,H0249001_S_1274,DDD薰衣草護髮素,,15,15,0,0,0,2025-09-22_23:40:02
244762,HYBRIS,,WFS,H0249001_S_2151,雪花膏,,5,5,0,0,0,2025-09-22_23:40:02
244762,HYBRIS,,WFS,H0249001_S_4290,懷舊2R相簿,,5,5,0,0,0,2025-09-22_23:40:04
244762,HYBRIS,,WFS,H0249001_S_KC1139,指甲油 (彩色系),,5,5,0,0,0,2025-09-22_23:40:06
244762,HYBRIS,,WFS,H0318002_S_812724,有機大馬士革玫瑰花水 200ml,,10,10,0,0,0,2025-09-22_23:40:09
244762,HYBRIS,,WFS,H0318002_S_855281,有機3重蜂蜜潤澤身體磨砂 150g,,10,10,0,0,0,2025-09-22_23:40:09
244762,HYBRIS,,WFS,H0318002_S_86Z0005,有機乳木果油護髮素 150ml,,5,5,0,0,0,2025-09-22_23:40:09
244762,HYBRIS,,WFS,H0888001_S_10005984,豬骨火鍋上湯,,105,105,0,0,0,2025-09-22_23:40:10
244762,HYBRIS,,WFS,H0888001_S_10005985,黑胡椒豬骨火鍋上湯,,15,15,0,0,0,2025-09-22_23:40:10
244775,HYBRIS,,TWS,H0859001_S_OS-620,uPure 2 潔淨濾水器2,,440,440,0,0,0,2025-09-23_00:00:00
244780,IMAX_STACKING,FROZEN,COB,H0888001_S_10022875,美國特選牛肩胛肥牛片 (急凍),IS00072222,520,520,0,0,0,2025-09-23_00:00:01
244780,IMAX_STACKING,FROZEN,COB,H0888001_S_10012511,西班牙咸豬手,IS00072222,1610,1610,0,0,0,2025-09-23_00:00:01
244780,IMAX_STACKING,FROZEN,COB,H0888001_S_10011849,美國大西洋野生響螺頭 M (急凍),IS00072222,3000,3000,0,0,0,2025-09-23_00:00:01
244780,IMAX_STACKING,FROZEN,COB,H0888001_S_10011848,日本煮食用帶子急凍急凍,IS00072222,990,990,0,0,0,2025-09-23_00:00:01
244783,HYBRIS,,COB,H0888001_S_10009135,藍梅寒天果凍糖,,1212,1212,0,0,0,2025-09-23_00:01:00
244783,HYBRIS,,COB,H0888001_S_10009139,蜂蜜檸檬寒天果凍糖,,1308,1308,0,0,0,2025-09-23_00:01:00
244783,HYBRIS,,COB,H0888001_S_10009151,什錦軟糖,,1420,1420,0,0,0,2025-09-23_00:01:00
244785,IMAX_KERRY,FROZEN,CLS,H0888001_S_10012023,韓式蜜檸脆雞 (急凍),IM00072224,4940,4940,4940,0,0,2025-09-23_04:00:00
244786,HYBRIS,,HHS,H0888001_S_10012012,Bibigo 鮮嫩雞肉迷你水餃 (急凍),,64,0,0,0,0,2025-09-23_06:45:00
244791,HYBRIS,,CLS,H0888001_S_10007313,滋潤保濕乳霜,,444,0,0,0,0,2025-09-23_10:09:00
244792,IMAX_STACKING,DRY,CLS,H0888001_S_10002195,大樽生啤 (日本版),IS00072227,12,0,0,0,0,2025-09-23_10:22:00
244793,HYBRIS,,STS,H0888001_S_10012783,巴西牛胸腩粒 (急凍),,792,0,0,0,0,2025-09-23_10:32:00
244794,HYBRIS,,CLS,H0888001_S_10133455,澳洲和牛漢堡扒 (急凍),,1020,0,0,0,0,2025-09-23_10:38:00
244794,HYBRIS,,CLS,H0888001_S_10133940,(澳洲直送!) 澳洲穀飼西冷牛扒 (2塊裝) (急凍),,1000,0,0,0,0,2025-09-23_10:38:00
244794,HYBRIS,,CLS,H0888001_S_10133453,澳洲M4+ 和牛西冷牛扒 (急凍),,330,0,0,0,0,2025-09-23_10:38:00
244794,HYBRIS,,CLS,H0888001_S_10018534,澳洲海參(禿參，又名花刺參) (急凍),,408,0,0,0,0,2025-09-23_10:38:00
244799,HYBRIS,,WFS,H0888001_S_10012013,Bibigo 韓式傳統脆皮煎餃 (急凍),,150,150,0,0,0,2025-09-23_11:25:00
244803,HYBRIS,,CLS,H0888001_S_10007313,滋潤保濕乳霜,,12,0,0,0,0,2025-09-23_11:42:00
244804,IMAX_KERRY,,CLS,H0888001_S_10012777,紐西蘭帶骨羊仔腩 (急凍),IM00072232,40,40,40,0,0,2025-09-23_11:44:00
244812,HYBRIS,,TWS,H0888001_S_10008283,燕麥脆條 - 蜜糖★燕麥,,36,36,0,0,0,2025-09-23_13:00:00
244818,IMAX_KERRY,,CLS,H0888001_S_10012783,巴西牛胸腩粒 (急凍),IM00072234,784,0,0,0,0,2025-09-23_13:32:00
244819,IMAX_KERRY,,MCS,H0888001_S_10012783,巴西牛胸腩粒 (急凍),IM00072235,24,0,0,0,0,2025-09-23_13:37:00
244820,HYBRIS,,LPS,H0888001_S_10012783,巴西牛胸腩粒 (急凍),,8,8,0,0,0,2025-09-23_13:49:00
244824,IMAX_KERRY,,SHS,H0888001_S_10012783,巴西牛胸腩粒 (急凍),IM00072237,786,0,0,0,0,2025-09-23_14:09:00
244825,HYBRIS,,CLS,H0888001_S_10004649,辣香蘿蔔,,2900,0,0,0,0,2025-09-23_14:19:00
244825,HYBRIS,,CLS,H0888001_S_10007313,滋潤保濕乳霜,,27,0,0,0,0,2025-09-23_14:19:00
244838,HYBRIS,,CLS,H0888001_S_10007313,滋潤保濕乳霜,,108,0,0,0,0,2025-09-25_16:41:00
244839,IMAX_KERRY,DRY,MCS,H0888001_S_10020549,殺菌濕紙巾,IM00072240,4000,4020,3975,45,0,2025-09-25_16:41:10
244839,IMAX_KERRY,DRY,MCS,H0888001_S_10015773,廣東鮮蝦雲吞皇10粒裝一二三四五六七八九十一二三四五六七八九十一二三四五六七八九十,IM00072240,3996,3996,3996,0,0,2025-09-25_16:41:10
244839,IMAX_KERRY,DRY,MCS,H0888001_S_10009357,味付御海苔 - 泡菜味,IM00072240,3876,3876,3876,0,0,2025-09-25_16:41:10
244839,IMAX_KERRY,DRY,MCS,H0888001_S_10012777,紐西蘭帶骨羊仔腩 (急凍),IM00072240,4960,4960,4960,0,0,2025-09-25_16:41:10
244841,IMAX_KERRY,DRY,CTS,H0888001_S_10020549,殺菌濕紙巾,IM00072241,4000,4000,0,0,0,2025-09-25_16:44:10
244841,IMAX_KERRY,DRY,CTS,H0888001_S_10015773,廣東鮮蝦雲吞皇10粒裝一二三四五六七八九十一二三四五六七八九十一二三四五六七八九十,IM00072241,3996,3996,0,0,0,2025-09-25_16:44:10
244841,IMAX_KERRY,DRY,CTS,H0888001_S_10009357,味付御海苔 - 泡菜味,IM00072241,3876,3876,0,0,0,2025-09-25_16:44:10
244841,IMAX_KERRY,DRY,CTS,H0888001_S_10012777,紐西蘭帶骨羊仔腩 (急凍),IM00072241,5000,5000,0,0,0,2025-09-25_16:44:10
244842,IMAX_KERRY,DRY,IRS,H0888001_S_10020549,殺菌濕紙巾,IM00072242,4000,4020,4020,0,0,2025-09-25_16:45:10
244842,IMAX_KERRY,DRY,IRS,H0888001_S_10009357,味付御海苔 - 泡菜味,IM00072242,3876,3876,3876,0,0,2025-09-25_16:45:10
244844,HYBRIS,,RRS,H0888001_S_10018534,澳洲海參(禿參，又名花刺參) (急凍),,96,0,0,0,0,2025-09-25_16:50:00
244845,IMAX_KERRY,,WSH,H0888001_S_10012783,巴西牛胸腩粒 (急凍),IM00072244,786,0,0,0,0,2025-09-25_16:54:00
244850,IMAX_STACKING,CHILLED,CLS,H0888001_S_10012783,巴西牛胸腩粒 (急凍),IS00072246,5000,0,0,0,0,2025-09-25_17:10:00
244851,IMAX_STACKING,DRY,CLS,H0255001_S_25116,健腦高濃度深海魚油 60粒,IS00072245,290,0,0,0,0,2025-09-25_17:10:00
244853,HYBRIS,,CLS,H0249001_S_1272s-74s,BBB薰衣草身體潔淨旅行套裝,,110,0,0,0,0,2025-09-25_17:40:01
244853,HYBRIS,,CLS,H0249001_S_1274,DDD薰衣草護髮素,,10,0,0,0,0,2025-09-25_17:40:01
244853,HYBRIS,,CLS,H0249001_S_1282s-84s,活花身體潔淨旅行套裝,,110,0,0,0,0,2025-09-25_17:40:01
244853,HYBRIS,,CLS,H0249001_S_1284,活花護髮素,,110,0,0,0,0,2025-09-25_17:40:01
244853,HYBRIS,,CLS,H0249001_S_1292,花露水沐浴露,,110,0,0,0,0,2025-09-25_17:40:01
244853,HYBRIS,,CLS,H0249001_S_1292s-94s,花露水身體潔淨旅行套裝一二三四五六,,110,0,0,0,0,2025-09-25_17:40:01
244853,HYBRIS,,CLS,H0249001_S_1293,花露水洗髮水,,110,0,0,0,0,2025-09-25_17:40:01
244853,HYBRIS,,CLS,H0249001_S_1294,花露水護髮素,,110,0,0,0,0,2025-09-25_17:40:01
244853,HYBRIS,,CLS,H0249001_S_2151,雪花膏,,120,0,0,0,0,2025-09-25_17:40:01
244853,HYBRIS,,CLS,H0249001_S_2152,活花潤手霜,,110,0,0,0,0,2025-09-25_17:40:01
244853,HYBRIS,,CLS,H0249001_S_2157,花露水香皂,,10,0,0,0,0,2025-09-25_17:40:02
244853,HYBRIS,,CLS,H0249001_S_2163,活花爽身粉 (玫瑰花香),,120,0,0,0,0,2025-09-25_17:40:02
244853,HYBRIS,,CLS,H0249001_S_2166,活花香皂,,120,0,0,0,0,2025-09-25_17:40:02
244853,HYBRIS,,CLS,H0249001_S_2167,活花止汗液,,120,0,0,0,0,2025-09-25_17:40:02
244853,HYBRIS,,CLS,H0249001_S_2177,迷你雪花膏,,110,0,0,0,0,2025-09-25_17:40:02
244853,HYBRIS,,CLS,H0249001_S_2181,EEE薰衣草味護髮油,,110,0,0,0,0,2025-09-25_17:40:02
244853,HYBRIS,,CLS,H0249001_S_2182,活花味護髮油  (玫瑰花香),,110,0,0,0,0,2025-09-25_17:40:02
244853,HYBRIS,,CLS,H0249001_S_2186,活花爽身粉 80克 (罐裝)（附柔軟粉撲）,,110,0,0,0,0,2025-09-25_17:40:02
244853,HYBRIS,,CLS,H0249001_S_2187,花露水爽身粉 80克 (罐裝)（附柔軟粉撲）,,110,0,0,0,0,2025-09-25_17:40:02
244853,HYBRIS,,CLS,H0249001_S_2188B,花露水濕紙巾 (20片),,110,0,0,0,0,2025-09-25_17:40:02
244853,HYBRIS,,CLS,H0249001_S_2198,花露水 (200毫升),,110,0,0,0,0,2025-09-25_17:40:02
244853,HYBRIS,,CLS,H0249001_S_2202,花露水 (100毫升),,110,0,0,0,0,2025-09-25_17:40:02
244853,HYBRIS,,CLS,H0249001_S_2204,花露水 (15毫升),,110,0,0,0,0,2025-09-25_17:40:02
244853,HYBRIS,,CLS,H0249001_S_2208,花露水 (10毫升),,110,0,0,0,0,2025-09-25_17:40:02
244853,HYBRIS,,CLS,H0249001_S_2209,花露水膏,,110,0,0,0,0,2025-09-25_17:40:02
244853,HYBRIS,,CLS,H0249001_S_4261,雙妹嚜復古記事簿,,110,0,0,0,0,2025-09-25_17:40:02
244853,HYBRIS,,CLS,H0249001_S_4281,雙妹嚜復古記事簿,,110,0,0,0,0,2025-09-25_17:40:02
244853,HYBRIS,,CLS,H0249001_S_4284,雙妹嚜復古拼圖,,110,0,0,0,0,2025-09-25_17:40:03
244853,HYBRIS,,CLS,H0249001_S_4286,雙妹嚜復古拼圖,,110,0,0,0,0,2025-09-25_17:40:03
244853,HYBRIS,,CLS,H0249001_S_4287,雙妹嚜復古拼圖,,110,0,0,0,0,2025-09-25_17:40:03
244853,HYBRIS,,CLS,H0249001_S_4290,懷舊2R相簿,,110,0,0,0,0,2025-09-25_17:40:03
244853,HYBRIS,,CLS,H0249001_S_4291,懷舊2R相簿,,110,0,0,0,0,2025-09-25_17:40:03
244853,HYBRIS,,CLS,H0249001_S_4292,懷舊2R相簿,,110,0,0,0,0,2025-09-25_17:40:03
244853,HYBRIS,,CLS,H0249001_S_4293,懷舊2R相簿,,110,0,0,0,0,2025-09-25_17:40:03
244853,HYBRIS,,CLS,H0249001_S_4315,雙妹嚜黑色環保袋,,110,0,0,0,0,2025-09-25_17:40:03
244853,HYBRIS,,CLS,H0249001_S_8808,馬賽皂 (檸檬),,110,0,0,0,0,2025-09-25_17:40:03
244853,HYBRIS,,CLS,H0249001_S_8809,馬賽皂 (蜜糖),,110,0,0,0,0,2025-09-25_17:40:03
244853,HYBRIS,,CLS,H0249001_S_8810,馬賽皂 (白檀),,110,0,0,0,0,2025-09-25_17:40:03
244853,HYBRIS,,CLS,H0249001_S_KC1100,指甲水,,110,0,0,0,0,2025-09-25_17:40:03
244853,HYBRIS,,CLS,H0249001_S_KC1101,指甲油 (藍紫色系),,110,0,0,0,0,2025-09-25_17:40:03
244853,HYBRIS,,CLS,H0249001_S_KC1102,指甲油 (藍紫色系),,110,0,0,0,0,2025-09-25_17:40:03
244853,HYBRIS,,CLS,H0249001_S_KC1103,指甲油 (藍紫色系),,110,0,0,0,0,2025-09-25_17:40:03
244853,HYBRIS,,CLS,H0249001_S_KC1105,指甲油 (藍紫色系),,110,0,0,0,0,2025-09-25_17:40:03
244853,HYBRIS,,CLS,H0249001_S_KC1106,指甲油 (紅色系),,110,0,0,0,0,2025-09-25_17:40:03
244853,HYBRIS,,CLS,H0249001_S_KC1107,指甲油 (紅色系),,110,0,0,0,0,2025-09-25_17:40:03
244853,HYBRIS,,CLS,H0249001_S_KC1108,指甲油 (紅色系),,110,0,0,0,0,2025-09-25_17:40:03
244853,HYBRIS,,CLS,H0249001_S_KC1112,指甲油 (藍紫色系),,110,0,0,0,0,2025-09-25_17:40:04
244853,HYBRIS,,CLS,H0249001_S_KC1113,指甲油 (紅色系),,110,0,0,0,0,2025-09-25_17:40:04
244853,HYBRIS,,CLS,H0249001_S_KC1116,指甲油 (彩色系),,110,0,0,0,0,2025-09-25_17:40:04
244853,HYBRIS,,CLS,H0249001_S_KC1121,指甲油 (紅色系),,110,0,0,0,0,2025-09-25_17:40:04
244853,HYBRIS,,CLS,H0249001_S_KC1123,指甲油 (紅色系),,110,0,0,0,0,2025-09-25_17:40:04
244853,HYBRIS,,CLS,H0249001_S_KC1124,指甲油 (紅色系),,110,0,0,0,0,2025-09-25_17:40:04
244853,HYBRIS,,CLS,H0249001_S_KC1127,指甲油 (彩色系),,110,0,0,0,0,2025-09-25_17:40:04
244853,HYBRIS,,CLS,H0249001_S_KC1129,指甲油 (彩色系),,110,0,0,0,0,2025-09-25_17:40:04
244853,HYBRIS,,CLS,H0249001_S_KC1130,指甲油 (彩色系),,110,0,0,0,0,2025-09-25_17:40:04
244853,HYBRIS,,CLS,H0249001_S_KC1131,指甲油 (彩色系),,110,0,0,0,0,2025-09-25_17:40:04
244853,HYBRIS,,CLS,H0249001_S_KC1134,指甲油 (紅色系),,110,0,0,0,0,2025-09-25_17:40:05
244853,HYBRIS,,CLS,H0249001_S_KC1137,指甲油 (色號 - 37透明),,110,0,0,0,0,2025-09-25_17:40:05
244853,HYBRIS,,CLS,H0249001_S_KC1139,指甲油 (彩色系),,110,0,0,0,0,2025-09-25_17:40:05
244853,HYBRIS,,CLS,H0249001_S_KC1146,指甲油 (藍紫色系),,110,0,0,0,0,2025-09-25_17:40:05
244853,HYBRIS,,CLS,H0249001_S_KC1148,指甲油 (彩色系),,110,0,0,0,0,2025-09-25_17:40:05
244853,HYBRIS,,CLS,H0249001_S_KC1152,指甲油 (紅色系),,110,0,0,0,0,2025-09-25_17:40:05
244853,HYBRIS,,CLS,H0249001_S_Q004,雙妹綿布袋 (白色),,110,0,0,0,0,2025-09-25_17:40:05
244853,HYBRIS,,CLS,H0249001_S_Q005,雙妹綿布袋 (自然色),,110,0,0,0,0,2025-09-25_17:40:06
244853,HYBRIS,,CLS,H0255001_S_21875,蒜油 250粒,,110,0,0,0,0,2025-09-25_17:40:06
244853,HYBRIS,,CLS,H0255001_S_21942,利筋諾 50粒,,110,0,0,0,0,2025-09-25_17:40:06
244853,HYBRIS,,CLS,H0255001_S_22993,乳薊果 60片,,110,0,0,0,0,2025-09-25_17:40:06
244853,HYBRIS,,CLS,H0255001_S_23452,葡萄籽加強配方 30片,,110,0,0,0,0,2025-09-25_17:40:06
244853,HYBRIS,,CLS,H0255001_S_24008,無腥味魚油1000 200粒,,110,0,0,0,0,2025-09-25_17:40:06
244853,HYBRIS,,CLS,H0255001_S_24177,葉黃素 60粒,,110,0,0,0,0,2025-09-25_17:40:06
244853,HYBRIS,,CLS,H0255001_S_24201,護眼山桑子 30片,,110,0,0,0,0,2025-09-25_17:40:06
244853,HYBRIS,,CLS,H0255001_S_24877,兒童果味魚油丸 30粒,,110,0,0,0,0,2025-09-25_17:40:06
244853,HYBRIS,,CLS,H0255001_S_25067,鋸櫚前列配方 60粒,,20,0,0,0,0,2025-09-25_17:40:06
244853,HYBRIS,,CLS,H0255001_S_25207,維他命D3 1000 30粒,,110,0,0,0,0,2025-09-25_17:40:07
244853,HYBRIS,,CLS,H0255001_S_25266,護養關節配方 60粒,,110,0,0,0,0,2025-09-25_17:40:07
244853,HYBRIS,,CLS,H0294001_S_120088,免沖洗保濕護髮乳,,110,0,0,0,0,2025-09-25_17:40:07
244853,HYBRIS,,CLS,H0294001_S_120295,潔淨控油洗髮露,,110,0,0,0,0,2025-09-25_17:40:07
244853,HYBRIS,,CLS,H0294001_S_120533,波浪捲髮精華露波浪捲髮精華露波浪捲髮精華露波浪捲髮精華露,,110,0,0,0,0,2025-09-25_17:40:07
244853,HYBRIS,,CLS,H0318002_S_812719,有機矢車菊花水 200ml,,130,0,0,0,0,2025-09-25_17:40:07
244853,HYBRIS,,CLS,H0318002_S_812724,有機大馬士革玫瑰花水 200ml,,130,0,0,0,0,2025-09-25_17:40:07
244853,HYBRIS,,CLS,H0318002_S_852974,有機3重蜂蜜潤澤身體乳霜 150ml,,10,0,0,0,0,2025-09-25_17:40:07
244853,HYBRIS,,CLS,H0318002_S_855281,有機3重蜂蜜潤澤身體磨砂 150g,,110,0,0,0,0,2025-09-25_17:40:07
244853,HYBRIS,,CLS,H0318002_S_86Z0004,有機防敏香體露 50ml,,105,0,0,0,0,2025-09-25_17:40:07
244853,HYBRIS,,CLS,H0539001_S_50159,Royal Touch 敏感肌適用產後專用衛生巾 L碼 (5片/包),,110,0,0,0,0,2025-09-25_17:40:07
244853,HYBRIS,,CLS,H0888001_S_10004619,特級魚露,,15,0,0,0,0,2025-09-25_17:40:07
244853,HYBRIS,,CLS,H0888001_S_10004625,南乳,,220,0,0,0,0,2025-09-25_17:40:08
244853,HYBRIS,,CLS,H0888001_S_10004645,爽口榨菜絲,,230,0,0,0,0,2025-09-25_17:40:08
244853,HYBRIS,,CLS,H0888001_S_10004649,辣香蘿蔔,,120,0,0,0,0,2025-09-25_17:40:08
244853,HYBRIS,,CLS,H0888001_S_10004653,陳醋蕎頭,,130,0,0,0,0,2025-09-25_17:40:08
244853,HYBRIS,,CLS,H0888001_S_10004654,甜酸蕎頭,,130,0,0,0,0,2025-09-25_17:40:08
244853,HYBRIS,,CLS,H0888001_S_10004666,鮑汁靈芝菇片,,220,0,0,0,0,2025-09-25_17:40:08
244853,HYBRIS,,CLS,H0888001_S_10005984,豬骨火鍋上湯,,270,0,0,0,0,2025-09-25_17:40:08
244853,HYBRIS,,CLS,H0888001_S_10005986,醉雞火鍋上湯,,270,0,0,0,0,2025-09-25_17:40:08
244853,HYBRIS,,CLS,H0888001_S_10007891,洋蔥南瓜馬鈴薯片,,10,0,0,0,0,2025-09-25_17:40:08
244853,HYBRIS,,CLS,H0888001_S_10009135,藍梅寒天果凍糖,,10,0,0,0,0,2025-09-25_17:40:08
244853,HYBRIS,,CLS,H0888001_S_10009139,蜂蜜檸檬寒天果凍糖,,10,0,0,0,0,2025-09-25_17:40:08
244853,HYBRIS,,CLS,H0888001_S_10009151,什錦軟糖,,220,0,0,0,0,2025-09-25_17:40:08
244853,HYBRIS,,CLS,H0888001_S_10009386,北海道扇貝味薯片,,10,0,0,0,0,2025-09-25_17:40:08
244853,HYBRIS,,CLS,H0888001_S_10009388,酥餅 (黑朱古力),,15,0,0,0,0,2025-09-25_17:40:08
244853,HYBRIS,,CLS,H0888001_S_10011987,好ｅ食 - 白汁煙肉磨菇意粉 (急凍),,210,0,0,0,0,2025-09-25_17:40:09
244853,HYBRIS,,CLS,H0888001_S_10007313,滋潤保濕乳霜,,12,0,0,0,0,2025-09-25_17:40:09
244853,HYBRIS,,CLS,H0888001_S_10022686,猴頭菇雪耳百合潤肺湯,,192,0,0,0,0,2025-09-25_17:40:09
244853,HYBRIS,,CLS,H0888001_S_10018925,白風船米餅-牛奶忌廉味,,500,0,0,0,0,2025-09-25_17:40:09
244859,IMAX_KERRY,,STS,H0888001_S_10012783,巴西牛胸腩粒 (急凍),IM00072249,1285,0,0,0,0,2025-09-25_18:19:00
244862,IMAX_KERRY,,WFS,H0888001_S_10012783,巴西牛胸腩粒 (急凍),IM00072250,50,0,0,0,0,2025-09-25_18:49:00
244865,HYBRIS,,RRS,H0888001_S_10012783,巴西牛胸腩粒 (急凍),,600,0,0,0,0,2025-09-25_19:19:00
244869,IMAX_KERRY,,RRS,H0888001_S_10012783,巴西牛胸腩粒 (急凍),IM00072252,700,0,0,0,0,2025-09-25_19:59:00
244871,HYBRIS,,HHS,H0249001_S_1272,AAA薰衣草沐浴露,,20,0,0,0,0,2025-09-25_20:09:01
244871,HYBRIS,,HHS,H0249001_S_1272s-74s,BBB薰衣草身體潔淨旅行套裝,,20,0,0,0,0,2025-09-25_20:09:01
244871,HYBRIS,,HHS,H0249001_S_1274,DDD薰衣草護髮素,,20,0,0,0,0,2025-09-25_20:09:01
244871,HYBRIS,,HHS,H0249001_S_1282s-84s,活花身體潔淨旅行套裝,,20,0,0,0,0,2025-09-25_20:09:01
244871,HYBRIS,,HHS,H0249001_S_1284,活花護髮素,,20,0,0,0,0,2025-09-25_20:09:01
244871,HYBRIS,,HHS,H0249001_S_1292,花露水沐浴露,,20,0,0,0,0,2025-09-25_20:09:01
244871,HYBRIS,,HHS,H0249001_S_1292s-94s,花露水身體潔淨旅行套裝一二三四五六,,20,0,0,0,0,2025-09-25_20:09:01
244871,HYBRIS,,HHS,H0249001_S_1293,花露水洗髮水,,20,0,0,0,0,2025-09-25_20:09:01
244871,HYBRIS,,HHS,H0249001_S_1294,花露水護髮素,,20,0,0,0,0,2025-09-25_20:09:01
244871,HYBRIS,,HHS,H0249001_S_2151,雪花膏,,20,0,0,0,0,2025-09-25_20:09:01
244871,HYBRIS,,HHS,H0249001_S_2152,活花潤手霜,,20,0,0,0,0,2025-09-25_20:09:01
244871,HYBRIS,,HHS,H0249001_S_2157,花露水香皂,,20,0,0,0,0,2025-09-25_20:09:01
244871,HYBRIS,,HHS,H0249001_S_2163,活花爽身粉 (玫瑰花香),,20,0,0,0,0,2025-09-25_20:09:01
244871,HYBRIS,,HHS,H0249001_S_2166,活花香皂,,20,0,0,0,0,2025-09-25_20:09:01
244871,HYBRIS,,HHS,H0249001_S_2167,活花止汗液,,20,0,0,0,0,2025-09-25_20:09:01
244871,HYBRIS,,HHS,H0249001_S_2177,迷你雪花膏,,20,0,0,0,0,2025-09-25_20:09:01
244871,HYBRIS,,HHS,H0249001_S_2181,EEE薰衣草味護髮油,,20,0,0,0,0,2025-09-25_20:09:01
244871,HYBRIS,,HHS,H0249001_S_2182,活花味護髮油  (玫瑰花香),,20,0,0,0,0,2025-09-25_20:09:01
244871,HYBRIS,,HHS,H0249001_S_2186,活花爽身粉 80克 (罐裝)（附柔軟粉撲）,,20,0,0,0,0,2025-09-25_20:09:01
244871,HYBRIS,,HHS,H0249001_S_2187,花露水爽身粉 80克 (罐裝)（附柔軟粉撲）,,20,0,0,0,0,2025-09-25_20:09:02
244871,HYBRIS,,HHS,H0249001_S_2188B,花露水濕紙巾 (20片),,20,0,0,0,0,2025-09-25_20:09:02
244871,HYBRIS,,HHS,H0249001_S_2198,花露水 (200毫升),,20,0,0,0,0,2025-09-25_20:09:02
244871,HYBRIS,,HHS,H0249001_S_2202,花露水 (100毫升),,20,0,0,0,0,2025-09-25_20:09:02
244871,HYBRIS,,HHS,H0249001_S_2204,花露水 (15毫升),,20,0,0,0,0,2025-09-25_20:09:02
244871,HYBRIS,,HHS,H0249001_S_2208,花露水 (10毫升),,20,0,0,0,0,2025-09-25_20:09:02
244871,HYBRIS,,HHS,H0249001_S_2209,花露水膏,,20,0,0,0,0,2025-09-25_20:09:02
244871,HYBRIS,,HHS,H0249001_S_4261,雙妹嚜復古記事簿,,20,0,0,0,0,2025-09-25_20:09:02
244871,HYBRIS,,HHS,H0249001_S_4281,雙妹嚜復古記事簿,,20,0,0,0,0,2025-09-25_20:09:02
244871,HYBRIS,,HHS,H0249001_S_4284,雙妹嚜復古拼圖,,20,0,0,0,0,2025-09-25_20:09:02
244871,HYBRIS,,HHS,H0249001_S_4286,雙妹嚜復古拼圖,,20,0,0,0,0,2025-09-25_20:09:02
244871,HYBRIS,,HHS,H0249001_S_4287,雙妹嚜復古拼圖,,20,0,0,0,0,2025-09-25_20:09:02
244871,HYBRIS,,HHS,H0249001_S_4290,懷舊2R相簿,,20,0,0,0,0,2025-09-25_20:09:02
244871,HYBRIS,,HHS,H0249001_S_4291,懷舊2R相簿,,20,0,0,0,0,2025-09-25_20:09:02
244871,HYBRIS,,HHS,H0249001_S_4292,懷舊2R相簿,,20,0,0,0,0,2025-09-25_20:09:02
244871,HYBRIS,,HHS,H0249001_S_4293,懷舊2R相簿,,20,0,0,0,0,2025-09-25_20:09:02
244871,HYBRIS,,HHS,H0249001_S_8808,馬賽皂 (檸檬),,20,0,0,0,0,2025-09-25_20:09:02
244871,HYBRIS,,HHS,H0249001_S_8809,馬賽皂 (蜜糖),,20,0,0,0,0,2025-09-25_20:09:02
244871,HYBRIS,,HHS,H0249001_S_8810,馬賽皂 (白檀),,20,0,0,0,0,2025-09-25_20:09:02
244871,HYBRIS,,HHS,H0249001_S_KC1100,指甲水,,20,0,0,0,0,2025-09-25_20:09:02
244871,HYBRIS,,HHS,H0249001_S_KC1101,指甲油 (藍紫色系),,20,0,0,0,0,2025-09-25_20:09:02
244871,HYBRIS,,HHS,H0249001_S_KC1102,指甲油 (藍紫色系),,20,0,0,0,0,2025-09-25_20:09:03
244871,HYBRIS,,HHS,H0249001_S_KC1103,指甲油 (藍紫色系),,20,0,0,0,0,2025-09-25_20:09:03
244871,HYBRIS,,HHS,H0249001_S_KC1105,指甲油 (藍紫色系),,20,0,0,0,0,2025-09-25_20:09:03
244871,HYBRIS,,HHS,H0249001_S_KC1106,指甲油 (紅色系),,20,0,0,0,0,2025-09-25_20:09:03
244871,HYBRIS,,HHS,H0249001_S_KC1107,指甲油 (紅色系),,20,0,0,0,0,2025-09-25_20:09:03
244871,HYBRIS,,HHS,H0249001_S_KC1108,指甲油 (紅色系),,20,0,0,0,0,2025-09-25_20:09:03
244871,HYBRIS,,HHS,H0249001_S_KC1112,指甲油 (藍紫色系),,20,0,0,0,0,2025-09-25_20:09:03
244871,HYBRIS,,HHS,H0249001_S_KC1113,指甲油 (紅色系),,20,0,0,0,0,2025-09-25_20:09:03
244871,HYBRIS,,HHS,H0249001_S_KC1116,指甲油 (彩色系),,20,0,0,0,0,2025-09-25_20:09:03
244871,HYBRIS,,HHS,H0249001_S_KC1121,指甲油 (紅色系),,20,0,0,0,0,2025-09-25_20:09:03
244871,HYBRIS,,HHS,H0249001_S_KC1123,指甲油 (紅色系),,20,0,0,0,0,2025-09-25_20:09:03
244871,HYBRIS,,HHS,H0249001_S_KC1124,指甲油 (紅色系),,20,0,0,0,0,2025-09-25_20:09:03
244871,HYBRIS,,HHS,H0249001_S_KC1127,指甲油 (彩色系),,20,0,0,0,0,2025-09-25_20:09:03
244871,HYBRIS,,HHS,H0249001_S_KC1129,指甲油 (彩色系),,20,0,0,0,0,2025-09-25_20:09:04
244871,HYBRIS,,HHS,H0249001_S_KC1130,指甲油 (彩色系),,20,0,0,0,0,2025-09-25_20:09:04
244871,HYBRIS,,HHS,H0249001_S_KC1131,指甲油 (彩色系),,20,0,0,0,0,2025-09-25_20:09:04
244871,HYBRIS,,HHS,H0249001_S_KC1134,指甲油 (紅色系),,20,0,0,0,0,2025-09-25_20:09:04
244871,HYBRIS,,HHS,H0249001_S_KC1137,指甲油 (色號 - 37透明),,20,0,0,0,0,2025-09-25_20:09:04
244871,HYBRIS,,HHS,H0249001_S_KC1139,指甲油 (彩色系),,20,0,0,0,0,2025-09-25_20:09:04
244871,HYBRIS,,HHS,H0249001_S_KC1146,指甲油 (藍紫色系),,20,0,0,0,0,2025-09-25_20:09:04
244871,HYBRIS,,HHS,H0249001_S_KC1148,指甲油 (彩色系),,20,0,0,0,0,2025-09-25_20:09:04
244871,HYBRIS,,HHS,H0249001_S_KC1152,指甲油 (紅色系),,20,0,0,0,0,2025-09-25_20:09:04
244871,HYBRIS,,HHS,H0249001_S_Q004,雙妹綿布袋 (白色),,20,0,0,0,0,2025-09-25_20:09:04
244871,HYBRIS,,HHS,H0249001_S_Q005,雙妹綿布袋 (自然色),,20,0,0,0,0,2025-09-25_20:09:05
244871,HYBRIS,,HHS,H0255001_S_21875,蒜油 250粒,,20,0,0,0,0,2025-09-25_20:09:05
244871,HYBRIS,,HHS,H0255001_S_21942,利筋諾 50粒,,20,0,0,0,0,2025-09-25_20:09:05
244871,HYBRIS,,HHS,H0255001_S_22993,乳薊果 60片,,20,0,0,0,0,2025-09-25_20:09:05
244871,HYBRIS,,HHS,H0255001_S_23452,葡萄籽加強配方 30片,,20,0,0,0,0,2025-09-25_20:09:05
244871,HYBRIS,,HHS,H0255001_S_24008,無腥味魚油1000 200粒,,20,0,0,0,0,2025-09-25_20:09:05
244871,HYBRIS,,HHS,H0255001_S_24177,葉黃素 60粒,,20,0,0,0,0,2025-09-25_20:09:05
244871,HYBRIS,,HHS,H0255001_S_24201,護眼山桑子 30片,,20,0,0,0,0,2025-09-25_20:09:05
244871,HYBRIS,,HHS,H0255001_S_24877,兒童果味魚油丸 30粒,,20,0,0,0,0,2025-09-25_20:09:05
244871,HYBRIS,,HHS,H0255001_S_25067,鋸櫚前列配方 60粒,,20,0,0,0,0,2025-09-25_20:09:05
244871,HYBRIS,,HHS,H0255001_S_25110,亞麻籽油植物奧米加369 100粒,,20,0,0,0,0,2025-09-25_20:09:05
244871,HYBRIS,,HHS,H0255001_S_25207,維他命D3 1000 30粒,,20,0,0,0,0,2025-09-25_20:09:05
244871,HYBRIS,,HHS,H0255001_S_25266,護養關節配方 60粒,,20,0,0,0,0,2025-09-25_20:09:05
244871,HYBRIS,,HHS,H0294001_S_120088,免沖洗保濕護髮乳,,20,0,0,0,0,2025-09-25_20:09:05
244871,HYBRIS,,HHS,H0294001_S_120295,潔淨控油洗髮露,,20,0,0,0,0,2025-09-25_20:09:05
244871,HYBRIS,,HHS,H0294001_S_120533,波浪捲髮精華露波浪捲髮精華露波浪捲髮精華露波浪捲髮精華露,,20,0,0,0,0,2025-09-25_20:09:05
244871,HYBRIS,,HHS,H0318002_S_812719,有機矢車菊花水 200ml,,20,0,0,0,0,2025-09-25_20:09:05
244871,HYBRIS,,HHS,H0318002_S_812724,有機大馬士革玫瑰花水 200ml,,20,0,0,0,0,2025-09-25_20:09:05
244871,HYBRIS,,HHS,H0318002_S_852974,有機3重蜂蜜潤澤身體乳霜 150ml,,20,0,0,0,0,2025-09-25_20:09:05
244871,HYBRIS,,HHS,H0318002_S_855281,有機3重蜂蜜潤澤身體磨砂 150g,,20,0,0,0,0,2025-09-25_20:09:06
244871,HYBRIS,,HHS,H0318002_S_861153,有機日用洗髮水 500ml,,20,0,0,0,0,2025-09-25_20:09:06
244871,HYBRIS,,HHS,H0318002_S_86Z0004,有機防敏香體露 50ml,,20,0,0,0,0,2025-09-25_20:09:06
244871,HYBRIS,,HHS,H0318002_S_86Z0005,有機乳木果油護髮素 150ml,,20,0,0,0,0,2025-09-25_20:09:06
244871,HYBRIS,,HHS,H0539001_S_50159,Royal Touch 敏感肌適用產後專用衛生巾 L碼 (5片/包),,20,0,0,0,0,2025-09-25_20:09:06
244882,HYBRIS,,WFS,H0249001_S_1274,DDD薰衣草護髮素,,15,15,0,0,0,2025-09-25_23:40:01
244882,HYBRIS,,WFS,H0249001_S_2151,雪花膏,,5,5,0,0,0,2025-09-25_23:40:02
244882,HYBRIS,,WFS,H0249001_S_4290,懷舊2R相簿,,5,5,0,0,0,2025-09-25_23:40:03
244882,HYBRIS,,WFS,H0249001_S_KC1139,指甲油 (彩色系),,5,5,0,0,0,2025-09-25_23:40:05
244882,HYBRIS,,WFS,H0318002_S_812724,有機大馬士革玫瑰花水 200ml,,10,10,0,0,0,2025-09-25_23:40:06
244882,HYBRIS,,WFS,H0318002_S_855281,有機3重蜂蜜潤澤身體磨砂 150g,,10,10,0,0,0,2025-09-25_23:40:07
244882,HYBRIS,,WFS,H0318002_S_86Z0005,有機乳木果油護髮素 150ml,,5,5,0,0,0,2025-09-25_23:40:07
244882,HYBRIS,,WFS,H0888001_S_10005984,豬骨火鍋上湯,,105,105,0,0,0,2025-09-25_23:40:07
244882,HYBRIS,,WFS,H0888001_S_10005985,黑胡椒豬骨火鍋上湯,,15,15,0,0,0,2025-09-25_23:40:07
244895,HYBRIS,,TWS,H0859001_S_OS-620,uPure 2 潔淨濾水器2,,440,440,0,0,0,2025-09-26_00:00:00
244899,IMAX_STACKING,FROZEN,COB,H0888001_S_10022875,美國特選牛肩胛肥牛片 (急凍),IS00072257,520,520,0,0,0,2025-09-26_00:00:01
244900,IMAX_STACKING,DRY,COB,H0888001_S_10009610,湖池屋激辣魔薯香辣芝士味薯片,IS00072258,120,120,0,0,0,2025-09-26_00:00:01
244899,IMAX_STACKING,FROZEN,COB,H0888001_S_10012511,西班牙咸豬手,IS00072257,1610,1610,0,0,0,2025-09-26_00:00:01
244899,IMAX_STACKING,FROZEN,COB,H0888001_S_10011849,美國大西洋野生響螺頭 M (急凍),IS00072257,3000,3000,0,0,0,2025-09-26_00:00:01
244899,IMAX_STACKING,FROZEN,COB,H0888001_S_10011848,日本煮食用帶子急凍急凍,IS00072257,990,990,0,0,0,2025-09-26_00:00:01
244900,IMAX_STACKING,DRY,COB,H0859001_S_OS-620,uPure 2 潔淨濾水器2,IS00072258,65,65,0,0,0,2025-09-26_00:00:01
244900,IMAX_STACKING,DRY,COB,H0888001_S_10002195,大樽生啤 (日本版),IS00072258,72,72,0,0,0,2025-09-26_00:00:01
244900,IMAX_STACKING,DRY,COB,H0888001_S_10004262,烏龍茶,IS00072258,168,168,0,0,0,2025-09-26_00:00:01
244902,HYBRIS,,COB,H0888001_S_10009135,藍梅寒天果凍糖,,1212,1212,0,0,0,2025-09-26_00:01:00
244902,HYBRIS,,COB,H0888001_S_10009139,蜂蜜檸檬寒天果凍糖,,1308,1308,0,0,0,2025-09-26_00:01:00
244902,HYBRIS,,COB,H0888001_S_10009151,什錦軟糖,,1420,1420,0,0,0,2025-09-26_00:01:00
244910,HYBRIS,,CLS,H0888001_S_10007313,滋潤保濕乳霜,,444,0,0,0,0,2025-09-26_10:09:00
244911,IMAX_STACKING,DRY,CLS,H0888001_S_10002195,大樽生啤 (日本版),IS00072261,12,0,0,0,0,2025-09-26_10:22:00
244912,HYBRIS,,STS,H0888001_S_10012783,巴西牛胸腩粒 (急凍),,792,0,0,0,0,2025-09-26_10:32:00
244913,HYBRIS,,CLS,H0888001_S_10133455,澳洲和牛漢堡扒 (急凍),,1020,0,0,0,0,2025-09-26_10:38:00
244913,HYBRIS,,CLS,H0888001_S_10133940,(澳洲直送!) 澳洲穀飼西冷牛扒 (2塊裝) (急凍),,1025,0,0,0,0,2025-09-26_10:38:00
244913,HYBRIS,,CLS,H0888001_S_10133453,澳洲M4+ 和牛西冷牛扒 (急凍),,330,0,0,0,0,2025-09-26_10:38:00
244913,HYBRIS,,CLS,H0888001_S_10018534,澳洲海參(禿參，又名花刺參) (急凍),,408,0,0,0,0,2025-09-26_10:38:00
244918,HYBRIS,,WFS,H0888001_S_10012013,Bibigo 韓式傳統脆皮煎餃 (急凍),,150,0,0,0,0,2025-09-26_11:25:00
244921,HYBRIS,,CLS,H0888001_S_10007313,滋潤保濕乳霜,,12,0,0,0,0,2025-09-26_11:42:00
244930,HYBRIS,,TWS,H0888001_S_10008283,燕麥脆條 - 蜜糖★燕麥,,36,36,0,0,0,2025-09-26_13:00:00
244934,IMAX_KERRY,,CLS,H0888001_S_10012783,巴西牛胸腩粒 (急凍),IM00072267,784,0,0,0,0,2025-09-26_13:32:00
244935,HYBRIS,,LPS,H0888001_S_10012783,巴西牛胸腩粒 (急凍),,8,8,0,0,0,2025-09-26_13:49:00
244939,IMAX_KERRY,,SHS,H0888001_S_10012783,巴西牛胸腩粒 (急凍),IM00072269,786,0,0,0,0,2025-09-26_14:09:00
244940,HYBRIS,,CLS,H0888001_S_10004649,辣香蘿蔔,,2900,0,0,0,0,2025-09-26_14:19:00
244940,HYBRIS,,CLS,H0888001_S_10007313,滋潤保濕乳霜,,27,0,0,0,0,2025-09-26_14:19:00
244961,HYBRIS,,CLS,H0888001_S_10007313,滋潤保濕乳霜,,108,0,0,0,0,2025-09-26_16:41:00
244964,HYBRIS,,RRS,H0888001_S_10018534,澳洲海參(禿參，又名花刺參) (急凍),,96,0,0,0,0,2025-09-26_16:50:00
244965,IMAX_KERRY,,WSH,H0888001_S_10012777,紐西蘭帶骨羊仔腩 (急凍),IM00072273,520,520,520,0,0,2025-09-26_16:54:00
244965,IMAX_KERRY,,WSH,H0888001_S_10012783,巴西牛胸腩粒 (急凍),IM00072273,786,0,0,0,0,2025-09-26_16:54:00
244970,IMAX_STACKING,DRY,CLS,H0255001_S_25116,健腦高濃度深海魚油 60粒,IS00072274,290,0,0,0,0,2025-09-26_17:10:00
244971,IMAX_STACKING,CHILLED,CLS,H0888001_S_10012783,巴西牛胸腩粒 (急凍),IS00072275,5000,0,0,0,0,2025-09-26_17:10:00
244973,HYBRIS,,CLS,H0249001_S_1272s-74s,BBB薰衣草身體潔淨旅行套裝,,110,110,0,0,0,2025-09-26_17:40:01
244973,HYBRIS,,CLS,H0249001_S_1274,DDD薰衣草護髮素,,10,10,0,0,0,2025-09-26_17:40:01
244973,HYBRIS,,CLS,H0249001_S_1282s-84s,活花身體潔淨旅行套裝,,110,110,0,0,0,2025-09-26_17:40:01
244973,HYBRIS,,CLS,H0249001_S_1284,活花護髮素,,110,110,0,0,0,2025-09-26_17:40:01
244973,HYBRIS,,CLS,H0249001_S_1292,花露水沐浴露,,110,110,0,0,0,2025-09-26_17:40:01
244973,HYBRIS,,CLS,H0249001_S_1292s-94s,花露水身體潔淨旅行套裝一二三四五六,,110,110,0,0,0,2025-09-26_17:40:01
244973,HYBRIS,,CLS,H0249001_S_1293,花露水洗髮水,,110,110,0,0,0,2025-09-26_17:40:02
244973,HYBRIS,,CLS,H0249001_S_1294,花露水護髮素,,110,110,0,0,0,2025-09-26_17:40:02
244973,HYBRIS,,CLS,H0249001_S_2151,雪花膏,,120,120,0,0,0,2025-09-26_17:40:02
244973,HYBRIS,,CLS,H0249001_S_2152,活花潤手霜,,110,110,0,0,0,2025-09-26_17:40:02
244973,HYBRIS,,CLS,H0249001_S_2157,花露水香皂,,10,10,0,0,0,2025-09-26_17:40:02
244973,HYBRIS,,CLS,H0249001_S_2163,活花爽身粉 (玫瑰花香),,120,120,0,0,0,2025-09-26_17:40:02
244973,HYBRIS,,CLS,H0249001_S_2166,活花香皂,,120,120,0,0,0,2025-09-26_17:40:02
244973,HYBRIS,,CLS,H0249001_S_2167,活花止汗液,,120,120,0,0,0,2025-09-26_17:40:02
244973,HYBRIS,,CLS,H0249001_S_2177,迷你雪花膏,,110,110,0,0,0,2025-09-26_17:40:02
244973,HYBRIS,,CLS,H0249001_S_2181,EEE薰衣草味護髮油,,110,110,0,0,0,2025-09-26_17:40:02
244973,HYBRIS,,CLS,H0249001_S_2182,活花味護髮油  (玫瑰花香),,110,110,0,0,0,2025-09-26_17:40:02
244973,HYBRIS,,CLS,H0249001_S_2186,活花爽身粉 80克 (罐裝)（附柔軟粉撲）,,110,110,0,0,0,2025-09-26_17:40:02
244973,HYBRIS,,CLS,H0249001_S_2187,花露水爽身粉 80克 (罐裝)（附柔軟粉撲）,,110,110,0,0,0,2025-09-26_17:40:02
244973,HYBRIS,,CLS,H0249001_S_2188B,花露水濕紙巾 (20片),,110,110,0,0,0,2025-09-26_17:40:02
244973,HYBRIS,,CLS,H0249001_S_2198,花露水 (200毫升),,110,110,0,0,0,2025-09-26_17:40:02
244973,HYBRIS,,CLS,H0249001_S_2202,花露水 (100毫升),,110,110,0,0,0,2025-09-26_17:40:02
244973,HYBRIS,,CLS,H0249001_S_2204,花露水 (15毫升),,110,110,0,0,0,2025-09-26_17:40:02
244973,HYBRIS,,CLS,H0249001_S_2208,花露水 (10毫升),,110,110,0,0,0,2025-09-26_17:40:02
244973,HYBRIS,,CLS,H0249001_S_2209,花露水膏,,110,110,0,0,0,2025-09-26_17:40:02
244973,HYBRIS,,CLS,H0249001_S_4261,雙妹嚜復古記事簿,,110,110,0,0,0,2025-09-26_17:40:03
244973,HYBRIS,,CLS,H0249001_S_4281,雙妹嚜復古記事簿,,110,110,0,0,0,2025-09-26_17:40:03
244973,HYBRIS,,CLS,H0249001_S_4284,雙妹嚜復古拼圖,,110,110,0,0,0,2025-09-26_17:40:03
244973,HYBRIS,,CLS,H0249001_S_4286,雙妹嚜復古拼圖,,110,110,0,0,0,2025-09-26_17:40:03
244973,HYBRIS,,CLS,H0249001_S_4287,雙妹嚜復古拼圖,,110,110,0,0,0,2025-09-26_17:40:03
244973,HYBRIS,,CLS,H0249001_S_4290,懷舊2R相簿,,110,110,0,0,0,2025-09-26_17:40:03
244973,HYBRIS,,CLS,H0249001_S_4291,懷舊2R相簿,,110,110,0,0,0,2025-09-26_17:40:03
244973,HYBRIS,,CLS,H0249001_S_4292,懷舊2R相簿,,110,110,0,0,0,2025-09-26_17:40:03
244973,HYBRIS,,CLS,H0249001_S_4293,懷舊2R相簿,,110,110,0,0,0,2025-09-26_17:40:03
244973,HYBRIS,,CLS,H0249001_S_4315,雙妹嚜黑色環保袋,,110,110,0,0,0,2025-09-26_17:40:03
244973,HYBRIS,,CLS,H0249001_S_8808,馬賽皂 (檸檬),,110,110,0,0,0,2025-09-26_17:40:03
244973,HYBRIS,,CLS,H0249001_S_8809,馬賽皂 (蜜糖),,110,110,0,0,0,2025-09-26_17:40:03
244973,HYBRIS,,CLS,H0249001_S_8810,馬賽皂 (白檀),,110,110,0,0,0,2025-09-26_17:40:03
244973,HYBRIS,,CLS,H0249001_S_KC1100,指甲水,,110,110,0,0,0,2025-09-26_17:40:03
244973,HYBRIS,,CLS,H0249001_S_KC1101,指甲油 (藍紫色系),,110,110,0,0,0,2025-09-26_17:40:03
244973,HYBRIS,,CLS,H0249001_S_KC1102,指甲油 (藍紫色系),,110,110,0,0,0,2025-09-26_17:40:03
244973,HYBRIS,,CLS,H0249001_S_KC1103,指甲油 (藍紫色系),,110,110,0,0,0,2025-09-26_17:40:03
244973,HYBRIS,,CLS,H0249001_S_KC1105,指甲油 (藍紫色系),,110,110,0,0,0,2025-09-26_17:40:03
244973,HYBRIS,,CLS,H0249001_S_KC1106,指甲油 (紅色系),,110,110,0,0,0,2025-09-26_17:40:03
244973,HYBRIS,,CLS,H0249001_S_KC1107,指甲油 (紅色系),,110,110,0,0,0,2025-09-26_17:40:03
244973,HYBRIS,,CLS,H0249001_S_KC1108,指甲油 (紅色系),,110,110,0,0,0,2025-09-26_17:40:03
244973,HYBRIS,,CLS,H0249001_S_KC1112,指甲油 (藍紫色系),,110,110,0,0,0,2025-09-26_17:40:04
244973,HYBRIS,,CLS,H0249001_S_KC1113,指甲油 (紅色系),,110,110,0,0,0,2025-09-26_17:40:04
244973,HYBRIS,,CLS,H0249001_S_KC1116,指甲油 (彩色系),,110,110,0,0,0,2025-09-26_17:40:04
244973,HYBRIS,,CLS,H0249001_S_KC1121,指甲油 (紅色系),,110,110,0,0,0,2025-09-26_17:40:04
244973,HYBRIS,,CLS,H0249001_S_KC1123,指甲油 (紅色系),,110,110,0,0,0,2025-09-26_17:40:04
244973,HYBRIS,,CLS,H0249001_S_KC1124,指甲油 (紅色系),,110,110,0,0,0,2025-09-26_17:40:04
244973,HYBRIS,,CLS,H0249001_S_KC1127,指甲油 (彩色系),,110,110,0,0,0,2025-09-26_17:40:04
244973,HYBRIS,,CLS,H0249001_S_KC1129,指甲油 (彩色系),,110,110,0,0,0,2025-09-26_17:40:04
244973,HYBRIS,,CLS,H0249001_S_KC1130,指甲油 (彩色系),,110,110,0,0,0,2025-09-26_17:40:04
244973,HYBRIS,,CLS,H0249001_S_KC1131,指甲油 (彩色系),,110,110,0,0,0,2025-09-26_17:40:04
244973,HYBRIS,,CLS,H0249001_S_KC1134,指甲油 (紅色系),,110,110,0,0,0,2025-09-26_17:40:04
244973,HYBRIS,,CLS,H0249001_S_KC1137,指甲油 (色號 - 37透明),,110,110,0,0,0,2025-09-26_17:40:05
244973,HYBRIS,,CLS,H0249001_S_KC1139,指甲油 (彩色系),,110,110,0,0,0,2025-09-26_17:40:05
244973,HYBRIS,,CLS,H0249001_S_KC1146,指甲油 (藍紫色系),,110,110,0,0,0,2025-09-26_17:40:05
244973,HYBRIS,,CLS,H0249001_S_KC1148,指甲油 (彩色系),,110,110,0,0,0,2025-09-26_17:40:05
244973,HYBRIS,,CLS,H0249001_S_KC1152,指甲油 (紅色系),,110,110,0,0,0,2025-09-26_17:40:05
244973,HYBRIS,,CLS,H0249001_S_Q004,雙妹綿布袋 (白色),,110,110,0,0,0,2025-09-26_17:40:05
244973,HYBRIS,,CLS,H0249001_S_Q005,雙妹綿布袋 (自然色),,110,110,0,0,0,2025-09-26_17:40:05
244973,HYBRIS,,CLS,H0255001_S_21875,蒜油 250粒,,110,110,0,0,0,2025-09-26_17:40:05
244973,HYBRIS,,CLS,H0255001_S_21942,利筋諾 50粒,,110,110,0,0,0,2025-09-26_17:40:05
244973,HYBRIS,,CLS,H0255001_S_22993,乳薊果 60片,,110,110,0,0,0,2025-09-26_17:40:05
244973,HYBRIS,,CLS,H0255001_S_23452,葡萄籽加強配方 30片,,110,110,0,0,0,2025-09-26_17:40:06
244973,HYBRIS,,CLS,H0255001_S_24008,無腥味魚油1000 200粒,,110,110,0,0,0,2025-09-26_17:40:06
244973,HYBRIS,,CLS,H0255001_S_24177,葉黃素 60粒,,110,110,0,0,0,2025-09-26_17:40:06
244973,HYBRIS,,CLS,H0255001_S_24201,護眼山桑子 30片,,110,110,0,0,0,2025-09-26_17:40:06
244973,HYBRIS,,CLS,H0255001_S_24877,兒童果味魚油丸 30粒,,110,110,0,0,0,2025-09-26_17:40:06
244973,HYBRIS,,CLS,H0255001_S_25067,鋸櫚前列配方 60粒,,20,20,0,0,0,2025-09-26_17:40:06
244973,HYBRIS,,CLS,H0255001_S_25207,維他命D3 1000 30粒,,110,110,0,0,0,2025-09-26_17:40:06
244973,HYBRIS,,CLS,H0255001_S_25266,護養關節配方 60粒,,110,110,0,0,0,2025-09-26_17:40:06
244973,HYBRIS,,CLS,H0294001_S_120088,免沖洗保濕護髮乳,,110,110,0,0,0,2025-09-26_17:40:06
244973,HYBRIS,,CLS,H0294001_S_120295,潔淨控油洗髮露,,110,110,0,0,0,2025-09-26_17:40:06
244973,HYBRIS,,CLS,H0294001_S_120533,波浪捲髮精華露波浪捲髮精華露波浪捲髮精華露波浪捲髮精華露,,110,110,0,0,0,2025-09-26_17:40:06
244973,HYBRIS,,CLS,H0318002_S_812719,有機矢車菊花水 200ml,,130,130,0,0,0,2025-09-26_17:40:06
244973,HYBRIS,,CLS,H0318002_S_812724,有機大馬士革玫瑰花水 200ml,,130,130,0,0,0,2025-09-26_17:40:06
244973,HYBRIS,,CLS,H0318002_S_852974,有機3重蜂蜜潤澤身體乳霜 150ml,,10,10,0,0,0,2025-09-26_17:40:06
244973,HYBRIS,,CLS,H0318002_S_855281,有機3重蜂蜜潤澤身體磨砂 150g,,110,110,0,0,0,2025-09-26_17:40:06
244973,HYBRIS,,CLS,H0318002_S_86Z0004,有機防敏香體露 50ml,,105,105,0,0,0,2025-09-26_17:40:06
244973,HYBRIS,,CLS,H0539001_S_50159,Royal Touch 敏感肌適用產後專用衛生巾 L碼 (5片/包),,110,110,0,0,0,2025-09-26_17:40:06
244973,HYBRIS,,CLS,H0888001_S_10004619,特級魚露,,15,15,0,0,0,2025-09-26_17:40:07
244973,HYBRIS,,CLS,H0888001_S_10004625,南乳,,220,220,0,0,0,2025-09-26_17:40:07
244973,HYBRIS,,CLS,H0888001_S_10004645,爽口榨菜絲,,230,230,0,0,0,2025-09-26_17:40:07
244973,HYBRIS,,CLS,H0888001_S_10004649,辣香蘿蔔,,120,120,0,0,0,2025-09-26_17:40:07
244973,HYBRIS,,CLS,H0888001_S_10004653,陳醋蕎頭,,130,130,0,0,0,2025-09-26_17:40:07
244973,HYBRIS,,CLS,H0888001_S_10004654,甜酸蕎頭,,130,130,0,0,0,2025-09-26_17:40:07
244973,HYBRIS,,CLS,H0888001_S_10004666,鮑汁靈芝菇片,,220,220,0,0,0,2025-09-26_17:40:07
244973,HYBRIS,,CLS,H0888001_S_10005984,豬骨火鍋上湯,,270,270,0,0,0,2025-09-26_17:40:07
244973,HYBRIS,,CLS,H0888001_S_10005986,醉雞火鍋上湯,,270,270,0,0,0,2025-09-26_17:40:07
244973,HYBRIS,,CLS,H0888001_S_10007891,洋蔥南瓜馬鈴薯片,,10,10,0,0,0,2025-09-26_17:40:07
244973,HYBRIS,,CLS,H0888001_S_10009135,藍梅寒天果凍糖,,10,10,0,0,0,2025-09-26_17:40:07
244973,HYBRIS,,CLS,H0888001_S_10009139,蜂蜜檸檬寒天果凍糖,,10,10,0,0,0,2025-09-26_17:40:07
244973,HYBRIS,,CLS,H0888001_S_10009151,什錦軟糖,,220,220,0,0,0,2025-09-26_17:40:07
244973,HYBRIS,,CLS,H0888001_S_10009386,北海道扇貝味薯片,,10,10,0,0,0,2025-09-26_17:40:07
244973,HYBRIS,,CLS,H0888001_S_10009388,酥餅 (黑朱古力),,15,15,0,0,0,2025-09-26_17:40:07
244973,HYBRIS,,CLS,H0888001_S_10011987,好ｅ食 - 白汁煙肉磨菇意粉 (急凍),,210,210,0,0,0,2025-09-26_17:40:07
244973,HYBRIS,,CLS,H0888001_S_10007313,滋潤保濕乳霜,,12,12,0,0,0,2025-09-26_17:40:07
244973,HYBRIS,,CLS,H0888001_S_10022686,猴頭菇雪耳百合潤肺湯,,192,192,0,0,0,2025-09-26_17:40:07
244973,HYBRIS,,CLS,H0888001_S_10018925,白風船米餅-牛奶忌廉味,,500,500,0,0,0,2025-09-26_17:40:07
244979,IMAX_KERRY,,STS,H0888001_S_10012783,巴西牛胸腩粒 (急凍),IM00072278,1285,0,0,0,0,2025-09-26_18:19:00
244982,IMAX_KERRY,,WFS,H0888001_S_10012783,巴西牛胸腩粒 (急凍),IM00072279,50,0,0,0,0,2025-09-26_18:49:00
244985,HYBRIS,,RRS,H0888001_S_10012783,巴西牛胸腩粒 (急凍),,600,0,0,0,0,2025-09-26_19:19:00
244989,IMAX_KERRY,,RRS,H0888001_S_10012783,巴西牛胸腩粒 (急凍),IM00072281,700,0,0,0,0,2025-09-26_19:59:00
244991,HYBRIS,,HHS,H0249001_S_1272,AAA薰衣草沐浴露,,20,0,0,0,0,2025-09-26_20:09:01
244991,HYBRIS,,HHS,H0249001_S_1272s-74s,BBB薰衣草身體潔淨旅行套裝,,20,0,0,0,0,2025-09-26_20:09:02
244991,HYBRIS,,HHS,H0249001_S_1274,DDD薰衣草護髮素,,20,0,0,0,0,2025-09-26_20:09:02
244991,HYBRIS,,HHS,H0249001_S_1282s-84s,活花身體潔淨旅行套裝,,20,0,0,0,0,2025-09-26_20:09:02
244991,HYBRIS,,HHS,H0249001_S_1284,活花護髮素,,20,0,0,0,0,2025-09-26_20:09:02
244991,HYBRIS,,HHS,H0249001_S_1292,花露水沐浴露,,20,0,0,0,0,2025-09-26_20:09:02
244991,HYBRIS,,HHS,H0249001_S_1292s-94s,花露水身體潔淨旅行套裝一二三四五六,,20,0,0,0,0,2025-09-26_20:09:02
244991,HYBRIS,,HHS,H0249001_S_1293,花露水洗髮水,,20,0,0,0,0,2025-09-26_20:09:02
244991,HYBRIS,,HHS,H0249001_S_1294,花露水護髮素,,20,0,0,0,0,2025-09-26_20:09:02
244991,HYBRIS,,HHS,H0249001_S_2151,雪花膏,,20,0,0,0,0,2025-09-26_20:09:02
244991,HYBRIS,,HHS,H0249001_S_2152,活花潤手霜,,20,0,0,0,0,2025-09-26_20:09:02
244991,HYBRIS,,HHS,H0249001_S_2157,花露水香皂,,20,0,0,0,0,2025-09-26_20:09:03
244991,HYBRIS,,HHS,H0249001_S_2163,活花爽身粉 (玫瑰花香),,20,0,0,0,0,2025-09-26_20:09:03
244991,HYBRIS,,HHS,H0249001_S_2166,活花香皂,,20,0,0,0,0,2025-09-26_20:09:03
244991,HYBRIS,,HHS,H0249001_S_2167,活花止汗液,,20,0,0,0,0,2025-09-26_20:09:03
244991,HYBRIS,,HHS,H0249001_S_2177,迷你雪花膏,,20,0,0,0,0,2025-09-26_20:09:03
244991,HYBRIS,,HHS,H0249001_S_2181,EEE薰衣草味護髮油,,20,0,0,0,0,2025-09-26_20:09:03
244991,HYBRIS,,HHS,H0249001_S_2182,活花味護髮油  (玫瑰花香),,20,0,0,0,0,2025-09-26_20:09:03
244991,HYBRIS,,HHS,H0249001_S_2186,活花爽身粉 80克 (罐裝)（附柔軟粉撲）,,20,0,0,0,0,2025-09-26_20:09:03
244991,HYBRIS,,HHS,H0249001_S_2187,花露水爽身粉 80克 (罐裝)（附柔軟粉撲）,,20,0,0,0,0,2025-09-26_20:09:03
244991,HYBRIS,,HHS,H0249001_S_2188B,花露水濕紙巾 (20片),,20,0,0,0,0,2025-09-26_20:09:03
244991,HYBRIS,,HHS,H0249001_S_2198,花露水 (200毫升),,20,0,0,0,0,2025-09-26_20:09:03
244991,HYBRIS,,HHS,H0249001_S_2202,花露水 (100毫升),,20,0,0,0,0,2025-09-26_20:09:03
244991,HYBRIS,,HHS,H0249001_S_2204,花露水 (15毫升),,20,0,0,0,0,2025-09-26_20:09:03
244991,HYBRIS,,HHS,H0249001_S_2208,花露水 (10毫升),,20,0,0,0,0,2025-09-26_20:09:03
244991,HYBRIS,,HHS,H0249001_S_2209,花露水膏,,20,0,0,0,0,2025-09-26_20:09:03
244991,HYBRIS,,HHS,H0249001_S_4261,雙妹嚜復古記事簿,,20,0,0,0,0,2025-09-26_20:09:03
244991,HYBRIS,,HHS,H0249001_S_4281,雙妹嚜復古記事簿,,20,0,0,0,0,2025-09-26_20:09:03
244991,HYBRIS,,HHS,H0249001_S_4284,雙妹嚜復古拼圖,,20,0,0,0,0,2025-09-26_20:09:04
244991,HYBRIS,,HHS,H0249001_S_4286,雙妹嚜復古拼圖,,20,0,0,0,0,2025-09-26_20:09:04
244991,HYBRIS,,HHS,H0249001_S_4287,雙妹嚜復古拼圖,,20,0,0,0,0,2025-09-26_20:09:04
244991,HYBRIS,,HHS,H0249001_S_4290,懷舊2R相簿,,20,0,0,0,0,2025-09-26_20:09:04
244991,HYBRIS,,HHS,H0249001_S_4291,懷舊2R相簿,,20,0,0,0,0,2025-09-26_20:09:04
244991,HYBRIS,,HHS,H0249001_S_4292,懷舊2R相簿,,20,0,0,0,0,2025-09-26_20:09:04
244991,HYBRIS,,HHS,H0249001_S_4293,懷舊2R相簿,,20,0,0,0,0,2025-09-26_20:09:04
244991,HYBRIS,,HHS,H0249001_S_8808,馬賽皂 (檸檬),,20,0,0,0,0,2025-09-26_20:09:04
244991,HYBRIS,,HHS,H0249001_S_8809,馬賽皂 (蜜糖),,20,0,0,0,0,2025-09-26_20:09:04
244991,HYBRIS,,HHS,H0249001_S_8810,馬賽皂 (白檀),,20,0,0,0,0,2025-09-26_20:09:04
244991,HYBRIS,,HHS,H0249001_S_KC1100,指甲水,,20,0,0,0,0,2025-09-26_20:09:04
244991,HYBRIS,,HHS,H0249001_S_KC1101,指甲油 (藍紫色系),,20,0,0,0,0,2025-09-26_20:09:04
244991,HYBRIS,,HHS,H0249001_S_KC1102,指甲油 (藍紫色系),,20,0,0,0,0,2025-09-26_20:09:04
244991,HYBRIS,,HHS,H0249001_S_KC1103,指甲油 (藍紫色系),,20,0,0,0,0,2025-09-26_20:09:05
244991,HYBRIS,,HHS,H0249001_S_KC1105,指甲油 (藍紫色系),,20,0,0,0,0,2025-09-26_20:09:05
244991,HYBRIS,,HHS,H0249001_S_KC1106,指甲油 (紅色系),,20,0,0,0,0,2025-09-26_20:09:05
244991,HYBRIS,,HHS,H0249001_S_KC1107,指甲油 (紅色系),,20,0,0,0,0,2025-09-26_20:09:05
244991,HYBRIS,,HHS,H0249001_S_KC1108,指甲油 (紅色系),,20,0,0,0,0,2025-09-26_20:09:05
244991,HYBRIS,,HHS,H0249001_S_KC1112,指甲油 (藍紫色系),,20,0,0,0,0,2025-09-26_20:09:05
244991,HYBRIS,,HHS,H0249001_S_KC1113,指甲油 (紅色系),,20,0,0,0,0,2025-09-26_20:09:05
244991,HYBRIS,,HHS,H0249001_S_KC1116,指甲油 (彩色系),,20,0,0,0,0,2025-09-26_20:09:05
244991,HYBRIS,,HHS,H0249001_S_KC1121,指甲油 (紅色系),,20,0,0,0,0,2025-09-26_20:09:05
244991,HYBRIS,,HHS,H0249001_S_KC1123,指甲油 (紅色系),,20,0,0,0,0,2025-09-26_20:09:05
244991,HYBRIS,,HHS,H0249001_S_KC1124,指甲油 (紅色系),,20,0,0,0,0,2025-09-26_20:09:05
244991,HYBRIS,,HHS,H0249001_S_KC1127,指甲油 (彩色系),,20,0,0,0,0,2025-09-26_20:09:06
244991,HYBRIS,,HHS,H0249001_S_KC1129,指甲油 (彩色系),,20,0,0,0,0,2025-09-26_20:09:06
244991,HYBRIS,,HHS,H0249001_S_KC1130,指甲油 (彩色系),,20,0,0,0,0,2025-09-26_20:09:06
244991,HYBRIS,,HHS,H0249001_S_KC1131,指甲油 (彩色系),,20,0,0,0,0,2025-09-26_20:09:06
244991,HYBRIS,,HHS,H0249001_S_KC1134,指甲油 (紅色系),,20,0,0,0,0,2025-09-26_20:09:06
244991,HYBRIS,,HHS,H0249001_S_KC1137,指甲油 (色號 - 37透明),,20,0,0,0,0,2025-09-26_20:09:06
244991,HYBRIS,,HHS,H0249001_S_KC1139,指甲油 (彩色系),,20,0,0,0,0,2025-09-26_20:09:06
244991,HYBRIS,,HHS,H0249001_S_KC1146,指甲油 (藍紫色系),,20,0,0,0,0,2025-09-26_20:09:07
244991,HYBRIS,,HHS,H0249001_S_KC1148,指甲油 (彩色系),,20,0,0,0,0,2025-09-26_20:09:07
244991,HYBRIS,,HHS,H0249001_S_KC1152,指甲油 (紅色系),,20,0,0,0,0,2025-09-26_20:09:08
244991,HYBRIS,,HHS,H0249001_S_Q004,雙妹綿布袋 (白色),,20,0,0,0,0,2025-09-26_20:09:08
244991,HYBRIS,,HHS,H0249001_S_Q005,雙妹綿布袋 (自然色),,20,0,0,0,0,2025-09-26_20:09:08
244991,HYBRIS,,HHS,H0255001_S_21875,蒜油 250粒,,20,0,0,0,0,2025-09-26_20:09:08
244991,HYBRIS,,HHS,H0255001_S_21942,利筋諾 50粒,,20,0,0,0,0,2025-09-26_20:09:08
244991,HYBRIS,,HHS,H0255001_S_22993,乳薊果 60片,,20,0,0,0,0,2025-09-26_20:09:08
244991,HYBRIS,,HHS,H0255001_S_23452,葡萄籽加強配方 30片,,20,0,0,0,0,2025-09-26_20:09:08
244991,HYBRIS,,HHS,H0255001_S_24008,無腥味魚油1000 200粒,,20,0,0,0,0,2025-09-26_20:09:08
244991,HYBRIS,,HHS,H0255001_S_24177,葉黃素 60粒,,20,0,0,0,0,2025-09-26_20:09:08
244991,HYBRIS,,HHS,H0255001_S_24201,護眼山桑子 30片,,20,0,0,0,0,2025-09-26_20:09:08
244991,HYBRIS,,HHS,H0255001_S_24877,兒童果味魚油丸 30粒,,20,0,0,0,0,2025-09-26_20:09:09
244991,HYBRIS,,HHS,H0255001_S_25067,鋸櫚前列配方 60粒,,20,0,0,0,0,2025-09-26_20:09:09
244991,HYBRIS,,HHS,H0255001_S_25110,亞麻籽油植物奧米加369 100粒,,20,0,0,0,0,2025-09-26_20:09:09
244991,HYBRIS,,HHS,H0255001_S_25207,維他命D3 1000 30粒,,20,0,0,0,0,2025-09-26_20:09:09
244991,HYBRIS,,HHS,H0255001_S_25266,護養關節配方 60粒,,20,0,0,0,0,2025-09-26_20:09:09
244991,HYBRIS,,HHS,H0294001_S_120088,免沖洗保濕護髮乳,,20,0,0,0,0,2025-09-26_20:09:09
244991,HYBRIS,,HHS,H0294001_S_120295,潔淨控油洗髮露,,20,0,0,0,0,2025-09-26_20:09:09
244991,HYBRIS,,HHS,H0294001_S_120533,波浪捲髮精華露波浪捲髮精華露波浪捲髮精華露波浪捲髮精華露,,20,0,0,0,0,2025-09-26_20:09:09
244991,HYBRIS,,HHS,H0318002_S_812719,有機矢車菊花水 200ml,,20,0,0,0,0,2025-09-26_20:09:09
244991,HYBRIS,,HHS,H0318002_S_812724,有機大馬士革玫瑰花水 200ml,,20,0,0,0,0,2025-09-26_20:09:09
244991,HYBRIS,,HHS,H0318002_S_852974,有機3重蜂蜜潤澤身體乳霜 150ml,,20,0,0,0,0,2025-09-26_20:09:09
244991,HYBRIS,,HHS,H0318002_S_855281,有機3重蜂蜜潤澤身體磨砂 150g,,20,0,0,0,0,2025-09-26_20:09:09
244991,HYBRIS,,HHS,H0318002_S_861153,有機日用洗髮水 500ml,,20,0,0,0,0,2025-09-26_20:09:09
244991,HYBRIS,,HHS,H0318002_S_86Z0004,有機防敏香體露 50ml,,20,0,0,0,0,2025-09-26_20:09:09
244991,HYBRIS,,HHS,H0318002_S_86Z0005,有機乳木果油護髮素 150ml,,20,0,0,0,0,2025-09-26_20:09:09
244991,HYBRIS,,HHS,H0539001_S_50159,Royal Touch 敏感肌適用產後專用衛生巾 L碼 (5片/包),,20,0,0,0,0,2025-09-26_20:09:09
245002,HYBRIS,,WFS,H0249001_S_1274,DDD薰衣草護髮素,,15,15,0,0,0,2025-09-26_23:40:01
245002,HYBRIS,,WFS,H0249001_S_2151,雪花膏,,5,5,0,0,0,2025-09-26_23:40:02
245002,HYBRIS,,WFS,H0249001_S_4290,懷舊2R相簿,,5,5,0,0,0,2025-09-26_23:40:03
245002,HYBRIS,,WFS,H0249001_S_KC1139,指甲油 (彩色系),,5,5,0,0,0,2025-09-26_23:40:05
245002,HYBRIS,,WFS,H0318002_S_812724,有機大馬士革玫瑰花水 200ml,,10,10,0,0,0,2025-09-26_23:40:06
245002,HYBRIS,,WFS,H0318002_S_855281,有機3重蜂蜜潤澤身體磨砂 150g,,10,10,0,0,0,2025-09-26_23:40:07
245002,HYBRIS,,WFS,H0318002_S_86Z0005,有機乳木果油護髮素 150ml,,5,5,0,0,0,2025-09-26_23:40:07
245002,HYBRIS,,WFS,H0888001_S_10005984,豬骨火鍋上湯,,105,105,0,0,0,2025-09-26_23:40:07
245002,HYBRIS,,WFS,H0888001_S_10005985,黑胡椒豬骨火鍋上湯,,15,15,0,0,0,2025-09-26_23:40:07
245020,IMAX_STACKING,FROZEN,COB,H0888001_S_10022875,美國特選牛肩胛肥牛片 (急凍),IS00072286,520,520,0,0,0,2025-09-27_00:00:01
245016,HYBRIS,,TWS,H0859001_S_OS-620,uPure 2 潔淨濾水器2,,440,440,0,0,0,2025-09-27_00:00:01
245020,IMAX_STACKING,FROZEN,COB,H0888001_S_10012511,西班牙咸豬手,IS00072286,1610,1610,0,0,0,2025-09-27_00:00:01
245020,IMAX_STACKING,FROZEN,COB,H0888001_S_10011849,美國大西洋野生響螺頭 M (急凍),IS00072286,3000,3000,0,0,0,2025-09-27_00:00:01
245020,IMAX_STACKING,FROZEN,COB,H0888001_S_10011848,日本煮食用帶子急凍急凍,IS00072286,990,990,0,0,0,2025-09-27_00:00:01
245021,HYBRIS,,COB,H0888001_S_10009135,藍梅寒天果凍糖,,1212,1212,0,0,0,2025-09-27_00:01:00
245021,HYBRIS,,COB,H0888001_S_10009139,蜂蜜檸檬寒天果凍糖,,1308,1308,0,0,0,2025-09-27_00:01:00
245021,HYBRIS,,COB,H0888001_S_10009151,什錦軟糖,,1420,1420,0,0,0,2025-09-27_00:01:00
245029,HYBRIS,,CLS,H0888001_S_10007313,滋潤保濕乳霜,,444,0,0,0,0,2025-09-27_10:09:00
245030,IMAX_STACKING,DRY,CLS,H0888001_S_10002195,大樽生啤 (日本版),IS00072289,12,0,0,0,0,2025-09-27_10:22:00
245031,HYBRIS,,STS,H0888001_S_10012783,巴西牛胸腩粒 (急凍),,792,0,0,0,0,2025-09-27_10:32:00
245032,HYBRIS,,CLS,H0888001_S_10133455,澳洲和牛漢堡扒 (急凍),,1020,0,0,0,0,2025-09-27_10:38:00
245032,HYBRIS,,CLS,H0888001_S_10133940,(澳洲直送!) 澳洲穀飼西冷牛扒 (2塊裝) (急凍),,1025,0,0,0,0,2025-09-27_10:38:00
245032,HYBRIS,,CLS,H0888001_S_10133453,澳洲M4+ 和牛西冷牛扒 (急凍),,330,0,0,0,0,2025-09-27_10:38:00
245032,HYBRIS,,CLS,H0888001_S_10018534,澳洲海參(禿參，又名花刺參) (急凍),,408,0,0,0,0,2025-09-27_10:38:00
245037,HYBRIS,,WFS,H0888001_S_10012013,Bibigo 韓式傳統脆皮煎餃 (急凍),,150,0,0,0,0,2025-09-27_11:25:00
245041,HYBRIS,,CLS,H0888001_S_10007313,滋潤保濕乳霜,,12,0,0,0,0,2025-09-27_11:42:00
245049,HYBRIS,,TWS,H0888001_S_10008283,燕麥脆條 - 蜜糖★燕麥,,36,36,0,0,0,2025-09-27_13:00:00
245053,IMAX_KERRY,,CLS,H0888001_S_10012783,巴西牛胸腩粒 (急凍),IM00072295,784,0,0,0,0,2025-09-27_13:32:00
245054,HYBRIS,,LPS,H0888001_S_10012783,巴西牛胸腩粒 (急凍),,8,8,0,0,0,2025-09-27_13:49:00
245058,IMAX_KERRY,,SHS,H0888001_S_10012783,巴西牛胸腩粒 (急凍),IM00072297,786,0,0,0,0,2025-09-27_14:09:00
245059,HYBRIS,,CLS,H0888001_S_10004649,辣香蘿蔔,,2900,0,0,0,0,2025-09-27_14:19:00
245059,HYBRIS,,CLS,H0888001_S_10007313,滋潤保濕乳霜,,27,0,0,0,0,2025-09-27_14:19:00
245080,HYBRIS,,CLS,H0888001_S_10007313,滋潤保濕乳霜,,108,0,0,0,0,2025-09-27_16:41:00
245083,HYBRIS,,RRS,H0888001_S_10018534,澳洲海參(禿參，又名花刺參) (急凍),,96,0,0,0,0,2025-09-27_16:50:00
245084,IMAX_KERRY,,WSH,H0888001_S_10012783,巴西牛胸腩粒 (急凍),IM00072301,786,0,0,0,0,2025-09-27_16:54:00
245089,IMAX_STACKING,CHILLED,CLS,H0888001_S_10012783,巴西牛胸腩粒 (急凍),IS00072303,5000,0,0,0,0,2025-09-27_17:10:00
245090,IMAX_STACKING,DRY,CLS,H0255001_S_25116,健腦高濃度深海魚油 60粒,IS00072302,290,0,0,0,0,2025-09-27_17:10:00
245092,HYBRIS,,CLS,H0249001_S_1272s-74s,BBB薰衣草身體潔淨旅行套裝,,110,0,0,0,0,2025-09-27_17:40:01
245092,HYBRIS,,CLS,H0249001_S_1274,DDD薰衣草護髮素,,10,0,0,0,0,2025-09-27_17:40:01
245092,HYBRIS,,CLS,H0249001_S_1282s-84s,活花身體潔淨旅行套裝,,110,0,0,0,0,2025-09-27_17:40:01
245092,HYBRIS,,CLS,H0249001_S_1284,活花護髮素,,110,0,0,0,0,2025-09-27_17:40:01
245092,HYBRIS,,CLS,H0249001_S_1292,花露水沐浴露,,110,0,0,0,0,2025-09-27_17:40:01
245092,HYBRIS,,CLS,H0249001_S_1292s-94s,花露水身體潔淨旅行套裝一二三四五六,,110,0,0,0,0,2025-09-27_17:40:01
245092,HYBRIS,,CLS,H0249001_S_1293,花露水洗髮水,,110,0,0,0,0,2025-09-27_17:40:01
245092,HYBRIS,,CLS,H0249001_S_1294,花露水護髮素,,110,0,0,0,0,2025-09-27_17:40:01
245092,HYBRIS,,CLS,H0249001_S_2151,雪花膏,,120,0,0,0,0,2025-09-27_17:40:02
245092,HYBRIS,,CLS,H0249001_S_2152,活花潤手霜,,110,0,0,0,0,2025-09-27_17:40:02
245092,HYBRIS,,CLS,H0249001_S_2157,花露水香皂,,10,0,0,0,0,2025-09-27_17:40:02
245092,HYBRIS,,CLS,H0249001_S_2163,活花爽身粉 (玫瑰花香),,120,0,0,0,0,2025-09-27_17:40:02
245092,HYBRIS,,CLS,H0249001_S_2166,活花香皂,,120,0,0,0,0,2025-09-27_17:40:02
245092,HYBRIS,,CLS,H0249001_S_2167,活花止汗液,,120,0,0,0,0,2025-09-27_17:40:02
245092,HYBRIS,,CLS,H0249001_S_2177,迷你雪花膏,,110,0,0,0,0,2025-09-27_17:40:02
245092,HYBRIS,,CLS,H0249001_S_2181,EEE薰衣草味護髮油,,110,0,0,0,0,2025-09-27_17:40:02
245092,HYBRIS,,CLS,H0249001_S_2182,活花味護髮油  (玫瑰花香),,110,0,0,0,0,2025-09-27_17:40:02
245092,HYBRIS,,CLS,H0249001_S_2186,活花爽身粉 80克 (罐裝)（附柔軟粉撲）,,110,0,0,0,0,2025-09-27_17:40:02
245092,HYBRIS,,CLS,H0249001_S_2187,花露水爽身粉 80克 (罐裝)（附柔軟粉撲）,,110,0,0,0,0,2025-09-27_17:40:02
245092,HYBRIS,,CLS,H0249001_S_2188B,花露水濕紙巾 (20片),,110,0,0,0,0,2025-09-27_17:40:02
245092,HYBRIS,,CLS,H0249001_S_2198,花露水 (200毫升),,110,0,0,0,0,2025-09-27_17:40:02
245092,HYBRIS,,CLS,H0249001_S_2202,花露水 (100毫升),,110,0,0,0,0,2025-09-27_17:40:02
245092,HYBRIS,,CLS,H0249001_S_2204,花露水 (15毫升),,110,0,0,0,0,2025-09-27_17:40:02
245092,HYBRIS,,CLS,H0249001_S_2208,花露水 (10毫升),,110,0,0,0,0,2025-09-27_17:40:02
245092,HYBRIS,,CLS,H0249001_S_2209,花露水膏,,110,0,0,0,0,2025-09-27_17:40:02
245092,HYBRIS,,CLS,H0249001_S_4261,雙妹嚜復古記事簿,,110,0,0,0,0,2025-09-27_17:40:03
245092,HYBRIS,,CLS,H0249001_S_4281,雙妹嚜復古記事簿,,110,0,0,0,0,2025-09-27_17:40:03
245092,HYBRIS,,CLS,H0249001_S_4284,雙妹嚜復古拼圖,,110,0,0,0,0,2025-09-27_17:40:03
245092,HYBRIS,,CLS,H0249001_S_4286,雙妹嚜復古拼圖,,110,0,0,0,0,2025-09-27_17:40:03
245092,HYBRIS,,CLS,H0249001_S_4287,雙妹嚜復古拼圖,,110,0,0,0,0,2025-09-27_17:40:03
245092,HYBRIS,,CLS,H0249001_S_4290,懷舊2R相簿,,110,0,0,0,0,2025-09-27_17:40:03
245092,HYBRIS,,CLS,H0249001_S_4291,懷舊2R相簿,,110,0,0,0,0,2025-09-27_17:40:03
245092,HYBRIS,,CLS,H0249001_S_4292,懷舊2R相簿,,110,0,0,0,0,2025-09-27_17:40:03
245092,HYBRIS,,CLS,H0249001_S_4293,懷舊2R相簿,,110,0,0,0,0,2025-09-27_17:40:03
245092,HYBRIS,,CLS,H0249001_S_4315,雙妹嚜黑色環保袋,,110,0,0,0,0,2025-09-27_17:40:03
245092,HYBRIS,,CLS,H0249001_S_8808,馬賽皂 (檸檬),,110,0,0,0,0,2025-09-27_17:40:03
245092,HYBRIS,,CLS,H0249001_S_8809,馬賽皂 (蜜糖),,110,0,0,0,0,2025-09-27_17:40:03
245092,HYBRIS,,CLS,H0249001_S_8810,馬賽皂 (白檀),,110,0,0,0,0,2025-09-27_17:40:03
245092,HYBRIS,,CLS,H0249001_S_KC1100,指甲水,,110,0,0,0,0,2025-09-27_17:40:03
245092,HYBRIS,,CLS,H0249001_S_KC1101,指甲油 (藍紫色系),,110,0,0,0,0,2025-09-27_17:40:03
245092,HYBRIS,,CLS,H0249001_S_KC1102,指甲油 (藍紫色系),,110,0,0,0,0,2025-09-27_17:40:03
245092,HYBRIS,,CLS,H0249001_S_KC1103,指甲油 (藍紫色系),,110,0,0,0,0,2025-09-27_17:40:03
245092,HYBRIS,,CLS,H0249001_S_KC1105,指甲油 (藍紫色系),,110,0,0,0,0,2025-09-27_17:40:03
245092,HYBRIS,,CLS,H0249001_S_KC1106,指甲油 (紅色系),,110,0,0,0,0,2025-09-27_17:40:03
245092,HYBRIS,,CLS,H0249001_S_KC1107,指甲油 (紅色系),,110,0,0,0,0,2025-09-27_17:40:04
245092,HYBRIS,,CLS,H0249001_S_KC1108,指甲油 (紅色系),,110,0,0,0,0,2025-09-27_17:40:04
245092,HYBRIS,,CLS,H0249001_S_KC1112,指甲油 (藍紫色系),,110,0,0,0,0,2025-09-27_17:40:04
245092,HYBRIS,,CLS,H0249001_S_KC1113,指甲油 (紅色系),,110,0,0,0,0,2025-09-27_17:40:04
245092,HYBRIS,,CLS,H0249001_S_KC1116,指甲油 (彩色系),,110,0,0,0,0,2025-09-27_17:40:04
245092,HYBRIS,,CLS,H0249001_S_KC1121,指甲油 (紅色系),,110,0,0,0,0,2025-09-27_17:40:04
245092,HYBRIS,,CLS,H0249001_S_KC1123,指甲油 (紅色系),,110,0,0,0,0,2025-09-27_17:40:04
245092,HYBRIS,,CLS,H0249001_S_KC1124,指甲油 (紅色系),,110,0,0,0,0,2025-09-27_17:40:04
245092,HYBRIS,,CLS,H0249001_S_KC1127,指甲油 (彩色系),,110,0,0,0,0,2025-09-27_17:40:05
245092,HYBRIS,,CLS,H0249001_S_KC1129,指甲油 (彩色系),,110,0,0,0,0,2025-09-27_17:40:05
245092,HYBRIS,,CLS,H0249001_S_KC1130,指甲油 (彩色系),,110,0,0,0,0,2025-09-27_17:40:05
245092,HYBRIS,,CLS,H0249001_S_KC1131,指甲油 (彩色系),,110,0,0,0,0,2025-09-27_17:40:05
245092,HYBRIS,,CLS,H0249001_S_KC1134,指甲油 (紅色系),,110,0,0,0,0,2025-09-27_17:40:05
245092,HYBRIS,,CLS,H0249001_S_KC1137,指甲油 (色號 - 37透明),,110,0,0,0,0,2025-09-27_17:40:05
245092,HYBRIS,,CLS,H0249001_S_KC1139,指甲油 (彩色系),,110,0,0,0,0,2025-09-27_17:40:05
245092,HYBRIS,,CLS,H0249001_S_KC1146,指甲油 (藍紫色系),,110,0,0,0,0,2025-09-27_17:40:05
245092,HYBRIS,,CLS,H0249001_S_KC1148,指甲油 (彩色系),,110,0,0,0,0,2025-09-27_17:40:05
245092,HYBRIS,,CLS,H0249001_S_KC1152,指甲油 (紅色系),,110,0,0,0,0,2025-09-27_17:40:06
245092,HYBRIS,,CLS,H0249001_S_Q004,雙妹綿布袋 (白色),,110,0,0,0,0,2025-09-27_17:40:06
245092,HYBRIS,,CLS,H0249001_S_Q005,雙妹綿布袋 (自然色),,110,0,0,0,0,2025-09-27_17:40:06
245092,HYBRIS,,CLS,H0255001_S_21875,蒜油 250粒,,110,0,0,0,0,2025-09-27_17:40:06
245092,HYBRIS,,CLS,H0255001_S_21942,利筋諾 50粒,,110,0,0,0,0,2025-09-27_17:40:06
245092,HYBRIS,,CLS,H0255001_S_22993,乳薊果 60片,,110,0,0,0,0,2025-09-27_17:40:06
245092,HYBRIS,,CLS,H0255001_S_23452,葡萄籽加強配方 30片,,110,0,0,0,0,2025-09-27_17:40:06
245092,HYBRIS,,CLS,H0255001_S_24008,無腥味魚油1000 200粒,,110,0,0,0,0,2025-09-27_17:40:06
245092,HYBRIS,,CLS,H0255001_S_24177,葉黃素 60粒,,110,0,0,0,0,2025-09-27_17:40:06
245092,HYBRIS,,CLS,H0255001_S_24201,護眼山桑子 30片,,110,0,0,0,0,2025-09-27_17:40:06
245092,HYBRIS,,CLS,H0255001_S_24877,兒童果味魚油丸 30粒,,110,0,0,0,0,2025-09-27_17:40:06
245092,HYBRIS,,CLS,H0255001_S_25067,鋸櫚前列配方 60粒,,20,0,0,0,0,2025-09-27_17:40:06
245092,HYBRIS,,CLS,H0255001_S_25207,維他命D3 1000 30粒,,110,0,0,0,0,2025-09-27_17:40:06
245092,HYBRIS,,CLS,H0255001_S_25266,護養關節配方 60粒,,110,0,0,0,0,2025-09-27_17:40:07
245092,HYBRIS,,CLS,H0294001_S_120088,免沖洗保濕護髮乳,,110,0,0,0,0,2025-09-27_17:40:07
245092,HYBRIS,,CLS,H0294001_S_120295,潔淨控油洗髮露,,110,0,0,0,0,2025-09-27_17:40:07
245092,HYBRIS,,CLS,H0294001_S_120533,波浪捲髮精華露波浪捲髮精華露波浪捲髮精華露波浪捲髮精華露,,110,0,0,0,0,2025-09-27_17:40:07
245092,HYBRIS,,CLS,H0318002_S_812719,有機矢車菊花水 200ml,,130,0,0,0,0,2025-09-27_17:40:07
245092,HYBRIS,,CLS,H0318002_S_812724,有機大馬士革玫瑰花水 200ml,,130,0,0,0,0,2025-09-27_17:40:07
245092,HYBRIS,,CLS,H0318002_S_852974,有機3重蜂蜜潤澤身體乳霜 150ml,,10,0,0,0,0,2025-09-27_17:40:07
245092,HYBRIS,,CLS,H0318002_S_855281,有機3重蜂蜜潤澤身體磨砂 150g,,110,0,0,0,0,2025-09-27_17:40:07
245092,HYBRIS,,CLS,H0318002_S_86Z0004,有機防敏香體露 50ml,,105,0,0,0,0,2025-09-27_17:40:07
245092,HYBRIS,,CLS,H0539001_S_50159,Royal Touch 敏感肌適用產後專用衛生巾 L碼 (5片/包),,110,0,0,0,0,2025-09-27_17:40:07
245092,HYBRIS,,CLS,H0888001_S_10004619,特級魚露,,15,0,0,0,0,2025-09-27_17:40:07
245092,HYBRIS,,CLS,H0888001_S_10004625,南乳,,220,0,0,0,0,2025-09-27_17:40:07
245092,HYBRIS,,CLS,H0888001_S_10004645,爽口榨菜絲,,230,0,0,0,0,2025-09-27_17:40:07
245092,HYBRIS,,CLS,H0888001_S_10004649,辣香蘿蔔,,120,0,0,0,0,2025-09-27_17:40:07
245092,HYBRIS,,CLS,H0888001_S_10004653,陳醋蕎頭,,130,0,0,0,0,2025-09-27_17:40:07
245092,HYBRIS,,CLS,H0888001_S_10004654,甜酸蕎頭,,130,0,0,0,0,2025-09-27_17:40:07
245092,HYBRIS,,CLS,H0888001_S_10004666,鮑汁靈芝菇片,,220,0,0,0,0,2025-09-27_17:40:07
245092,HYBRIS,,CLS,H0888001_S_10005984,豬骨火鍋上湯,,270,0,0,0,0,2025-09-27_17:40:07
245092,HYBRIS,,CLS,H0888001_S_10005986,醉雞火鍋上湯,,270,0,0,0,0,2025-09-27_17:40:07
245092,HYBRIS,,CLS,H0888001_S_10007891,洋蔥南瓜馬鈴薯片,,10,0,0,0,0,2025-09-27_17:40:07
245092,HYBRIS,,CLS,H0888001_S_10009135,藍梅寒天果凍糖,,10,0,0,0,0,2025-09-27_17:40:08
245092,HYBRIS,,CLS,H0888001_S_10009139,蜂蜜檸檬寒天果凍糖,,10,0,0,0,0,2025-09-27_17:40:08
245092,HYBRIS,,CLS,H0888001_S_10009151,什錦軟糖,,220,0,0,0,0,2025-09-27_17:40:08
245092,HYBRIS,,CLS,H0888001_S_10009386,北海道扇貝味薯片,,10,0,0,0,0,2025-09-27_17:40:08
245092,HYBRIS,,CLS,H0888001_S_10009388,酥餅 (黑朱古力),,15,0,0,0,0,2025-09-27_17:40:08
245092,HYBRIS,,CLS,H0888001_S_10011987,好ｅ食 - 白汁煙肉磨菇意粉 (急凍),,210,0,0,0,0,2025-09-27_17:40:08
245092,HYBRIS,,CLS,H0888001_S_10007313,滋潤保濕乳霜,,12,0,0,0,0,2025-09-27_17:40:08
245092,HYBRIS,,CLS,H0888001_S_10022686,猴頭菇雪耳百合潤肺湯,,192,0,0,0,0,2025-09-27_17:40:08
245092,HYBRIS,,CLS,H0888001_S_10018925,白風船米餅-牛奶忌廉味,,500,0,0,0,0,2025-09-27_17:40:08
245098,IMAX_KERRY,,STS,H0888001_S_10012725,日式浦燒鰻魚 (急凍),IM00072306,150,150,150,0,0,2025-09-27_18:19:00
245098,IMAX_KERRY,,STS,H0888001_S_10012783,巴西牛胸腩粒 (急凍),IM00072306,1285,0,0,0,0,2025-09-27_18:19:00
245101,IMAX_KERRY,,WFS,H0888001_S_10012783,巴西牛胸腩粒 (急凍),IM00072307,50,0,0,0,0,2025-09-27_18:49:00
245104,HYBRIS,,RRS,H0888001_S_10012783,巴西牛胸腩粒 (急凍),,600,0,0,0,0,2025-09-27_19:19:00
245108,IMAX_KERRY,,RRS,H0888001_S_10012783,巴西牛胸腩粒 (急凍),IM00072309,700,0,0,0,0,2025-09-27_19:59:00
245110,HYBRIS,,HHS,H0249001_S_1272,AAA薰衣草沐浴露,,20,0,0,0,0,2025-09-27_20:09:00
245110,HYBRIS,,HHS,H0249001_S_1272s-74s,BBB薰衣草身體潔淨旅行套裝,,20,0,0,0,0,2025-09-27_20:09:01
245110,HYBRIS,,HHS,H0249001_S_1274,DDD薰衣草護髮素,,20,0,0,0,0,2025-09-27_20:09:01
245110,HYBRIS,,HHS,H0249001_S_1282s-84s,活花身體潔淨旅行套裝,,20,0,0,0,0,2025-09-27_20:09:01
245110,HYBRIS,,HHS,H0249001_S_1284,活花護髮素,,20,0,0,0,0,2025-09-27_20:09:01
245110,HYBRIS,,HHS,H0249001_S_1292,花露水沐浴露,,20,0,0,0,0,2025-09-27_20:09:01
245110,HYBRIS,,HHS,H0249001_S_1292s-94s,花露水身體潔淨旅行套裝一二三四五六,,20,0,0,0,0,2025-09-27_20:09:01
245110,HYBRIS,,HHS,H0249001_S_1293,花露水洗髮水,,20,0,0,0,0,2025-09-27_20:09:01
245110,HYBRIS,,HHS,H0249001_S_1294,花露水護髮素,,20,0,0,0,0,2025-09-27_20:09:01
245110,HYBRIS,,HHS,H0249001_S_2151,雪花膏,,20,0,0,0,0,2025-09-27_20:09:01
245110,HYBRIS,,HHS,H0249001_S_2152,活花潤手霜,,20,0,0,0,0,2025-09-27_20:09:01
245110,HYBRIS,,HHS,H0249001_S_2157,花露水香皂,,20,0,0,0,0,2025-09-27_20:09:01
245110,HYBRIS,,HHS,H0249001_S_2163,活花爽身粉 (玫瑰花香),,20,0,0,0,0,2025-09-27_20:09:01
245110,HYBRIS,,HHS,H0249001_S_2166,活花香皂,,20,0,0,0,0,2025-09-27_20:09:01
245110,HYBRIS,,HHS,H0249001_S_2167,活花止汗液,,20,0,0,0,0,2025-09-27_20:09:01
245110,HYBRIS,,HHS,H0249001_S_2177,迷你雪花膏,,20,0,0,0,0,2025-09-27_20:09:01
245110,HYBRIS,,HHS,H0249001_S_2181,EEE薰衣草味護髮油,,20,0,0,0,0,2025-09-27_20:09:01
245110,HYBRIS,,HHS,H0249001_S_2182,活花味護髮油  (玫瑰花香),,20,0,0,0,0,2025-09-27_20:09:01
245110,HYBRIS,,HHS,H0249001_S_2186,活花爽身粉 80克 (罐裝)（附柔軟粉撲）,,20,0,0,0,0,2025-09-27_20:09:02
245110,HYBRIS,,HHS,H0249001_S_2187,花露水爽身粉 80克 (罐裝)（附柔軟粉撲）,,20,0,0,0,0,2025-09-27_20:09:02
245110,HYBRIS,,HHS,H0249001_S_2188B,花露水濕紙巾 (20片),,20,0,0,0,0,2025-09-27_20:09:02
245110,HYBRIS,,HHS,H0249001_S_2198,花露水 (200毫升),,20,0,0,0,0,2025-09-27_20:09:02
245110,HYBRIS,,HHS,H0249001_S_2202,花露水 (100毫升),,20,0,0,0,0,2025-09-27_20:09:02
245110,HYBRIS,,HHS,H0249001_S_2204,花露水 (15毫升),,20,0,0,0,0,2025-09-27_20:09:02
245110,HYBRIS,,HHS,H0249001_S_2208,花露水 (10毫升),,20,0,0,0,0,2025-09-27_20:09:02
245110,HYBRIS,,HHS,H0249001_S_2209,花露水膏,,20,0,0,0,0,2025-09-27_20:09:02
245110,HYBRIS,,HHS,H0249001_S_4261,雙妹嚜復古記事簿,,20,0,0,0,0,2025-09-27_20:09:02
245110,HYBRIS,,HHS,H0249001_S_4281,雙妹嚜復古記事簿,,20,0,0,0,0,2025-09-27_20:09:02
245110,HYBRIS,,HHS,H0249001_S_4284,雙妹嚜復古拼圖,,20,0,0,0,0,2025-09-27_20:09:02
245110,HYBRIS,,HHS,H0249001_S_4286,雙妹嚜復古拼圖,,20,0,0,0,0,2025-09-27_20:09:02
245110,HYBRIS,,HHS,H0249001_S_4287,雙妹嚜復古拼圖,,20,0,0,0,0,2025-09-27_20:09:02
245110,HYBRIS,,HHS,H0249001_S_4290,懷舊2R相簿,,20,0,0,0,0,2025-09-27_20:09:02
245110,HYBRIS,,HHS,H0249001_S_4291,懷舊2R相簿,,20,0,0,0,0,2025-09-27_20:09:02
245110,HYBRIS,,HHS,H0249001_S_4292,懷舊2R相簿,,20,0,0,0,0,2025-09-27_20:09:02
245110,HYBRIS,,HHS,H0249001_S_4293,懷舊2R相簿,,20,0,0,0,0,2025-09-27_20:09:02
245110,HYBRIS,,HHS,H0249001_S_8808,馬賽皂 (檸檬),,20,0,0,0,0,2025-09-27_20:09:02
245110,HYBRIS,,HHS,H0249001_S_8809,馬賽皂 (蜜糖),,20,0,0,0,0,2025-09-27_20:09:02
245110,HYBRIS,,HHS,H0249001_S_8810,馬賽皂 (白檀),,20,0,0,0,0,2025-09-27_20:09:03
245110,HYBRIS,,HHS,H0249001_S_KC1100,指甲水,,20,0,0,0,0,2025-09-27_20:09:03
245110,HYBRIS,,HHS,H0249001_S_KC1101,指甲油 (藍紫色系),,20,0,0,0,0,2025-09-27_20:09:03
245110,HYBRIS,,HHS,H0249001_S_KC1102,指甲油 (藍紫色系),,20,0,0,0,0,2025-09-27_20:09:03
245110,HYBRIS,,HHS,H0249001_S_KC1103,指甲油 (藍紫色系),,20,0,0,0,0,2025-09-27_20:09:03
245110,HYBRIS,,HHS,H0249001_S_KC1105,指甲油 (藍紫色系),,20,0,0,0,0,2025-09-27_20:09:03
245110,HYBRIS,,HHS,H0249001_S_KC1106,指甲油 (紅色系),,20,0,0,0,0,2025-09-27_20:09:03
245110,HYBRIS,,HHS,H0249001_S_KC1107,指甲油 (紅色系),,20,0,0,0,0,2025-09-27_20:09:03
245110,HYBRIS,,HHS,H0249001_S_KC1108,指甲油 (紅色系),,20,0,0,0,0,2025-09-27_20:09:03
245110,HYBRIS,,HHS,H0249001_S_KC1112,指甲油 (藍紫色系),,20,0,0,0,0,2025-09-27_20:09:03
245110,HYBRIS,,HHS,H0249001_S_KC1113,指甲油 (紅色系),,20,0,0,0,0,2025-09-27_20:09:03
245110,HYBRIS,,HHS,H0249001_S_KC1116,指甲油 (彩色系),,20,0,0,0,0,2025-09-27_20:09:03
245110,HYBRIS,,HHS,H0249001_S_KC1121,指甲油 (紅色系),,20,0,0,0,0,2025-09-27_20:09:03
245110,HYBRIS,,HHS,H0249001_S_KC1123,指甲油 (紅色系),,20,0,0,0,0,2025-09-27_20:09:04
245110,HYBRIS,,HHS,H0249001_S_KC1124,指甲油 (紅色系),,20,0,0,0,0,2025-09-27_20:09:04
245110,HYBRIS,,HHS,H0249001_S_KC1127,指甲油 (彩色系),,20,0,0,0,0,2025-09-27_20:09:04
245110,HYBRIS,,HHS,H0249001_S_KC1129,指甲油 (彩色系),,20,0,0,0,0,2025-09-27_20:09:04
245110,HYBRIS,,HHS,H0249001_S_KC1130,指甲油 (彩色系),,20,0,0,0,0,2025-09-27_20:09:04
245110,HYBRIS,,HHS,H0249001_S_KC1131,指甲油 (彩色系),,20,0,0,0,0,2025-09-27_20:09:04
245110,HYBRIS,,HHS,H0249001_S_KC1134,指甲油 (紅色系),,20,0,0,0,0,2025-09-27_20:09:04
245110,HYBRIS,,HHS,H0249001_S_KC1137,指甲油 (色號 - 37透明),,20,0,0,0,0,2025-09-27_20:09:04
245110,HYBRIS,,HHS,H0249001_S_KC1139,指甲油 (彩色系),,20,0,0,0,0,2025-09-27_20:09:04
245110,HYBRIS,,HHS,H0249001_S_KC1146,指甲油 (藍紫色系),,20,0,0,0,0,2025-09-27_20:09:04
245110,HYBRIS,,HHS,H0249001_S_KC1148,指甲油 (彩色系),,20,0,0,0,0,2025-09-27_20:09:05
245110,HYBRIS,,HHS,H0249001_S_KC1152,指甲油 (紅色系),,20,0,0,0,0,2025-09-27_20:09:05
245110,HYBRIS,,HHS,H0249001_S_Q004,雙妹綿布袋 (白色),,20,0,0,0,0,2025-09-27_20:09:05
245110,HYBRIS,,HHS,H0249001_S_Q005,雙妹綿布袋 (自然色),,20,0,0,0,0,2025-09-27_20:09:05
245110,HYBRIS,,HHS,H0255001_S_21875,蒜油 250粒,,20,0,0,0,0,2025-09-27_20:09:05
245110,HYBRIS,,HHS,H0255001_S_21942,利筋諾 50粒,,20,0,0,0,0,2025-09-27_20:09:05
245110,HYBRIS,,HHS,H0255001_S_22993,乳薊果 60片,,20,0,0,0,0,2025-09-27_20:09:05
245110,HYBRIS,,HHS,H0255001_S_23452,葡萄籽加強配方 30片,,20,0,0,0,0,2025-09-27_20:09:05
245110,HYBRIS,,HHS,H0255001_S_24008,無腥味魚油1000 200粒,,20,0,0,0,0,2025-09-27_20:09:05
245110,HYBRIS,,HHS,H0255001_S_24177,葉黃素 60粒,,20,0,0,0,0,2025-09-27_20:09:05
245110,HYBRIS,,HHS,H0255001_S_24201,護眼山桑子 30片,,20,0,0,0,0,2025-09-27_20:09:05
245110,HYBRIS,,HHS,H0255001_S_24877,兒童果味魚油丸 30粒,,20,0,0,0,0,2025-09-27_20:09:05
245110,HYBRIS,,HHS,H0255001_S_25067,鋸櫚前列配方 60粒,,20,0,0,0,0,2025-09-27_20:09:05
245110,HYBRIS,,HHS,H0255001_S_25110,亞麻籽油植物奧米加369 100粒,,20,0,0,0,0,2025-09-27_20:09:06
245110,HYBRIS,,HHS,H0255001_S_25207,維他命D3 1000 30粒,,20,0,0,0,0,2025-09-27_20:09:06
245110,HYBRIS,,HHS,H0255001_S_25266,護養關節配方 60粒,,20,0,0,0,0,2025-09-27_20:09:06
245110,HYBRIS,,HHS,H0294001_S_120088,免沖洗保濕護髮乳,,20,0,0,0,0,2025-09-27_20:09:06
245110,HYBRIS,,HHS,H0294001_S_120295,潔淨控油洗髮露,,20,0,0,0,0,2025-09-27_20:09:06
245110,HYBRIS,,HHS,H0294001_S_120533,波浪捲髮精華露波浪捲髮精華露波浪捲髮精華露波浪捲髮精華露,,20,0,0,0,0,2025-09-27_20:09:06
245110,HYBRIS,,HHS,H0318002_S_812719,有機矢車菊花水 200ml,,20,0,0,0,0,2025-09-27_20:09:06
245110,HYBRIS,,HHS,H0318002_S_812724,有機大馬士革玫瑰花水 200ml,,20,0,0,0,0,2025-09-27_20:09:06
245110,HYBRIS,,HHS,H0318002_S_852974,有機3重蜂蜜潤澤身體乳霜 150ml,,20,0,0,0,0,2025-09-27_20:09:06
245110,HYBRIS,,HHS,H0318002_S_855281,有機3重蜂蜜潤澤身體磨砂 150g,,20,0,0,0,0,2025-09-27_20:09:06
245110,HYBRIS,,HHS,H0318002_S_861153,有機日用洗髮水 500ml,,20,0,0,0,0,2025-09-27_20:09:06
245110,HYBRIS,,HHS,H0318002_S_86Z0004,有機防敏香體露 50ml,,20,0,0,0,0,2025-09-27_20:09:06
245110,HYBRIS,,HHS,H0318002_S_86Z0005,有機乳木果油護髮素 150ml,,20,0,0,0,0,2025-09-27_20:09:06
245110,HYBRIS,,HHS,H0539001_S_50159,Royal Touch 敏感肌適用產後專用衛生巾 L碼 (5片/包),,20,0,0,0,0,2025-09-27_20:09:06
245121,HYBRIS,,WFS,H0249001_S_1274,DDD薰衣草護髮素,,15,15,0,0,0,2025-09-27_23:40:02
245121,HYBRIS,,WFS,H0249001_S_2151,雪花膏,,5,5,0,0,0,2025-09-27_23:40:02
245121,HYBRIS,,WFS,H0249001_S_4290,懷舊2R相簿,,5,5,0,0,0,2025-09-27_23:40:03
245121,HYBRIS,,WFS,H0249001_S_KC1139,指甲油 (彩色系),,5,5,0,0,0,2025-09-27_23:40:05
245121,HYBRIS,,WFS,H0318002_S_812724,有機大馬士革玫瑰花水 200ml,,10,10,0,0,0,2025-09-27_23:40:07
245121,HYBRIS,,WFS,H0318002_S_855281,有機3重蜂蜜潤澤身體磨砂 150g,,10,10,0,0,0,2025-09-27_23:40:07
245121,HYBRIS,,WFS,H0318002_S_86Z0005,有機乳木果油護髮素 150ml,,5,5,0,0,0,2025-09-27_23:40:07
245121,HYBRIS,,WFS,H0888001_S_10005984,豬骨火鍋上湯,,105,105,0,0,0,2025-09-27_23:40:08
245121,HYBRIS,,WFS,H0888001_S_10005985,黑胡椒豬骨火鍋上湯,,15,15,0,0,0,2025-09-27_23:40:08
245135,HYBRIS,,TWS,H0859001_S_OS-620,uPure 2 潔淨濾水器2,,440,440,0,0,0,2025-09-28_00:00:00
245138,IMAX_STACKING,FROZEN,COB,H0888001_S_10022875,美國特選牛肩胛肥牛片 (急凍),IS00072314,520,520,0,0,0,2025-09-28_00:00:00
245138,IMAX_STACKING,FROZEN,COB,H0888001_S_10012511,西班牙咸豬手,IS00072314,1610,1610,0,0,0,2025-09-28_00:00:01
245138,IMAX_STACKING,FROZEN,COB,H0888001_S_10011849,美國大西洋野生響螺頭 M (急凍),IS00072314,3000,3000,0,0,0,2025-09-28_00:00:01
245138,IMAX_STACKING,FROZEN,COB,H0888001_S_10011848,日本煮食用帶子急凍急凍,IS00072314,990,990,0,0,0,2025-09-28_00:00:01
245140,HYBRIS,,COB,H0888001_S_10009135,藍梅寒天果凍糖,,1212,1212,0,0,0,2025-09-28_00:01:00
245140,HYBRIS,,COB,H0888001_S_10009139,蜂蜜檸檬寒天果凍糖,,1308,1308,0,0,0,2025-09-28_00:01:00
245140,HYBRIS,,COB,H0888001_S_10009151,什錦軟糖,,1420,1420,0,0,0,2025-09-28_00:01:00
245147,HYBRIS,,CLS,H0888001_S_10007313,滋潤保濕乳霜,,444,0,0,0,0,2025-09-28_10:09:00
245148,IMAX_STACKING,DRY,CLS,H0888001_S_10002195,大樽生啤 (日本版),IS00072317,12,0,0,0,0,2025-09-28_10:22:00
245150,HYBRIS,,CLS,H0888001_S_10133455,澳洲和牛漢堡扒 (急凍),,1020,0,0,0,0,2025-09-28_10:38:00
245150,HYBRIS,,CLS,H0888001_S_10133940,(澳洲直送!) 澳洲穀飼西冷牛扒 (2塊裝) (急凍),,1025,0,0,0,0,2025-09-28_10:38:00
245150,HYBRIS,,CLS,H0888001_S_10133453,澳洲M4+ 和牛西冷牛扒 (急凍),,330,0,0,0,0,2025-09-28_10:38:00
245150,HYBRIS,,CLS,H0888001_S_10018534,澳洲海參(禿參，又名花刺參) (急凍),,408,0,0,0,0,2025-09-28_10:38:00
245155,HYBRIS,,WFS,H0888001_S_10012013,Bibigo 韓式傳統脆皮煎餃 (急凍),,150,0,0,0,0,2025-09-28_11:25:00
245158,HYBRIS,,CLS,H0888001_S_10007313,滋潤保濕乳霜,,12,0,0,0,0,2025-09-28_11:42:00
245159,IMAX_KERRY,,CLS,H0888001_S_10012777,紐西蘭帶骨羊仔腩 (急凍),IM00072321,40,40,40,0,0,2025-09-28_11:44:00
245166,HYBRIS,,TWS,H0888001_S_10008283,燕麥脆條 - 蜜糖★燕麥,,36,36,0,0,0,2025-09-28_13:00:00
245170,IMAX_KERRY,,CLS,H0888001_S_10012783,巴西牛胸腩粒 (急凍),IM00072323,784,0,0,0,0,2025-09-28_13:32:00
245171,HYBRIS,,LPS,H0888001_S_10012783,巴西牛胸腩粒 (急凍),,8,8,0,0,0,2025-09-28_13:49:00
245176,HYBRIS,,CLS,H0888001_S_10004649,辣香蘿蔔,,2900,0,0,0,0,2025-09-28_14:19:00
245176,HYBRIS,,CLS,H0888001_S_10007313,滋潤保濕乳霜,,27,0,0,0,0,2025-09-28_14:19:00
245197,HYBRIS,,CLS,H0888001_S_10007313,滋潤保濕乳霜,,108,0,0,0,0,2025-09-28_16:41:00
245200,HYBRIS,,RRS,H0888001_S_10018534,澳洲海參(禿參，又名花刺參) (急凍),,96,0,0,0,0,2025-09-28_16:50:00
245201,IMAX_KERRY,,WSH,H0888001_S_10012777,紐西蘭帶骨羊仔腩 (急凍),IM00072328,520,520,520,0,0,2025-09-28_16:54:00
245207,IMAX_STACKING,DRY,CLS,H0255001_S_25116,健腦高濃度深海魚油 60粒,IS00072329,290,0,0,0,0,2025-09-28_17:10:00
245206,IMAX_STACKING,CHILLED,CLS,H0888001_S_10012783,巴西牛胸腩粒 (急凍),IS00072330,5000,0,0,0,0,2025-09-28_17:10:00
245209,HYBRIS,,CLS,H0249001_S_1272s-74s,BBB薰衣草身體潔淨旅行套裝,,110,0,0,0,0,2025-09-28_17:40:01
245209,HYBRIS,,CLS,H0249001_S_1274,DDD薰衣草護髮素,,10,0,0,0,0,2025-09-28_17:40:01
245209,HYBRIS,,CLS,H0249001_S_1282s-84s,活花身體潔淨旅行套裝,,110,0,0,0,0,2025-09-28_17:40:01
245209,HYBRIS,,CLS,H0249001_S_1284,活花護髮素,,110,0,0,0,0,2025-09-28_17:40:01
245209,HYBRIS,,CLS,H0249001_S_1292,花露水沐浴露,,110,0,0,0,0,2025-09-28_17:40:01
245209,HYBRIS,,CLS,H0249001_S_1292s-94s,花露水身體潔淨旅行套裝一二三四五六,,110,0,0,0,0,2025-09-28_17:40:01
245209,HYBRIS,,CLS,H0249001_S_1293,花露水洗髮水,,110,0,0,0,0,2025-09-28_17:40:02
245209,HYBRIS,,CLS,H0249001_S_1294,花露水護髮素,,110,0,0,0,0,2025-09-28_17:40:02
245209,HYBRIS,,CLS,H0249001_S_2151,雪花膏,,120,0,0,0,0,2025-09-28_17:40:02
245209,HYBRIS,,CLS,H0249001_S_2152,活花潤手霜,,110,0,0,0,0,2025-09-28_17:40:02
245209,HYBRIS,,CLS,H0249001_S_2157,花露水香皂,,10,0,0,0,0,2025-09-28_17:40:02
245209,HYBRIS,,CLS,H0249001_S_2163,活花爽身粉 (玫瑰花香),,120,0,0,0,0,2025-09-28_17:40:02
245209,HYBRIS,,CLS,H0249001_S_2166,活花香皂,,120,0,0,0,0,2025-09-28_17:40:02
245209,HYBRIS,,CLS,H0249001_S_2167,活花止汗液,,120,0,0,0,0,2025-09-28_17:40:02
245209,HYBRIS,,CLS,H0249001_S_2177,迷你雪花膏,,110,0,0,0,0,2025-09-28_17:40:02
245209,HYBRIS,,CLS,H0249001_S_2181,EEE薰衣草味護髮油,,110,0,0,0,0,2025-09-28_17:40:02
245209,HYBRIS,,CLS,H0249001_S_2182,活花味護髮油  (玫瑰花香),,110,0,0,0,0,2025-09-28_17:40:02
245209,HYBRIS,,CLS,H0249001_S_2186,活花爽身粉 80克 (罐裝)（附柔軟粉撲）,,110,0,0,0,0,2025-09-28_17:40:02
245209,HYBRIS,,CLS,H0249001_S_2187,花露水爽身粉 80克 (罐裝)（附柔軟粉撲）,,110,0,0,0,0,2025-09-28_17:40:02
245209,HYBRIS,,CLS,H0249001_S_2188B,花露水濕紙巾 (20片),,110,0,0,0,0,2025-09-28_17:40:02
245209,HYBRIS,,CLS,H0249001_S_2198,花露水 (200毫升),,110,0,0,0,0,2025-09-28_17:40:02
245209,HYBRIS,,CLS,H0249001_S_2202,花露水 (100毫升),,110,0,0,0,0,2025-09-28_17:40:02
245209,HYBRIS,,CLS,H0249001_S_2204,花露水 (15毫升),,110,0,0,0,0,2025-09-28_17:40:02
245209,HYBRIS,,CLS,H0249001_S_2208,花露水 (10毫升),,110,0,0,0,0,2025-09-28_17:40:03
245209,HYBRIS,,CLS,H0249001_S_2209,花露水膏,,110,0,0,0,0,2025-09-28_17:40:03
245209,HYBRIS,,CLS,H0249001_S_4261,雙妹嚜復古記事簿,,110,0,0,0,0,2025-09-28_17:40:03
245209,HYBRIS,,CLS,H0249001_S_4281,雙妹嚜復古記事簿,,110,0,0,0,0,2025-09-28_17:40:03
245209,HYBRIS,,CLS,H0249001_S_4284,雙妹嚜復古拼圖,,110,0,0,0,0,2025-09-28_17:40:03
245209,HYBRIS,,CLS,H0249001_S_4286,雙妹嚜復古拼圖,,110,0,0,0,0,2025-09-28_17:40:03
245209,HYBRIS,,CLS,H0249001_S_4287,雙妹嚜復古拼圖,,110,0,0,0,0,2025-09-28_17:40:03
245209,HYBRIS,,CLS,H0249001_S_4290,懷舊2R相簿,,110,0,0,0,0,2025-09-28_17:40:03
245209,HYBRIS,,CLS,H0249001_S_4291,懷舊2R相簿,,110,0,0,0,0,2025-09-28_17:40:03
245209,HYBRIS,,CLS,H0249001_S_4292,懷舊2R相簿,,110,0,0,0,0,2025-09-28_17:40:03
245209,HYBRIS,,CLS,H0249001_S_4293,懷舊2R相簿,,110,0,0,0,0,2025-09-28_17:40:03
245209,HYBRIS,,CLS,H0249001_S_4315,雙妹嚜黑色環保袋,,110,0,0,0,0,2025-09-28_17:40:03
245209,HYBRIS,,CLS,H0249001_S_8808,馬賽皂 (檸檬),,110,0,0,0,0,2025-09-28_17:40:03
245209,HYBRIS,,CLS,H0249001_S_8809,馬賽皂 (蜜糖),,110,0,0,0,0,2025-09-28_17:40:03
245209,HYBRIS,,CLS,H0249001_S_8810,馬賽皂 (白檀),,110,0,0,0,0,2025-09-28_17:40:03
245209,HYBRIS,,CLS,H0249001_S_KC1100,指甲水,,110,0,0,0,0,2025-09-28_17:40:03
245209,HYBRIS,,CLS,H0249001_S_KC1101,指甲油 (藍紫色系),,110,0,0,0,0,2025-09-28_17:40:03
245209,HYBRIS,,CLS,H0249001_S_KC1102,指甲油 (藍紫色系),,110,0,0,0,0,2025-09-28_17:40:03
245209,HYBRIS,,CLS,H0249001_S_KC1103,指甲油 (藍紫色系),,110,0,0,0,0,2025-09-28_17:40:03
245209,HYBRIS,,CLS,H0249001_S_KC1105,指甲油 (藍紫色系),,110,0,0,0,0,2025-09-28_17:40:04
245209,HYBRIS,,CLS,H0249001_S_KC1106,指甲油 (紅色系),,110,0,0,0,0,2025-09-28_17:40:04
245209,HYBRIS,,CLS,H0249001_S_KC1107,指甲油 (紅色系),,110,0,0,0,0,2025-09-28_17:40:04
245209,HYBRIS,,CLS,H0249001_S_KC1108,指甲油 (紅色系),,110,0,0,0,0,2025-09-28_17:40:04
245209,HYBRIS,,CLS,H0249001_S_KC1112,指甲油 (藍紫色系),,110,0,0,0,0,2025-09-28_17:40:04
245209,HYBRIS,,CLS,H0249001_S_KC1113,指甲油 (紅色系),,110,0,0,0,0,2025-09-28_17:40:04
245209,HYBRIS,,CLS,H0249001_S_KC1116,指甲油 (彩色系),,110,0,0,0,0,2025-09-28_17:40:04
245209,HYBRIS,,CLS,H0249001_S_KC1121,指甲油 (紅色系),,110,0,0,0,0,2025-09-28_17:40:04
245209,HYBRIS,,CLS,H0249001_S_KC1123,指甲油 (紅色系),,110,0,0,0,0,2025-09-28_17:40:04
245209,HYBRIS,,CLS,H0249001_S_KC1124,指甲油 (紅色系),,110,0,0,0,0,2025-09-28_17:40:04
245209,HYBRIS,,CLS,H0249001_S_KC1127,指甲油 (彩色系),,110,0,0,0,0,2025-09-28_17:40:05
245209,HYBRIS,,CLS,H0249001_S_KC1129,指甲油 (彩色系),,110,0,0,0,0,2025-09-28_17:40:05
245209,HYBRIS,,CLS,H0249001_S_KC1130,指甲油 (彩色系),,110,0,0,0,0,2025-09-28_17:40:05
245209,HYBRIS,,CLS,H0249001_S_KC1131,指甲油 (彩色系),,110,0,0,0,0,2025-09-28_17:40:05
245209,HYBRIS,,CLS,H0249001_S_KC1134,指甲油 (紅色系),,110,0,0,0,0,2025-09-28_17:40:05
245209,HYBRIS,,CLS,H0249001_S_KC1137,指甲油 (色號 - 37透明),,110,0,0,0,0,2025-09-28_17:40:05
245209,HYBRIS,,CLS,H0249001_S_KC1139,指甲油 (彩色系),,110,0,0,0,0,2025-09-28_17:40:05
245209,HYBRIS,,CLS,H0249001_S_KC1146,指甲油 (藍紫色系),,110,0,0,0,0,2025-09-28_17:40:05
245209,HYBRIS,,CLS,H0249001_S_KC1148,指甲油 (彩色系),,110,0,0,0,0,2025-09-28_17:40:05
245209,HYBRIS,,CLS,H0249001_S_KC1152,指甲油 (紅色系),,110,0,0,0,0,2025-09-28_17:40:06
245209,HYBRIS,,CLS,H0249001_S_Q004,雙妹綿布袋 (白色),,110,0,0,0,0,2025-09-28_17:40:06
245209,HYBRIS,,CLS,H0249001_S_Q005,雙妹綿布袋 (自然色),,110,0,0,0,0,2025-09-28_17:40:06
245209,HYBRIS,,CLS,H0255001_S_21875,蒜油 250粒,,110,0,0,0,0,2025-09-28_17:40:06
245209,HYBRIS,,CLS,H0255001_S_21942,利筋諾 50粒,,110,0,0,0,0,2025-09-28_17:40:06
245209,HYBRIS,,CLS,H0255001_S_22993,乳薊果 60片,,110,0,0,0,0,2025-09-28_17:40:06
245209,HYBRIS,,CLS,H0255001_S_23452,葡萄籽加強配方 30片,,110,0,0,0,0,2025-09-28_17:40:06
245209,HYBRIS,,CLS,H0255001_S_24008,無腥味魚油1000 200粒,,110,0,0,0,0,2025-09-28_17:40:06
245209,HYBRIS,,CLS,H0255001_S_24177,葉黃素 60粒,,110,0,0,0,0,2025-09-28_17:40:06
245209,HYBRIS,,CLS,H0255001_S_24201,護眼山桑子 30片,,110,0,0,0,0,2025-09-28_17:40:06
245209,HYBRIS,,CLS,H0255001_S_24877,兒童果味魚油丸 30粒,,110,0,0,0,0,2025-09-28_17:40:06
245209,HYBRIS,,CLS,H0255001_S_25067,鋸櫚前列配方 60粒,,20,0,0,0,0,2025-09-28_17:40:06
245209,HYBRIS,,CLS,H0255001_S_25207,維他命D3 1000 30粒,,110,0,0,0,0,2025-09-28_17:40:07
245209,HYBRIS,,CLS,H0255001_S_25266,護養關節配方 60粒,,110,0,0,0,0,2025-09-28_17:40:07
245209,HYBRIS,,CLS,H0294001_S_120088,免沖洗保濕護髮乳,,110,0,0,0,0,2025-09-28_17:40:07
245209,HYBRIS,,CLS,H0294001_S_120295,潔淨控油洗髮露,,110,0,0,0,0,2025-09-28_17:40:07
245209,HYBRIS,,CLS,H0294001_S_120533,波浪捲髮精華露波浪捲髮精華露波浪捲髮精華露波浪捲髮精華露,,110,0,0,0,0,2025-09-28_17:40:07
245209,HYBRIS,,CLS,H0318002_S_812719,有機矢車菊花水 200ml,,130,0,0,0,0,2025-09-28_17:40:07
245209,HYBRIS,,CLS,H0318002_S_812724,有機大馬士革玫瑰花水 200ml,,130,0,0,0,0,2025-09-28_17:40:07
245209,HYBRIS,,CLS,H0318002_S_852974,有機3重蜂蜜潤澤身體乳霜 150ml,,10,0,0,0,0,2025-09-28_17:40:07
245209,HYBRIS,,CLS,H0318002_S_855281,有機3重蜂蜜潤澤身體磨砂 150g,,110,0,0,0,0,2025-09-28_17:40:07
245209,HYBRIS,,CLS,H0318002_S_86Z0004,有機防敏香體露 50ml,,105,0,0,0,0,2025-09-28_17:40:07
245209,HYBRIS,,CLS,H0539001_S_50159,Royal Touch 敏感肌適用產後專用衛生巾 L碼 (5片/包),,110,0,0,0,0,2025-09-28_17:40:07
245209,HYBRIS,,CLS,H0888001_S_10004619,特級魚露,,15,0,0,0,0,2025-09-28_17:40:07
245209,HYBRIS,,CLS,H0888001_S_10004625,南乳,,220,0,0,0,0,2025-09-28_17:40:07
245209,HYBRIS,,CLS,H0888001_S_10004645,爽口榨菜絲,,230,0,0,0,0,2025-09-28_17:40:08
245209,HYBRIS,,CLS,H0888001_S_10004649,辣香蘿蔔,,120,0,0,0,0,2025-09-28_17:40:08
245209,HYBRIS,,CLS,H0888001_S_10004653,陳醋蕎頭,,130,0,0,0,0,2025-09-28_17:40:08
245209,HYBRIS,,CLS,H0888001_S_10004654,甜酸蕎頭,,130,0,0,0,0,2025-09-28_17:40:08
245209,HYBRIS,,CLS,H0888001_S_10004666,鮑汁靈芝菇片,,220,0,0,0,0,2025-09-28_17:40:08
245209,HYBRIS,,CLS,H0888001_S_10005984,豬骨火鍋上湯,,270,0,0,0,0,2025-09-28_17:40:08
245209,HYBRIS,,CLS,H0888001_S_10005986,醉雞火鍋上湯,,270,0,0,0,0,2025-09-28_17:40:08
245209,HYBRIS,,CLS,H0888001_S_10007891,洋蔥南瓜馬鈴薯片,,10,0,0,0,0,2025-09-28_17:40:08
245209,HYBRIS,,CLS,H0888001_S_10009135,藍梅寒天果凍糖,,10,0,0,0,0,2025-09-28_17:40:08
245209,HYBRIS,,CLS,H0888001_S_10009139,蜂蜜檸檬寒天果凍糖,,10,0,0,0,0,2025-09-28_17:40:08
245209,HYBRIS,,CLS,H0888001_S_10009151,什錦軟糖,,220,0,0,0,0,2025-09-28_17:40:08
245209,HYBRIS,,CLS,H0888001_S_10009386,北海道扇貝味薯片,,10,0,0,0,0,2025-09-28_17:40:08
245209,HYBRIS,,CLS,H0888001_S_10009388,酥餅 (黑朱古力),,15,0,0,0,0,2025-09-28_17:40:08
245209,HYBRIS,,CLS,H0888001_S_10011987,好ｅ食 - 白汁煙肉磨菇意粉 (急凍),,210,0,0,0,0,2025-09-28_17:40:08
245209,HYBRIS,,CLS,H0888001_S_10007313,滋潤保濕乳霜,,12,0,0,0,0,2025-09-28_17:40:08
245209,HYBRIS,,CLS,H0888001_S_10022686,猴頭菇雪耳百合潤肺湯,,192,0,0,0,0,2025-09-28_17:40:08
245209,HYBRIS,,CLS,H0888001_S_10018925,白風船米餅-牛奶忌廉味,,500,0,0,0,0,2025-09-28_17:40:08
245227,HYBRIS,,HHS,H0249001_S_1272,AAA薰衣草沐浴露,,20,0,0,0,0,2025-09-28_20:09:00
245227,HYBRIS,,HHS,H0249001_S_1272s-74s,BBB薰衣草身體潔淨旅行套裝,,20,0,0,0,0,2025-09-28_20:09:00
245227,HYBRIS,,HHS,H0249001_S_1274,DDD薰衣草護髮素,,20,0,0,0,0,2025-09-28_20:09:01
245227,HYBRIS,,HHS,H0249001_S_1282s-84s,活花身體潔淨旅行套裝,,20,0,0,0,0,2025-09-28_20:09:01
245227,HYBRIS,,HHS,H0249001_S_1284,活花護髮素,,20,0,0,0,0,2025-09-28_20:09:01
245227,HYBRIS,,HHS,H0249001_S_1292,花露水沐浴露,,20,0,0,0,0,2025-09-28_20:09:01
245227,HYBRIS,,HHS,H0249001_S_1292s-94s,花露水身體潔淨旅行套裝一二三四五六,,20,0,0,0,0,2025-09-28_20:09:01
245227,HYBRIS,,HHS,H0249001_S_1293,花露水洗髮水,,20,0,0,0,0,2025-09-28_20:09:01
245227,HYBRIS,,HHS,H0249001_S_1294,花露水護髮素,,20,0,0,0,0,2025-09-28_20:09:01
245227,HYBRIS,,HHS,H0249001_S_2151,雪花膏,,20,0,0,0,0,2025-09-28_20:09:01
245227,HYBRIS,,HHS,H0249001_S_2152,活花潤手霜,,20,0,0,0,0,2025-09-28_20:09:01
245227,HYBRIS,,HHS,H0249001_S_2157,花露水香皂,,20,0,0,0,0,2025-09-28_20:09:01
245227,HYBRIS,,HHS,H0249001_S_2163,活花爽身粉 (玫瑰花香),,20,0,0,0,0,2025-09-28_20:09:01
245227,HYBRIS,,HHS,H0249001_S_2166,活花香皂,,20,0,0,0,0,2025-09-28_20:09:01
245227,HYBRIS,,HHS,H0249001_S_2167,活花止汗液,,20,0,0,0,0,2025-09-28_20:09:01
245227,HYBRIS,,HHS,H0249001_S_2177,迷你雪花膏,,20,0,0,0,0,2025-09-28_20:09:01
245227,HYBRIS,,HHS,H0249001_S_2181,EEE薰衣草味護髮油,,20,0,0,0,0,2025-09-28_20:09:01
245227,HYBRIS,,HHS,H0249001_S_2182,活花味護髮油  (玫瑰花香),,20,0,0,0,0,2025-09-28_20:09:01
245227,HYBRIS,,HHS,H0249001_S_2186,活花爽身粉 80克 (罐裝)（附柔軟粉撲）,,20,0,0,0,0,2025-09-28_20:09:02
245227,HYBRIS,,HHS,H0249001_S_2187,花露水爽身粉 80克 (罐裝)（附柔軟粉撲）,,20,0,0,0,0,2025-09-28_20:09:02
245227,HYBRIS,,HHS,H0249001_S_2188B,花露水濕紙巾 (20片),,20,0,0,0,0,2025-09-28_20:09:02
245227,HYBRIS,,HHS,H0249001_S_2198,花露水 (200毫升),,20,0,0,0,0,2025-09-28_20:09:02
245227,HYBRIS,,HHS,H0249001_S_2202,花露水 (100毫升),,20,0,0,0,0,2025-09-28_20:09:02
245227,HYBRIS,,HHS,H0249001_S_2204,花露水 (15毫升),,20,0,0,0,0,2025-09-28_20:09:02
245227,HYBRIS,,HHS,H0249001_S_2208,花露水 (10毫升),,20,0,0,0,0,2025-09-28_20:09:02
245227,HYBRIS,,HHS,H0249001_S_2209,花露水膏,,20,0,0,0,0,2025-09-28_20:09:02
245227,HYBRIS,,HHS,H0249001_S_4261,雙妹嚜復古記事簿,,20,0,0,0,0,2025-09-28_20:09:02
245227,HYBRIS,,HHS,H0249001_S_4281,雙妹嚜復古記事簿,,20,0,0,0,0,2025-09-28_20:09:02
245227,HYBRIS,,HHS,H0249001_S_4284,雙妹嚜復古拼圖,,20,0,0,0,0,2025-09-28_20:09:02
245227,HYBRIS,,HHS,H0249001_S_4286,雙妹嚜復古拼圖,,20,0,0,0,0,2025-09-28_20:09:02
245227,HYBRIS,,HHS,H0249001_S_4287,雙妹嚜復古拼圖,,20,0,0,0,0,2025-09-28_20:09:02
245227,HYBRIS,,HHS,H0249001_S_4290,懷舊2R相簿,,20,0,0,0,0,2025-09-28_20:09:02
245227,HYBRIS,,HHS,H0249001_S_4291,懷舊2R相簿,,20,0,0,0,0,2025-09-28_20:09:02
245227,HYBRIS,,HHS,H0249001_S_4292,懷舊2R相簿,,20,0,0,0,0,2025-09-28_20:09:02
245227,HYBRIS,,HHS,H0249001_S_4293,懷舊2R相簿,,20,0,0,0,0,2025-09-28_20:09:02
245227,HYBRIS,,HHS,H0249001_S_8808,馬賽皂 (檸檬),,20,0,0,0,0,2025-09-28_20:09:02
245227,HYBRIS,,HHS,H0249001_S_8809,馬賽皂 (蜜糖),,20,0,0,0,0,2025-09-28_20:09:02
245227,HYBRIS,,HHS,H0249001_S_8810,馬賽皂 (白檀),,20,0,0,0,0,2025-09-28_20:09:02
245227,HYBRIS,,HHS,H0249001_S_KC1100,指甲水,,20,0,0,0,0,2025-09-28_20:09:03
245227,HYBRIS,,HHS,H0249001_S_KC1101,指甲油 (藍紫色系),,20,0,0,0,0,2025-09-28_20:09:03
245227,HYBRIS,,HHS,H0249001_S_KC1102,指甲油 (藍紫色系),,20,0,0,0,0,2025-09-28_20:09:03
245227,HYBRIS,,HHS,H0249001_S_KC1103,指甲油 (藍紫色系),,20,0,0,0,0,2025-09-28_20:09:03
245227,HYBRIS,,HHS,H0249001_S_KC1105,指甲油 (藍紫色系),,20,0,0,0,0,2025-09-28_20:09:03
245227,HYBRIS,,HHS,H0249001_S_KC1106,指甲油 (紅色系),,20,0,0,0,0,2025-09-28_20:09:03
245227,HYBRIS,,HHS,H0249001_S_KC1107,指甲油 (紅色系),,20,0,0,0,0,2025-09-28_20:09:03
245227,HYBRIS,,HHS,H0249001_S_KC1108,指甲油 (紅色系),,20,0,0,0,0,2025-09-28_20:09:03
245227,HYBRIS,,HHS,H0249001_S_KC1112,指甲油 (藍紫色系),,20,0,0,0,0,2025-09-28_20:09:03
245227,HYBRIS,,HHS,H0249001_S_KC1113,指甲油 (紅色系),,20,0,0,0,0,2025-09-28_20:09:03
245227,HYBRIS,,HHS,H0249001_S_KC1116,指甲油 (彩色系),,20,0,0,0,0,2025-09-28_20:09:03
245227,HYBRIS,,HHS,H0249001_S_KC1121,指甲油 (紅色系),,20,0,0,0,0,2025-09-28_20:09:03
245227,HYBRIS,,HHS,H0249001_S_KC1123,指甲油 (紅色系),,20,0,0,0,0,2025-09-28_20:09:03
245227,HYBRIS,,HHS,H0249001_S_KC1124,指甲油 (紅色系),,20,0,0,0,0,2025-09-28_20:09:03
245227,HYBRIS,,HHS,H0249001_S_KC1127,指甲油 (彩色系),,20,0,0,0,0,2025-09-28_20:09:04
245227,HYBRIS,,HHS,H0249001_S_KC1129,指甲油 (彩色系),,20,0,0,0,0,2025-09-28_20:09:04
245227,HYBRIS,,HHS,H0249001_S_KC1130,指甲油 (彩色系),,20,0,0,0,0,2025-09-28_20:09:04
245227,HYBRIS,,HHS,H0249001_S_KC1131,指甲油 (彩色系),,20,0,0,0,0,2025-09-28_20:09:04
245227,HYBRIS,,HHS,H0249001_S_KC1134,指甲油 (紅色系),,20,0,0,0,0,2025-09-28_20:09:04
245227,HYBRIS,,HHS,H0249001_S_KC1137,指甲油 (色號 - 37透明),,20,0,0,0,0,2025-09-28_20:09:04
245227,HYBRIS,,HHS,H0249001_S_KC1139,指甲油 (彩色系),,20,0,0,0,0,2025-09-28_20:09:04
245227,HYBRIS,,HHS,H0249001_S_KC1146,指甲油 (藍紫色系),,20,0,0,0,0,2025-09-28_20:09:04
245227,HYBRIS,,HHS,H0249001_S_KC1148,指甲油 (彩色系),,20,0,0,0,0,2025-09-28_20:09:04
245227,HYBRIS,,HHS,H0249001_S_KC1152,指甲油 (紅色系),,20,0,0,0,0,2025-09-28_20:09:04
245227,HYBRIS,,HHS,H0249001_S_Q004,雙妹綿布袋 (白色),,20,0,0,0,0,2025-09-28_20:09:05
245227,HYBRIS,,HHS,H0249001_S_Q005,雙妹綿布袋 (自然色),,20,0,0,0,0,2025-09-28_20:09:05
245227,HYBRIS,,HHS,H0255001_S_21875,蒜油 250粒,,20,0,0,0,0,2025-09-28_20:09:05
245227,HYBRIS,,HHS,H0255001_S_21942,利筋諾 50粒,,20,0,0,0,0,2025-09-28_20:09:05
245227,HYBRIS,,HHS,H0255001_S_22993,乳薊果 60片,,20,0,0,0,0,2025-09-28_20:09:05
245227,HYBRIS,,HHS,H0255001_S_23452,葡萄籽加強配方 30片,,20,0,0,0,0,2025-09-28_20:09:05
245227,HYBRIS,,HHS,H0255001_S_24008,無腥味魚油1000 200粒,,20,0,0,0,0,2025-09-28_20:09:05
245227,HYBRIS,,HHS,H0255001_S_24177,葉黃素 60粒,,20,0,0,0,0,2025-09-28_20:09:05
245227,HYBRIS,,HHS,H0255001_S_24201,護眼山桑子 30片,,20,0,0,0,0,2025-09-28_20:09:05
245227,HYBRIS,,HHS,H0255001_S_24877,兒童果味魚油丸 30粒,,20,0,0,0,0,2025-09-28_20:09:05
245227,HYBRIS,,HHS,H0255001_S_25067,鋸櫚前列配方 60粒,,20,0,0,0,0,2025-09-28_20:09:05
245227,HYBRIS,,HHS,H0255001_S_25110,亞麻籽油植物奧米加369 100粒,,20,0,0,0,0,2025-09-28_20:09:05
245227,HYBRIS,,HHS,H0255001_S_25207,維他命D3 1000 30粒,,20,0,0,0,0,2025-09-28_20:09:05
245227,HYBRIS,,HHS,H0255001_S_25266,護養關節配方 60粒,,20,0,0,0,0,2025-09-28_20:09:05
245227,HYBRIS,,HHS,H0294001_S_120088,免沖洗保濕護髮乳,,20,0,0,0,0,2025-09-28_20:09:05
245227,HYBRIS,,HHS,H0294001_S_120295,潔淨控油洗髮露,,20,0,0,0,0,2025-09-28_20:09:05
245227,HYBRIS,,HHS,H0294001_S_120533,波浪捲髮精華露波浪捲髮精華露波浪捲髮精華露波浪捲髮精華露,,20,0,0,0,0,2025-09-28_20:09:06
245227,HYBRIS,,HHS,H0318002_S_812719,有機矢車菊花水 200ml,,20,0,0,0,0,2025-09-28_20:09:06
245227,HYBRIS,,HHS,H0318002_S_812724,有機大馬士革玫瑰花水 200ml,,20,0,0,0,0,2025-09-28_20:09:06
245227,HYBRIS,,HHS,H0318002_S_852974,有機3重蜂蜜潤澤身體乳霜 150ml,,20,0,0,0,0,2025-09-28_20:09:06
245227,HYBRIS,,HHS,H0318002_S_855281,有機3重蜂蜜潤澤身體磨砂 150g,,20,0,0,0,0,2025-09-28_20:09:06
245227,HYBRIS,,HHS,H0318002_S_861153,有機日用洗髮水 500ml,,20,0,0,0,0,2025-09-28_20:09:06
245227,HYBRIS,,HHS,H0318002_S_86Z0004,有機防敏香體露 50ml,,20,0,0,0,0,2025-09-28_20:09:06
245227,HYBRIS,,HHS,H0318002_S_86Z0005,有機乳木果油護髮素 150ml,,20,0,0,0,0,2025-09-28_20:09:06
245227,HYBRIS,,HHS,H0539001_S_50159,Royal Touch 敏感肌適用產後專用衛生巾 L碼 (5片/包),,20,0,0,0,0,2025-09-28_20:09:06
245238,HYBRIS,,WFS,H0249001_S_1274,DDD薰衣草護髮素,,15,15,0,0,0,2025-09-28_23:40:01
245238,HYBRIS,,WFS,H0249001_S_2151,雪花膏,,5,5,0,0,0,2025-09-28_23:40:02
245238,HYBRIS,,WFS,H0249001_S_4290,懷舊2R相簿,,5,5,0,0,0,2025-09-28_23:40:03
245238,HYBRIS,,WFS,H0249001_S_KC1139,指甲油 (彩色系),,5,5,0,0,0,2025-09-28_23:40:05
245238,HYBRIS,,WFS,H0318002_S_812724,有機大馬士革玫瑰花水 200ml,,10,10,0,0,0,2025-09-28_23:40:06
245238,HYBRIS,,WFS,H0318002_S_855281,有機3重蜂蜜潤澤身體磨砂 150g,,10,10,0,0,0,2025-09-28_23:40:06
245238,HYBRIS,,WFS,H0318002_S_86Z0005,有機乳木果油護髮素 150ml,,5,5,0,0,0,2025-09-28_23:40:07
245238,HYBRIS,,WFS,H0888001_S_10005984,豬骨火鍋上湯,,105,105,0,0,0,2025-09-28_23:40:07
245238,HYBRIS,,WFS,H0888001_S_10005985,黑胡椒豬骨火鍋上湯,,15,15,0,0,0,2025-09-28_23:40:07
245251,HYBRIS,,TWS,H0859001_S_OS-620,uPure 2 潔淨濾水器2,,440,440,0,0,0,2025-09-29_00:00:00
245254,IMAX_STACKING,FROZEN,COB,H0888001_S_10022875,美國特選牛肩胛肥牛片 (急凍),IS00072337,520,520,0,0,0,2025-09-29_00:00:00
245254,IMAX_STACKING,FROZEN,COB,H0888001_S_10012511,西班牙咸豬手,IS00072337,1610,1610,0,0,0,2025-09-29_00:00:01
245254,IMAX_STACKING,FROZEN,COB,H0888001_S_10011849,美國大西洋野生響螺頭 M (急凍),IS00072337,3000,3000,0,0,0,2025-09-29_00:00:01
245254,IMAX_STACKING,FROZEN,COB,H0888001_S_10011848,日本煮食用帶子急凍急凍,IS00072337,990,990,0,0,0,2025-09-29_00:00:01
245259,HYBRIS,,COB,H0888001_S_10009135,藍梅寒天果凍糖,,1212,1212,0,0,0,2025-09-29_00:01:00
245259,HYBRIS,,COB,H0888001_S_10009139,蜂蜜檸檬寒天果凍糖,,1308,1308,0,0,0,2025-09-29_00:01:00
245259,HYBRIS,,COB,H0888001_S_10009151,什錦軟糖,,1420,1420,0,0,0,2025-09-29_00:01:00
245265,HYBRIS,,CLS,H0888001_S_10007313,滋潤保濕乳霜,,444,0,0,0,0,2025-09-29_10:09:00
245266,IMAX_STACKING,DRY,CLS,H0888001_S_10002195,大樽生啤 (日本版),IS00072340,12,0,0,0,0,2025-09-29_10:22:00
245267,HYBRIS,,STS,H0888001_S_10012783,巴西牛胸腩粒 (急凍),,792,0,0,0,0,2025-09-29_10:32:00
245268,HYBRIS,,CLS,H0888001_S_10133455,澳洲和牛漢堡扒 (急凍),,1020,0,0,0,0,2025-09-29_10:38:01
245268,HYBRIS,,CLS,H0888001_S_10133940,(澳洲直送!) 澳洲穀飼西冷牛扒 (2塊裝) (急凍),,1025,0,0,0,0,2025-09-29_10:38:01
245268,HYBRIS,,CLS,H0888001_S_10133453,澳洲M4+ 和牛西冷牛扒 (急凍),,330,0,0,0,0,2025-09-29_10:38:01
245268,HYBRIS,,CLS,H0888001_S_10018534,澳洲海參(禿參，又名花刺參) (急凍),,408,0,0,0,0,2025-09-29_10:38:01
245273,HYBRIS,,WFS,H0888001_S_10012013,Bibigo 韓式傳統脆皮煎餃 (急凍),,150,0,0,0,0,2025-09-29_11:25:00
245277,HYBRIS,,CLS,H0888001_S_10007313,滋潤保濕乳霜,,12,0,0,0,0,2025-09-29_11:42:00
245278,IMAX_KERRY,,CLS,H0888001_S_10012777,紐西蘭帶骨羊仔腩 (急凍),IM00072345,40,40,40,0,0,2025-09-29_11:44:00
245285,HYBRIS,,TWS,H0888001_S_10008283,燕麥脆條 - 蜜糖★燕麥,,36,36,0,0,0,2025-09-29_13:00:00
245289,IMAX_KERRY,,CLS,H0888001_S_10012783,巴西牛胸腩粒 (急凍),IM00072347,784,0,0,0,0,2025-09-29_13:32:00
245290,HYBRIS,,LPS,H0888001_S_10012783,巴西牛胸腩粒 (急凍),,8,8,0,0,0,2025-09-29_13:49:00
245294,IMAX_KERRY,,SHS,H0888001_S_10012783,巴西牛胸腩粒 (急凍),IM00072349,786,0,0,0,0,2025-09-29_14:09:00
245295,HYBRIS,,CLS,H0888001_S_10004649,辣香蘿蔔,,2900,0,0,0,0,2025-09-29_14:19:00
245295,HYBRIS,,CLS,H0888001_S_10007313,滋潤保濕乳霜,,27,0,0,0,0,2025-09-29_14:19:00
245309,IMAX_KERRY,FROZEN,HHS,H0888001_S_10012023,韓式蜜檸脆雞 (急凍),IM00072351,5000,5000,5000,0,0,2025-09-29_15:17:00
245315,IMAX_KERRY,,RRS,H0888001_S_10015773,廣東鮮蝦雲吞皇10粒裝一二三四五六七八九十一二三四五六七八九十一二三四五六七八九十,IM00072352,10,12,12,0,0,2025-09-29_16:39:00
245316,HYBRIS,,CLS,H0888001_S_10007313,滋潤保濕乳霜,,108,0,0,0,0,2025-09-29_16:41:00
245319,HYBRIS,,RRS,H0888001_S_10018534,澳洲海參(禿參，又名花刺參) (急凍),,96,0,0,0,0,2025-09-29_16:50:00
245320,IMAX_KERRY,,WSH,H0888001_S_10012777,紐西蘭帶骨羊仔腩 (急凍),IM00072355,320,320,320,0,0,2025-09-29_16:54:00
245320,IMAX_KERRY,,WSH,H0888001_S_10012783,巴西牛胸腩粒 (急凍),IM00072355,786,0,0,0,0,2025-09-29_16:54:00
245325,IMAX_STACKING,DRY,CLS,H0255001_S_25116,健腦高濃度深海魚油 60粒,IS00072356,290,0,0,0,0,2025-09-29_17:10:00
245326,IMAX_STACKING,CHILLED,CLS,H0888001_S_10012783,巴西牛胸腩粒 (急凍),IS00072357,5000,0,0,0,0,2025-09-29_17:10:00
245328,IMAX_KERRY,FROZEN,MCS,H0888001_S_10011848,日本煮食用帶子急凍急凍,IM00072358,24,24,0,24,0,2025-09-29_17:15:10
245328,IMAX_KERRY,FROZEN,MCS,H0888001_S_10011834,炸魚手指 (急凍),IM00072358,8,0,0,0,0,2025-09-29_17:15:10
245328,IMAX_KERRY,FROZEN,MCS,H0888001_S_10012023,韓式蜜檸脆雞 (急凍),IM00072358,5000,5000,0,5000,0,2025-09-29_17:15:10
245329,IMAX_KERRY,,RRS,H0888001_S_10015773,廣東鮮蝦雲吞皇10粒裝一二三四五六七八九十一二三四五六七八九十一二三四五六七八九十,IM00072359,1500,1500,1500,0,0,2025-09-29_17:19:00
245330,HYBRIS,,CLS,H0249001_S_1272s-74s,BBB薰衣草身體潔淨旅行套裝,,110,0,0,0,0,2025-09-29_17:40:01
245330,HYBRIS,,CLS,H0249001_S_1274,DDD薰衣草護髮素,,10,0,0,0,0,2025-09-29_17:40:01
245330,HYBRIS,,CLS,H0249001_S_1282s-84s,活花身體潔淨旅行套裝,,110,0,0,0,0,2025-09-29_17:40:01
245330,HYBRIS,,CLS,H0249001_S_1284,活花護髮素,,110,0,0,0,0,2025-09-29_17:40:01
245330,HYBRIS,,CLS,H0249001_S_1292,花露水沐浴露,,110,0,0,0,0,2025-09-29_17:40:01
245330,HYBRIS,,CLS,H0249001_S_1292s-94s,花露水身體潔淨旅行套裝一二三四五六,,110,0,0,0,0,2025-09-29_17:40:01
245330,HYBRIS,,CLS,H0249001_S_1293,花露水洗髮水,,110,0,0,0,0,2025-09-29_17:40:01
245330,HYBRIS,,CLS,H0249001_S_1294,花露水護髮素,,110,0,0,0,0,2025-09-29_17:40:01
245330,HYBRIS,,CLS,H0249001_S_2151,雪花膏,,120,0,0,0,0,2025-09-29_17:40:01
245330,HYBRIS,,CLS,H0249001_S_2152,活花潤手霜,,110,0,0,0,0,2025-09-29_17:40:01
245330,HYBRIS,,CLS,H0249001_S_2157,花露水香皂,,10,0,0,0,0,2025-09-29_17:40:01
245330,HYBRIS,,CLS,H0249001_S_2163,活花爽身粉 (玫瑰花香),,120,0,0,0,0,2025-09-29_17:40:01
245330,HYBRIS,,CLS,H0249001_S_2166,活花香皂,,120,0,0,0,0,2025-09-29_17:40:02
245330,HYBRIS,,CLS,H0249001_S_2167,活花止汗液,,120,0,0,0,0,2025-09-29_17:40:02
245330,HYBRIS,,CLS,H0249001_S_2177,迷你雪花膏,,110,0,0,0,0,2025-09-29_17:40:02
245330,HYBRIS,,CLS,H0249001_S_2181,EEE薰衣草味護髮油,,110,0,0,0,0,2025-09-29_17:40:02
245330,HYBRIS,,CLS,H0249001_S_2182,活花味護髮油  (玫瑰花香),,110,0,0,0,0,2025-09-29_17:40:02
245330,HYBRIS,,CLS,H0249001_S_2186,活花爽身粉 80克 (罐裝)（附柔軟粉撲）,,110,0,0,0,0,2025-09-29_17:40:02
245330,HYBRIS,,CLS,H0249001_S_2187,花露水爽身粉 80克 (罐裝)（附柔軟粉撲）,,110,0,0,0,0,2025-09-29_17:40:02
245330,HYBRIS,,CLS,H0249001_S_2188B,花露水濕紙巾 (20片),,110,0,0,0,0,2025-09-29_17:40:02
245330,HYBRIS,,CLS,H0249001_S_2198,花露水 (200毫升),,110,0,0,0,0,2025-09-29_17:40:02
245330,HYBRIS,,CLS,H0249001_S_2202,花露水 (100毫升),,110,0,0,0,0,2025-09-29_17:40:02
245330,HYBRIS,,CLS,H0249001_S_2204,花露水 (15毫升),,110,0,0,0,0,2025-09-29_17:40:02
245330,HYBRIS,,CLS,H0249001_S_2208,花露水 (10毫升),,110,0,0,0,0,2025-09-29_17:40:02
245330,HYBRIS,,CLS,H0249001_S_2209,花露水膏,,110,0,0,0,0,2025-09-29_17:40:02
245330,HYBRIS,,CLS,H0249001_S_4261,雙妹嚜復古記事簿,,110,0,0,0,0,2025-09-29_17:40:02
245330,HYBRIS,,CLS,H0249001_S_4281,雙妹嚜復古記事簿,,110,0,0,0,0,2025-09-29_17:40:02
245330,HYBRIS,,CLS,H0249001_S_4284,雙妹嚜復古拼圖,,110,0,0,0,0,2025-09-29_17:40:02
245330,HYBRIS,,CLS,H0249001_S_4286,雙妹嚜復古拼圖,,110,0,0,0,0,2025-09-29_17:40:02
245330,HYBRIS,,CLS,H0249001_S_4287,雙妹嚜復古拼圖,,110,0,0,0,0,2025-09-29_17:40:02
245330,HYBRIS,,CLS,H0249001_S_4290,懷舊2R相簿,,110,0,0,0,0,2025-09-29_17:40:03
245330,HYBRIS,,CLS,H0249001_S_4291,懷舊2R相簿,,110,0,0,0,0,2025-09-29_17:40:03
245330,HYBRIS,,CLS,H0249001_S_4292,懷舊2R相簿,,110,0,0,0,0,2025-09-29_17:40:03
245330,HYBRIS,,CLS,H0249001_S_4293,懷舊2R相簿,,110,0,0,0,0,2025-09-29_17:40:03
245330,HYBRIS,,CLS,H0249001_S_4315,雙妹嚜黑色環保袋,,110,0,0,0,0,2025-09-29_17:40:03
245330,HYBRIS,,CLS,H0249001_S_8808,馬賽皂 (檸檬),,110,0,0,0,0,2025-09-29_17:40:03
245330,HYBRIS,,CLS,H0249001_S_8809,馬賽皂 (蜜糖),,110,0,0,0,0,2025-09-29_17:40:03
245330,HYBRIS,,CLS,H0249001_S_8810,馬賽皂 (白檀),,110,0,0,0,0,2025-09-29_17:40:03
245330,HYBRIS,,CLS,H0249001_S_KC1100,指甲水,,110,0,0,0,0,2025-09-29_17:40:03
245330,HYBRIS,,CLS,H0249001_S_KC1101,指甲油 (藍紫色系),,110,0,0,0,0,2025-09-29_17:40:03
245330,HYBRIS,,CLS,H0249001_S_KC1102,指甲油 (藍紫色系),,110,0,0,0,0,2025-09-29_17:40:03
245330,HYBRIS,,CLS,H0249001_S_KC1103,指甲油 (藍紫色系),,110,0,0,0,0,2025-09-29_17:40:03
245330,HYBRIS,,CLS,H0249001_S_KC1105,指甲油 (藍紫色系),,110,0,0,0,0,2025-09-29_17:40:03
245330,HYBRIS,,CLS,H0249001_S_KC1106,指甲油 (紅色系),,110,0,0,0,0,2025-09-29_17:40:03
245330,HYBRIS,,CLS,H0249001_S_KC1107,指甲油 (紅色系),,110,0,0,0,0,2025-09-29_17:40:03
245330,HYBRIS,,CLS,H0249001_S_KC1108,指甲油 (紅色系),,110,0,0,0,0,2025-09-29_17:40:03
245330,HYBRIS,,CLS,H0249001_S_KC1112,指甲油 (藍紫色系),,110,0,0,0,0,2025-09-29_17:40:04
245330,HYBRIS,,CLS,H0249001_S_KC1113,指甲油 (紅色系),,110,0,0,0,0,2025-09-29_17:40:04
245330,HYBRIS,,CLS,H0249001_S_KC1116,指甲油 (彩色系),,110,0,0,0,0,2025-09-29_17:40:04
245330,HYBRIS,,CLS,H0249001_S_KC1121,指甲油 (紅色系),,110,0,0,0,0,2025-09-29_17:40:04
245330,HYBRIS,,CLS,H0249001_S_KC1123,指甲油 (紅色系),,110,0,0,0,0,2025-09-29_17:40:04
245330,HYBRIS,,CLS,H0249001_S_KC1124,指甲油 (紅色系),,110,0,0,0,0,2025-09-29_17:40:04
245330,HYBRIS,,CLS,H0249001_S_KC1127,指甲油 (彩色系),,110,0,0,0,0,2025-09-29_17:40:04
245330,HYBRIS,,CLS,H0249001_S_KC1129,指甲油 (彩色系),,110,0,0,0,0,2025-09-29_17:40:04
245330,HYBRIS,,CLS,H0249001_S_KC1130,指甲油 (彩色系),,110,0,0,0,0,2025-09-29_17:40:04
245330,HYBRIS,,CLS,H0249001_S_KC1131,指甲油 (彩色系),,110,0,0,0,0,2025-09-29_17:40:04
245330,HYBRIS,,CLS,H0249001_S_KC1134,指甲油 (紅色系),,110,0,0,0,0,2025-09-29_17:40:05
245330,HYBRIS,,CLS,H0249001_S_KC1137,指甲油 (色號 - 37透明),,110,0,0,0,0,2025-09-29_17:40:05
245330,HYBRIS,,CLS,H0249001_S_KC1139,指甲油 (彩色系),,110,0,0,0,0,2025-09-29_17:40:05
245330,HYBRIS,,CLS,H0249001_S_KC1146,指甲油 (藍紫色系),,110,0,0,0,0,2025-09-29_17:40:05
245330,HYBRIS,,CLS,H0249001_S_KC1148,指甲油 (彩色系),,110,0,0,0,0,2025-09-29_17:40:05
245330,HYBRIS,,CLS,H0249001_S_KC1152,指甲油 (紅色系),,110,0,0,0,0,2025-09-29_17:40:05
245330,HYBRIS,,CLS,H0249001_S_Q004,雙妹綿布袋 (白色),,110,0,0,0,0,2025-09-29_17:40:05
245330,HYBRIS,,CLS,H0249001_S_Q005,雙妹綿布袋 (自然色),,110,0,0,0,0,2025-09-29_17:40:06
245330,HYBRIS,,CLS,H0255001_S_21875,蒜油 250粒,,110,0,0,0,0,2025-09-29_17:40:06
245330,HYBRIS,,CLS,H0255001_S_21942,利筋諾 50粒,,110,0,0,0,0,2025-09-29_17:40:06
245330,HYBRIS,,CLS,H0255001_S_22993,乳薊果 60片,,110,0,0,0,0,2025-09-29_17:40:06
245330,HYBRIS,,CLS,H0255001_S_23452,葡萄籽加強配方 30片,,110,0,0,0,0,2025-09-29_17:40:06
245330,HYBRIS,,CLS,H0255001_S_24008,無腥味魚油1000 200粒,,110,0,0,0,0,2025-09-29_17:40:06
245330,HYBRIS,,CLS,H0255001_S_24177,葉黃素 60粒,,110,0,0,0,0,2025-09-29_17:40:06
245330,HYBRIS,,CLS,H0255001_S_24201,護眼山桑子 30片,,110,0,0,0,0,2025-09-29_17:40:06
245330,HYBRIS,,CLS,H0255001_S_24877,兒童果味魚油丸 30粒,,110,0,0,0,0,2025-09-29_17:40:06
245330,HYBRIS,,CLS,H0255001_S_25067,鋸櫚前列配方 60粒,,20,0,0,0,0,2025-09-29_17:40:06
245330,HYBRIS,,CLS,H0255001_S_25207,維他命D3 1000 30粒,,110,0,0,0,0,2025-09-29_17:40:06
245330,HYBRIS,,CLS,H0255001_S_25266,護養關節配方 60粒,,110,0,0,0,0,2025-09-29_17:40:06
245330,HYBRIS,,CLS,H0294001_S_120088,免沖洗保濕護髮乳,,110,0,0,0,0,2025-09-29_17:40:06
245330,HYBRIS,,CLS,H0294001_S_120295,潔淨控油洗髮露,,110,0,0,0,0,2025-09-29_17:40:06
245330,HYBRIS,,CLS,H0294001_S_120533,波浪捲髮精華露波浪捲髮精華露波浪捲髮精華露波浪捲髮精華露,,110,0,0,0,0,2025-09-29_17:40:06
245330,HYBRIS,,CLS,H0318002_S_812719,有機矢車菊花水 200ml,,130,0,0,0,0,2025-09-29_17:40:07
245330,HYBRIS,,CLS,H0318002_S_812724,有機大馬士革玫瑰花水 200ml,,130,0,0,0,0,2025-09-29_17:40:07
245330,HYBRIS,,CLS,H0318002_S_852974,有機3重蜂蜜潤澤身體乳霜 150ml,,10,0,0,0,0,2025-09-29_17:40:07
245330,HYBRIS,,CLS,H0318002_S_855281,有機3重蜂蜜潤澤身體磨砂 150g,,110,0,0,0,0,2025-09-29_17:40:07
245330,HYBRIS,,CLS,H0318002_S_86Z0004,有機防敏香體露 50ml,,105,0,0,0,0,2025-09-29_17:40:07
245330,HYBRIS,,CLS,H0539001_S_50159,Royal Touch 敏感肌適用產後專用衛生巾 L碼 (5片/包),,110,0,0,0,0,2025-09-29_17:40:07
245330,HYBRIS,,CLS,H0888001_S_10004619,特級魚露,,15,0,0,0,0,2025-09-29_17:40:07
245330,HYBRIS,,CLS,H0888001_S_10004625,南乳,,220,0,0,0,0,2025-09-29_17:40:07
245330,HYBRIS,,CLS,H0888001_S_10004645,爽口榨菜絲,,230,0,0,0,0,2025-09-29_17:40:07
245330,HYBRIS,,CLS,H0888001_S_10004649,辣香蘿蔔,,120,0,0,0,0,2025-09-29_17:40:07
245330,HYBRIS,,CLS,H0888001_S_10004653,陳醋蕎頭,,130,0,0,0,0,2025-09-29_17:40:07
245330,HYBRIS,,CLS,H0888001_S_10004654,甜酸蕎頭,,130,0,0,0,0,2025-09-29_17:40:07
245330,HYBRIS,,CLS,H0888001_S_10004666,鮑汁靈芝菇片,,220,0,0,0,0,2025-09-29_17:40:07
245330,HYBRIS,,CLS,H0888001_S_10005984,豬骨火鍋上湯,,270,0,0,0,0,2025-09-29_17:40:07
245330,HYBRIS,,CLS,H0888001_S_10005986,醉雞火鍋上湯,,270,0,0,0,0,2025-09-29_17:40:07
245330,HYBRIS,,CLS,H0888001_S_10007891,洋蔥南瓜馬鈴薯片,,10,0,0,0,0,2025-09-29_17:40:07
245330,HYBRIS,,CLS,H0888001_S_10009135,藍梅寒天果凍糖,,10,0,0,0,0,2025-09-29_17:40:07
245330,HYBRIS,,CLS,H0888001_S_10009139,蜂蜜檸檬寒天果凍糖,,10,0,0,0,0,2025-09-29_17:40:07
245330,HYBRIS,,CLS,H0888001_S_10009151,什錦軟糖,,220,0,0,0,0,2025-09-29_17:40:08
245330,HYBRIS,,CLS,H0888001_S_10009386,北海道扇貝味薯片,,10,0,0,0,0,2025-09-29_17:40:08
245330,HYBRIS,,CLS,H0888001_S_10009388,酥餅 (黑朱古力),,15,0,0,0,0,2025-09-29_17:40:08
245330,HYBRIS,,CLS,H0888001_S_10011987,好ｅ食 - 白汁煙肉磨菇意粉 (急凍),,210,0,0,0,0,2025-09-29_17:40:08
245330,HYBRIS,,CLS,H0888001_S_10007313,滋潤保濕乳霜,,12,0,0,0,0,2025-09-29_17:40:08
245330,HYBRIS,,CLS,H0888001_S_10022686,猴頭菇雪耳百合潤肺湯,,192,0,0,0,0,2025-09-29_17:40:08
245330,HYBRIS,,CLS,H0888001_S_10018925,白風船米餅-牛奶忌廉味,,500,0,0,0,0,2025-09-29_17:40:08
245336,IMAX_KERRY,,STS,H0888001_S_10012783,巴西牛胸腩粒 (急凍),IM00072362,1285,0,0,0,0,2025-09-29_18:19:00
245339,IMAX_KERRY,,WFS,H0888001_S_10012783,巴西牛胸腩粒 (急凍),IM00072363,50,0,0,0,0,2025-09-29_18:49:00
245342,HYBRIS,,RRS,H0888001_S_10012783,巴西牛胸腩粒 (急凍),,600,0,0,0,0,2025-09-29_19:19:00
245346,IMAX_KERRY,,RRS,H0888001_S_10015773,廣東鮮蝦雲吞皇10粒裝一二三四五六七八九十一二三四五六七八九十一二三四五六七八九十,IM00072365,264,264,264,0,0,2025-09-29_19:59:00
245346,IMAX_KERRY,,RRS,H0888001_S_10012783,巴西牛胸腩粒 (急凍),IM00072365,700,0,0,0,0,2025-09-29_19:59:00
245348,HYBRIS,,HHS,H0249001_S_1272,AAA薰衣草沐浴露,,20,0,0,0,0,2025-09-29_20:09:01
245348,HYBRIS,,HHS,H0249001_S_1272s-74s,BBB薰衣草身體潔淨旅行套裝,,20,0,0,0,0,2025-09-29_20:09:01
245348,HYBRIS,,HHS,H0249001_S_1274,DDD薰衣草護髮素,,20,0,0,0,0,2025-09-29_20:09:01
245348,HYBRIS,,HHS,H0249001_S_1282s-84s,活花身體潔淨旅行套裝,,20,0,0,0,0,2025-09-29_20:09:01
245348,HYBRIS,,HHS,H0249001_S_1284,活花護髮素,,20,0,0,0,0,2025-09-29_20:09:01
245348,HYBRIS,,HHS,H0249001_S_1292,花露水沐浴露,,20,0,0,0,0,2025-09-29_20:09:02
245348,HYBRIS,,HHS,H0249001_S_1292s-94s,花露水身體潔淨旅行套裝一二三四五六,,20,0,0,0,0,2025-09-29_20:09:02
245348,HYBRIS,,HHS,H0249001_S_1293,花露水洗髮水,,20,0,0,0,0,2025-09-29_20:09:02
245348,HYBRIS,,HHS,H0249001_S_1294,花露水護髮素,,20,0,0,0,0,2025-09-29_20:09:02
245348,HYBRIS,,HHS,H0249001_S_2151,雪花膏,,20,0,0,0,0,2025-09-29_20:09:02
245348,HYBRIS,,HHS,H0249001_S_2152,活花潤手霜,,20,0,0,0,0,2025-09-29_20:09:02
245348,HYBRIS,,HHS,H0249001_S_2157,花露水香皂,,20,0,0,0,0,2025-09-29_20:09:02
245348,HYBRIS,,HHS,H0249001_S_2163,活花爽身粉 (玫瑰花香),,20,0,0,0,0,2025-09-29_20:09:02
245348,HYBRIS,,HHS,H0249001_S_2166,活花香皂,,20,0,0,0,0,2025-09-29_20:09:02
245348,HYBRIS,,HHS,H0249001_S_2167,活花止汗液,,20,0,0,0,0,2025-09-29_20:09:02
245348,HYBRIS,,HHS,H0249001_S_2177,迷你雪花膏,,20,0,0,0,0,2025-09-29_20:09:02
245348,HYBRIS,,HHS,H0249001_S_2181,EEE薰衣草味護髮油,,20,0,0,0,0,2025-09-29_20:09:02
245348,HYBRIS,,HHS,H0249001_S_2182,活花味護髮油  (玫瑰花香),,20,0,0,0,0,2025-09-29_20:09:03
245348,HYBRIS,,HHS,H0249001_S_2186,活花爽身粉 80克 (罐裝)（附柔軟粉撲）,,20,0,0,0,0,2025-09-29_20:09:03
245348,HYBRIS,,HHS,H0249001_S_2187,花露水爽身粉 80克 (罐裝)（附柔軟粉撲）,,20,0,0,0,0,2025-09-29_20:09:03
245348,HYBRIS,,HHS,H0249001_S_2188B,花露水濕紙巾 (20片),,20,0,0,0,0,2025-09-29_20:09:03
245348,HYBRIS,,HHS,H0249001_S_2198,花露水 (200毫升),,20,0,0,0,0,2025-09-29_20:09:03
245348,HYBRIS,,HHS,H0249001_S_2202,花露水 (100毫升),,20,0,0,0,0,2025-09-29_20:09:03
245348,HYBRIS,,HHS,H0249001_S_2204,花露水 (15毫升),,20,0,0,0,0,2025-09-29_20:09:03
245348,HYBRIS,,HHS,H0249001_S_2208,花露水 (10毫升),,20,0,0,0,0,2025-09-29_20:09:03
245348,HYBRIS,,HHS,H0249001_S_2209,花露水膏,,20,0,0,0,0,2025-09-29_20:09:03
245348,HYBRIS,,HHS,H0249001_S_4261,雙妹嚜復古記事簿,,20,0,0,0,0,2025-09-29_20:09:03
245348,HYBRIS,,HHS,H0249001_S_4281,雙妹嚜復古記事簿,,20,0,0,0,0,2025-09-29_20:09:03
245348,HYBRIS,,HHS,H0249001_S_4284,雙妹嚜復古拼圖,,20,0,0,0,0,2025-09-29_20:09:03
245348,HYBRIS,,HHS,H0249001_S_4286,雙妹嚜復古拼圖,,20,0,0,0,0,2025-09-29_20:09:03
245348,HYBRIS,,HHS,H0249001_S_4287,雙妹嚜復古拼圖,,20,0,0,0,0,2025-09-29_20:09:03
245348,HYBRIS,,HHS,H0249001_S_4290,懷舊2R相簿,,20,0,0,0,0,2025-09-29_20:09:03
245348,HYBRIS,,HHS,H0249001_S_4291,懷舊2R相簿,,20,0,0,0,0,2025-09-29_20:09:03
245348,HYBRIS,,HHS,H0249001_S_4292,懷舊2R相簿,,20,0,0,0,0,2025-09-29_20:09:03
245348,HYBRIS,,HHS,H0249001_S_4293,懷舊2R相簿,,20,0,0,0,0,2025-09-29_20:09:04
245348,HYBRIS,,HHS,H0249001_S_8808,馬賽皂 (檸檬),,20,0,0,0,0,2025-09-29_20:09:04
245348,HYBRIS,,HHS,H0249001_S_8809,馬賽皂 (蜜糖),,20,0,0,0,0,2025-09-29_20:09:04
245348,HYBRIS,,HHS,H0249001_S_8810,馬賽皂 (白檀),,20,0,0,0,0,2025-09-29_20:09:04
245348,HYBRIS,,HHS,H0249001_S_KC1100,指甲水,,20,0,0,0,0,2025-09-29_20:09:04
245348,HYBRIS,,HHS,H0249001_S_KC1101,指甲油 (藍紫色系),,20,0,0,0,0,2025-09-29_20:09:04
245348,HYBRIS,,HHS,H0249001_S_KC1102,指甲油 (藍紫色系),,20,0,0,0,0,2025-09-29_20:09:04
245348,HYBRIS,,HHS,H0249001_S_KC1103,指甲油 (藍紫色系),,20,0,0,0,0,2025-09-29_20:09:04
245348,HYBRIS,,HHS,H0249001_S_KC1105,指甲油 (藍紫色系),,20,0,0,0,0,2025-09-29_20:09:04
245348,HYBRIS,,HHS,H0249001_S_KC1106,指甲油 (紅色系),,20,0,0,0,0,2025-09-29_20:09:04
245348,HYBRIS,,HHS,H0249001_S_KC1107,指甲油 (紅色系),,20,0,0,0,0,2025-09-29_20:09:05
245348,HYBRIS,,HHS,H0249001_S_KC1108,指甲油 (紅色系),,20,0,0,0,0,2025-09-29_20:09:05
245348,HYBRIS,,HHS,H0249001_S_KC1112,指甲油 (藍紫色系),,20,0,0,0,0,2025-09-29_20:09:05
245348,HYBRIS,,HHS,H0249001_S_KC1113,指甲油 (紅色系),,20,0,0,0,0,2025-09-29_20:09:05
245348,HYBRIS,,HHS,H0249001_S_KC1116,指甲油 (彩色系),,20,0,0,0,0,2025-09-29_20:09:05
245348,HYBRIS,,HHS,H0249001_S_KC1121,指甲油 (紅色系),,20,0,0,0,0,2025-09-29_20:09:06
245348,HYBRIS,,HHS,H0249001_S_KC1123,指甲油 (紅色系),,20,0,0,0,0,2025-09-29_20:09:06
245348,HYBRIS,,HHS,H0249001_S_KC1124,指甲油 (紅色系),,20,0,0,0,0,2025-09-29_20:09:06
245348,HYBRIS,,HHS,H0249001_S_KC1127,指甲油 (彩色系),,20,0,0,0,0,2025-09-29_20:09:06
245348,HYBRIS,,HHS,H0249001_S_KC1129,指甲油 (彩色系),,20,0,0,0,0,2025-09-29_20:09:06
245348,HYBRIS,,HHS,H0249001_S_KC1130,指甲油 (彩色系),,20,0,0,0,0,2025-09-29_20:09:06
245348,HYBRIS,,HHS,H0249001_S_KC1131,指甲油 (彩色系),,20,0,0,0,0,2025-09-29_20:09:07
245348,HYBRIS,,HHS,H0249001_S_KC1134,指甲油 (紅色系),,20,0,0,0,0,2025-09-29_20:09:07
245348,HYBRIS,,HHS,H0249001_S_KC1137,指甲油 (色號 - 37透明),,20,0,0,0,0,2025-09-29_20:09:07
245348,HYBRIS,,HHS,H0249001_S_KC1139,指甲油 (彩色系),,20,0,0,0,0,2025-09-29_20:09:07
245348,HYBRIS,,HHS,H0249001_S_KC1146,指甲油 (藍紫色系),,20,0,0,0,0,2025-09-29_20:09:08
245348,HYBRIS,,HHS,H0249001_S_KC1148,指甲油 (彩色系),,20,0,0,0,0,2025-09-29_20:09:08
245348,HYBRIS,,HHS,H0249001_S_KC1152,指甲油 (紅色系),,20,0,0,0,0,2025-09-29_20:09:08
245348,HYBRIS,,HHS,H0249001_S_Q004,雙妹綿布袋 (白色),,20,0,0,0,0,2025-09-29_20:09:09
245348,HYBRIS,,HHS,H0249001_S_Q005,雙妹綿布袋 (自然色),,20,0,0,0,0,2025-09-29_20:09:09
245348,HYBRIS,,HHS,H0255001_S_21875,蒜油 250粒,,20,0,0,0,0,2025-09-29_20:09:09
245348,HYBRIS,,HHS,H0255001_S_21942,利筋諾 50粒,,20,0,0,0,0,2025-09-29_20:09:09
245348,HYBRIS,,HHS,H0255001_S_22993,乳薊果 60片,,20,0,0,0,0,2025-09-29_20:09:09
245348,HYBRIS,,HHS,H0255001_S_23452,葡萄籽加強配方 30片,,20,0,0,0,0,2025-09-29_20:09:09
245348,HYBRIS,,HHS,H0255001_S_24008,無腥味魚油1000 200粒,,20,0,0,0,0,2025-09-29_20:09:09
245348,HYBRIS,,HHS,H0255001_S_24177,葉黃素 60粒,,20,0,0,0,0,2025-09-29_20:09:10
245348,HYBRIS,,HHS,H0255001_S_24201,護眼山桑子 30片,,20,0,0,0,0,2025-09-29_20:09:10
245348,HYBRIS,,HHS,H0255001_S_24877,兒童果味魚油丸 30粒,,20,0,0,0,0,2025-09-29_20:09:10
245348,HYBRIS,,HHS,H0255001_S_25067,鋸櫚前列配方 60粒,,20,0,0,0,0,2025-09-29_20:09:10
245348,HYBRIS,,HHS,H0255001_S_25110,亞麻籽油植物奧米加369 100粒,,20,0,0,0,0,2025-09-29_20:09:10
245348,HYBRIS,,HHS,H0255001_S_25207,維他命D3 1000 30粒,,20,0,0,0,0,2025-09-29_20:09:10
245348,HYBRIS,,HHS,H0255001_S_25266,護養關節配方 60粒,,20,0,0,0,0,2025-09-29_20:09:10
245348,HYBRIS,,HHS,H0294001_S_120088,免沖洗保濕護髮乳,,20,0,0,0,0,2025-09-29_20:09:11
245348,HYBRIS,,HHS,H0294001_S_120295,潔淨控油洗髮露,,20,0,0,0,0,2025-09-29_20:09:11
245348,HYBRIS,,HHS,H0294001_S_120533,波浪捲髮精華露波浪捲髮精華露波浪捲髮精華露波浪捲髮精華露,,20,0,0,0,0,2025-09-29_20:09:11
245348,HYBRIS,,HHS,H0318002_S_812719,有機矢車菊花水 200ml,,20,0,0,0,0,2025-09-29_20:09:11
245348,HYBRIS,,HHS,H0318002_S_812724,有機大馬士革玫瑰花水 200ml,,20,0,0,0,0,2025-09-29_20:09:11
245348,HYBRIS,,HHS,H0318002_S_852974,有機3重蜂蜜潤澤身體乳霜 150ml,,20,0,0,0,0,2025-09-29_20:09:11
245348,HYBRIS,,HHS,H0318002_S_855281,有機3重蜂蜜潤澤身體磨砂 150g,,20,0,0,0,0,2025-09-29_20:09:11
245348,HYBRIS,,HHS,H0318002_S_861153,有機日用洗髮水 500ml,,20,0,0,0,0,2025-09-29_20:09:11
245348,HYBRIS,,HHS,H0318002_S_86Z0004,有機防敏香體露 50ml,,20,0,0,0,0,2025-09-29_20:09:11
245348,HYBRIS,,HHS,H0318002_S_86Z0005,有機乳木果油護髮素 150ml,,20,0,0,0,0,2025-09-29_20:09:11
245348,HYBRIS,,HHS,H0539001_S_50159,Royal Touch 敏感肌適用產後專用衛生巾 L碼 (5片/包),,20,0,0,0,0,2025-09-29_20:09:11
245359,HYBRIS,,WFS,H0249001_S_1274,DDD薰衣草護髮素,,15,15,0,0,0,2025-09-29_23:40:03
245359,HYBRIS,,WFS,H0249001_S_2151,雪花膏,,5,5,0,0,0,2025-09-29_23:40:03
245359,HYBRIS,,WFS,H0249001_S_4290,懷舊2R相簿,,5,5,0,0,0,2025-09-29_23:40:05
245359,HYBRIS,,WFS,H0249001_S_KC1139,指甲油 (彩色系),,5,5,0,0,0,2025-09-29_23:40:09
245359,HYBRIS,,WFS,H0318002_S_812724,有機大馬士革玫瑰花水 200ml,,10,10,0,0,0,2025-09-29_23:40:13
245359,HYBRIS,,WFS,H0318002_S_855281,有機3重蜂蜜潤澤身體磨砂 150g,,10,10,0,0,0,2025-09-29_23:40:13
245359,HYBRIS,,WFS,H0318002_S_86Z0005,有機乳木果油護髮素 150ml,,5,5,0,0,0,2025-09-29_23:40:14
245359,HYBRIS,,WFS,H0888001_S_10005984,豬骨火鍋上湯,,105,105,0,0,0,2025-09-29_23:40:15
245359,HYBRIS,,WFS,H0888001_S_10005985,黑胡椒豬骨火鍋上湯,,15,15,0,0,0,2025-09-29_23:40:15
245373,HYBRIS,,TWS,H0859001_S_OS-620,uPure 2 潔淨濾水器2,,440,440,0,0,0,2025-09-30_00:00:01
245376,IMAX_STACKING,FROZEN,COB,H0888001_S_10022875,美國特選牛肩胛肥牛片 (急凍),IS00072369,520,520,0,0,0,2025-09-30_00:00:01
245376,IMAX_STACKING,FROZEN,COB,H0888001_S_10012511,西班牙咸豬手,IS00072369,1610,1610,0,0,0,2025-09-30_00:00:01
245376,IMAX_STACKING,FROZEN,COB,H0888001_S_10011849,美國大西洋野生響螺頭 M (急凍),IS00072369,3000,3000,0,0,0,2025-09-30_00:00:01
245376,IMAX_STACKING,FROZEN,COB,H0888001_S_10011848,日本煮食用帶子急凍急凍,IS00072369,990,990,0,0,0,2025-09-30_00:00:01
245380,HYBRIS,,COB,H0888001_S_10009135,藍梅寒天果凍糖,,1212,1212,0,0,0,2025-09-30_00:01:00
245380,HYBRIS,,COB,H0888001_S_10009139,蜂蜜檸檬寒天果凍糖,,1308,1308,0,0,0,2025-09-30_00:01:00
245380,HYBRIS,,COB,H0888001_S_10009151,什錦軟糖,,1420,1420,0,0,0,2025-09-30_00:01:00
245383,HYBRIS,,HHS,H0888001_S_10012012,Bibigo 鮮嫩雞肉迷你水餃 (急凍),,64,0,0,0,0,2025-09-30_06:45:00
245388,HYBRIS,,CLS,H0888001_S_10007313,滋潤保濕乳霜,,444,0,0,0,0,2025-09-30_10:09:00
245389,IMAX_STACKING,DRY,CLS,H0888001_S_10002195,大樽生啤 (日本版),IS00072374,12,0,0,0,0,2025-09-30_10:22:00
245390,HYBRIS,,STS,H0888001_S_10012783,巴西牛胸腩粒 (急凍),,792,0,0,0,0,2025-09-30_10:32:00
245391,HYBRIS,,CLS,H0888001_S_10133455,澳洲和牛漢堡扒 (急凍),,1020,0,0,0,0,2025-09-30_10:38:00
245391,HYBRIS,,CLS,H0888001_S_10133940,(澳洲直送!) 澳洲穀飼西冷牛扒 (2塊裝) (急凍),,1025,0,0,0,0,2025-09-30_10:38:00
245391,HYBRIS,,CLS,H0888001_S_10133453,澳洲M4+ 和牛西冷牛扒 (急凍),,330,0,0,0,0,2025-09-30_10:38:00
245391,HYBRIS,,CLS,H0888001_S_10018534,澳洲海參(禿參，又名花刺參) (急凍),,408,0,0,0,0,2025-09-30_10:38:00
245396,HYBRIS,,WFS,H0888001_S_10012013,Bibigo 韓式傳統脆皮煎餃 (急凍),,150,0,0,0,0,2025-09-30_11:25:00
245400,HYBRIS,,CLS,H0888001_S_10007313,滋潤保濕乳霜,,12,0,0,0,0,2025-09-30_11:42:00
245401,IMAX_KERRY,,CLS,H0888001_S_10012777,紐西蘭帶骨羊仔腩 (急凍),IM00072379,40,40,40,0,0,2025-09-30_11:44:00
245409,HYBRIS,,TWS,H0888001_S_10008283,燕麥脆條 - 蜜糖★燕麥,,36,36,0,0,0,2025-09-30_13:00:00
245415,IMAX_KERRY,,CLS,H0888001_S_10012783,巴西牛胸腩粒 (急凍),IM00072381,784,784,784,0,0,2025-09-30_13:32:00
245416,IMAX_KERRY,,MCS,H0888001_S_10012783,巴西牛胸腩粒 (急凍),IM00072382,24,24,24,0,0,2025-09-30_13:37:00
245417,HYBRIS,,LPS,H0888001_S_10012783,巴西牛胸腩粒 (急凍),,8,8,0,0,0,2025-09-30_13:49:00
245421,IMAX_KERRY,,SHS,H0888001_S_10012783,巴西牛胸腩粒 (急凍),IM00072384,786,786,786,0,0,2025-09-30_14:09:00
245422,HYBRIS,,CLS,H0888001_S_10004649,辣香蘿蔔,,2900,0,0,0,0,2025-09-30_14:19:00
245422,HYBRIS,,CLS,H0888001_S_10007313,滋潤保濕乳霜,,27,0,0,0,0,2025-09-30_14:19:00
